experiment_id,preprocessing_method,winsorize_quantile,scaling_method,rolling_window,max_selected_features,selection_objective,refit_method,ridge_alpha,feature_corr_threshold,min_improvement,promethee_top_n,entropy_weight_method,preference_function,min_selected_count,sign_stability_threshold,hybrid_score_name,top_k,rank_smoothing,buffer_rule,train_rankic,valid_rankic,test_rankic,valid_icir,test_icir,valid_annualized_return,valid_sharpe,valid_alpha,valid_information_ratio,valid_max_drawdown,valid_turnover,valid_excess_win_rate,test_annualized_return,test_sharpe,test_alpha,test_information_ratio,test_max_drawdown,test_turnover,test_excess_win_rate,selected_as_final,reason,robust_valid_score
rb_001,window_median,0.05,quarter_rank,12,5,residual_correlation,OLS,1.0,0.9,0.001,,none,none,,,pure_stagewise_score,20,none,none,-0.0594479188233886,0.1794682482504289,0.0917094940433002,0.9285426884368316,0.8153783903428956,1.0152375367945838,5.419568271156504,0.6398403670946543,2.292278705381624,0.0,0.9375000000000004,1.0,-0.0080874368852401,-0.0413081039144903,-0.0206223771919473,-0.0703924061527925,0.0,0.6100000000000001,0.6,False,,1.1590985670614573
rb_001,window_median,0.05,quarter_rank,12,5,residual_correlation,OLS,1.0,0.9,0.001,,none,none,,,pure_stagewise_score,20,none,buffer,-0.0594479188233886,0.1794682482504289,0.0917094940433002,0.9285426884368316,0.8153783903428956,0.9739611476614378,4.814677213868772,0.6054344297355162,2.1665663142327825,0.0,0.8625000000000004,1.0,-0.0005851064104576,-0.0029515816338796,-0.0130803605615651,-0.0263081866697867,0.0,0.5600000000000003,0.8,False,,1.1496711083145839
rb_001,window_median,0.05,quarter_rank,12,5,residual_correlation,OLS,1.0,0.9,0.001,,none,none,,,pure_stagewise_score,30,none,none,-0.0594479188233886,0.1794682482504289,0.0917094940433002,0.9285426884368316,0.8153783903428956,0.8066342734427605,5.209270932311029,0.5386665048606785,1.6562465263266932,0.0,0.8833333333333344,1.0,0.0122811362830059,0.0635313221935132,-0.0012674415965176,0.0395434692936003,0.0,0.6066666666666669,0.6,False,,0.9593231984717325
rb_001,window_median,0.05,quarter_rank,12,5,residual_correlation,OLS,1.0,0.9,0.001,,none,none,,,pure_stagewise_score,30,none,buffer,-0.0594479188233886,0.1794682482504289,0.0917094940433002,0.9285426884368316,0.8153783903428956,0.8134222565511231,5.113397261053786,0.5339063723995354,1.821914936700159,0.0,0.8500000000000009,1.0,0.0072951952999551,0.0381023313553891,-0.0062913105676995,0.0087629309570674,0.0,0.5800000000000003,0.6,False,,1.0144362535335065
rb_001,window_median,0.05,quarter_rank,12,5,residual_correlation,OLS,1.0,0.9,0.001,,none,none,,,pure_stagewise_score,50,none,none,-0.0594479188233886,0.1794682482504289,0.0917094940433002,0.9285426884368316,0.8153783903428956,0.6331771384302192,6.067884146253302,0.4511777649642583,1.1806446165902424,0.0,0.8500000000000005,0.75,0.0176694855675605,0.1003625183496493,0.0040677021480856,0.0654083173855799,0.0,0.5800000000000003,0.6,False,,0.7940489630871067
rb_001,window_median,0.05,quarter_rank,12,5,residual_correlation,OLS,1.0,0.9,0.001,,none,none,,,pure_stagewise_score,20,prev_70_30,none,-0.0594479188233886,0.1794682482504289,0.0917094940433002,0.9285426884368316,0.8153783903428956,0.3851771779680997,4.84250705650661,0.2805679431416491,0.5158647641448747,0.0,0.8500000000000004,0.75,0.0217063709675646,0.1082831389688379,0.0097431448747286,0.0858914630959338,0.0,0.6500000000000002,0.6,False,,0.4864431270322278
rb_001,window_median,0.05,quarter_rank,12,5,residual_correlation,OLS,1.0,0.9,0.001,,none,none,,,pure_stagewise_score,20,prev_70_30,buffer,-0.0594479188233886,0.1794682482504289,0.0917094940433002,0.9285426884368316,0.8153783903428956,0.3853215817058817,4.850265782908471,0.2807669227179105,0.5159287825230732,0.0,0.8125000000000003,0.75,0.0642694759228541,0.3549308131947757,0.0502866563116606,0.322117151479525,0.0,0.5700000000000002,0.8,False,,0.5120133887235075
rb_001,window_median,0.05,quarter_rank,12,5,residual_correlation,OLS,1.0,0.9,0.001,,none,none,,,pure_stagewise_score,30,prev_70_30,none,-0.0594479188233886,0.1794682482504289,0.0917094940433002,0.9285426884368316,0.8153783903428956,0.2711635835021106,2.5903494602778934,0.1763283947419873,0.2152127334506286,-0.0118378989114275,0.7916666666666674,0.75,0.0241461660644499,0.1296491869570551,0.0108512713291176,0.1032936943649393,0.0,0.5733333333333335,0.6,False,,0.35321940975955585
rb_001,window_median,0.05,quarter_rank,12,5,residual_correlation,OLS,1.0,0.9,0.001,,none,none,,,pure_stagewise_score,30,prev_70_30,buffer,-0.0594479188233886,0.1794682482504289,0.0917094940433002,0.9285426884368316,0.8153783903428956,0.2783202021292537,2.7997872890288127,0.1866244529942944,0.2290558920783791,-0.0062745714285838,0.7833333333333341,0.75,0.0314413047963602,0.1716744656926421,0.0182864802777799,0.1447573471487812,0.0,0.5466666666666669,0.6,False,,0.3754594930303005
rb_001,window_median,0.05,quarter_rank,12,5,residual_correlation,OLS,1.0,0.9,0.001,,none,none,,,pure_stagewise_score,50,prev_70_30,none,-0.0594479188233886,0.1794682482504289,0.0917094940433002,0.9285426884368316,0.8153783903428956,0.3806062457448276,3.855022914290807,0.2523501650809558,0.6435225336653584,0.0,0.7750000000000006,0.75,0.0218321796544502,0.1189793654966177,0.0080673543376353,0.0978461732063478,0.0,0.5200000000000002,0.8,False,,0.5393767418037417
rb_001,window_median,0.05,quarter_rank,12,5,residual_correlation,OLS,1.0,0.9,0.001,,none,none,,,pure_stagewise_score,20,trailing2_60_40,none,-0.0594479188233886,0.1794682482504289,0.0917094940433002,0.9285426884368316,0.8153783903428956,0.3127142875911972,2.949823075322798,0.1962542757627126,0.4047324733513354,-0.0052382820625115,0.8500000000000004,0.5,0.1603494972599117,0.8877871883934156,0.1372713317283679,1.010315363709984,0.0,0.6700000000000003,0.8,False,,0.3793029705333824
rb_001,window_median,0.05,quarter_rank,12,5,residual_correlation,OLS,1.0,0.9,0.001,,none,none,,,pure_stagewise_score,20,trailing2_60_40,buffer,-0.0594479188233886,0.1794682482504289,0.0917094940433002,0.9285426884368316,0.8153783903428956,0.3117836244007477,2.7051744418814354,0.1871446887007455,0.4375929848695893,-0.0115604757356593,0.8375000000000004,0.5,0.1192031068582988,0.7161017490722216,0.0996743564656577,0.9648360420357038,0.0,0.5800000000000003,0.8,False,,0.3821623135029822
rb_001,window_median,0.05,quarter_rank,12,5,residual_correlation,OLS,1.0,0.9,0.001,,none,none,,,pure_stagewise_score,30,trailing2_60_40,none,-0.0594479188233886,0.1794682482504289,0.0917094940433002,0.9285426884368316,0.8153783903428956,0.278037312262172,2.831056471768844,0.1880378026820877,0.2245173938290682,0.0,0.8333333333333343,0.5,0.0770948355892251,0.4332060752880423,0.0608660100466772,0.4938440578813775,0.0,0.5866666666666669,0.8,False,,0.34634358559942535
rb_001,window_median,0.05,quarter_rank,12,5,residual_correlation,OLS,1.0,0.9,0.001,,none,none,,,pure_stagewise_score,30,trailing2_60_40,buffer,-0.0594479188233886,0.1794682482504289,0.0917094940433002,0.9285426884368316,0.8153783903428956,0.278160772168144,2.5495078285706847,0.1756537888933779,0.2498015762229738,0.0,0.8000000000000008,0.5,0.1122057370235354,0.6722335383949969,0.0934198733713989,0.8673845751425723,0.0,0.5000000000000001,0.8,False,,0.36299145289626034
rb_001,window_median,0.05,quarter_rank,12,5,residual_correlation,OLS,1.0,0.9,0.001,,none,none,,,pure_stagewise_score,50,trailing2_60_40,none,-0.0594479188233886,0.1794682482504289,0.0917094940433002,0.9285426884368316,0.8153783903428956,0.3255183147276395,2.4448133551319007,0.1873505814418357,0.5192449838145488,0.0,0.8000000000000005,0.5,0.0723184705434709,0.4703748361678772,0.0564745387249705,0.5962825496315467,0.0,0.4600000000000002,0.8,False,,0.434080390896755
rb_002,window_median,0.05,quarter_rank,12,5,residual_correlation,Ridge,1.0,0.9,0.001,,none,none,,,pure_stagewise_score,20,none,none,-0.059447038492525,0.1794648716788633,0.0916983623979265,0.9285969929289682,0.8152569495676124,1.0152375367945838,5.419568271156504,0.6398403670946543,2.292278705381624,0.0,0.9375000000000004,1.0,-0.0080874368852401,-0.0413081039144903,-0.0206223771919473,-0.0703924061527925,0.0,0.6100000000000001,0.6,False,,1.1591148870973824
rb_002,window_median,0.05,quarter_rank,12,5,residual_correlation,Ridge,1.0,0.9,0.001,,none,none,,,pure_stagewise_score,20,none,buffer,-0.059447038492525,0.1794648716788633,0.0916983623979265,0.9285969929289682,0.8152569495676124,0.9739611476614378,4.814677213868772,0.6054344297355162,2.1665663142327825,0.0,0.8625000000000004,1.0,-0.0005851064104576,-0.0029515816338796,-0.0130803605615651,-0.0263081866697867,0.0,0.5600000000000003,0.8,False,,1.149687428350509
rb_002,window_median,0.05,quarter_rank,12,5,residual_correlation,Ridge,1.0,0.9,0.001,,none,none,,,pure_stagewise_score,30,none,none,-0.059447038492525,0.1794648716788633,0.0916983623979265,0.9285969929289682,0.8152569495676124,0.8066342734427605,5.209270932311029,0.5386665048606785,1.6562465263266932,0.0,0.8833333333333344,1.0,0.0122811362830059,0.0635313221935132,-0.0012674415965176,0.0395434692936003,0.0,0.6066666666666669,0.6,False,,0.9593395185076579
rb_002,window_median,0.05,quarter_rank,12,5,residual_correlation,Ridge,1.0,0.9,0.001,,none,none,,,pure_stagewise_score,30,none,buffer,-0.059447038492525,0.1794648716788633,0.0916983623979265,0.9285969929289682,0.8152569495676124,0.8134222565511231,5.113397261053786,0.5339063723995354,1.821914936700159,0.0,0.8500000000000009,1.0,0.0072951952999551,0.0381023313553891,-0.0062913105676995,0.0087629309570674,0.0,0.5800000000000003,0.6,False,,1.0144525735694319
rb_002,window_median,0.05,quarter_rank,12,5,residual_correlation,Ridge,1.0,0.9,0.001,,none,none,,,pure_stagewise_score,50,none,none,-0.059447038492525,0.1794648716788633,0.0916983623979265,0.9285969929289682,0.8152569495676124,0.6331771384302192,6.067884146253302,0.4511777649642583,1.1806446165902424,0.0,0.8500000000000005,0.75,0.0176694855675605,0.1003625183496493,0.0040677021480856,0.0654083173855799,0.0,0.5800000000000003,0.6,False,,0.7940652831230319
rb_002,window_median,0.05,quarter_rank,12,5,residual_correlation,Ridge,1.0,0.9,0.001,,none,none,,,pure_stagewise_score,20,prev_70_30,none,-0.059447038492525,0.1794648716788633,0.0916983623979265,0.9285969929289682,0.8152569495676124,0.3601534967974611,4.490294985437019,0.2608247963741693,0.4477422789592213,0.0,0.8500000000000004,0.75,0.0217063709675646,0.1082831389688379,0.0097431448747286,0.0858914630959338,0.0,0.6500000000000002,0.6,False,,0.452829885897719
rb_002,window_median,0.05,quarter_rank,12,5,residual_correlation,Ridge,1.0,0.9,0.001,,none,none,,,pure_stagewise_score,20,prev_70_30,buffer,-0.059447038492525,0.1794648716788633,0.0916983623979265,0.9285969929289682,0.8152569495676124,0.3602952918342397,4.496987769302843,0.2610237759504307,0.447831924969191,0.0,0.8125000000000003,0.75,0.0642694759228541,0.3549308131947757,0.0502866563116606,0.322117151479525,0.0,0.5700000000000002,0.8,False,,0.47840587142788393
rb_002,window_median,0.05,quarter_rank,12,5,residual_correlation,Ridge,1.0,0.9,0.001,,none,none,,,pure_stagewise_score,30,prev_70_30,none,-0.059447038492525,0.1794648716788633,0.0916983623979265,0.9285969929289682,0.8152569495676124,0.2711635835021106,2.5903494602778934,0.1763283947419873,0.2152127334506286,-0.0118378989114275,0.7916666666666674,0.75,0.0241461660644499,0.1296491869570551,0.0108512713291176,0.1032936943649393,0.0,0.5733333333333335,0.6,False,,0.35323572979548107
rb_002,window_median,0.05,quarter_rank,12,5,residual_correlation,Ridge,1.0,0.9,0.001,,none,none,,,pure_stagewise_score,30,prev_70_30,buffer,-0.059447038492525,0.1794648716788633,0.0916983623979265,0.9285969929289682,0.8152569495676124,0.2783202021292537,2.7997872890288127,0.1866244529942944,0.2290558920783791,-0.0062745714285838,0.7833333333333341,0.75,0.0314413047963602,0.1716744656926421,0.0182864802777799,0.1447573471487812,0.0,0.5466666666666669,0.6,False,,0.37547581306622574
rb_002,window_median,0.05,quarter_rank,12,5,residual_correlation,Ridge,1.0,0.9,0.001,,none,none,,,pure_stagewise_score,50,prev_70_30,none,-0.059447038492525,0.1794648716788633,0.0916983623979265,0.9285969929289682,0.8152569495676124,0.3806062457448276,3.855022914290807,0.2523501650809558,0.6435225336653584,0.0,0.7750000000000006,0.75,0.0218321796544502,0.1189793654966177,0.0080673543376353,0.0978461732063477,0.0,0.5200000000000002,0.8,False,,0.539393061839667
rb_002,window_median,0.05,quarter_rank,12,5,residual_correlation,Ridge,1.0,0.9,0.001,,none,none,,,pure_stagewise_score,20,trailing2_60_40,none,-0.059447038492525,0.1794648716788633,0.0916983623979265,0.9285969929289682,0.8152569495676124,0.3127142875911972,2.949823075322798,0.1962542757627126,0.4047324733513354,-0.0052382820625115,0.8500000000000004,0.5,0.1603494972599117,0.8877871883934156,0.1372713317283679,1.010315363709984,0.0,0.6700000000000003,0.8,False,,0.37931929056930763
rb_002,window_median,0.05,quarter_rank,12,5,residual_correlation,Ridge,1.0,0.9,0.001,,none,none,,,pure_stagewise_score,20,trailing2_60_40,buffer,-0.059447038492525,0.1794648716788633,0.0916983623979265,0.9285969929289682,0.8152569495676124,0.3117836244007477,2.7051744418814354,0.1871446887007455,0.4375929848695893,-0.0115604757356593,0.8375000000000004,0.5,0.1192031068582988,0.7161017490722216,0.0996743564656577,0.9648360420357038,0.0,0.5800000000000003,0.8,False,,0.3821786335389074
rb_002,window_median,0.05,quarter_rank,12,5,residual_correlation,Ridge,1.0,0.9,0.001,,none,none,,,pure_stagewise_score,30,trailing2_60_40,none,-0.059447038492525,0.1794648716788633,0.0916983623979265,0.9285969929289682,0.8152569495676124,0.278037312262172,2.831056471768844,0.1880378026820877,0.2245173938290682,0.0,0.8333333333333343,0.5,0.0770948355892251,0.4332060752880423,0.0608660100466772,0.4938440578813775,0.0,0.5866666666666669,0.8,False,,0.3463599056353506
rb_002,window_median,0.05,quarter_rank,12,5,residual_correlation,Ridge,1.0,0.9,0.001,,none,none,,,pure_stagewise_score,30,trailing2_60_40,buffer,-0.059447038492525,0.1794648716788633,0.0916983623979265,0.9285969929289682,0.8152569495676124,0.278160772168144,2.5495078285706847,0.1756537888933779,0.2498015762229738,0.0,0.8000000000000008,0.5,0.1122057370235354,0.6722335383949969,0.0934198733713989,0.8673845751425723,0.0,0.5000000000000001,0.8,False,,0.36300777293218556
rb_002,window_median,0.05,quarter_rank,12,5,residual_correlation,Ridge,1.0,0.9,0.001,,none,none,,,pure_stagewise_score,50,trailing2_60_40,none,-0.059447038492525,0.1794648716788633,0.0916983623979265,0.9285969929289682,0.8152569495676124,0.3255183147276395,2.4448133551319007,0.1873505814418357,0.5192449838145488,0.0,0.8000000000000005,0.5,0.0723184705434709,0.4703748361678772,0.0564745387249705,0.5962825496315467,0.0,0.4600000000000002,0.8,False,,0.4340967109326802
rb_003,window_median,0.05,quarter_rank,12,5,residual_correlation,Ridge,3.0,0.9,0.001,,none,none,,,pure_stagewise_score,20,none,none,-0.0594523945895588,0.1794658721814976,0.0917103264447994,0.9286079493911812,0.8153131452084733,1.0152375367945838,5.419568271156504,0.6398403670946543,2.292278705381624,0.0,0.9375000000000004,1.0,-0.0080874368852401,-0.0413081039144903,-0.0206223771919473,-0.0703924061527925,0.0,0.6100000000000001,0.6,False,,1.1591256255335665
rb_003,window_median,0.05,quarter_rank,12,5,residual_correlation,Ridge,3.0,0.9,0.001,,none,none,,,pure_stagewise_score,20,none,buffer,-0.0594523945895588,0.1794658721814976,0.0917103264447994,0.9286079493911812,0.8153131452084733,0.9739611476614378,4.814677213868772,0.6054344297355162,2.1665663142327825,0.0,0.8625000000000004,1.0,-0.0005851064104576,-0.0029515816338796,-0.0130803605615651,-0.0263081866697867,0.0,0.5600000000000003,0.8,False,,1.149698166786693
rb_003,window_median,0.05,quarter_rank,12,5,residual_correlation,Ridge,3.0,0.9,0.001,,none,none,,,pure_stagewise_score,30,none,none,-0.0594523945895588,0.1794658721814976,0.0917103264447994,0.9286079493911812,0.8153131452084733,0.8066342734427605,5.209270932311029,0.5386665048606785,1.6562465263266932,0.0,0.8833333333333344,1.0,0.0122811362830059,0.0635313221935132,-0.0012674415965176,0.0395434692936003,0.0,0.6066666666666669,0.6,False,,0.9593502569438417
rb_003,window_median,0.05,quarter_rank,12,5,residual_correlation,Ridge,3.0,0.9,0.001,,none,none,,,pure_stagewise_score,30,none,buffer,-0.0594523945895588,0.1794658721814976,0.0917103264447994,0.9286079493911812,0.8153131452084733,0.8134222565511231,5.113397261053786,0.5339063723995354,1.821914936700159,0.0,0.8500000000000009,1.0,0.0072951952999551,0.0381023313553891,-0.0062913105676995,0.0087629309570674,0.0,0.5800000000000003,0.6,False,,1.0144633120056157
rb_003,window_median,0.05,quarter_rank,12,5,residual_correlation,Ridge,3.0,0.9,0.001,,none,none,,,pure_stagewise_score,50,none,none,-0.0594523945895588,0.1794658721814976,0.0917103264447994,0.9286079493911812,0.8153131452084733,0.6331771384302192,6.067884146253302,0.4511777649642583,1.1806446165902424,0.0,0.8500000000000005,0.75,0.0176694855675605,0.1003625183496493,0.0040677021480856,0.06540831738558,0.0,0.5800000000000003,0.6,False,,0.7940760215592159
rb_003,window_median,0.05,quarter_rank,12,5,residual_correlation,Ridge,3.0,0.9,0.001,,none,none,,,pure_stagewise_score,20,prev_70_30,none,-0.0594523945895588,0.1794658721814976,0.0917103264447994,0.9286079493911812,0.8153131452084733,0.3601534967974611,4.490294985437019,0.2608247963741693,0.4477422789592213,0.0,0.8500000000000004,0.75,0.0217063709675646,0.1082831389688379,0.0097431448747286,0.0858914630959338,0.0,0.6500000000000002,0.6,False,,0.45284062433390293
rb_003,window_median,0.05,quarter_rank,12,5,residual_correlation,Ridge,3.0,0.9,0.001,,none,none,,,pure_stagewise_score,20,prev_70_30,buffer,-0.0594523945895588,0.1794658721814976,0.0917103264447994,0.9286079493911812,0.8153131452084733,0.3602952918342397,4.496987769302843,0.2610237759504307,0.447831924969191,0.0,0.8125000000000003,0.75,0.0642694759228541,0.3549308131947757,0.0502866563116606,0.322117151479525,0.0,0.5700000000000002,0.8,False,,0.47841660986406787
rb_003,window_median,0.05,quarter_rank,12,5,residual_correlation,Ridge,3.0,0.9,0.001,,none,none,,,pure_stagewise_score,30,prev_70_30,none,-0.0594523945895588,0.1794658721814976,0.0917103264447994,0.9286079493911812,0.8153131452084733,0.2711635835021106,2.5903494602778934,0.1763283947419873,0.2152127334506286,-0.0118378989114275,0.7916666666666674,0.75,0.0241461660644499,0.1296491869570551,0.0108512713291176,0.1032936943649393,0.0,0.5733333333333335,0.6,False,,0.353246468231665
rb_003,window_median,0.05,quarter_rank,12,5,residual_correlation,Ridge,3.0,0.9,0.001,,none,none,,,pure_stagewise_score,30,prev_70_30,buffer,-0.0594523945895588,0.1794658721814976,0.0917103264447994,0.9286079493911812,0.8153131452084733,0.2783202021292537,2.7997872890288127,0.1866244529942944,0.2290558920783791,-0.0062745714285838,0.7833333333333341,0.75,0.0344763132167733,0.1875184543537883,0.0214034462122932,0.1594568164897709,0.0,0.5466666666666669,0.6,False,,0.37548655150240967
rb_003,window_median,0.05,quarter_rank,12,5,residual_correlation,Ridge,3.0,0.9,0.001,,none,none,,,pure_stagewise_score,50,prev_70_30,none,-0.0594523945895588,0.1794658721814976,0.0917103264447994,0.9286079493911812,0.8153131452084733,0.3806062457448276,3.855022914290807,0.2523501650809558,0.6435225336653584,0.0,0.7750000000000006,0.75,0.0218321796544502,0.1189793654966177,0.0080673543376353,0.0978461732063477,0.0,0.5200000000000002,0.8,False,,0.5394038002758509
rb_003,window_median,0.05,quarter_rank,12,5,residual_correlation,Ridge,3.0,0.9,0.001,,none,none,,,pure_stagewise_score,20,trailing2_60_40,none,-0.0594523945895588,0.1794658721814976,0.0917103264447994,0.9286079493911812,0.8153131452084733,0.3127142875911972,2.949823075322798,0.1962542757627126,0.4047324733513354,-0.0052382820625115,0.8500000000000004,0.5,0.1603494972599117,0.8877871883934156,0.1372713317283679,1.010315363709984,0.0,0.6700000000000003,0.8,False,,0.37933002900549156
rb_003,window_median,0.05,quarter_rank,12,5,residual_correlation,Ridge,3.0,0.9,0.001,,none,none,,,pure_stagewise_score,20,trailing2_60_40,buffer,-0.0594523945895588,0.1794658721814976,0.0917103264447994,0.9286079493911812,0.8153131452084733,0.3117836244007477,2.7051744418814354,0.1871446887007455,0.4375929848695893,-0.0115604757356593,0.8375000000000004,0.5,0.1192031068582988,0.7161017490722216,0.0996743564656577,0.9648360420357038,0.0,0.5800000000000003,0.8,False,,0.38218937197509134
rb_003,window_median,0.05,quarter_rank,12,5,residual_correlation,Ridge,3.0,0.9,0.001,,none,none,,,pure_stagewise_score,30,trailing2_60_40,none,-0.0594523945895588,0.1794658721814976,0.0917103264447994,0.9286079493911812,0.8153131452084733,0.278037312262172,2.831056471768844,0.1880378026820877,0.2245173938290682,0.0,0.8333333333333343,0.5,0.0770948355892251,0.4332060752880423,0.0608660100466772,0.4938440578813775,0.0,0.5866666666666669,0.8,False,,0.3463706440715345
rb_003,window_median,0.05,quarter_rank,12,5,residual_correlation,Ridge,3.0,0.9,0.001,,none,none,,,pure_stagewise_score,30,trailing2_60_40,buffer,-0.0594523945895588,0.1794658721814976,0.0917103264447994,0.9286079493911812,0.8153131452084733,0.278160772168144,2.5495078285706847,0.1756537888933779,0.2498015762229738,0.0,0.8000000000000008,0.5,0.1122057370235354,0.6722335383949969,0.0934198733713989,0.8673845751425723,0.0,0.5000000000000001,0.8,False,,0.3630185113683695
rb_003,window_median,0.05,quarter_rank,12,5,residual_correlation,Ridge,3.0,0.9,0.001,,none,none,,,pure_stagewise_score,50,trailing2_60_40,none,-0.0594523945895588,0.1794658721814976,0.0917103264447994,0.9286079493911812,0.8153131452084733,0.3255183147276395,2.4448133551319007,0.1873505814418357,0.5192449838145488,0.0,0.8000000000000005,0.5,0.0710847133979073,0.4630886834706951,0.0553435340637416,0.5791426758254463,0.0,0.4640000000000002,0.6,False,,0.43410744936886414
rb_004,window_median,0.05,quarter_rank,12,5,residual_correlation,Ridge,10.0,0.9,0.001,,none,none,,,pure_stagewise_score,20,none,none,-0.0594800475526373,0.1794584884133928,0.0917053004580457,0.9286200263316688,0.8150593034987612,1.0152375367945838,5.419568271156504,0.6398403670946543,2.292278705381624,0.0,0.9375000000000004,1.0,-0.0080874368852401,-0.0413081039144903,-0.0206223771919473,-0.0703924061527925,0.0,0.6100000000000001,0.6,False,,1.1590998891853392
rb_004,window_median,0.05,quarter_rank,12,5,residual_correlation,Ridge,10.0,0.9,0.001,,none,none,,,pure_stagewise_score,20,none,buffer,-0.0594800475526373,0.1794584884133928,0.0917053004580457,0.9286200263316688,0.8150593034987612,0.9739611476614378,4.814677213868772,0.6054344297355162,2.1665663142327825,0.0,0.8625000000000004,1.0,-0.0005851064104576,-0.0029515816338796,-0.0130803605615651,-0.0263081866697867,0.0,0.5600000000000003,0.8,False,,1.1496724304384658
rb_004,window_median,0.05,quarter_rank,12,5,residual_correlation,Ridge,10.0,0.9,0.001,,none,none,,,pure_stagewise_score,30,none,none,-0.0594800475526373,0.1794584884133928,0.0917053004580457,0.9286200263316688,0.8150593034987612,0.8066342734427605,5.209270932311029,0.5386665048606785,1.6562465263266932,0.0,0.8833333333333344,1.0,0.0122811362830059,0.0635313221935132,-0.0012674415965176,0.0395434692936003,0.0,0.6066666666666669,0.6,False,,0.9593245205956147
rb_004,window_median,0.05,quarter_rank,12,5,residual_correlation,Ridge,10.0,0.9,0.001,,none,none,,,pure_stagewise_score,30,none,buffer,-0.0594800475526373,0.1794584884133928,0.0917053004580457,0.9286200263316688,0.8150593034987612,0.8134222565511231,5.113397261053786,0.5339063723995354,1.821914936700159,0.0,0.8500000000000009,1.0,0.0072951952999551,0.0381023313553891,-0.0062913105676995,0.0087629309570674,0.0,0.5800000000000003,0.6,False,,1.0144375756573887
rb_004,window_median,0.05,quarter_rank,12,5,residual_correlation,Ridge,10.0,0.9,0.001,,none,none,,,pure_stagewise_score,50,none,none,-0.0594800475526373,0.1794584884133928,0.0917053004580457,0.9286200263316688,0.8150593034987612,0.6331771384302192,6.067884146253302,0.4511777649642583,1.1806446165902424,0.0,0.8500000000000005,0.75,0.0176694855675605,0.1003625183496493,0.0040677021480856,0.06540831738558,0.0,0.5800000000000003,0.6,False,,0.7940502852109889
rb_004,window_median,0.05,quarter_rank,12,5,residual_correlation,Ridge,10.0,0.9,0.001,,none,none,,,pure_stagewise_score,20,prev_70_30,none,-0.0594800475526373,0.1794584884133928,0.0917053004580457,0.9286200263316688,0.8150593034987612,0.3601534967974611,4.490294985437019,0.2608247963741693,0.4477422789592213,0.0,0.8500000000000004,0.75,0.0217063709675646,0.1082831389688379,0.0097431448747286,0.0858914630959338,0.0,0.6500000000000002,0.6,False,,0.45281488798567593
rb_004,window_median,0.05,quarter_rank,12,5,residual_correlation,Ridge,10.0,0.9,0.001,,none,none,,,pure_stagewise_score,20,prev_70_30,buffer,-0.0594800475526373,0.1794584884133928,0.0917053004580457,0.9286200263316688,0.8150593034987612,0.3602952918342397,4.496987769302843,0.2610237759504307,0.447831924969191,0.0,0.8125000000000003,0.75,0.0642694759228541,0.3549308131947757,0.0502866563116606,0.322117151479525,0.0,0.5700000000000002,0.8,False,,0.47839087351584086
rb_004,window_median,0.05,quarter_rank,12,5,residual_correlation,Ridge,10.0,0.9,0.001,,none,none,,,pure_stagewise_score,30,prev_70_30,none,-0.0594800475526373,0.1794584884133928,0.0917053004580457,0.9286200263316688,0.8150593034987612,0.2711635835021106,2.5903494602778934,0.1763283947419873,0.2152127334506286,-0.0118378989114275,0.7916666666666674,0.75,0.0241461660644499,0.1296491869570551,0.0108512713291176,0.1032936943649393,0.0,0.5733333333333335,0.6,False,,0.353220731883438
rb_004,window_median,0.05,quarter_rank,12,5,residual_correlation,Ridge,10.0,0.9,0.001,,none,none,,,pure_stagewise_score,30,prev_70_30,buffer,-0.0594800475526373,0.1794584884133928,0.0917053004580457,0.9286200263316688,0.8150593034987612,0.2783202021292537,2.7997872890288127,0.1866244529942944,0.2290558920783791,-0.0062745714285838,0.7833333333333341,0.75,0.0344763132167733,0.1875184543537883,0.0214034462122932,0.1594568164897709,0.0,0.5466666666666669,0.6,False,,0.37546081515418267
rb_004,window_median,0.05,quarter_rank,12,5,residual_correlation,Ridge,10.0,0.9,0.001,,none,none,,,pure_stagewise_score,50,prev_70_30,none,-0.0594800475526373,0.1794584884133928,0.0917053004580457,0.9286200263316688,0.8150593034987612,0.3806062457448276,3.855022914290807,0.2523501650809559,0.6435225336653586,0.0,0.7750000000000006,0.75,0.0218321796544502,0.1189793654966177,0.0080673543376353,0.0978461732063477,0.0,0.5200000000000002,0.8,False,,0.5393780639276241
rb_004,window_median,0.05,quarter_rank,12,5,residual_correlation,Ridge,10.0,0.9,0.001,,none,none,,,pure_stagewise_score,20,trailing2_60_40,none,-0.0594800475526373,0.1794584884133928,0.0917053004580457,0.9286200263316688,0.8150593034987612,0.3127142875911972,2.949823075322798,0.1962542757627126,0.4047324733513353,-0.0052382820625115,0.8500000000000004,0.5,0.1603494972599117,0.8877871883934156,0.1372713317283679,1.010315363709984,0.0,0.6700000000000003,0.8,False,,0.3793042926572645
rb_004,window_median,0.05,quarter_rank,12,5,residual_correlation,Ridge,10.0,0.9,0.001,,none,none,,,pure_stagewise_score,20,trailing2_60_40,buffer,-0.0594800475526373,0.1794584884133928,0.0917053004580457,0.9286200263316688,0.8150593034987612,0.3201739709289259,2.931956961112129,0.1988451817135759,0.4474741047047113,-0.0052382820625114,0.8500000000000004,0.5,0.1192031068582988,0.7161017490722216,0.0996743564656577,0.9648360420357038,0.0,0.5800000000000003,0.8,False,,0.39126704798026923
rb_004,window_median,0.05,quarter_rank,12,5,residual_correlation,Ridge,10.0,0.9,0.001,,none,none,,,pure_stagewise_score,30,trailing2_60_40,none,-0.0594800475526373,0.1794584884133928,0.0917053004580457,0.9286200263316688,0.8150593034987612,0.2798819247354582,2.8799535344781995,0.190741093010099,0.2276361776256341,0.0,0.8416666666666676,0.5,0.0770948355892251,0.4332060752880423,0.0608660100466772,0.4938440578813775,0.0,0.5866666666666669,0.8,False,,0.34392500480799226
rb_004,window_median,0.05,quarter_rank,12,5,residual_correlation,Ridge,10.0,0.9,0.001,,none,none,,,pure_stagewise_score,30,trailing2_60_40,buffer,-0.0594800475526373,0.1794584884133928,0.0917053004580457,0.9286200263316688,0.8150593034987612,0.278160772168144,2.549507828570684,0.1756537888933779,0.2498015762229738,0.0,0.8000000000000008,0.5,0.1122057370235354,0.6722335383949969,0.0934198733713989,0.8673845751425723,0.0,0.5000000000000001,0.8,False,,0.3629927750201425
rb_004,window_median,0.05,quarter_rank,12,5,residual_correlation,Ridge,10.0,0.9,0.001,,none,none,,,pure_stagewise_score,50,trailing2_60_40,none,-0.0594800475526373,0.1794584884133928,0.0917053004580457,0.9286200263316688,0.8150593034987612,0.3202512821555867,2.460200571116588,0.1854880588458348,0.4882764950492802,0.0,0.8000000000000005,0.5,0.0710847133979073,0.4630886834706951,0.0553435340637416,0.5791426758254462,0.0,0.4640000000000002,0.6,False,,0.425427817699768
rb_005,window_median,0.05,quarter_rank,12,5,residual_correlation,Ridge,30.0,0.9,0.001,,none,none,,,pure_stagewise_score,20,none,none,-0.0595529153044328,0.1704977821565076,0.091742551537303,0.8600685948392159,0.8149687933772964,0.9464560884471362,6.046959951271695,0.6071479012325036,2.586730281293561,0.0,0.9250000000000004,1.0,-0.0080874368852401,-0.0413081039144903,-0.0206223771919473,-0.0703924061527925,0.0,0.6100000000000001,0.6,False,,1.1236838840521384
rb_005,window_median,0.05,quarter_rank,12,5,residual_correlation,Ridge,30.0,0.9,0.001,,none,none,,,pure_stagewise_score,20,none,buffer,-0.0595529153044328,0.1704977821565076,0.091742551537303,0.8600685948392159,0.8149687933772964,0.9065884909702062,5.264228099083356,0.5727419638733656,2.4900692844570105,0.0,0.8500000000000004,1.0,-0.0005851064104576,-0.0029515816338796,-0.0130803605615651,-0.0263081866697867,0.0,0.5600000000000003,0.8,False,,1.1207449491734713
rb_005,window_median,0.05,quarter_rank,12,5,residual_correlation,Ridge,30.0,0.9,0.001,,none,none,,,pure_stagewise_score,30,none,none,-0.0595529153044328,0.1704977821565076,0.091742551537303,0.8600685948392159,0.8149687933772964,0.7118181895027851,5.582217722861836,0.485370160474304,1.5372191153139934,0.0,0.875000000000001,1.0,0.0122811362830059,0.0635313221935132,-0.0012674415965176,0.0395434692936004,0.0,0.6066666666666669,0.6,False,,0.8095230841365811
rb_005,window_median,0.05,quarter_rank,12,5,residual_correlation,Ridge,30.0,0.9,0.001,,none,none,,,pure_stagewise_score,30,none,buffer,-0.0595529153044328,0.1704977821565076,0.091742551537303,0.8600685948392159,0.8149687933772964,0.7126608808469064,5.611029813942154,0.4863286167961332,1.5360363117833953,0.0,0.8500000000000009,1.0,0.0072951952999551,0.0381023313553891,-0.0062913105676995,0.0087629309570675,0.0,0.5800000000000003,0.6,False,,0.8270664539965977
rb_005,window_median,0.05,quarter_rank,12,5,residual_correlation,Ridge,30.0,0.9,0.001,,none,none,,,pure_stagewise_score,50,none,none,-0.0595529153044328,0.1704977821565076,0.091742551537303,0.8600685948392159,0.8149687933772964,0.6279785081331559,5.478345120056202,0.4396224733886418,1.221436040047707,0.0,0.8600000000000005,0.75,0.0176694855675605,0.1003625183496493,0.0040677021480856,0.06540831738558,0.0,0.5800000000000003,0.6,False,,0.7064728537503399
rb_005,window_median,0.05,quarter_rank,12,5,residual_correlation,Ridge,30.0,0.9,0.001,,none,none,,,pure_stagewise_score,20,prev_70_30,none,-0.0595529153044328,0.1704977821565076,0.091742551537303,0.8600685948392159,0.8149687933772964,0.2285165847805743,3.598222552980373,0.1815796670787534,0.0615952685816804,0.0,0.8375000000000004,0.5,0.0217063709675646,0.1082831389688379,0.0097431448747286,0.0858914630959338,0.0,0.6500000000000002,0.6,False,,0.2219694677766049
rb_005,window_median,0.05,quarter_rank,12,5,residual_correlation,Ridge,30.0,0.9,0.001,,none,none,,,pure_stagewise_score,20,prev_70_30,buffer,-0.0595529153044328,0.1704977821565076,0.091742551537303,0.8600685948392159,0.8149687933772964,0.2337264755374466,3.792599386700064,0.1896740358705231,0.0721518046089447,0.0,0.8125000000000003,0.5,0.0642694759228541,0.3549308131947757,0.0502866563116606,0.322117151479525,0.0,0.5700000000000002,0.8,False,,0.24879052083164147
rb_005,window_median,0.05,quarter_rank,12,5,residual_correlation,Ridge,30.0,0.9,0.001,,none,none,,,pure_stagewise_score,30,prev_70_30,none,-0.0595529153044328,0.1704977821565076,0.091742551537303,0.8600685948392159,0.8149687933772964,0.2925130196703807,1.846265071344392,0.1679838999385608,0.2921551024164396,-0.0118378989114276,0.8083333333333341,0.75,0.0241461660644499,0.1296491869570551,0.0108512713291176,0.1032936943649393,0.0,0.5800000000000003,0.6,False,,0.27220194036204
rb_005,window_median,0.05,quarter_rank,12,5,residual_correlation,Ridge,30.0,0.9,0.001,,none,none,,,pure_stagewise_score,30,prev_70_30,buffer,-0.0595529153044328,0.1704977821565076,0.091742551537303,0.8600685948392159,0.8149687933772964,0.3419119872163494,2.0922224803395864,0.209936975606939,0.4124119235496815,0.0,0.7583333333333341,0.75,0.0344763132167733,0.1875184543537883,0.0214034462122932,0.1594568164897709,0.0,0.5533333333333335,0.6,False,,0.380331949361863
rb_005,window_median,0.05,quarter_rank,12,5,residual_correlation,Ridge,30.0,0.9,0.001,,none,none,,,pure_stagewise_score,50,prev_70_30,none,-0.0595529153044328,0.1704977821565076,0.091742551537303,0.8600685948392159,0.8149687933772964,0.4061272955294288,3.657291976167933,0.2602885053950343,0.8376710813629338,0.0,0.7850000000000006,0.75,0.0218321796544502,0.1189793654966177,0.0080673543376353,0.0978461732063477,0.0,0.5200000000000002,0.8,False,,0.5042343167824274
rb_005,window_median,0.05,quarter_rank,12,5,residual_correlation,Ridge,30.0,0.9,0.001,,none,none,,,pure_stagewise_score,20,trailing2_60_40,none,-0.0595529153044328,0.1704977821565076,0.091742551537303,0.8600685948392159,0.8149687933772964,0.3250599335746171,3.2338035474366285,0.2128691073625501,0.4163615280131347,0.0,0.8750000000000004,0.5,0.1622138040455378,0.9056330040437806,0.1389052201644073,1.041917703605132,0.0,0.6700000000000003,0.8,False,,0.30501886156173785
rb_005,window_median,0.05,quarter_rank,12,5,residual_correlation,Ridge,30.0,0.9,0.001,,none,none,,,pure_stagewise_score,20,trailing2_60_40,buffer,-0.0595529153044328,0.1704977821565076,0.091742551537303,0.8600685948392159,0.8149687933772964,0.3729773631786559,3.3877045913959445,0.2378547037675906,0.6665352230694229,0.0,0.8375000000000004,0.5,0.1159634962686855,0.6972958799449634,0.0966219287495441,0.9574279910477131,0.0,0.5800000000000002,0.8,False,,0.4095689656419669
rb_005,window_median,0.05,quarter_rank,12,5,residual_correlation,Ridge,30.0,0.9,0.001,,none,none,,,pure_stagewise_score,30,trailing2_60_40,none,-0.0595529153044328,0.1704977821565076,0.091742551537303,0.8600685948392159,0.8149687933772964,0.2844102007689801,2.997499384640618,0.1803625984811629,0.2876879270357316,0.0,0.850000000000001,0.5,0.0783593932983968,0.4400222903143809,0.0620991516825001,0.4990009067225094,0.0,0.5866666666666669,0.8,False,,0.26287448120126805
rb_005,window_median,0.05,quarter_rank,12,5,residual_correlation,Ridge,30.0,0.9,0.001,,none,none,,,pure_stagewise_score,30,trailing2_60_40,buffer,-0.0595529153044328,0.1704977821565076,0.091742551537303,0.8600685948392159,0.8149687933772964,0.2951252966606084,2.5100763022644204,0.1684438194187893,0.406492059573165,-0.0009356234647481,0.8083333333333341,0.5,0.1093509814543909,0.6458715900635067,0.0908092419457355,0.8131514064767432,0.0,0.4933333333333334,0.8,False,,0.3058243877697929
rb_005,window_median,0.05,quarter_rank,12,5,residual_correlation,Ridge,30.0,0.9,0.001,,none,none,,,pure_stagewise_score,50,trailing2_60_40,none,-0.0595529153044328,0.1704977821565076,0.091742551537303,0.8600685948392159,0.8149687933772964,0.3304966826171156,2.3584387769967874,0.1857323064427877,0.5659981842546106,0.0,0.7950000000000004,0.5,0.0627166634736122,0.4113140986796345,0.0471145777492506,0.5577143214108752,0.0,0.4640000000000002,0.6,False,,0.367252336887387
rb_006,window_median,0.05,quarter_rank,12,5,residual_correlation,OLS,1.0,0.9,0.002,,none,none,,,pure_stagewise_score,20,none,none,-0.0726772387525838,0.1195523443731538,0.1267515728887913,1.271531125042893,0.9272133559678878,0.490579777622413,1.8647388528708784,0.2764631041323919,0.6616378770381365,-0.0688705304156303,0.9500000000000004,0.75,0.0582902252476478,0.3217181285718862,0.0429803155197204,0.3557503608038725,0.0,0.6100000000000002,0.8,False,,0.3313794565250468
rb_006,window_median,0.05,quarter_rank,12,5,residual_correlation,OLS,1.0,0.9,0.002,,none,none,,,pure_stagewise_score,20,none,buffer,-0.0726772387525838,0.1195523443731538,0.1267515728887913,1.271531125042893,0.9272133559678878,0.490579777622413,1.8647388528708784,0.2764631041323919,0.6616378770381365,-0.0688705304156303,0.9500000000000004,0.75,0.0268419097467234,0.1539380665400949,0.0122851797375105,0.1481942721939055,0.0,0.5500000000000002,0.6,False,,0.3313794565250468
rb_006,window_median,0.05,quarter_rank,12,5,residual_correlation,OLS,1.0,0.9,0.002,,none,none,,,pure_stagewise_score,30,none,none,-0.0726772387525838,0.1195523443731538,0.1267515728887913,1.271531125042893,0.9272133559678878,0.4456051831897254,2.062164335016345,0.2640296566864974,0.6416667193346077,-0.0483623078649361,0.9583333333333346,0.75,0.0090568892132025,0.051240585313584,-0.0048548635771587,0.0074197512094432,0.0,0.606666666666667,0.6,False,,0.3240873369522859
rb_006,window_median,0.05,quarter_rank,12,5,residual_correlation,OLS,1.0,0.9,0.002,,none,none,,,pure_stagewise_score,30,none,buffer,-0.0726772387525838,0.1195523443731538,0.1267515728887913,1.271531125042893,0.9272133559678878,0.4291669912592939,1.9761868913490683,0.2586609480564359,0.567938148386883,-0.0485519573343613,0.9250000000000012,0.75,-0.0102116267565454,-0.0589676861055433,-0.0241142105381157,-0.1480557227089808,-0.0024130610371468,0.5200000000000004,0.6,False,,0.3250311243215376
rb_006,window_median,0.05,quarter_rank,12,5,residual_correlation,OLS,1.0,0.9,0.002,,none,none,,,pure_stagewise_score,50,none,none,-0.0726772387525838,0.1195523443731538,0.1267515728887913,1.271531125042893,0.9272133559678878,0.4711564902253979,2.4667362795967893,0.2850540355017961,0.8144085346349055,-0.0303650887015861,0.9300000000000006,0.75,0.028214879466486,0.1648686709349146,0.0143941295006325,0.142386707989905,0.0,0.5480000000000003,0.8,False,,0.41408654116797955
rb_006,window_median,0.05,quarter_rank,12,5,residual_correlation,OLS,1.0,0.9,0.002,,none,none,,,pure_stagewise_score,20,prev_70_30,none,-0.0726772387525838,0.1195523443731538,0.1267515728887913,1.271531125042893,0.9272133559678878,0.0371716251754414,0.325104429566874,0.0482081271646926,-0.3077977837376531,0.0,0.9625000000000004,0.5,-0.0089342221039421,-0.0533592803898396,-0.0222238084225106,-0.139231700544498,0.0,0.6300000000000002,0.6,False,,-0.058125052973598074
rb_006,window_median,0.05,quarter_rank,12,5,residual_correlation,OLS,1.0,0.9,0.002,,none,none,,,pure_stagewise_score,20,prev_70_30,buffer,-0.0726772387525838,0.1195523443731538,0.1267515728887913,1.271531125042893,0.9272133559678878,0.0547148670520556,0.4512476462676593,0.0554248560286116,-0.2786482767835179,0.0,0.9500000000000004,0.5,0.0060757712641683,0.0406239402186435,-0.0066487126669903,-0.0479194809593831,-9.717273064591136e-05,0.5800000000000003,0.6,False,,-0.03642670251408431
rb_006,window_median,0.05,quarter_rank,12,5,residual_correlation,OLS,1.0,0.9,0.002,,none,none,,,pure_stagewise_score,30,prev_70_30,none,-0.0726772387525838,0.1195523443731538,0.1267515728887913,1.271531125042893,0.9272133559678878,0.0862031997167482,0.6365966078301132,0.0654242128171214,-0.2247227840706974,-0.0144470229046425,0.9500000000000012,0.5,-0.0287295824091773,-0.1698683693334481,-0.0431864103179293,-0.340052288793277,-0.0028011740030916,0.5800000000000003,0.4,False,,-0.025202354140830885
rb_006,window_median,0.05,quarter_rank,12,5,residual_correlation,OLS,1.0,0.9,0.002,,none,none,,,pure_stagewise_score,30,prev_70_30,buffer,-0.0726772387525838,0.1195523443731538,0.1267515728887913,1.271531125042893,0.9272133559678878,0.0862031997167482,0.6365966078301132,0.0654242128171214,-0.2247227840706974,-0.0144470229046425,0.9500000000000012,0.5,-0.0181547450456757,-0.1048845776800315,-0.0324856548477818,-0.2267485887618054,-0.0040657805032499,0.546666666666667,0.6,False,,-0.025202354140830885
rb_006,window_median,0.05,quarter_rank,12,5,residual_correlation,OLS,1.0,0.9,0.002,,none,none,,,pure_stagewise_score,50,prev_70_30,none,-0.0726772387525838,0.1195523443731538,0.1267515728887913,1.271531125042893,0.9272133559678878,0.2253523160075257,2.319528579504971,0.1572650783585201,0.0648052421959379,-0.0104547147841468,0.9500000000000006,0.5,0.0063780288445862,0.0339105886467042,-0.0074956005880666,0.0005548403868745,0.0,0.5280000000000002,0.8,False,,0.12792749089297292
rb_006,window_median,0.05,quarter_rank,12,5,residual_correlation,OLS,1.0,0.9,0.002,,none,none,,,pure_stagewise_score,20,trailing2_60_40,none,-0.0726772387525838,0.1195523443731538,0.1267515728887913,1.271531125042893,0.9272133559678878,0.07554208079774,0.8091228228242927,-0.0041883421239117,-0.4627559721008786,-0.0333231850873457,0.9000000000000005,0.25,0.0190664339553645,0.1002360327516853,0.0047921137040351,0.0842437799780167,-0.006518705929301,0.6500000000000001,0.6,False,,-0.12272427379775759
rb_006,window_median,0.05,quarter_rank,12,5,residual_correlation,OLS,1.0,0.9,0.002,,none,none,,,pure_stagewise_score,20,trailing2_60_40,buffer,-0.0726772387525838,0.1195523443731538,0.1267515728887913,1.271531125042893,0.9272133559678878,0.07554208079774,0.8091228228242927,-0.0041883421239117,-0.4627559721008786,-0.0333231850873457,0.9000000000000005,0.25,-0.0117084722656198,-0.0645737123222191,-0.0254913374115657,-0.131731334242977,-0.006518705929301,0.5600000000000002,0.6,False,,-0.12272427379775759
rb_006,window_median,0.05,quarter_rank,12,5,residual_correlation,OLS,1.0,0.9,0.002,,none,none,,,pure_stagewise_score,30,trailing2_60_40,none,-0.0726772387525838,0.1195523443731538,0.1267515728887913,1.271531125042893,0.9272133559678878,0.1911719108929594,1.375492126102087,0.0963780771419361,-0.0160181259888429,-0.0266660311337914,0.9333333333333346,0.5,0.0093622828645762,0.0547070255406354,-0.0053694792332016,0.0024886557096144,-0.0011486940241067,0.5466666666666669,0.8,False,,0.05297632968754003
rb_006,window_median,0.05,quarter_rank,12,5,residual_correlation,OLS,1.0,0.9,0.002,,none,none,,,pure_stagewise_score,30,trailing2_60_40,buffer,-0.0726772387525838,0.1195523443731538,0.1267515728887913,1.271531125042893,0.9272133559678878,0.1921637443444719,1.3880144762872877,0.0980224136632513,-0.0131979558694193,-0.0266660311337915,0.8916666666666678,0.5,-0.0035988632492822,-0.0199595101175907,-0.0178927584293243,-0.0854425302252955,-0.0069487271134925,0.48,0.4,False,,0.08332919857611187
rb_006,window_median,0.05,quarter_rank,12,5,residual_correlation,OLS,1.0,0.9,0.002,,none,none,,,pure_stagewise_score,50,trailing2_60_40,none,-0.0726772387525838,0.1195523443731538,0.1267515728887913,1.271531125042893,0.9272133559678878,0.1465802132321654,1.283020034304445,0.0582434255182252,-0.1767748635263942,-0.0237650983989811,0.8450000000000004,0.5,0.0016965373317776,0.0096334353099843,-0.0123093478220937,-0.0499239749707998,-0.0036061438377645,0.4320000000000002,0.8,False,,0.04330194850731857
rb_007,window_median,0.05,quarter_rank,12,5,residual_correlation,Ridge,1.0,0.9,0.002,,none,none,,,pure_stagewise_score,20,none,none,-0.0726775425870665,0.1195469969346063,0.126747597063567,1.2713880011336869,0.9272185925908548,0.490579777622413,1.8647388528708784,0.2764631041323919,0.6616378770381365,-0.0688705304156303,0.9500000000000004,0.75,0.0582902252476478,0.3217181285718862,0.0429803155197204,0.3557503608038725,0.0,0.6100000000000002,0.8,False,,0.3312733689790615
rb_007,window_median,0.05,quarter_rank,12,5,residual_correlation,Ridge,1.0,0.9,0.002,,none,none,,,pure_stagewise_score,20,none,buffer,-0.0726775425870665,0.1195469969346063,0.126747597063567,1.2713880011336869,0.9272185925908548,0.490579777622413,1.8647388528708784,0.2764631041323919,0.6616378770381365,-0.0688705304156303,0.9500000000000004,0.75,0.0268419097467234,0.1539380665400949,0.0122851797375105,0.1481942721939055,0.0,0.5500000000000002,0.6,False,,0.3312733689790615
rb_007,window_median,0.05,quarter_rank,12,5,residual_correlation,Ridge,1.0,0.9,0.002,,none,none,,,pure_stagewise_score,30,none,none,-0.0726775425870665,0.1195469969346063,0.126747597063567,1.2713880011336869,0.9272185925908548,0.4456051831897254,2.062164335016345,0.2640296566864974,0.6416667193346077,-0.0483623078649361,0.9583333333333346,0.75,0.0090568892132025,0.051240585313584,-0.0048548635771587,0.0074197512094432,0.0,0.606666666666667,0.6,False,,0.32398124940630063
rb_007,window_median,0.05,quarter_rank,12,5,residual_correlation,Ridge,1.0,0.9,0.002,,none,none,,,pure_stagewise_score,30,none,buffer,-0.0726775425870665,0.1195469969346063,0.126747597063567,1.2713880011336869,0.9272185925908548,0.4291669912592939,1.9761868913490683,0.2586609480564359,0.567938148386883,-0.0485519573343613,0.9250000000000012,0.75,-0.0102116267565454,-0.0589676861055433,-0.0241142105381157,-0.1480557227089808,-0.0024130610371468,0.5200000000000004,0.6,False,,0.3249250367755523
rb_007,window_median,0.05,quarter_rank,12,5,residual_correlation,Ridge,1.0,0.9,0.002,,none,none,,,pure_stagewise_score,50,none,none,-0.0726775425870665,0.1195469969346063,0.126747597063567,1.2713880011336869,0.9272185925908548,0.4711564902253979,2.4667362795967893,0.2850540355017961,0.8144085346349055,-0.0303650887015861,0.9300000000000006,0.75,0.028214879466486,0.1648686709349146,0.0143941295006325,0.142386707989905,0.0,0.5480000000000003,0.8,False,,0.41398045362199415
rb_007,window_median,0.05,quarter_rank,12,5,residual_correlation,Ridge,1.0,0.9,0.002,,none,none,,,pure_stagewise_score,20,prev_70_30,none,-0.0726775425870665,0.1195469969346063,0.126747597063567,1.2713880011336869,0.9272185925908548,0.0371716251754414,0.325104429566874,0.0482081271646926,-0.3077977837376531,0.0,0.9625000000000004,0.5,-0.0089342221039421,-0.0533592803898396,-0.0222238084225106,-0.139231700544498,0.0,0.6300000000000002,0.6,False,,-0.05823114051958342
rb_007,window_median,0.05,quarter_rank,12,5,residual_correlation,Ridge,1.0,0.9,0.002,,none,none,,,pure_stagewise_score,20,prev_70_30,buffer,-0.0726775425870665,0.1195469969346063,0.126747597063567,1.2713880011336869,0.9272185925908548,0.0547148670520556,0.4512476462676593,0.0554248560286116,-0.2786482767835179,0.0,0.9500000000000004,0.5,0.0060757712641683,0.0406239402186435,-0.0066487126669903,-0.0479194809593831,-9.717273064591136e-05,0.5800000000000003,0.6,False,,-0.036532790060069625
rb_007,window_median,0.05,quarter_rank,12,5,residual_correlation,Ridge,1.0,0.9,0.002,,none,none,,,pure_stagewise_score,30,prev_70_30,none,-0.0726775425870665,0.1195469969346063,0.126747597063567,1.2713880011336869,0.9272185925908548,0.0862031997167482,0.6365966078301132,0.0654242128171214,-0.2247227840706974,-0.0144470229046425,0.9500000000000012,0.5,-0.0287295824091773,-0.1698683693334481,-0.0431864103179293,-0.340052288793277,-0.0028011740030916,0.5800000000000003,0.4,False,,-0.025308441686816174
rb_007,window_median,0.05,quarter_rank,12,5,residual_correlation,Ridge,1.0,0.9,0.002,,none,none,,,pure_stagewise_score,30,prev_70_30,buffer,-0.0726775425870665,0.1195469969346063,0.126747597063567,1.2713880011336869,0.9272185925908548,0.0862031997167482,0.6365966078301132,0.0654242128171214,-0.2247227840706974,-0.0144470229046425,0.9500000000000012,0.5,-0.0181547450456757,-0.1048845776800315,-0.0324856548477818,-0.2267485887618054,-0.0040657805032499,0.546666666666667,0.6,False,,-0.025308441686816174
rb_007,window_median,0.05,quarter_rank,12,5,residual_correlation,Ridge,1.0,0.9,0.002,,none,none,,,pure_stagewise_score,50,prev_70_30,none,-0.0726775425870665,0.1195469969346063,0.126747597063567,1.2713880011336869,0.9272185925908548,0.2253523160075257,2.319528579504971,0.1572650783585201,0.0648052421959379,-0.0104547147841468,0.9500000000000006,0.5,0.0063780288445862,0.0339105886467042,-0.0074956005880666,0.0005548403868745,0.0,0.5280000000000002,0.8,False,,0.1278214033469876
rb_007,window_median,0.05,quarter_rank,12,5,residual_correlation,Ridge,1.0,0.9,0.002,,none,none,,,pure_stagewise_score,20,trailing2_60_40,none,-0.0726775425870665,0.1195469969346063,0.126747597063567,1.2713880011336869,0.9272185925908548,0.07554208079774,0.8091228228242927,-0.0041883421239117,-0.4627559721008786,-0.0333231850873457,0.9000000000000005,0.25,0.0190664339553645,0.1002360327516853,0.0047921137040351,0.0842437799780167,-0.006518705929301,0.6500000000000001,0.6,False,,-0.12283036134374288
rb_007,window_median,0.05,quarter_rank,12,5,residual_correlation,Ridge,1.0,0.9,0.002,,none,none,,,pure_stagewise_score,20,trailing2_60_40,buffer,-0.0726775425870665,0.1195469969346063,0.126747597063567,1.2713880011336869,0.9272185925908548,0.07554208079774,0.8091228228242927,-0.0041883421239117,-0.4627559721008786,-0.0333231850873457,0.9000000000000005,0.25,-0.0117084722656198,-0.0645737123222191,-0.0254913374115657,-0.131731334242977,-0.006518705929301,0.5600000000000002,0.6,False,,-0.12283036134374288
rb_007,window_median,0.05,quarter_rank,12,5,residual_correlation,Ridge,1.0,0.9,0.002,,none,none,,,pure_stagewise_score,30,trailing2_60_40,none,-0.0726775425870665,0.1195469969346063,0.126747597063567,1.2713880011336869,0.9272185925908548,0.1911719108929594,1.375492126102087,0.0963780771419361,-0.0160181259888429,-0.0266660311337914,0.9333333333333346,0.5,0.0093622828645762,0.0547070255406354,-0.0053694792332016,0.0024886557096144,-0.0011486940241067,0.5466666666666669,0.8,False,,0.05287024214155471
rb_007,window_median,0.05,quarter_rank,12,5,residual_correlation,Ridge,1.0,0.9,0.002,,none,none,,,pure_stagewise_score,30,trailing2_60_40,buffer,-0.0726775425870665,0.1195469969346063,0.126747597063567,1.2713880011336869,0.9272185925908548,0.1921637443444719,1.3880144762872877,0.0980224136632513,-0.0131979558694193,-0.0266660311337915,0.8916666666666678,0.5,-0.0035988632492822,-0.0199595101175907,-0.0178927584293243,-0.0854425302252955,-0.0069487271134925,0.48,0.4,False,,0.08322311103012656
rb_007,window_median,0.05,quarter_rank,12,5,residual_correlation,Ridge,1.0,0.9,0.002,,none,none,,,pure_stagewise_score,50,trailing2_60_40,none,-0.0726775425870665,0.1195469969346063,0.126747597063567,1.2713880011336869,0.9272185925908548,0.1465802132321654,1.283020034304445,0.0582434255182252,-0.1767748635263942,-0.0237650983989811,0.8450000000000004,0.5,0.0016965373317776,0.0096334353099843,-0.0123093478220937,-0.0499239749707998,-0.0036061438377645,0.4320000000000002,0.8,False,,0.04319586096133325
rb_008,window_median,0.05,quarter_rank,12,5,residual_correlation,Ridge,3.0,0.9,0.002,,none,none,,,pure_stagewise_score,20,none,none,-0.072679995871457,0.1195532035787554,0.12675581593005,1.2715453496984572,0.9273024816611284,0.490579777622413,1.8647388528708784,0.2764631041323919,0.6616378770381365,-0.0688705304156303,0.9500000000000004,0.75,0.0582902252476478,0.3217181285718862,0.0429803155197204,0.3557503608038725,0.0,0.6100000000000002,0.8,False,,0.33139145126113184
rb_008,window_median,0.05,quarter_rank,12,5,residual_correlation,Ridge,3.0,0.9,0.002,,none,none,,,pure_stagewise_score,20,none,buffer,-0.072679995871457,0.1195532035787554,0.12675581593005,1.2715453496984572,0.9273024816611284,0.490579777622413,1.8647388528708784,0.2764631041323919,0.6616378770381365,-0.0688705304156303,0.9500000000000004,0.75,0.0268419097467234,0.1539380665400949,0.0122851797375105,0.1481942721939055,0.0,0.5500000000000002,0.6,False,,0.33139145126113184
rb_008,window_median,0.05,quarter_rank,12,5,residual_correlation,Ridge,3.0,0.9,0.002,,none,none,,,pure_stagewise_score,30,none,none,-0.072679995871457,0.1195532035787554,0.12675581593005,1.2715453496984572,0.9273024816611284,0.4456051831897254,2.062164335016345,0.2640296566864974,0.6416667193346077,-0.0483623078649361,0.9583333333333346,0.75,0.0090568892132025,0.051240585313584,-0.0048548635771587,0.0074197512094432,0.0,0.606666666666667,0.6,False,,0.32409933168837085
rb_008,window_median,0.05,quarter_rank,12,5,residual_correlation,Ridge,3.0,0.9,0.002,,none,none,,,pure_stagewise_score,30,none,buffer,-0.072679995871457,0.1195532035787554,0.12675581593005,1.2715453496984572,0.9273024816611284,0.4291669912592939,1.9761868913490683,0.2586609480564359,0.567938148386883,-0.0485519573343613,0.9250000000000012,0.75,-0.0102116267565454,-0.0589676861055433,-0.0241142105381157,-0.1480557227089808,-0.0024130610371468,0.5200000000000004,0.6,False,,0.3250431190576226
rb_008,window_median,0.05,quarter_rank,12,5,residual_correlation,Ridge,3.0,0.9,0.002,,none,none,,,pure_stagewise_score,50,none,none,-0.072679995871457,0.1195532035787554,0.12675581593005,1.2715453496984572,0.9273024816611284,0.4711564902253979,2.4667362795967893,0.2850540355017961,0.8144085346349055,-0.0303650887015861,0.9300000000000006,0.75,0.028214879466486,0.1648686709349146,0.0143941295006325,0.142386707989905,0.0,0.5480000000000003,0.8,False,,0.4140985359040645
rb_008,window_median,0.05,quarter_rank,12,5,residual_correlation,Ridge,3.0,0.9,0.002,,none,none,,,pure_stagewise_score,20,prev_70_30,none,-0.072679995871457,0.1195532035787554,0.12675581593005,1.2715453496984572,0.9273024816611284,0.0371716251754414,0.325104429566874,0.0482081271646926,-0.3077977837376531,0.0,0.9625000000000004,0.5,-0.0089342221039421,-0.0533592803898396,-0.0222238084225106,-0.139231700544498,0.0,0.6300000000000002,0.6,False,,-0.05811305823751314
rb_008,window_median,0.05,quarter_rank,12,5,residual_correlation,Ridge,3.0,0.9,0.002,,none,none,,,pure_stagewise_score,20,prev_70_30,buffer,-0.072679995871457,0.1195532035787554,0.12675581593005,1.2715453496984572,0.9273024816611284,0.0547148670520556,0.4512476462676593,0.0554248560286116,-0.2786482767835179,0.0,0.9500000000000004,0.5,0.0060757712641683,0.0406239402186435,-0.0066487126669903,-0.0479194809593831,-9.717273064591136e-05,0.5800000000000003,0.6,False,,-0.03641470777799935
rb_008,window_median,0.05,quarter_rank,12,5,residual_correlation,Ridge,3.0,0.9,0.002,,none,none,,,pure_stagewise_score,30,prev_70_30,none,-0.072679995871457,0.1195532035787554,0.12675581593005,1.2715453496984572,0.9273024816611284,0.0862031997167482,0.6365966078301132,0.0654242128171214,-0.2247227840706974,-0.0144470229046425,0.9500000000000012,0.5,-0.0287295824091773,-0.1698683693334481,-0.0431864103179293,-0.340052288793277,-0.0028011740030916,0.5800000000000003,0.4,False,,-0.0251903594047459
rb_008,window_median,0.05,quarter_rank,12,5,residual_correlation,Ridge,3.0,0.9,0.002,,none,none,,,pure_stagewise_score,30,prev_70_30,buffer,-0.072679995871457,0.1195532035787554,0.12675581593005,1.2715453496984572,0.9273024816611284,0.0862031997167482,0.6365966078301132,0.0654242128171214,-0.2247227840706974,-0.0144470229046425,0.9500000000000012,0.5,-0.0181547450456757,-0.1048845776800315,-0.0324856548477818,-0.2267485887618054,-0.0040657805032499,0.546666666666667,0.6,False,,-0.0251903594047459
rb_008,window_median,0.05,quarter_rank,12,5,residual_correlation,Ridge,3.0,0.9,0.002,,none,none,,,pure_stagewise_score,50,prev_70_30,none,-0.072679995871457,0.1195532035787554,0.12675581593005,1.2715453496984572,0.9273024816611284,0.2253523160075257,2.319528579504971,0.1572650783585201,0.0648052421959379,-0.0104547147841468,0.9500000000000006,0.5,0.0063780288445862,0.0339105886467042,-0.0074956005880666,0.0005548403868745,0.0,0.5280000000000002,0.8,False,,0.12793948562905788
rb_008,window_median,0.05,quarter_rank,12,5,residual_correlation,Ridge,3.0,0.9,0.002,,none,none,,,pure_stagewise_score,20,trailing2_60_40,none,-0.072679995871457,0.1195532035787554,0.12675581593005,1.2715453496984572,0.9273024816611284,0.07554208079774,0.8091228228242927,-0.0041883421239117,-0.4627559721008786,-0.0333231850873457,0.9000000000000005,0.25,0.0190664339553645,0.1002360327516853,0.0047921137040351,0.0842437799780167,-0.006518705929301,0.6500000000000001,0.6,False,,-0.1227122790616726
rb_008,window_median,0.05,quarter_rank,12,5,residual_correlation,Ridge,3.0,0.9,0.002,,none,none,,,pure_stagewise_score,20,trailing2_60_40,buffer,-0.072679995871457,0.1195532035787554,0.12675581593005,1.2715453496984572,0.9273024816611284,0.07554208079774,0.8091228228242927,-0.0041883421239117,-0.4627559721008786,-0.0333231850873457,0.9000000000000005,0.25,-0.0117084722656198,-0.0645737123222191,-0.0254913374115657,-0.131731334242977,-0.006518705929301,0.5600000000000002,0.6,False,,-0.1227122790616726
rb_008,window_median,0.05,quarter_rank,12,5,residual_correlation,Ridge,3.0,0.9,0.002,,none,none,,,pure_stagewise_score,30,trailing2_60_40,none,-0.072679995871457,0.1195532035787554,0.12675581593005,1.2715453496984572,0.9273024816611284,0.1911719108929594,1.375492126102087,0.0963780771419361,-0.0160181259888429,-0.0266660311337914,0.9333333333333346,0.5,0.0093622828645762,0.0547070255406354,-0.0053694792332016,0.0024886557096144,-0.0011486940241067,0.5466666666666669,0.8,False,,0.052988324423624986
rb_008,window_median,0.05,quarter_rank,12,5,residual_correlation,Ridge,3.0,0.9,0.002,,none,none,,,pure_stagewise_score,30,trailing2_60_40,buffer,-0.072679995871457,0.1195532035787554,0.12675581593005,1.2715453496984572,0.9273024816611284,0.1921637443444719,1.3880144762872877,0.0980224136632513,-0.0131979558694193,-0.0266660311337915,0.8916666666666678,0.5,-0.0035988632492822,-0.0199595101175907,-0.0178927584293243,-0.0854425302252955,-0.0069487271134925,0.48,0.4,False,,0.08334119331219683
rb_008,window_median,0.05,quarter_rank,12,5,residual_correlation,Ridge,3.0,0.9,0.002,,none,none,,,pure_stagewise_score,50,trailing2_60_40,none,-0.072679995871457,0.1195532035787554,0.12675581593005,1.2715453496984572,0.9273024816611284,0.1465802132321654,1.283020034304445,0.0582434255182252,-0.1767748635263942,-0.0237650983989811,0.8450000000000004,0.5,0.0016965373317776,0.0096334353099843,-0.0123093478220937,-0.0499239749707998,-0.0036061438377645,0.4320000000000002,0.8,False,,0.04331394324340353
rb_009,window_median,0.05,quarter_rank,12,5,residual_correlation,Ridge,10.0,0.9,0.002,,none,none,,,pure_stagewise_score,20,none,none,-0.0726921743551193,0.1195563526180171,0.126761012721515,1.2717372199608712,0.927198414869468,0.490579777622413,1.8647388528708784,0.2764631041323919,0.6616378770381365,-0.0688705304156303,0.9500000000000004,0.75,0.0582902252476478,0.3217181285718862,0.0429803155197204,0.3557503608038725,0.0,0.6100000000000002,0.8,False,,0.33151587455557713
rb_009,window_median,0.05,quarter_rank,12,5,residual_correlation,Ridge,10.0,0.9,0.002,,none,none,,,pure_stagewise_score,20,none,buffer,-0.0726921743551193,0.1195563526180171,0.126761012721515,1.2717372199608712,0.927198414869468,0.490579777622413,1.8647388528708784,0.2764631041323919,0.6616378770381365,-0.0688705304156303,0.9500000000000004,0.75,0.0268419097467234,0.1539380665400949,0.0122851797375105,0.1481942721939055,0.0,0.5500000000000002,0.6,False,,0.33151587455557713
rb_009,window_median,0.05,quarter_rank,12,5,residual_correlation,Ridge,10.0,0.9,0.002,,none,none,,,pure_stagewise_score,30,none,none,-0.0726921743551193,0.1195563526180171,0.126761012721515,1.2717372199608712,0.927198414869468,0.4456051831897254,2.062164335016345,0.2640296566864974,0.6416667193346077,-0.0483623078649361,0.9583333333333346,0.75,0.0090568892132025,0.051240585313584,-0.0048548635771587,0.0074197512094432,0.0,0.606666666666667,0.6,False,,0.32422375498281625
rb_009,window_median,0.05,quarter_rank,12,5,residual_correlation,Ridge,10.0,0.9,0.002,,none,none,,,pure_stagewise_score,30,none,buffer,-0.0726921743551193,0.1195563526180171,0.126761012721515,1.2717372199608712,0.927198414869468,0.4291669912592939,1.9761868913490683,0.2586609480564359,0.567938148386883,-0.0485519573343613,0.9250000000000012,0.75,-0.0102116267565454,-0.0589676861055433,-0.0241142105381157,-0.1480557227089808,-0.0024130610371468,0.5200000000000004,0.6,False,,0.3251675423520679
rb_009,window_median,0.05,quarter_rank,12,5,residual_correlation,Ridge,10.0,0.9,0.002,,none,none,,,pure_stagewise_score,50,none,none,-0.0726921743551193,0.1195563526180171,0.126761012721515,1.2717372199608712,0.927198414869468,0.4711564902253979,2.4667362795967893,0.2850540355017961,0.8144085346349055,-0.0303650887015861,0.9300000000000006,0.75,0.028214879466486,0.1648686709349146,0.0143941295006325,0.142386707989905,0.0,0.5480000000000003,0.8,False,,0.4142229591985099
rb_009,window_median,0.05,quarter_rank,12,5,residual_correlation,Ridge,10.0,0.9,0.002,,none,none,,,pure_stagewise_score,20,prev_70_30,none,-0.0726921743551193,0.1195563526180171,0.126761012721515,1.2717372199608712,0.927198414869468,0.0371716251754414,0.325104429566874,0.0482081271646926,-0.3077977837376531,0.0,0.9625000000000004,0.5,-0.0089342221039421,-0.0533592803898396,-0.0222238084225106,-0.139231700544498,0.0,0.6300000000000002,0.6,False,,-0.057988634943067746
rb_009,window_median,0.05,quarter_rank,12,5,residual_correlation,Ridge,10.0,0.9,0.002,,none,none,,,pure_stagewise_score,20,prev_70_30,buffer,-0.0726921743551193,0.1195563526180171,0.126761012721515,1.2717372199608712,0.927198414869468,0.0547148670520556,0.4512476462676593,0.0554248560286116,-0.2786482767835179,0.0,0.9500000000000004,0.5,0.0060757712641683,0.0406239402186435,-0.0066487126669903,-0.0479194809593831,-9.717273064591136e-05,0.5800000000000003,0.6,False,,-0.03629028448355398
rb_009,window_median,0.05,quarter_rank,12,5,residual_correlation,Ridge,10.0,0.9,0.002,,none,none,,,pure_stagewise_score,30,prev_70_30,none,-0.0726921743551193,0.1195563526180171,0.126761012721515,1.2717372199608712,0.927198414869468,0.0862031997167482,0.6365966078301132,0.0654242128171214,-0.2247227840706974,-0.0144470229046425,0.9500000000000012,0.5,-0.0287295824091773,-0.1698683693334481,-0.0431864103179293,-0.340052288793277,-0.0028011740030916,0.5800000000000003,0.4,False,,-0.025065936110300557
rb_009,window_median,0.05,quarter_rank,12,5,residual_correlation,Ridge,10.0,0.9,0.002,,none,none,,,pure_stagewise_score,30,prev_70_30,buffer,-0.0726921743551193,0.1195563526180171,0.126761012721515,1.2717372199608712,0.927198414869468,0.0862031997167482,0.6365966078301132,0.0654242128171214,-0.2247227840706974,-0.0144470229046425,0.9500000000000012,0.5,-0.0181547450456757,-0.1048845776800315,-0.0324856548477818,-0.2267485887618054,-0.0040657805032499,0.546666666666667,0.6,False,,-0.025065936110300557
rb_009,window_median,0.05,quarter_rank,12,5,residual_correlation,Ridge,10.0,0.9,0.002,,none,none,,,pure_stagewise_score,50,prev_70_30,none,-0.0726921743551193,0.1195563526180171,0.126761012721515,1.2717372199608712,0.927198414869468,0.2253523160075257,2.319528579504971,0.1572650783585201,0.0648052421959379,-0.0104547147841468,0.9500000000000006,0.5,0.0063780288445862,0.0339105886467042,-0.0074956005880666,0.0005548403868745,0.0,0.5280000000000002,0.8,False,,0.12806390892350325
rb_009,window_median,0.05,quarter_rank,12,5,residual_correlation,Ridge,10.0,0.9,0.002,,none,none,,,pure_stagewise_score,20,trailing2_60_40,none,-0.0726921743551193,0.1195563526180171,0.126761012721515,1.2717372199608712,0.927198414869468,0.07554208079774,0.8091228228242927,-0.0041883421239117,-0.4627559721008786,-0.0333231850873457,0.9000000000000005,0.25,0.0190664339553645,0.1002360327516853,0.0047921137040351,0.0842437799780167,-0.006518705929301,0.6500000000000001,0.6,False,,-0.12258785576722726
rb_009,window_median,0.05,quarter_rank,12,5,residual_correlation,Ridge,10.0,0.9,0.002,,none,none,,,pure_stagewise_score,20,trailing2_60_40,buffer,-0.0726921743551193,0.1195563526180171,0.126761012721515,1.2717372199608712,0.927198414869468,0.07554208079774,0.8091228228242927,-0.0041883421239117,-0.4627559721008786,-0.0333231850873457,0.9000000000000005,0.25,-0.0117084722656198,-0.0645737123222191,-0.0254913374115657,-0.131731334242977,-0.006518705929301,0.5600000000000002,0.6,False,,-0.12258785576722726
rb_009,window_median,0.05,quarter_rank,12,5,residual_correlation,Ridge,10.0,0.9,0.002,,none,none,,,pure_stagewise_score,30,trailing2_60_40,none,-0.0726921743551193,0.1195563526180171,0.126761012721515,1.2717372199608712,0.927198414869468,0.1911719108929594,1.375492126102087,0.0963780771419361,-0.0160181259888429,-0.0266660311337914,0.9333333333333346,0.5,0.0093622828645762,0.0547070255406354,-0.0053694792332016,0.0024886557096144,-0.0011486940241067,0.5466666666666669,0.8,False,,0.053112747718070355
rb_009,window_median,0.05,quarter_rank,12,5,residual_correlation,Ridge,10.0,0.9,0.002,,none,none,,,pure_stagewise_score,30,trailing2_60_40,buffer,-0.0726921743551193,0.1195563526180171,0.126761012721515,1.2717372199608712,0.927198414869468,0.1921637443444719,1.3880144762872877,0.0980224136632513,-0.0131979558694193,-0.0266660311337915,0.8916666666666678,0.5,-0.0035988632492822,-0.0199595101175907,-0.0178927584293243,-0.0854425302252955,-0.0069487271134925,0.48,0.4,False,,0.0834656166066422
rb_009,window_median,0.05,quarter_rank,12,5,residual_correlation,Ridge,10.0,0.9,0.002,,none,none,,,pure_stagewise_score,50,trailing2_60_40,none,-0.0726921743551193,0.1195563526180171,0.126761012721515,1.2717372199608712,0.927198414869468,0.1465802132321654,1.283020034304445,0.0582434255182252,-0.1767748635263942,-0.0237650983989811,0.8450000000000004,0.5,-0.0009502202969327,-0.0054200411108431,-0.0149056574059701,-0.0711040601645523,-0.0036061438377645,0.4320000000000002,0.6,False,,0.043438366537848896
rb_010,window_median,0.05,quarter_rank,12,5,residual_correlation,Ridge,30.0,0.9,0.002,,none,none,,,pure_stagewise_score,20,none,none,-0.0727466743197388,0.119592477710491,0.1268021731333758,1.2728935909977197,0.9269174655019148,0.490579777622413,1.8647388528708784,0.2764631041323919,0.6616378770381365,-0.0688705304156303,0.9500000000000004,0.75,0.0582902252476478,0.3217181285718862,0.0429803155197204,0.3557503608038725,0.0,0.6100000000000002,0.8,False,,0.33234166621740985
rb_010,window_median,0.05,quarter_rank,12,5,residual_correlation,Ridge,30.0,0.9,0.002,,none,none,,,pure_stagewise_score,20,none,buffer,-0.0727466743197388,0.119592477710491,0.1268021731333758,1.2728935909977197,0.9269174655019148,0.490579777622413,1.8647388528708784,0.2764631041323919,0.6616378770381365,-0.0688705304156303,0.9500000000000004,0.75,0.0268419097467234,0.1539380665400949,0.0122851797375105,0.1481942721939055,0.0,0.5500000000000002,0.6,False,,0.33234166621740985
rb_010,window_median,0.05,quarter_rank,12,5,residual_correlation,Ridge,30.0,0.9,0.002,,none,none,,,pure_stagewise_score,30,none,none,-0.0727466743197388,0.119592477710491,0.1268021731333758,1.2728935909977197,0.9269174655019148,0.4456051831897254,2.062164335016345,0.2640296566864974,0.6416667193346077,-0.0483623078649361,0.9583333333333346,0.75,0.0090568892132025,0.051240585313584,-0.0048548635771587,0.0074197512094432,0.0,0.606666666666667,0.6,False,,0.32504954664464897
rb_010,window_median,0.05,quarter_rank,12,5,residual_correlation,Ridge,30.0,0.9,0.002,,none,none,,,pure_stagewise_score,30,none,buffer,-0.0727466743197388,0.119592477710491,0.1268021731333758,1.2728935909977197,0.9269174655019148,0.4291669912592939,1.9761868913490683,0.2586609480564359,0.567938148386883,-0.0485519573343613,0.9250000000000012,0.75,-0.0102116267565454,-0.0589676861055433,-0.0241142105381157,-0.1480557227089808,-0.0024130610371468,0.5200000000000004,0.6,False,,0.3259933340139006
rb_010,window_median,0.05,quarter_rank,12,5,residual_correlation,Ridge,30.0,0.9,0.002,,none,none,,,pure_stagewise_score,50,none,none,-0.0727466743197388,0.119592477710491,0.1268021731333758,1.2728935909977197,0.9269174655019148,0.4711564902253979,2.4667362795967893,0.2850540355017961,0.8144085346349055,-0.0303650887015861,0.9300000000000006,0.75,0.028214879466486,0.1648686709349146,0.0143941295006325,0.142386707989905,0.0,0.5480000000000003,0.8,False,,0.4150487508603426
rb_010,window_median,0.05,quarter_rank,12,5,residual_correlation,Ridge,30.0,0.9,0.002,,none,none,,,pure_stagewise_score,20,prev_70_30,none,-0.0727466743197388,0.119592477710491,0.1268021731333758,1.2728935909977197,0.9269174655019148,0.0371716251754414,0.325104429566874,0.0482081271646926,-0.3077977837376531,0.0,0.9625000000000004,0.5,-0.0089342221039421,-0.0533592803898396,-0.0222238084225106,-0.139231700544498,0.0,0.6300000000000002,0.6,False,,-0.057162843281235026
rb_010,window_median,0.05,quarter_rank,12,5,residual_correlation,Ridge,30.0,0.9,0.002,,none,none,,,pure_stagewise_score,20,prev_70_30,buffer,-0.0727466743197388,0.119592477710491,0.1268021731333758,1.2728935909977197,0.9269174655019148,0.0547148670520556,0.4512476462676593,0.0554248560286116,-0.2786482767835179,0.0,0.9500000000000004,0.5,0.0060757712641683,0.0406239402186435,-0.0066487126669903,-0.0479194809593831,-9.717273064591136e-05,0.5800000000000003,0.6,False,,-0.03546449282172126
rb_010,window_median,0.05,quarter_rank,12,5,residual_correlation,Ridge,30.0,0.9,0.002,,none,none,,,pure_stagewise_score,30,prev_70_30,none,-0.0727466743197388,0.119592477710491,0.1268021731333758,1.2728935909977197,0.9269174655019148,0.0862031997167482,0.6365966078301132,0.0654242128171214,-0.2247227840706974,-0.0144470229046425,0.9500000000000012,0.5,-0.0287295824091773,-0.1698683693334481,-0.0431864103179293,-0.340052288793277,-0.0028011740030916,0.5800000000000003,0.4,False,,-0.024240144448467837
rb_010,window_median,0.05,quarter_rank,12,5,residual_correlation,Ridge,30.0,0.9,0.002,,none,none,,,pure_stagewise_score,30,prev_70_30,buffer,-0.0727466743197388,0.119592477710491,0.1268021731333758,1.2728935909977197,0.9269174655019148,0.0862031997167482,0.6365966078301132,0.0654242128171214,-0.2247227840706974,-0.0144470229046425,0.9500000000000012,0.5,-0.0181547450456757,-0.1048845776800315,-0.0324856548477818,-0.2267485887618054,-0.0040657805032499,0.546666666666667,0.6,False,,-0.024240144448467837
rb_010,window_median,0.05,quarter_rank,12,5,residual_correlation,Ridge,30.0,0.9,0.002,,none,none,,,pure_stagewise_score,50,prev_70_30,none,-0.0727466743197388,0.119592477710491,0.1268021731333758,1.2728935909977197,0.9269174655019148,0.2253523160075257,2.319528579504971,0.1572650783585201,0.0648052421959379,-0.0104547147841468,0.9500000000000006,0.5,0.0063780288445862,0.0339105886467042,-0.0074956005880666,0.0005548403868745,0.0,0.5280000000000002,0.8,False,,0.12888970058533597
rb_010,window_median,0.05,quarter_rank,12,5,residual_correlation,Ridge,30.0,0.9,0.002,,none,none,,,pure_stagewise_score,20,trailing2_60_40,none,-0.0727466743197388,0.119592477710491,0.1268021731333758,1.2728935909977197,0.9269174655019148,0.07554208079774,0.8091228228242927,-0.0041883421239117,-0.4627559721008786,-0.0333231850873457,0.9000000000000005,0.25,0.0190664339553645,0.1002360327516853,0.0047921137040351,0.0842437799780167,-0.006518705929301,0.6500000000000001,0.6,False,,-0.12176206410539454
rb_010,window_median,0.05,quarter_rank,12,5,residual_correlation,Ridge,30.0,0.9,0.002,,none,none,,,pure_stagewise_score,20,trailing2_60_40,buffer,-0.0727466743197388,0.119592477710491,0.1268021731333758,1.2728935909977197,0.9269174655019148,0.07554208079774,0.8091228228242927,-0.0041883421239117,-0.4627559721008786,-0.0333231850873457,0.9000000000000005,0.25,-0.0096135393733161,-0.0539052402354679,-0.0231413777287949,-0.1192939221234476,-0.006518705929301,0.5700000000000002,0.6,False,,-0.12176206410539454
rb_010,window_median,0.05,quarter_rank,12,5,residual_correlation,Ridge,30.0,0.9,0.002,,none,none,,,pure_stagewise_score,30,trailing2_60_40,none,-0.0727466743197388,0.119592477710491,0.1268021731333758,1.2728935909977197,0.9269174655019148,0.1911719108929594,1.375492126102087,0.0963780771419361,-0.0160181259888429,-0.0266660311337914,0.9333333333333346,0.5,0.0093622828645762,0.0547070255406354,-0.0053694792332016,0.0024886557096144,-0.0011486940241067,0.5466666666666669,0.8,False,,0.053938539379903075
rb_010,window_median,0.05,quarter_rank,12,5,residual_correlation,Ridge,30.0,0.9,0.002,,none,none,,,pure_stagewise_score,30,trailing2_60_40,buffer,-0.0727466743197388,0.119592477710491,0.1268021731333758,1.2728935909977197,0.9269174655019148,0.1981337948357406,1.441480857405643,0.1031634764524907,0.0040550446158256,-0.0266660311337915,0.8916666666666678,0.5,-0.0049332639905678,-0.0273864044540389,-0.0193111417546021,-0.0975149005603233,-0.0055040815235508,0.4933333333333333,0.4,False,,0.09293992942567844
rb_010,window_median,0.05,quarter_rank,12,5,residual_correlation,Ridge,30.0,0.9,0.002,,none,none,,,pure_stagewise_score,50,trailing2_60_40,none,-0.0727466743197388,0.119592477710491,0.1268021731333758,1.2728935909977197,0.9269174655019148,0.1465802132321654,1.283020034304445,0.0582434255182252,-0.1767748635263942,-0.0237650983989811,0.8450000000000004,0.5,-0.0009502202969327,-0.0054200411108431,-0.0149056574059701,-0.0711040601645521,-0.0036061438377645,0.4320000000000002,0.6,False,,0.044264158199681616
rb_011,window_median,0.05,quarter_rank,12,5,residual_correlation,OLS,1.0,0.9,0.005,,none,none,,,pure_stagewise_score,20,none,none,-0.1047018014708905,0.0221715644171857,0.0366470950302103,0.2061477880772572,0.1825704979679114,0.3252093820693265,1.8982335293699104,0.2231860953645459,0.2914515340515152,-0.0265931275252987,0.6250000000000002,0.75,0.0968151108542834,0.5490821999758583,0.0790899316503326,0.643303814818006,0.0,0.8600000000000003,0.8,False,,-0.5960233049150955
rb_011,window_median,0.05,quarter_rank,12,5,residual_correlation,OLS,1.0,0.9,0.005,,none,none,,,pure_stagewise_score,20,none,buffer,-0.1047018014708905,0.0221715644171857,0.0366470950302103,0.2061477880772572,0.1825704979679114,0.3536738275387698,2.2753220997694847,0.2209268895014864,0.4581833173467584,-0.0265931275252986,0.5625000000000002,0.75,0.0930758146380716,0.5292046840198106,0.0757390899508071,0.6031872646770596,0.0,0.8400000000000004,0.6,False,,-0.5186075952590724
rb_011,window_median,0.05,quarter_rank,12,5,residual_correlation,OLS,1.0,0.9,0.005,,none,none,,,pure_stagewise_score,30,none,none,-0.1047018014708905,0.0221715644171857,0.0366470950302103,0.2061477880772572,0.1825704979679114,0.149372028593578,0.8270151823631572,0.0391087974516865,-0.1184021290345307,-0.0805046457120398,0.6166666666666674,0.5,0.0659517486318439,0.3638267224344658,0.0509074148045834,0.3661572366541727,0.0,0.8466666666666676,0.6,False,,-0.891478064184951
rb_011,window_median,0.05,quarter_rank,12,5,residual_correlation,OLS,1.0,0.9,0.005,,none,none,,,pure_stagewise_score,30,none,buffer,-0.1047018014708905,0.0221715644171857,0.0366470950302103,0.2061477880772572,0.1825704979679114,0.1867870914198903,0.982509221759059,0.0533317168474589,-0.0075359694791378,-0.0805046457120397,0.5666666666666673,0.5,0.0655788288765397,0.3618932223412666,0.0504776234532703,0.367722754725046,0.0,0.8333333333333343,0.6,False,,-0.8196234708087098
rb_011,window_median,0.05,quarter_rank,12,5,residual_correlation,OLS,1.0,0.9,0.005,,none,none,,,pure_stagewise_score,50,none,none,-0.1047018014708905,0.0221715644171857,0.0366470950302103,0.2061477880772572,0.1825704979679114,0.0788569836372212,0.3937379317589198,-0.0203466501472391,-0.2735392907146849,-0.0906480209123542,0.6250000000000004,0.5,0.0720606714321629,0.4146316688733801,0.0569080813164714,0.4221699467656221,0.0,0.8360000000000005,0.8,False,,-0.9943437493235355
rb_011,window_median,0.05,quarter_rank,12,5,residual_correlation,OLS,1.0,0.9,0.005,,none,none,,,pure_stagewise_score,20,prev_70_30,none,-0.1047018014708905,0.0221715644171857,0.0366470950302103,0.2061477880772572,0.1825704979679114,0.1749289301397305,0.7098450357772135,-0.0089736314226675,-0.0093346553974605,-0.1357627387169331,0.7750000000000005,0.5,0.0696318540361524,0.4575166044342031,0.0569005168828867,0.3428312732089559,0.0,0.7300000000000003,0.6,False,,-1.0578926721421056
rb_011,window_median,0.05,quarter_rank,12,5,residual_correlation,OLS,1.0,0.9,0.005,,none,none,,,pure_stagewise_score,20,prev_70_30,buffer,-0.1047018014708905,0.0221715644171857,0.0366470950302103,0.2061477880772572,0.1825704979679114,0.1898136059156716,0.7587553460969941,-0.0013857838412559,0.0479149970953351,-0.1357627387169331,0.7250000000000003,0.5,0.0519280214638051,0.344378299518105,0.0395081236377211,0.2547244352152427,0.0,0.7000000000000004,0.6,False,,-1.0042017362972566
rb_011,window_median,0.05,quarter_rank,12,5,residual_correlation,OLS,1.0,0.9,0.005,,none,none,,,pure_stagewise_score,30,prev_70_30,none,-0.1047018014708905,0.0221715644171857,0.0366470950302103,0.2061477880772572,0.1825704979679114,0.1247893290668291,0.5055498325555124,-0.0404224744738635,-0.1617552052116554,-0.1339497461496085,0.7166666666666675,0.25,0.0385120335291777,0.2364090466278755,0.0265888360920613,0.1673379481925925,0.0,0.7600000000000008,0.4,False,,-1.0805296335398236
rb_011,window_median,0.05,quarter_rank,12,5,residual_correlation,OLS,1.0,0.9,0.005,,none,none,,,pure_stagewise_score,30,prev_70_30,buffer,-0.1047018014708905,0.0221715644171857,0.0366470950302103,0.2061477880772572,0.1825704979679114,0.1334574767637621,0.543281617440205,-0.031144961485448,-0.1352480115844591,-0.1339497461496085,0.6666666666666674,0.25,0.0399336982360321,0.2440195899215798,0.0280506680905141,0.1737972534958709,0.0,0.7333333333333341,0.4,False,,-1.0321289451812778
rb_011,window_median,0.05,quarter_rank,12,5,residual_correlation,OLS,1.0,0.9,0.005,,none,none,,,pure_stagewise_score,50,prev_70_30,none,-0.1047018014708905,0.0221715644171857,0.0366470950302103,0.2061477880772572,0.1825704979679114,0.0289761383530056,0.1297259287900175,-0.101730637088047,-0.4446397833674901,-0.129509666349167,0.6650000000000005,0.25,0.0403249646301251,0.2504373811084321,0.0276171421015542,0.1954176853334482,0.0,0.7400000000000005,0.6,False,,-1.1628206504804486
rb_011,window_median,0.05,quarter_rank,12,5,residual_correlation,OLS,1.0,0.9,0.005,,none,none,,,pure_stagewise_score,20,trailing2_60_40,none,-0.1047018014708905,0.0221715644171857,0.0366470950302103,0.2061477880772572,0.1825704979679114,0.2468548677659843,0.8595949059191539,0.0052061594793884,0.3117016826161927,-0.1477437112548822,0.9000000000000004,0.75,0.1068136528193983,0.6278659159514367,0.0924552433952836,0.4764642034971112,0.0,0.6200000000000002,0.6,False,,-1.0659469342612822
rb_011,window_median,0.05,quarter_rank,12,5,residual_correlation,OLS,1.0,0.9,0.005,,none,none,,,pure_stagewise_score,20,trailing2_60_40,buffer,-0.1047018014708905,0.0221715644171857,0.0366470950302103,0.2061477880772572,0.1825704979679114,0.2115723123061503,0.7733399159955584,-0.0097787281983036,0.1589839684969062,-0.1477437112548821,0.8625000000000004,0.5,0.106325331183199,0.7190813747196662,0.0908628075310294,0.5948873034451241,0.0,0.5700000000000002,0.6,False,,-1.0886620802773566
rb_011,window_median,0.05,quarter_rank,12,5,residual_correlation,OLS,1.0,0.9,0.005,,none,none,,,pure_stagewise_score,30,trailing2_60_40,none,-0.1047018014708905,0.0221715644171857,0.0366470950302103,0.2061477880772572,0.1825704979679114,0.1687568194556452,0.6518510726998051,-0.0336787601563735,-0.0245926776974761,-0.1425733190130997,0.8166666666666674,0.25,0.0836198380312931,0.5051108956470322,0.0692712332456637,0.4372525243525381,0.0,0.5666666666666671,0.6,False,,-1.1173156541633347
rb_011,window_median,0.05,quarter_rank,12,5,residual_correlation,OLS,1.0,0.9,0.005,,none,none,,,pure_stagewise_score,30,trailing2_60_40,buffer,-0.1047018014708905,0.0221715644171857,0.0366470950302103,0.2061477880772572,0.1825704979679114,0.1535407281717296,0.6095281833672921,-0.039221212065793,-0.0901791460314074,-0.1425733190130996,0.7916666666666674,0.25,0.0923959895791592,0.5670408744993377,0.0776313642246204,0.4862899601224858,0.0,0.5200000000000004,0.6,False,,-1.120220078657515
rb_011,window_median,0.05,quarter_rank,12,5,residual_correlation,OLS,1.0,0.9,0.005,,none,none,,,pure_stagewise_score,50,trailing2_60_40,none,-0.1047018014708905,0.0221715644171857,0.0366470950302103,0.2061477880772572,0.1825704979679114,0.1802517669431795,0.7803264603496292,0.0040953124366196,-0.0041468981436957,-0.115493667606783,0.7750000000000006,0.25,0.0558391602500942,0.3387049623878357,0.0424476115612512,0.293646095301419,0.0,0.5480000000000004,0.6,False,,-1.0303093745280087
rb_012,window_median,0.05,quarter_rank,12,5,residual_correlation,Ridge,1.0,0.9,0.005,,none,none,,,pure_stagewise_score,20,none,none,-0.1047012755351209,0.0221715644171857,0.0366475737749182,0.2061477880772572,0.1825725756521928,0.3252093820693265,1.8982335293699104,0.2231860953645459,0.2914515340515152,-0.0265931275252987,0.6250000000000002,0.75,0.0968151108542834,0.5490821999758583,0.0790899316503326,0.643303814818006,0.0,0.8600000000000003,0.8,False,,-0.5960233049150955
rb_012,window_median,0.05,quarter_rank,12,5,residual_correlation,Ridge,1.0,0.9,0.005,,none,none,,,pure_stagewise_score,20,none,buffer,-0.1047012755351209,0.0221715644171857,0.0366475737749182,0.2061477880772572,0.1825725756521928,0.3536738275387698,2.2753220997694847,0.2209268895014864,0.4581833173467584,-0.0265931275252986,0.5625000000000002,0.75,0.0930758146380716,0.5292046840198106,0.0757390899508071,0.6031872646770596,0.0,0.8400000000000004,0.6,False,,-0.5186075952590724
rb_012,window_median,0.05,quarter_rank,12,5,residual_correlation,Ridge,1.0,0.9,0.005,,none,none,,,pure_stagewise_score,30,none,none,-0.1047012755351209,0.0221715644171857,0.0366475737749182,0.2061477880772572,0.1825725756521928,0.149372028593578,0.8270151823631572,0.0391087974516865,-0.1184021290345307,-0.0805046457120398,0.6166666666666674,0.5,0.0659517486318439,0.3638267224344658,0.0509074148045834,0.3661572366541727,0.0,0.8466666666666676,0.6,False,,-0.891478064184951
rb_012,window_median,0.05,quarter_rank,12,5,residual_correlation,Ridge,1.0,0.9,0.005,,none,none,,,pure_stagewise_score,30,none,buffer,-0.1047012755351209,0.0221715644171857,0.0366475737749182,0.2061477880772572,0.1825725756521928,0.1867870914198903,0.982509221759059,0.0533317168474589,-0.0075359694791378,-0.0805046457120397,0.5666666666666673,0.5,0.0655788288765397,0.3618932223412666,0.0504776234532703,0.367722754725046,0.0,0.8333333333333343,0.6,False,,-0.8196234708087098
rb_012,window_median,0.05,quarter_rank,12,5,residual_correlation,Ridge,1.0,0.9,0.005,,none,none,,,pure_stagewise_score,50,none,none,-0.1047012755351209,0.0221715644171857,0.0366475737749182,0.2061477880772572,0.1825725756521928,0.0788569836372212,0.3937379317589198,-0.0203466501472391,-0.2735392907146849,-0.0906480209123542,0.6250000000000004,0.5,0.0720606714321629,0.4146316688733801,0.0569080813164714,0.4221699467656221,0.0,0.8360000000000005,0.8,False,,-0.9943437493235355
rb_012,window_median,0.05,quarter_rank,12,5,residual_correlation,Ridge,1.0,0.9,0.005,,none,none,,,pure_stagewise_score,20,prev_70_30,none,-0.1047012755351209,0.0221715644171857,0.0366475737749182,0.2061477880772572,0.1825725756521928,0.1749289301397305,0.7098450357772135,-0.0089736314226675,-0.0093346553974605,-0.1357627387169331,0.7750000000000005,0.5,0.0696318540361524,0.4575166044342031,0.0569005168828867,0.3428312732089559,0.0,0.7300000000000003,0.6,False,,-1.0578926721421056
rb_012,window_median,0.05,quarter_rank,12,5,residual_correlation,Ridge,1.0,0.9,0.005,,none,none,,,pure_stagewise_score,20,prev_70_30,buffer,-0.1047012755351209,0.0221715644171857,0.0366475737749182,0.2061477880772572,0.1825725756521928,0.1898136059156716,0.7587553460969941,-0.0013857838412559,0.0479149970953351,-0.1357627387169331,0.7250000000000003,0.5,0.0519280214638051,0.344378299518105,0.0395081236377211,0.2547244352152427,0.0,0.7000000000000004,0.6,False,,-1.0042017362972566
rb_012,window_median,0.05,quarter_rank,12,5,residual_correlation,Ridge,1.0,0.9,0.005,,none,none,,,pure_stagewise_score,30,prev_70_30,none,-0.1047012755351209,0.0221715644171857,0.0366475737749182,0.2061477880772572,0.1825725756521928,0.1247893290668291,0.5055498325555124,-0.0404224744738635,-0.1617552052116554,-0.1339497461496085,0.7166666666666675,0.25,0.0385120335291777,0.2364090466278755,0.0265888360920613,0.1673379481925925,0.0,0.7600000000000008,0.4,False,,-1.0805296335398236
rb_012,window_median,0.05,quarter_rank,12,5,residual_correlation,Ridge,1.0,0.9,0.005,,none,none,,,pure_stagewise_score,30,prev_70_30,buffer,-0.1047012755351209,0.0221715644171857,0.0366475737749182,0.2061477880772572,0.1825725756521928,0.1334574767637621,0.543281617440205,-0.031144961485448,-0.1352480115844591,-0.1339497461496085,0.6666666666666674,0.25,0.0399336982360321,0.2440195899215798,0.0280506680905141,0.1737972534958709,0.0,0.7333333333333341,0.4,False,,-1.0321289451812778
rb_012,window_median,0.05,quarter_rank,12,5,residual_correlation,Ridge,1.0,0.9,0.005,,none,none,,,pure_stagewise_score,50,prev_70_30,none,-0.1047012755351209,0.0221715644171857,0.0366475737749182,0.2061477880772572,0.1825725756521928,0.0289761383530056,0.1297259287900175,-0.101730637088047,-0.4446397833674901,-0.129509666349167,0.6650000000000005,0.25,0.0403249646301251,0.2504373811084321,0.0276171421015542,0.1954176853334482,0.0,0.7400000000000005,0.6,False,,-1.1628206504804486
rb_012,window_median,0.05,quarter_rank,12,5,residual_correlation,Ridge,1.0,0.9,0.005,,none,none,,,pure_stagewise_score,20,trailing2_60_40,none,-0.1047012755351209,0.0221715644171857,0.0366475737749182,0.2061477880772572,0.1825725756521928,0.2468548677659843,0.8595949059191539,0.0052061594793884,0.3117016826161927,-0.1477437112548822,0.9000000000000004,0.75,0.1068136528193983,0.6278659159514367,0.0924552433952836,0.4764642034971112,0.0,0.6200000000000002,0.6,False,,-1.0659469342612822
rb_012,window_median,0.05,quarter_rank,12,5,residual_correlation,Ridge,1.0,0.9,0.005,,none,none,,,pure_stagewise_score,20,trailing2_60_40,buffer,-0.1047012755351209,0.0221715644171857,0.0366475737749182,0.2061477880772572,0.1825725756521928,0.2115723123061503,0.7733399159955584,-0.0097787281983036,0.1589839684969062,-0.1477437112548821,0.8625000000000004,0.5,0.106325331183199,0.7190813747196662,0.0908628075310294,0.5948873034451241,0.0,0.5700000000000002,0.6,False,,-1.0886620802773566
rb_012,window_median,0.05,quarter_rank,12,5,residual_correlation,Ridge,1.0,0.9,0.005,,none,none,,,pure_stagewise_score,30,trailing2_60_40,none,-0.1047012755351209,0.0221715644171857,0.0366475737749182,0.2061477880772572,0.1825725756521928,0.1687568194556452,0.6518510726998051,-0.0336787601563735,-0.0245926776974761,-0.1425733190130997,0.8166666666666674,0.25,0.0836198380312931,0.5051108956470322,0.0692712332456637,0.4372525243525381,0.0,0.5666666666666671,0.6,False,,-1.1173156541633347
rb_012,window_median,0.05,quarter_rank,12,5,residual_correlation,Ridge,1.0,0.9,0.005,,none,none,,,pure_stagewise_score,30,trailing2_60_40,buffer,-0.1047012755351209,0.0221715644171857,0.0366475737749182,0.2061477880772572,0.1825725756521928,0.1535407281717296,0.6095281833672921,-0.039221212065793,-0.0901791460314074,-0.1425733190130996,0.7916666666666674,0.25,0.0923959895791592,0.5670408744993377,0.0776313642246204,0.4862899601224858,0.0,0.5200000000000004,0.6,False,,-1.120220078657515
rb_012,window_median,0.05,quarter_rank,12,5,residual_correlation,Ridge,1.0,0.9,0.005,,none,none,,,pure_stagewise_score,50,trailing2_60_40,none,-0.1047012755351209,0.0221715644171857,0.0366475737749182,0.2061477880772572,0.1825725756521928,0.1802517669431795,0.7803264603496292,0.0040953124366196,-0.0041468981436957,-0.115493667606783,0.7750000000000006,0.25,0.0558391602500942,0.3387049623878357,0.0424476115612512,0.293646095301419,0.0,0.5480000000000004,0.6,False,,-1.0303093745280087
rb_013,window_median,0.05,quarter_rank,12,5,residual_correlation,Ridge,3.0,0.9,0.005,,none,none,,,pure_stagewise_score,20,none,none,-0.1047028127126421,0.0221715644171857,0.0366490125025147,0.2061477880772572,0.1825790049242814,0.3252093820693265,1.8982335293699104,0.2231860953645459,0.2914515340515152,-0.0265931275252987,0.6250000000000002,0.75,0.0968151108542834,0.5490821999758583,0.0790899316503326,0.643303814818006,0.0,0.8600000000000003,0.8,False,,-0.5960233049150955
rb_013,window_median,0.05,quarter_rank,12,5,residual_correlation,Ridge,3.0,0.9,0.005,,none,none,,,pure_stagewise_score,20,none,buffer,-0.1047028127126421,0.0221715644171857,0.0366490125025147,0.2061477880772572,0.1825790049242814,0.3536738275387698,2.2753220997694847,0.2209268895014864,0.4581833173467584,-0.0265931275252986,0.5625000000000002,0.75,0.0930758146380716,0.5292046840198106,0.0757390899508071,0.6031872646770596,0.0,0.8400000000000004,0.6,False,,-0.5186075952590724
rb_013,window_median,0.05,quarter_rank,12,5,residual_correlation,Ridge,3.0,0.9,0.005,,none,none,,,pure_stagewise_score,30,none,none,-0.1047028127126421,0.0221715644171857,0.0366490125025147,0.2061477880772572,0.1825790049242814,0.149372028593578,0.8270151823631572,0.0391087974516865,-0.1184021290345307,-0.0805046457120398,0.6166666666666674,0.5,0.0659517486318439,0.3638267224344658,0.0509074148045834,0.3661572366541727,0.0,0.8466666666666676,0.6,False,,-0.891478064184951
rb_013,window_median,0.05,quarter_rank,12,5,residual_correlation,Ridge,3.0,0.9,0.005,,none,none,,,pure_stagewise_score,30,none,buffer,-0.1047028127126421,0.0221715644171857,0.0366490125025147,0.2061477880772572,0.1825790049242814,0.1867870914198903,0.982509221759059,0.0533317168474589,-0.0075359694791378,-0.0805046457120397,0.5666666666666673,0.5,0.0655788288765397,0.3618932223412666,0.0504776234532703,0.367722754725046,0.0,0.8333333333333343,0.6,False,,-0.8196234708087098
rb_013,window_median,0.05,quarter_rank,12,5,residual_correlation,Ridge,3.0,0.9,0.005,,none,none,,,pure_stagewise_score,50,none,none,-0.1047028127126421,0.0221715644171857,0.0366490125025147,0.2061477880772572,0.1825790049242814,0.0788569836372212,0.3937379317589198,-0.0203466501472391,-0.2735392907146849,-0.0906480209123542,0.6250000000000004,0.5,0.0720606714321629,0.4146316688733801,0.0569080813164714,0.4221699467656221,0.0,0.8360000000000005,0.8,False,,-0.9943437493235355
rb_013,window_median,0.05,quarter_rank,12,5,residual_correlation,Ridge,3.0,0.9,0.005,,none,none,,,pure_stagewise_score,20,prev_70_30,none,-0.1047028127126421,0.0221715644171857,0.0366490125025147,0.2061477880772572,0.1825790049242814,0.1749289301397305,0.7098450357772135,-0.0089736314226675,-0.0093346553974605,-0.1357627387169331,0.7750000000000005,0.5,0.0696318540361524,0.4575166044342031,0.0569005168828867,0.3428312732089559,0.0,0.7300000000000003,0.6,False,,-1.0578926721421056
rb_013,window_median,0.05,quarter_rank,12,5,residual_correlation,Ridge,3.0,0.9,0.005,,none,none,,,pure_stagewise_score,20,prev_70_30,buffer,-0.1047028127126421,0.0221715644171857,0.0366490125025147,0.2061477880772572,0.1825790049242814,0.1898136059156716,0.7587553460969941,-0.0013857838412559,0.0479149970953351,-0.1357627387169331,0.7250000000000003,0.5,0.0519280214638051,0.344378299518105,0.0395081236377211,0.2547244352152427,0.0,0.7000000000000004,0.6,False,,-1.0042017362972566
rb_013,window_median,0.05,quarter_rank,12,5,residual_correlation,Ridge,3.0,0.9,0.005,,none,none,,,pure_stagewise_score,30,prev_70_30,none,-0.1047028127126421,0.0221715644171857,0.0366490125025147,0.2061477880772572,0.1825790049242814,0.1247893290668291,0.5055498325555124,-0.0404224744738635,-0.1617552052116554,-0.1339497461496085,0.7166666666666675,0.25,0.0385120335291777,0.2364090466278755,0.0265888360920613,0.1673379481925925,0.0,0.7600000000000008,0.4,False,,-1.0805296335398236
rb_013,window_median,0.05,quarter_rank,12,5,residual_correlation,Ridge,3.0,0.9,0.005,,none,none,,,pure_stagewise_score,30,prev_70_30,buffer,-0.1047028127126421,0.0221715644171857,0.0366490125025147,0.2061477880772572,0.1825790049242814,0.1334574767637621,0.543281617440205,-0.031144961485448,-0.1352480115844591,-0.1339497461496085,0.6666666666666674,0.25,0.0399336982360321,0.2440195899215798,0.0280506680905141,0.1737972534958709,0.0,0.7333333333333341,0.4,False,,-1.0321289451812778
rb_013,window_median,0.05,quarter_rank,12,5,residual_correlation,Ridge,3.0,0.9,0.005,,none,none,,,pure_stagewise_score,50,prev_70_30,none,-0.1047028127126421,0.0221715644171857,0.0366490125025147,0.2061477880772572,0.1825790049242814,0.0289761383530056,0.1297259287900175,-0.101730637088047,-0.4446397833674901,-0.129509666349167,0.6650000000000005,0.25,0.0403249646301251,0.2504373811084321,0.0276171421015542,0.1954176853334482,0.0,0.7400000000000005,0.6,False,,-1.1628206504804486
rb_013,window_median,0.05,quarter_rank,12,5,residual_correlation,Ridge,3.0,0.9,0.005,,none,none,,,pure_stagewise_score,20,trailing2_60_40,none,-0.1047028127126421,0.0221715644171857,0.0366490125025147,0.2061477880772572,0.1825790049242814,0.2468548677659843,0.8595949059191539,0.0052061594793884,0.3117016826161927,-0.1477437112548822,0.9000000000000004,0.75,0.1068136528193983,0.6278659159514367,0.0924552433952836,0.4764642034971112,0.0,0.6200000000000002,0.6,False,,-1.0659469342612822
rb_013,window_median,0.05,quarter_rank,12,5,residual_correlation,Ridge,3.0,0.9,0.005,,none,none,,,pure_stagewise_score,20,trailing2_60_40,buffer,-0.1047028127126421,0.0221715644171857,0.0366490125025147,0.2061477880772572,0.1825790049242814,0.2115723123061503,0.7733399159955584,-0.0097787281983036,0.1589839684969062,-0.1477437112548821,0.8625000000000004,0.5,0.106325331183199,0.7190813747196662,0.0908628075310294,0.5948873034451241,0.0,0.5700000000000002,0.6,False,,-1.0886620802773566
rb_013,window_median,0.05,quarter_rank,12,5,residual_correlation,Ridge,3.0,0.9,0.005,,none,none,,,pure_stagewise_score,30,trailing2_60_40,none,-0.1047028127126421,0.0221715644171857,0.0366490125025147,0.2061477880772572,0.1825790049242814,0.1687568194556452,0.6518510726998051,-0.0336787601563735,-0.0245926776974761,-0.1425733190130997,0.8166666666666674,0.25,0.0836198380312931,0.5051108956470322,0.0692712332456637,0.4372525243525381,0.0,0.5666666666666671,0.6,False,,-1.1173156541633347
rb_013,window_median,0.05,quarter_rank,12,5,residual_correlation,Ridge,3.0,0.9,0.005,,none,none,,,pure_stagewise_score,30,trailing2_60_40,buffer,-0.1047028127126421,0.0221715644171857,0.0366490125025147,0.2061477880772572,0.1825790049242814,0.1535407281717296,0.6095281833672921,-0.039221212065793,-0.0901791460314074,-0.1425733190130996,0.7916666666666674,0.25,0.0923959895791592,0.5670408744993377,0.0776313642246204,0.4862899601224858,0.0,0.5200000000000004,0.6,False,,-1.120220078657515
rb_013,window_median,0.05,quarter_rank,12,5,residual_correlation,Ridge,3.0,0.9,0.005,,none,none,,,pure_stagewise_score,50,trailing2_60_40,none,-0.1047028127126421,0.0221715644171857,0.0366490125025147,0.2061477880772572,0.1825790049242814,0.1802517669431795,0.7803264603496292,0.0040953124366196,-0.0041468981436957,-0.115493667606783,0.7750000000000006,0.25,0.0558391602500942,0.3387049623878357,0.0424476115612512,0.293646095301419,0.0,0.5480000000000004,0.6,False,,-1.0303093745280087
rb_014,window_median,0.05,quarter_rank,12,5,residual_correlation,Ridge,10.0,0.9,0.005,,none,none,,,pure_stagewise_score,20,none,none,-0.1047038375739899,0.0221715644171857,0.0366470160705663,0.2061477880772572,0.1825699224674864,0.3252093820693265,1.8982335293699104,0.2231860953645459,0.2914515340515152,-0.0265931275252987,0.6250000000000002,0.75,0.0968151108542834,0.5490821999758583,0.0790899316503326,0.643303814818006,0.0,0.8600000000000003,0.8,False,,-0.5960233049150955
rb_014,window_median,0.05,quarter_rank,12,5,residual_correlation,Ridge,10.0,0.9,0.005,,none,none,,,pure_stagewise_score,20,none,buffer,-0.1047038375739899,0.0221715644171857,0.0366470160705663,0.2061477880772572,0.1825699224674864,0.3536738275387698,2.2753220997694847,0.2209268895014864,0.4581833173467584,-0.0265931275252986,0.5625000000000002,0.75,0.0930758146380716,0.5292046840198106,0.0757390899508071,0.6031872646770596,0.0,0.8400000000000004,0.6,False,,-0.5186075952590724
rb_014,window_median,0.05,quarter_rank,12,5,residual_correlation,Ridge,10.0,0.9,0.005,,none,none,,,pure_stagewise_score,30,none,none,-0.1047038375739899,0.0221715644171857,0.0366470160705663,0.2061477880772572,0.1825699224674864,0.149372028593578,0.8270151823631572,0.0391087974516865,-0.1184021290345307,-0.0805046457120398,0.6166666666666674,0.5,0.0659517486318439,0.3638267224344658,0.0509074148045834,0.3661572366541727,0.0,0.8466666666666676,0.6,False,,-0.891478064184951
rb_014,window_median,0.05,quarter_rank,12,5,residual_correlation,Ridge,10.0,0.9,0.005,,none,none,,,pure_stagewise_score,30,none,buffer,-0.1047038375739899,0.0221715644171857,0.0366470160705663,0.2061477880772572,0.1825699224674864,0.1867870914198903,0.982509221759059,0.0533317168474589,-0.0075359694791378,-0.0805046457120397,0.5666666666666673,0.5,0.0655788288765397,0.3618932223412666,0.0504776234532703,0.367722754725046,0.0,0.8333333333333343,0.6,False,,-0.8196234708087098
rb_014,window_median,0.05,quarter_rank,12,5,residual_correlation,Ridge,10.0,0.9,0.005,,none,none,,,pure_stagewise_score,50,none,none,-0.1047038375739899,0.0221715644171857,0.0366470160705663,0.2061477880772572,0.1825699224674864,0.0788569836372212,0.3937379317589198,-0.0203466501472391,-0.2735392907146849,-0.0906480209123542,0.6250000000000004,0.5,0.0720606714321629,0.4146316688733801,0.0569080813164714,0.4221699467656221,0.0,0.8360000000000005,0.8,False,,-0.9943437493235355
rb_014,window_median,0.05,quarter_rank,12,5,residual_correlation,Ridge,10.0,0.9,0.005,,none,none,,,pure_stagewise_score,20,prev_70_30,none,-0.1047038375739899,0.0221715644171857,0.0366470160705663,0.2061477880772572,0.1825699224674864,0.1749289301397305,0.7098450357772135,-0.0089736314226675,-0.0093346553974605,-0.1357627387169331,0.7750000000000005,0.5,0.0696318540361524,0.4575166044342031,0.0569005168828867,0.3428312732089559,0.0,0.7300000000000003,0.6,False,,-1.0578926721421056
rb_014,window_median,0.05,quarter_rank,12,5,residual_correlation,Ridge,10.0,0.9,0.005,,none,none,,,pure_stagewise_score,20,prev_70_30,buffer,-0.1047038375739899,0.0221715644171857,0.0366470160705663,0.2061477880772572,0.1825699224674864,0.1898136059156716,0.7587553460969941,-0.0013857838412559,0.0479149970953351,-0.1357627387169331,0.7250000000000003,0.5,0.0519280214638051,0.344378299518105,0.0395081236377211,0.2547244352152427,0.0,0.7000000000000004,0.6,False,,-1.0042017362972566
rb_014,window_median,0.05,quarter_rank,12,5,residual_correlation,Ridge,10.0,0.9,0.005,,none,none,,,pure_stagewise_score,30,prev_70_30,none,-0.1047038375739899,0.0221715644171857,0.0366470160705663,0.2061477880772572,0.1825699224674864,0.1247893290668291,0.5055498325555124,-0.0404224744738635,-0.1617552052116554,-0.1339497461496085,0.7166666666666675,0.25,0.0385120335291777,0.2364090466278755,0.0265888360920613,0.1673379481925925,0.0,0.7600000000000008,0.4,False,,-1.0805296335398236
rb_014,window_median,0.05,quarter_rank,12,5,residual_correlation,Ridge,10.0,0.9,0.005,,none,none,,,pure_stagewise_score,30,prev_70_30,buffer,-0.1047038375739899,0.0221715644171857,0.0366470160705663,0.2061477880772572,0.1825699224674864,0.1334574767637621,0.543281617440205,-0.031144961485448,-0.1352480115844591,-0.1339497461496085,0.6666666666666674,0.25,0.0399336982360321,0.2440195899215798,0.0280506680905141,0.1737972534958709,0.0,0.7333333333333341,0.4,False,,-1.0321289451812778
rb_014,window_median,0.05,quarter_rank,12,5,residual_correlation,Ridge,10.0,0.9,0.005,,none,none,,,pure_stagewise_score,50,prev_70_30,none,-0.1047038375739899,0.0221715644171857,0.0366470160705663,0.2061477880772572,0.1825699224674864,0.0289761383530056,0.1297259287900175,-0.101730637088047,-0.4446397833674901,-0.129509666349167,0.6650000000000005,0.25,0.0403249646301251,0.2504373811084321,0.0276171421015542,0.1954176853334482,0.0,0.7400000000000005,0.6,False,,-1.1628206504804486
rb_014,window_median,0.05,quarter_rank,12,5,residual_correlation,Ridge,10.0,0.9,0.005,,none,none,,,pure_stagewise_score,20,trailing2_60_40,none,-0.1047038375739899,0.0221715644171857,0.0366470160705663,0.2061477880772572,0.1825699224674864,0.2468548677659843,0.8595949059191539,0.0052061594793884,0.3117016826161927,-0.1477437112548822,0.9000000000000004,0.75,0.1068136528193983,0.6278659159514367,0.0924552433952836,0.4764642034971112,0.0,0.6200000000000002,0.6,False,,-1.0659469342612822
rb_014,window_median,0.05,quarter_rank,12,5,residual_correlation,Ridge,10.0,0.9,0.005,,none,none,,,pure_stagewise_score,20,trailing2_60_40,buffer,-0.1047038375739899,0.0221715644171857,0.0366470160705663,0.2061477880772572,0.1825699224674864,0.2115723123061503,0.7733399159955584,-0.0097787281983036,0.1589839684969062,-0.1477437112548821,0.8625000000000004,0.5,0.106325331183199,0.7190813747196662,0.0908628075310294,0.5948873034451241,0.0,0.5700000000000002,0.6,False,,-1.0886620802773566
rb_014,window_median,0.05,quarter_rank,12,5,residual_correlation,Ridge,10.0,0.9,0.005,,none,none,,,pure_stagewise_score,30,trailing2_60_40,none,-0.1047038375739899,0.0221715644171857,0.0366470160705663,0.2061477880772572,0.1825699224674864,0.1687568194556452,0.6518510726998051,-0.0336787601563735,-0.0245926776974761,-0.1425733190130997,0.8166666666666674,0.25,0.0836198380312931,0.5051108956470322,0.0692712332456637,0.4372525243525381,0.0,0.5666666666666671,0.6,False,,-1.1173156541633347
rb_014,window_median,0.05,quarter_rank,12,5,residual_correlation,Ridge,10.0,0.9,0.005,,none,none,,,pure_stagewise_score,30,trailing2_60_40,buffer,-0.1047038375739899,0.0221715644171857,0.0366470160705663,0.2061477880772572,0.1825699224674864,0.1535407281717296,0.6095281833672921,-0.039221212065793,-0.0901791460314074,-0.1425733190130996,0.7916666666666674,0.25,0.0923959895791592,0.5670408744993377,0.0776313642246204,0.4862899601224858,0.0,0.5200000000000004,0.6,False,,-1.120220078657515
rb_014,window_median,0.05,quarter_rank,12,5,residual_correlation,Ridge,10.0,0.9,0.005,,none,none,,,pure_stagewise_score,50,trailing2_60_40,none,-0.1047038375739899,0.0221715644171857,0.0366470160705663,0.2061477880772572,0.1825699224674864,0.1802517669431795,0.7803264603496292,0.0040953124366196,-0.0041468981436957,-0.115493667606783,0.7750000000000006,0.25,0.0558391602500942,0.3387049623878357,0.0424476115612512,0.293646095301419,0.0,0.5480000000000004,0.6,False,,-1.0303093745280087
rb_015,window_median,0.05,quarter_rank,12,5,residual_correlation,Ridge,30.0,0.9,0.005,,none,none,,,pure_stagewise_score,20,none,none,-0.1047102104612584,0.0221715644171857,0.0366474092064375,0.2061477880772572,0.1825720811748397,0.3252093820693265,1.8982335293699104,0.2231860953645459,0.2914515340515152,-0.0265931275252987,0.6250000000000002,0.75,0.0968151108542834,0.5490821999758583,0.0790899316503326,0.643303814818006,0.0,0.8600000000000003,0.8,False,,-0.5960233049150955
rb_015,window_median,0.05,quarter_rank,12,5,residual_correlation,Ridge,30.0,0.9,0.005,,none,none,,,pure_stagewise_score,20,none,buffer,-0.1047102104612584,0.0221715644171857,0.0366474092064375,0.2061477880772572,0.1825720811748397,0.3536738275387698,2.2753220997694847,0.2209268895014864,0.4581833173467584,-0.0265931275252986,0.5625000000000002,0.75,0.0930758146380716,0.5292046840198106,0.0757390899508071,0.6031872646770596,0.0,0.8400000000000004,0.6,False,,-0.5186075952590724
rb_015,window_median,0.05,quarter_rank,12,5,residual_correlation,Ridge,30.0,0.9,0.005,,none,none,,,pure_stagewise_score,30,none,none,-0.1047102104612584,0.0221715644171857,0.0366474092064375,0.2061477880772572,0.1825720811748397,0.149372028593578,0.8270151823631572,0.0391087974516865,-0.1184021290345307,-0.0805046457120398,0.6166666666666674,0.5,0.0659517486318439,0.3638267224344658,0.0509074148045834,0.3661572366541727,0.0,0.8466666666666676,0.6,False,,-0.891478064184951
rb_015,window_median,0.05,quarter_rank,12,5,residual_correlation,Ridge,30.0,0.9,0.005,,none,none,,,pure_stagewise_score,30,none,buffer,-0.1047102104612584,0.0221715644171857,0.0366474092064375,0.2061477880772572,0.1825720811748397,0.1867870914198903,0.982509221759059,0.0533317168474589,-0.0075359694791378,-0.0805046457120397,0.5666666666666673,0.5,0.0655788288765397,0.3618932223412666,0.0504776234532703,0.367722754725046,0.0,0.8333333333333343,0.6,False,,-0.8196234708087098
rb_015,window_median,0.05,quarter_rank,12,5,residual_correlation,Ridge,30.0,0.9,0.005,,none,none,,,pure_stagewise_score,50,none,none,-0.1047102104612584,0.0221715644171857,0.0366474092064375,0.2061477880772572,0.1825720811748397,0.0788569836372212,0.3937379317589198,-0.0203466501472391,-0.2735392907146849,-0.0906480209123542,0.6250000000000004,0.5,0.0720606714321629,0.4146316688733801,0.0569080813164714,0.4221699467656221,0.0,0.8360000000000005,0.8,False,,-0.9943437493235355
rb_015,window_median,0.05,quarter_rank,12,5,residual_correlation,Ridge,30.0,0.9,0.005,,none,none,,,pure_stagewise_score,20,prev_70_30,none,-0.1047102104612584,0.0221715644171857,0.0366474092064375,0.2061477880772572,0.1825720811748397,0.1749289301397305,0.7098450357772135,-0.0089736314226675,-0.0093346553974605,-0.1357627387169331,0.7750000000000005,0.5,0.0696318540361524,0.4575166044342031,0.0569005168828867,0.3428312732089559,0.0,0.7300000000000003,0.6,False,,-1.0578926721421056
rb_015,window_median,0.05,quarter_rank,12,5,residual_correlation,Ridge,30.0,0.9,0.005,,none,none,,,pure_stagewise_score,20,prev_70_30,buffer,-0.1047102104612584,0.0221715644171857,0.0366474092064375,0.2061477880772572,0.1825720811748397,0.1898136059156716,0.7587553460969941,-0.0013857838412559,0.0479149970953351,-0.1357627387169331,0.7250000000000003,0.5,0.0519280214638051,0.344378299518105,0.0395081236377211,0.2547244352152427,0.0,0.7000000000000004,0.6,False,,-1.0042017362972566
rb_015,window_median,0.05,quarter_rank,12,5,residual_correlation,Ridge,30.0,0.9,0.005,,none,none,,,pure_stagewise_score,30,prev_70_30,none,-0.1047102104612584,0.0221715644171857,0.0366474092064375,0.2061477880772572,0.1825720811748397,0.1247893290668291,0.5055498325555124,-0.0404224744738635,-0.1617552052116554,-0.1339497461496085,0.7166666666666675,0.25,0.0385120335291777,0.2364090466278755,0.0265888360920613,0.1673379481925925,0.0,0.7600000000000008,0.4,False,,-1.0805296335398236
rb_015,window_median,0.05,quarter_rank,12,5,residual_correlation,Ridge,30.0,0.9,0.005,,none,none,,,pure_stagewise_score,30,prev_70_30,buffer,-0.1047102104612584,0.0221715644171857,0.0366474092064375,0.2061477880772572,0.1825720811748397,0.1334574767637621,0.543281617440205,-0.031144961485448,-0.1352480115844591,-0.1339497461496085,0.6666666666666674,0.25,0.0399336982360321,0.2440195899215798,0.0280506680905141,0.1737972534958709,0.0,0.7333333333333341,0.4,False,,-1.0321289451812778
rb_015,window_median,0.05,quarter_rank,12,5,residual_correlation,Ridge,30.0,0.9,0.005,,none,none,,,pure_stagewise_score,50,prev_70_30,none,-0.1047102104612584,0.0221715644171857,0.0366474092064375,0.2061477880772572,0.1825720811748397,0.0289761383530056,0.1297259287900175,-0.101730637088047,-0.4446397833674901,-0.129509666349167,0.6650000000000005,0.25,0.0403249646301251,0.2504373811084321,0.0276171421015542,0.1954176853334482,0.0,0.7400000000000005,0.6,False,,-1.1628206504804486
rb_015,window_median,0.05,quarter_rank,12,5,residual_correlation,Ridge,30.0,0.9,0.005,,none,none,,,pure_stagewise_score,20,trailing2_60_40,none,-0.1047102104612584,0.0221715644171857,0.0366474092064375,0.2061477880772572,0.1825720811748397,0.2468548677659843,0.8595949059191539,0.0052061594793884,0.3117016826161927,-0.1477437112548822,0.9000000000000004,0.75,0.1068136528193983,0.6278659159514367,0.0924552433952836,0.4764642034971112,0.0,0.6200000000000002,0.6,False,,-1.0659469342612822
rb_015,window_median,0.05,quarter_rank,12,5,residual_correlation,Ridge,30.0,0.9,0.005,,none,none,,,pure_stagewise_score,20,trailing2_60_40,buffer,-0.1047102104612584,0.0221715644171857,0.0366474092064375,0.2061477880772572,0.1825720811748397,0.2115723123061503,0.7733399159955584,-0.0097787281983036,0.1589839684969062,-0.1477437112548821,0.8625000000000004,0.5,0.106325331183199,0.7190813747196662,0.0908628075310294,0.5948873034451241,0.0,0.5700000000000002,0.6,False,,-1.0886620802773566
rb_015,window_median,0.05,quarter_rank,12,5,residual_correlation,Ridge,30.0,0.9,0.005,,none,none,,,pure_stagewise_score,30,trailing2_60_40,none,-0.1047102104612584,0.0221715644171857,0.0366474092064375,0.2061477880772572,0.1825720811748397,0.1687568194556452,0.6518510726998051,-0.0336787601563735,-0.0245926776974761,-0.1425733190130997,0.8166666666666674,0.25,0.0836198380312931,0.5051108956470322,0.0692712332456637,0.4372525243525381,0.0,0.5666666666666671,0.6,False,,-1.1173156541633347
rb_015,window_median,0.05,quarter_rank,12,5,residual_correlation,Ridge,30.0,0.9,0.005,,none,none,,,pure_stagewise_score,30,trailing2_60_40,buffer,-0.1047102104612584,0.0221715644171857,0.0366474092064375,0.2061477880772572,0.1825720811748397,0.1535407281717296,0.6095281833672921,-0.039221212065793,-0.0901791460314074,-0.1425733190130996,0.7916666666666674,0.25,0.0923959895791592,0.5670408744993377,0.0776313642246204,0.4862899601224858,0.0,0.5200000000000004,0.6,False,,-1.120220078657515
rb_015,window_median,0.05,quarter_rank,12,5,residual_correlation,Ridge,30.0,0.9,0.005,,none,none,,,pure_stagewise_score,50,trailing2_60_40,none,-0.1047102104612584,0.0221715644171857,0.0366474092064375,0.2061477880772572,0.1825720811748397,0.1802517669431795,0.7803264603496292,0.0040953124366196,-0.0041468981436957,-0.115493667606783,0.7750000000000006,0.25,0.0558391602500942,0.3387049623878357,0.0424476115612512,0.293646095301419,0.0,0.5480000000000004,0.6,False,,-1.0303093745280087
rb_016,window_median,0.05,quarter_rank,12,6,residual_correlation,OLS,1.0,0.9,0.001,,none,none,,,pure_stagewise_score,20,none,none,-0.0724926329673625,0.1543525110306136,0.0717600765932016,0.8940378830176984,0.538336432069931,0.9421028955951232,4.47105004628782,0.5751265946441126,2.2196699896335867,0.0,0.9625000000000004,1.0,-0.01377193577296,-0.0691754847104967,-0.0265202804554084,-0.0974971907504854,0.0,0.6800000000000003,0.6,False,,0.9345447489795546
rb_016,window_median,0.05,quarter_rank,12,6,residual_correlation,OLS,1.0,0.9,0.001,,none,none,,,pure_stagewise_score,20,none,buffer,-0.0724926329673625,0.1543525110306136,0.0717600765932016,0.8940378830176984,0.538336432069931,0.9421028955951232,4.47105004628782,0.5751265946441126,2.2196699896335867,0.0,0.9625000000000004,1.0,-0.0203333760304827,-0.102576247305822,-0.0334911099604259,-0.1390634390974456,0.0,0.6200000000000002,0.6,False,,0.9345447489795546
rb_016,window_median,0.05,quarter_rank,12,6,residual_correlation,OLS,1.0,0.9,0.001,,none,none,,,pure_stagewise_score,30,none,none,-0.0724926329673625,0.1543525110306136,0.0717600765932016,0.8940378830176984,0.538336432069931,0.8467543022229151,5.92867690112137,0.5513120525716033,2.383038102265787,0.0,0.966666666666668,1.0,0.0298407406767435,0.1646569412512588,0.0155205240431757,0.1536970303064228,0.0,0.646666666666667,0.6,False,,0.9460014101754362
rb_016,window_median,0.05,quarter_rank,12,6,residual_correlation,OLS,1.0,0.9,0.001,,none,none,,,pure_stagewise_score,30,none,buffer,-0.0724926329673625,0.1543525110306136,0.0717600765932016,0.8940378830176984,0.538336432069931,0.8467543022229151,5.92867690112137,0.5513120525716033,2.383038102265787,0.0,0.966666666666668,1.0,0.0209694116284981,0.1196331977958656,0.0069238403417244,0.0931351136339297,0.0,0.6133333333333336,0.6,False,,0.9460014101754362
rb_016,window_median,0.05,quarter_rank,12,6,residual_correlation,OLS,1.0,0.9,0.001,,none,none,,,pure_stagewise_score,50,none,none,-0.0724926329673625,0.1543525110306136,0.0717600765932016,0.8940378830176984,0.538336432069931,0.6688519156299133,5.510302112776728,0.4405182249406479,2.048257624456252,0.0,0.9650000000000007,1.0,0.0292580099062995,0.1595758918003364,0.015203954263731,0.1386586681913724,0.0,0.6240000000000004,0.6,False,,0.7690183498711414
rb_016,window_median,0.05,quarter_rank,12,6,residual_correlation,OLS,1.0,0.9,0.001,,none,none,,,pure_stagewise_score,20,prev_70_30,none,-0.0724926329673625,0.1543525110306136,0.0717600765932016,0.8940378830176984,0.538336432069931,0.4013948156839588,4.845853570280767,0.3079847243236848,0.4857152854192962,0.0,0.9375000000000004,0.75,0.0144193638141156,0.0786639662233733,0.0024159300113356,0.0416858076741778,0.0,0.6700000000000003,0.4,False,,0.31501965313379166
rb_016,window_median,0.05,quarter_rank,12,6,residual_correlation,OLS,1.0,0.9,0.001,,none,none,,,pure_stagewise_score,20,prev_70_30,buffer,-0.0724926329673625,0.1543525110306136,0.0717600765932016,0.8940378830176984,0.538336432069931,0.4034378272723269,4.99705055745586,0.3113564338011658,0.4857583715043213,0.0,0.8875000000000004,0.75,0.0265299376374938,0.1397191389772015,0.0139578153808501,0.1115888117352048,0.0,0.6300000000000002,0.6,False,,0.35200127078794496
rb_016,window_median,0.05,quarter_rank,12,6,residual_correlation,OLS,1.0,0.9,0.001,,none,none,,,pure_stagewise_score,30,prev_70_30,none,-0.0724926329673625,0.1543525110306136,0.0717600765932016,0.8940378830176984,0.538336432069931,0.4341717633305679,4.584299387263467,0.2965827230160472,0.8030663799597562,0.0,0.8916666666666677,0.75,0.0171665281981927,0.0858914562589736,0.0041678500991472,0.0682818601410862,0.0,0.6600000000000004,0.6,False,,0.40627233397726714
rb_016,window_median,0.05,quarter_rank,12,6,residual_correlation,OLS,1.0,0.9,0.001,,none,none,,,pure_stagewise_score,30,prev_70_30,buffer,-0.0724926329673625,0.1543525110306136,0.0717600765932016,0.8940378830176984,0.538336432069931,0.4348759978678556,4.614543861113914,0.2975181176623189,0.8022573615664554,0.0,0.8833333333333344,0.75,0.0145281398784324,0.0730214020716775,0.0010497231626833,0.0566684820659218,0.0,0.6333333333333336,0.6,False,,0.41260195619475337
rb_016,window_median,0.05,quarter_rank,12,6,residual_correlation,OLS,1.0,0.9,0.001,,none,none,,,pure_stagewise_score,50,prev_70_30,none,-0.0724926329673625,0.1543525110306136,0.0717600765932016,0.8940378830176984,0.538336432069931,0.2712270969959571,3.416623239964514,0.1788253487338343,0.2259508453722918,0.0,0.8600000000000005,0.5,0.0172723041606339,0.0963089185862861,0.0033828309853991,0.0634119583623727,0.0,0.6040000000000003,0.6,False,,0.18896593676173204
rb_016,window_median,0.05,quarter_rank,12,6,residual_correlation,OLS,1.0,0.9,0.001,,none,none,,,pure_stagewise_score,20,trailing2_60_40,none,-0.0724926329673625,0.1543525110306136,0.0717600765932016,0.8940378830176984,0.538336432069931,0.3429886729569447,4.81775484288953,0.2557920056552739,0.3768450041525654,0.0,0.9500000000000004,0.5,0.1471908617416601,0.8167635277451244,0.1270938779670801,0.771689239504506,0.0,0.7100000000000002,0.8,False,,0.23356635495500755
rb_016,window_median,0.05,quarter_rank,12,6,residual_correlation,OLS,1.0,0.9,0.001,,none,none,,,pure_stagewise_score,20,trailing2_60_40,buffer,-0.0724926329673625,0.1543525110306136,0.0717600765932016,0.8940378830176984,0.538336432069931,0.3218162565551898,4.483216125301024,0.233190004149638,0.3394060893749551,0.0,0.9250000000000004,0.5,0.1047067329372446,0.5717191718714754,0.0883518635905997,0.5356342558107742,0.0,0.6300000000000002,0.8,False,,0.22103695496412648
rb_016,window_median,0.05,quarter_rank,12,6,residual_correlation,OLS,1.0,0.9,0.001,,none,none,,,pure_stagewise_score,30,trailing2_60_40,none,-0.0724926329673625,0.1543525110306136,0.0717600765932016,0.8940378830176984,0.538336432069931,0.3319840374567604,3.6834355533601553,0.2296218838893922,0.396534134881462,0.0,0.9250000000000012,0.75,0.1220735872653331,0.808015070523557,0.1033581273063505,0.955585995159716,0.0,0.6533333333333339,0.8,False,,0.23046827228422487
rb_016,window_median,0.05,quarter_rank,12,6,residual_correlation,OLS,1.0,0.9,0.001,,none,none,,,pure_stagewise_score,30,trailing2_60_40,buffer,-0.0724926329673625,0.1543525110306136,0.0717600765932016,0.8940378830176984,0.538336432069931,0.3274810675044706,3.5061188107577514,0.2233006507490776,0.3913391851655264,0.0,0.916666666666668,0.75,0.1147193651049245,0.7691382878288265,0.0969003310321235,0.8517981542913404,0.0,0.6000000000000004,0.8,False,,0.22904997594031853
rb_016,window_median,0.05,quarter_rank,12,6,residual_correlation,OLS,1.0,0.9,0.001,,none,none,,,pure_stagewise_score,50,trailing2_60_40,none,-0.0724926329673625,0.1543525110306136,0.0717600765932016,0.8940378830176984,0.538336432069931,0.3381701368215926,2.882420008675202,0.2049616552222844,0.5645731406215171,-0.0046589805859477,0.9150000000000004,0.75,0.0808189796741534,0.5367737623918092,0.0655514994041819,0.5339649336445067,0.0,0.5640000000000004,0.6,False,,0.24849171415678933
rb_017,window_median,0.05,quarter_rank,12,6,residual_correlation,Ridge,1.0,0.9,0.001,,none,none,,,pure_stagewise_score,20,none,none,-0.0724951377425474,0.1543466420440826,0.0717592574912232,0.8940349561504126,0.5383205217017516,0.9421028955951232,4.47105004628782,0.5751265946441126,2.2196699896335867,0.0,0.9625000000000004,1.0,-0.01377193577296,-0.0691754847104967,-0.0265202804554084,-0.0974971907504854,0.0,0.6800000000000003,0.6,False,,0.9345170796842608
rb_017,window_median,0.05,quarter_rank,12,6,residual_correlation,Ridge,1.0,0.9,0.001,,none,none,,,pure_stagewise_score,20,none,buffer,-0.0724951377425474,0.1543466420440826,0.0717592574912232,0.8940349561504126,0.5383205217017516,0.9421028955951232,4.47105004628782,0.5751265946441126,2.2196699896335867,0.0,0.9625000000000004,1.0,-0.0203333760304827,-0.102576247305822,-0.0334911099604259,-0.1390634390974456,0.0,0.6200000000000002,0.6,False,,0.9345170796842608
rb_017,window_median,0.05,quarter_rank,12,6,residual_correlation,Ridge,1.0,0.9,0.001,,none,none,,,pure_stagewise_score,30,none,none,-0.0724951377425474,0.1543466420440826,0.0717592574912232,0.8940349561504126,0.5383205217017516,0.8467543022229151,5.92867690112137,0.5513120525716033,2.383038102265787,0.0,0.966666666666668,1.0,0.0298407406767435,0.1646569412512588,0.0155205240431757,0.1536970303064228,0.0,0.646666666666667,0.6,False,,0.9459737408801423
rb_017,window_median,0.05,quarter_rank,12,6,residual_correlation,Ridge,1.0,0.9,0.001,,none,none,,,pure_stagewise_score,30,none,buffer,-0.0724951377425474,0.1543466420440826,0.0717592574912232,0.8940349561504126,0.5383205217017516,0.8467543022229151,5.92867690112137,0.5513120525716033,2.383038102265787,0.0,0.966666666666668,1.0,0.0209694116284981,0.1196331977958656,0.0069238403417244,0.0931351136339297,0.0,0.6133333333333336,0.6,False,,0.9459737408801423
rb_017,window_median,0.05,quarter_rank,12,6,residual_correlation,Ridge,1.0,0.9,0.001,,none,none,,,pure_stagewise_score,50,none,none,-0.0724951377425474,0.1543466420440826,0.0717592574912232,0.8940349561504126,0.5383205217017516,0.6688519156299133,5.510302112776728,0.4405182249406479,2.048257624456252,0.0,0.9650000000000007,1.0,0.0292580099062995,0.1595758918003364,0.015203954263731,0.1386586681913724,0.0,0.6240000000000004,0.6,False,,0.7689906805758475
rb_017,window_median,0.05,quarter_rank,12,6,residual_correlation,Ridge,1.0,0.9,0.001,,none,none,,,pure_stagewise_score,20,prev_70_30,none,-0.0724951377425474,0.1543466420440826,0.0717592574912232,0.8940349561504126,0.5383205217017516,0.4013948156839588,4.845853570280767,0.3079847243236848,0.4857152854192962,0.0,0.9375000000000004,0.75,0.0144193638141156,0.0786639662233733,0.0024159300113356,0.0416858076741778,0.0,0.6700000000000003,0.4,False,,0.3149919838384978
rb_017,window_median,0.05,quarter_rank,12,6,residual_correlation,Ridge,1.0,0.9,0.001,,none,none,,,pure_stagewise_score,20,prev_70_30,buffer,-0.0724951377425474,0.1543466420440826,0.0717592574912232,0.8940349561504126,0.5383205217017516,0.4034378272723269,4.99705055745586,0.3113564338011658,0.4857583715043213,0.0,0.8875000000000004,0.75,0.0265299376374938,0.1397191389772015,0.0139578153808501,0.1115888117352048,0.0,0.6300000000000002,0.6,False,,0.3519736014926511
rb_017,window_median,0.05,quarter_rank,12,6,residual_correlation,Ridge,1.0,0.9,0.001,,none,none,,,pure_stagewise_score,30,prev_70_30,none,-0.0724951377425474,0.1543466420440826,0.0717592574912232,0.8940349561504126,0.5383205217017516,0.4341717633305679,4.584299387263467,0.2965827230160472,0.8030663799597562,0.0,0.8916666666666677,0.75,0.0171665281981927,0.0858914562589736,0.0041678500991472,0.0682818601410862,0.0,0.6600000000000004,0.6,False,,0.4062446646819733
rb_017,window_median,0.05,quarter_rank,12,6,residual_correlation,Ridge,1.0,0.9,0.001,,none,none,,,pure_stagewise_score,30,prev_70_30,buffer,-0.0724951377425474,0.1543466420440826,0.0717592574912232,0.8940349561504126,0.5383205217017516,0.4348759978678556,4.614543861113914,0.2975181176623189,0.8022573615664554,0.0,0.8833333333333344,0.75,0.0145281398784324,0.0730214020716775,0.0010497231626833,0.0566684820659218,0.0,0.6333333333333336,0.6,False,,0.4125742868994595
rb_017,window_median,0.05,quarter_rank,12,6,residual_correlation,Ridge,1.0,0.9,0.001,,none,none,,,pure_stagewise_score,50,prev_70_30,none,-0.0724951377425474,0.1543466420440826,0.0717592574912232,0.8940349561504126,0.5383205217017516,0.2712270969959571,3.416623239964514,0.1788253487338343,0.2259508453722918,0.0,0.8600000000000005,0.5,0.0172723041606339,0.0963089185862861,0.0033828309853991,0.0634119583623727,0.0,0.6040000000000003,0.6,False,,0.1889382674664382
rb_017,window_median,0.05,quarter_rank,12,6,residual_correlation,Ridge,1.0,0.9,0.001,,none,none,,,pure_stagewise_score,20,trailing2_60_40,none,-0.0724951377425474,0.1543466420440826,0.0717592574912232,0.8940349561504126,0.5383205217017516,0.3429886729569447,4.81775484288953,0.2557920056552739,0.3768450041525654,0.0,0.9500000000000004,0.5,0.1471908617416601,0.8167635277451244,0.1270938779670801,0.771689239504506,0.0,0.7100000000000002,0.8,False,,0.2335386856597137
rb_017,window_median,0.05,quarter_rank,12,6,residual_correlation,Ridge,1.0,0.9,0.001,,none,none,,,pure_stagewise_score,20,trailing2_60_40,buffer,-0.0724951377425474,0.1543466420440826,0.0717592574912232,0.8940349561504126,0.5383205217017516,0.3218162565551898,4.483216125301024,0.233190004149638,0.3394060893749551,0.0,0.9250000000000004,0.5,0.1047067329372446,0.5717191718714754,0.0883518635905997,0.5356342558107742,0.0,0.6300000000000002,0.8,False,,0.22100928566883263
rb_017,window_median,0.05,quarter_rank,12,6,residual_correlation,Ridge,1.0,0.9,0.001,,none,none,,,pure_stagewise_score,30,trailing2_60_40,none,-0.0724951377425474,0.1543466420440826,0.0717592574912232,0.8940349561504126,0.5383205217017516,0.3319840374567604,3.6834355533601553,0.2296218838893922,0.396534134881462,0.0,0.9250000000000012,0.75,0.1220735872653331,0.808015070523557,0.1033581273063505,0.955585995159716,0.0,0.6533333333333339,0.8,False,,0.23044060298893101
rb_017,window_median,0.05,quarter_rank,12,6,residual_correlation,Ridge,1.0,0.9,0.001,,none,none,,,pure_stagewise_score,30,trailing2_60_40,buffer,-0.0724951377425474,0.1543466420440826,0.0717592574912232,0.8940349561504126,0.5383205217017516,0.3274810675044706,3.5061188107577514,0.2233006507490776,0.3913391851655264,0.0,0.916666666666668,0.75,0.1147193651049245,0.7691382878288265,0.0969003310321235,0.8517981542913404,0.0,0.6000000000000004,0.8,False,,0.22902230664502468
rb_017,window_median,0.05,quarter_rank,12,6,residual_correlation,Ridge,1.0,0.9,0.001,,none,none,,,pure_stagewise_score,50,trailing2_60_40,none,-0.0724951377425474,0.1543466420440826,0.0717592574912232,0.8940349561504126,0.5383205217017516,0.3381701368215926,2.882420008675202,0.2049616552222844,0.5645731406215171,-0.0046589805859477,0.9150000000000004,0.75,0.0808189796741534,0.5367737623918092,0.0655514994041819,0.5339649336445067,0.0,0.5640000000000004,0.6,False,,0.24846404486149548
rb_018,window_median,0.05,quarter_rank,12,6,residual_correlation,Ridge,3.0,0.9,0.001,,none,none,,,pure_stagewise_score,20,none,none,-0.0725035372491518,0.1543553468241593,0.0717572494237452,0.8940894236611044,0.5382541169726168,0.9421028955951232,4.47105004628782,0.5751265946441126,2.2196699896335867,0.0,0.9625000000000004,1.0,-0.01377193577296,-0.0691754847104967,-0.0265202804554084,-0.0974971907504854,0.0,0.6800000000000003,0.6,False,,0.9345869817727575
rb_018,window_median,0.05,quarter_rank,12,6,residual_correlation,Ridge,3.0,0.9,0.001,,none,none,,,pure_stagewise_score,20,none,buffer,-0.0725035372491518,0.1543553468241593,0.0717572494237452,0.8940894236611044,0.5382541169726168,0.9421028955951232,4.47105004628782,0.5751265946441126,2.2196699896335867,0.0,0.9625000000000004,1.0,-0.0203333760304827,-0.102576247305822,-0.0334911099604259,-0.1390634390974456,0.0,0.6200000000000002,0.6,False,,0.9345869817727575
rb_018,window_median,0.05,quarter_rank,12,6,residual_correlation,Ridge,3.0,0.9,0.001,,none,none,,,pure_stagewise_score,30,none,none,-0.0725035372491518,0.1543553468241593,0.0717572494237452,0.8940894236611044,0.5382541169726168,0.8467543022229151,5.92867690112137,0.5513120525716033,2.383038102265787,0.0,0.966666666666668,1.0,0.0298407406767435,0.1646569412512588,0.0155205240431757,0.1536970303064228,0.0,0.646666666666667,0.6,False,,0.9460436429686387
rb_018,window_median,0.05,quarter_rank,12,6,residual_correlation,Ridge,3.0,0.9,0.001,,none,none,,,pure_stagewise_score,30,none,buffer,-0.0725035372491518,0.1543553468241593,0.0717572494237452,0.8940894236611044,0.5382541169726168,0.8467543022229151,5.92867690112137,0.5513120525716033,2.383038102265787,0.0,0.966666666666668,1.0,0.0209694116284981,0.1196331977958656,0.0069238403417244,0.0931351136339297,0.0,0.6133333333333336,0.6,False,,0.9460436429686387
rb_018,window_median,0.05,quarter_rank,12,6,residual_correlation,Ridge,3.0,0.9,0.001,,none,none,,,pure_stagewise_score,50,none,none,-0.0725035372491518,0.1543553468241593,0.0717572494237452,0.8940894236611044,0.5382541169726168,0.6688519156299133,5.510302112776728,0.4405182249406479,2.048257624456252,0.0,0.9650000000000007,1.0,0.0292580099062995,0.1595758918003364,0.015203954263731,0.1386586681913724,0.0,0.6240000000000004,0.6,False,,0.7690605826643441
rb_018,window_median,0.05,quarter_rank,12,6,residual_correlation,Ridge,3.0,0.9,0.001,,none,none,,,pure_stagewise_score,20,prev_70_30,none,-0.0725035372491518,0.1543553468241593,0.0717572494237452,0.8940894236611044,0.5382541169726168,0.4013948156839588,4.845853570280767,0.3079847243236848,0.4857152854192962,0.0,0.9375000000000004,0.75,0.0144193638141156,0.0786639662233733,0.0024159300113356,0.0416858076741778,0.0,0.6700000000000003,0.4,False,,0.31506188592699436
rb_018,window_median,0.05,quarter_rank,12,6,residual_correlation,Ridge,3.0,0.9,0.001,,none,none,,,pure_stagewise_score,20,prev_70_30,buffer,-0.0725035372491518,0.1543553468241593,0.0717572494237452,0.8940894236611044,0.5382541169726168,0.4034378272723269,4.99705055745586,0.3113564338011658,0.4857583715043213,0.0,0.8875000000000004,0.75,0.0265299376374938,0.1397191389772015,0.0139578153808501,0.1115888117352048,0.0,0.6300000000000002,0.6,False,,0.35204350358114767
rb_018,window_median,0.05,quarter_rank,12,6,residual_correlation,Ridge,3.0,0.9,0.001,,none,none,,,pure_stagewise_score,30,prev_70_30,none,-0.0725035372491518,0.1543553468241593,0.0717572494237452,0.8940894236611044,0.5382541169726168,0.4341717633305679,4.584299387263467,0.2965827230160472,0.8030663799597562,0.0,0.8916666666666677,0.75,0.0171665281981927,0.0858914562589736,0.0041678500991472,0.0682818601410862,0.0,0.6600000000000004,0.6,False,,0.40631456677046984
rb_018,window_median,0.05,quarter_rank,12,6,residual_correlation,Ridge,3.0,0.9,0.001,,none,none,,,pure_stagewise_score,30,prev_70_30,buffer,-0.0725035372491518,0.1543553468241593,0.0717572494237452,0.8940894236611044,0.5382541169726168,0.4348759978678556,4.614543861113914,0.2975181176623189,0.8022573615664554,0.0,0.8833333333333344,0.75,0.0314390691217818,0.1558586391641329,0.0184204722292191,0.140874660369333,0.0,0.6400000000000003,0.6,False,,0.4126441889879561
rb_018,window_median,0.05,quarter_rank,12,6,residual_correlation,Ridge,3.0,0.9,0.001,,none,none,,,pure_stagewise_score,50,prev_70_30,none,-0.0725035372491518,0.1543553468241593,0.0717572494237452,0.8940894236611044,0.5382541169726168,0.2712270969959571,3.416623239964514,0.1788253487338343,0.2259508453722918,0.0,0.8600000000000005,0.5,0.0118422518610963,0.0643659781851924,-0.0018827576959393,0.0300985818986828,0.0,0.6040000000000003,0.6,False,,0.18900816955493474
rb_018,window_median,0.05,quarter_rank,12,6,residual_correlation,Ridge,3.0,0.9,0.001,,none,none,,,pure_stagewise_score,20,trailing2_60_40,none,-0.0725035372491518,0.1543553468241593,0.0717572494237452,0.8940894236611044,0.5382541169726168,0.3429886729569447,4.81775484288953,0.2557920056552739,0.3768450041525654,0.0,0.9500000000000004,0.5,0.1471908617416601,0.8167635277451244,0.1270938779670801,0.771689239504506,0.0,0.7100000000000002,0.8,False,,0.23360858774821025
rb_018,window_median,0.05,quarter_rank,12,6,residual_correlation,Ridge,3.0,0.9,0.001,,none,none,,,pure_stagewise_score,20,trailing2_60_40,buffer,-0.0725035372491518,0.1543553468241593,0.0717572494237452,0.8940894236611044,0.5382541169726168,0.3218162565551898,4.483216125301024,0.233190004149638,0.3394060893749551,0.0,0.9250000000000004,0.5,0.1047067329372446,0.5717191718714754,0.0883518635905997,0.5356342558107742,0.0,0.6300000000000002,0.8,False,,0.22107918775732918
rb_018,window_median,0.05,quarter_rank,12,6,residual_correlation,Ridge,3.0,0.9,0.001,,none,none,,,pure_stagewise_score,30,trailing2_60_40,none,-0.0725035372491518,0.1543553468241593,0.0717572494237452,0.8940894236611044,0.5382541169726168,0.3319840374567604,3.6834355533601553,0.2296218838893922,0.396534134881462,0.0,0.9250000000000012,0.75,0.1220735872653331,0.808015070523557,0.1033581273063505,0.955585995159716,0.0,0.6533333333333339,0.8,False,,0.23051050507742757
rb_018,window_median,0.05,quarter_rank,12,6,residual_correlation,Ridge,3.0,0.9,0.001,,none,none,,,pure_stagewise_score,30,trailing2_60_40,buffer,-0.0725035372491518,0.1543553468241593,0.0717572494237452,0.8940894236611044,0.5382541169726168,0.3274810675044706,3.5061188107577514,0.2233006507490776,0.3913391851655264,0.0,0.916666666666668,0.75,0.1147193651049245,0.7691382878288265,0.0969003310321235,0.8517981542913404,0.0,0.6000000000000004,0.8,False,,0.22909220873352124
rb_018,window_median,0.05,quarter_rank,12,6,residual_correlation,Ridge,3.0,0.9,0.001,,none,none,,,pure_stagewise_score,50,trailing2_60_40,none,-0.0725035372491518,0.1543553468241593,0.0717572494237452,0.8940894236611044,0.5382541169726168,0.3381701368215926,2.882420008675202,0.2049616552222844,0.5645731406215171,-0.0046589805859477,0.9150000000000004,0.75,0.0808189796741534,0.5367737623918092,0.0655514994041819,0.5339649336445067,0.0,0.5640000000000004,0.6,False,,0.24853394694999204
rb_019,window_median,0.05,quarter_rank,12,6,residual_correlation,Ridge,10.0,0.9,0.001,,none,none,,,pure_stagewise_score,20,none,none,-0.0725176495578603,0.1543468633381849,0.0717463571520783,0.8941302550108278,0.5381080037498028,0.9421028955951232,4.47105004628782,0.5751265946441126,2.2196699896335867,0.0,0.9625000000000004,1.0,-0.01377193577296,-0.0691754847104967,-0.0265202804554084,-0.0974971907504854,0.0,0.6800000000000003,0.6,False,,0.9345729337763136
rb_019,window_median,0.05,quarter_rank,12,6,residual_correlation,Ridge,10.0,0.9,0.001,,none,none,,,pure_stagewise_score,20,none,buffer,-0.0725176495578603,0.1543468633381849,0.0717463571520783,0.8941302550108278,0.5381080037498028,0.9421028955951232,4.47105004628782,0.5751265946441126,2.2196699896335867,0.0,0.9625000000000004,1.0,-0.0203333760304827,-0.102576247305822,-0.0334911099604259,-0.1390634390974456,0.0,0.6200000000000002,0.6,False,,0.9345729337763136
rb_019,window_median,0.05,quarter_rank,12,6,residual_correlation,Ridge,10.0,0.9,0.001,,none,none,,,pure_stagewise_score,30,none,none,-0.0725176495578603,0.1543468633381849,0.0717463571520783,0.8941302550108278,0.5381080037498028,0.8467543022229151,5.92867690112137,0.5513120525716033,2.383038102265787,0.0,0.966666666666668,1.0,0.0298407406767435,0.1646569412512588,0.0155205240431757,0.1536970303064228,0.0,0.646666666666667,0.6,False,,0.9460295949721951
rb_019,window_median,0.05,quarter_rank,12,6,residual_correlation,Ridge,10.0,0.9,0.001,,none,none,,,pure_stagewise_score,30,none,buffer,-0.0725176495578603,0.1543468633381849,0.0717463571520783,0.8941302550108278,0.5381080037498028,0.8467543022229151,5.92867690112137,0.5513120525716033,2.383038102265787,0.0,0.966666666666668,1.0,0.0209694116284981,0.1196331977958656,0.0069238403417244,0.0931351136339297,0.0,0.6133333333333336,0.6,False,,0.9460295949721951
rb_019,window_median,0.05,quarter_rank,12,6,residual_correlation,Ridge,10.0,0.9,0.001,,none,none,,,pure_stagewise_score,50,none,none,-0.0725176495578603,0.1543468633381849,0.0717463571520783,0.8941302550108278,0.5381080037498028,0.6688519156299133,5.510302112776728,0.4405182249406479,2.048257624456252,0.0,0.9650000000000007,1.0,0.0292580099062995,0.1595758918003364,0.015203954263731,0.1386586681913724,0.0,0.6240000000000004,0.6,False,,0.7690465346679003
rb_019,window_median,0.05,quarter_rank,12,6,residual_correlation,Ridge,10.0,0.9,0.001,,none,none,,,pure_stagewise_score,20,prev_70_30,none,-0.0725176495578603,0.1543468633381849,0.0717463571520783,0.8941302550108278,0.5381080037498028,0.4013948156839588,4.845853570280767,0.3079847243236848,0.4857152854192962,0.0,0.9375000000000004,0.75,0.0144193638141156,0.0786639662233733,0.0024159300113356,0.0416858076741778,0.0,0.6700000000000003,0.4,False,,0.3150478379305506
rb_019,window_median,0.05,quarter_rank,12,6,residual_correlation,Ridge,10.0,0.9,0.001,,none,none,,,pure_stagewise_score,20,prev_70_30,buffer,-0.0725176495578603,0.1543468633381849,0.0717463571520783,0.8941302550108278,0.5381080037498028,0.4034378272723269,4.99705055745586,0.3113564338011658,0.4857583715043213,0.0,0.8875000000000004,0.75,0.0265299376374938,0.1397191389772015,0.0139578153808501,0.1115888117352048,0.0,0.6300000000000002,0.6,False,,0.3520294555847039
rb_019,window_median,0.05,quarter_rank,12,6,residual_correlation,Ridge,10.0,0.9,0.001,,none,none,,,pure_stagewise_score,30,prev_70_30,none,-0.0725176495578603,0.1543468633381849,0.0717463571520783,0.8941302550108278,0.5381080037498028,0.4341717633305679,4.584299387263467,0.2965827230160472,0.8030663799597562,0.0,0.8916666666666677,0.75,0.0171665281981927,0.0858914562589736,0.0041678500991472,0.0682818601410862,0.0,0.6600000000000004,0.6,False,,0.40630051877402606
rb_019,window_median,0.05,quarter_rank,12,6,residual_correlation,Ridge,10.0,0.9,0.001,,none,none,,,pure_stagewise_score,30,prev_70_30,buffer,-0.0725176495578603,0.1543468633381849,0.0717463571520783,0.8941302550108278,0.5381080037498028,0.4348759978678556,4.614543861113914,0.2975181176623189,0.8022573615664554,0.0,0.8833333333333344,0.75,0.0314390691217818,0.1558586391641329,0.0184204722292191,0.140874660369333,0.0,0.6400000000000003,0.6,False,,0.4126301409915123
rb_019,window_median,0.05,quarter_rank,12,6,residual_correlation,Ridge,10.0,0.9,0.001,,none,none,,,pure_stagewise_score,50,prev_70_30,none,-0.0725176495578603,0.1543468633381849,0.0717463571520783,0.8941302550108278,0.5381080037498028,0.2712270969959571,3.416623239964514,0.1788253487338343,0.2259508453722918,0.0,0.8600000000000005,0.5,0.0172723041606339,0.0963089185862862,0.0033828309853991,0.0634119583623728,0.0,0.6040000000000003,0.6,False,,0.18899412155849096
rb_019,window_median,0.05,quarter_rank,12,6,residual_correlation,Ridge,10.0,0.9,0.001,,none,none,,,pure_stagewise_score,20,trailing2_60_40,none,-0.0725176495578603,0.1543468633381849,0.0717463571520783,0.8941302550108278,0.5381080037498028,0.3429886729569447,4.81775484288953,0.2557920056552739,0.3768450041525654,0.0,0.9500000000000004,0.5,0.1471908617416601,0.8167635277451244,0.1270938779670801,0.771689239504506,0.0,0.7100000000000002,0.8,False,,0.23359453975176647
rb_019,window_median,0.05,quarter_rank,12,6,residual_correlation,Ridge,10.0,0.9,0.001,,none,none,,,pure_stagewise_score,20,trailing2_60_40,buffer,-0.0725176495578603,0.1543468633381849,0.0717463571520783,0.8941302550108278,0.5381080037498028,0.3218162565551898,4.483216125301024,0.233190004149638,0.3394060893749551,0.0,0.9250000000000004,0.5,0.1047067329372446,0.5717191718714754,0.0883518635905997,0.5356342558107742,0.0,0.6300000000000002,0.8,False,,0.2210651397608854
rb_019,window_median,0.05,quarter_rank,12,6,residual_correlation,Ridge,10.0,0.9,0.001,,none,none,,,pure_stagewise_score,30,trailing2_60_40,none,-0.0725176495578603,0.1543468633381849,0.0717463571520783,0.8941302550108278,0.5381080037498028,0.3319840374567604,3.6834355533601553,0.2296218838893922,0.396534134881462,0.0,0.9250000000000012,0.75,0.1220735872653331,0.808015070523557,0.1033581273063505,0.955585995159716,0.0,0.6533333333333339,0.8,False,,0.2304964570809838
rb_019,window_median,0.05,quarter_rank,12,6,residual_correlation,Ridge,10.0,0.9,0.001,,none,none,,,pure_stagewise_score,30,trailing2_60_40,buffer,-0.0725176495578603,0.1543468633381849,0.0717463571520783,0.8941302550108278,0.5381080037498028,0.3274810675044706,3.5061188107577514,0.2233006507490776,0.3913391851655264,0.0,0.916666666666668,0.75,0.1147193651049245,0.7691382878288265,0.0969003310321235,0.8517981542913404,0.0,0.6000000000000004,0.8,False,,0.22907816073707746
rb_019,window_median,0.05,quarter_rank,12,6,residual_correlation,Ridge,10.0,0.9,0.001,,none,none,,,pure_stagewise_score,50,trailing2_60_40,none,-0.0725176495578603,0.1543468633381849,0.0717463571520783,0.8941302550108278,0.5381080037498028,0.3381701368215926,2.882420008675202,0.2049616552222844,0.5645731406215171,-0.0046589805859477,0.9150000000000004,0.75,0.0808189796741534,0.5367737623918092,0.0655514994041819,0.5339649336445067,0.0,0.5640000000000004,0.6,False,,0.24851989895354826
rb_020,window_median,0.05,quarter_rank,12,6,residual_correlation,Ridge,30.0,0.9,0.001,,none,none,,,pure_stagewise_score,20,none,none,-0.0725505916726679,0.1305540982566934,0.0717590010860025,0.6989781653221225,0.537922244547517,0.6385962080512944,4.245833538286543,0.4254345793391791,1.306870346293918,0.0,0.9750000000000004,1.0,-0.01377193577296,-0.0691754847104967,-0.0265202804554084,-0.0974971907504854,0.0,0.6800000000000003,0.6,False,,0.3649165591622564
rb_020,window_median,0.05,quarter_rank,12,6,residual_correlation,Ridge,30.0,0.9,0.001,,none,none,,,pure_stagewise_score,20,none,buffer,-0.0725505916726679,0.1305540982566934,0.0717590010860025,0.6989781653221225,0.537922244547517,0.6385962080512944,4.245833538286543,0.4254345793391791,1.306870346293918,0.0,0.9750000000000004,1.0,-0.0203333760304827,-0.102576247305822,-0.0334911099604259,-0.1390634390974456,0.0,0.6200000000000002,0.6,False,,0.3649165591622564
rb_020,window_median,0.05,quarter_rank,12,6,residual_correlation,Ridge,30.0,0.9,0.001,,none,none,,,pure_stagewise_score,30,none,none,-0.0725505916726679,0.1305540982566934,0.0717590010860025,0.6989781653221225,0.537922244547517,0.665926194583268,6.20651644438988,0.4618512525298101,1.4382738969032358,0.0,0.966666666666668,1.0,0.0298407406767435,0.1646569412512588,0.0155205240431758,0.1536970303064228,0.0,0.646666666666667,0.6,False,,0.4338691598637707
rb_020,window_median,0.05,quarter_rank,12,6,residual_correlation,Ridge,30.0,0.9,0.001,,none,none,,,pure_stagewise_score,30,none,buffer,-0.0725505916726679,0.1305540982566934,0.0717590010860025,0.6989781653221225,0.537922244547517,0.665926194583268,6.20651644438988,0.4618512525298101,1.4382738969032358,0.0,0.966666666666668,1.0,0.0209694116284981,0.1196331977958656,0.0069238403417244,0.0931351136339298,0.0,0.6133333333333336,0.6,False,,0.4338691598637707
rb_020,window_median,0.05,quarter_rank,12,6,residual_correlation,Ridge,30.0,0.9,0.001,,none,none,,,pure_stagewise_score,50,none,none,-0.0725505916726679,0.1305540982566934,0.0717590010860025,0.6989781653221225,0.537922244547517,0.6642930475009179,5.503556020342625,0.4381871179491237,2.00380610669074,0.0,0.9500000000000006,1.0,0.0292580099062995,0.1595758918003364,0.015203954263731,0.1386586681913724,0.0,0.6240000000000004,0.6,False,,0.5493826562890906
rb_020,window_median,0.05,quarter_rank,12,6,residual_correlation,Ridge,30.0,0.9,0.001,,none,none,,,pure_stagewise_score,20,prev_70_30,none,-0.0725505916726679,0.1305540982566934,0.0717590010860025,0.6989781653221225,0.537922244547517,0.4092043304654225,1.6616067144737392,0.2661696578558931,0.4082785339938614,0.0,0.9000000000000005,0.75,0.0144193638141156,0.0786639662233733,0.0024159300113356,0.0416858076741778,0.0,0.6700000000000003,0.4,False,,0.0664119268001178
rb_020,window_median,0.05,quarter_rank,12,6,residual_correlation,Ridge,30.0,0.9,0.001,,none,none,,,pure_stagewise_score,20,prev_70_30,buffer,-0.0725505916726679,0.1305540982566934,0.0717590010860025,0.6989781653221225,0.537922244547517,0.4123272736662811,1.6768783581007305,0.2700981866562648,0.4113786754728269,0.0,0.8750000000000004,0.75,0.0265299376374938,0.1397191389772015,0.0139578153808501,0.1115888117352048,0.0,0.6300000000000002,0.6,False,,0.08768209625344411
rb_020,window_median,0.05,quarter_rank,12,6,residual_correlation,Ridge,30.0,0.9,0.001,,none,none,,,pure_stagewise_score,30,prev_70_30,none,-0.0725505916726679,0.1305540982566934,0.0717590010860025,0.6989781653221225,0.537922244547517,0.3437346461341573,1.886661769655728,0.2350957826097545,0.324836001792763,0.0,0.8916666666666677,0.75,0.0171665281981927,0.0858914562589736,0.0041678500991472,0.0682818601410862,0.0,0.6533333333333338,0.6,False,,0.024430253940736155
rb_020,window_median,0.05,quarter_rank,12,6,residual_correlation,Ridge,30.0,0.9,0.001,,none,none,,,pure_stagewise_score,30,prev_70_30,buffer,-0.0725505916726679,0.1305540982566934,0.0717590010860025,0.6989781653221225,0.537922244547517,0.3740543566222936,1.9755963489694348,0.2488183508718782,0.4001080176548021,0.0,0.8583333333333343,0.75,0.0314390691217818,0.1558586391641329,0.0184204722292191,0.140874660369333,0.0,0.6333333333333336,0.6,False,,0.07659261969776002
rb_020,window_median,0.05,quarter_rank,12,6,residual_correlation,Ridge,30.0,0.9,0.001,,none,none,,,pure_stagewise_score,50,prev_70_30,none,-0.0725505916726679,0.1305540982566934,0.0717590010860025,0.6989781653221225,0.537922244547517,0.3051399292808401,2.5943592438915632,0.1836230724794262,0.3905328609148509,0.0,0.8400000000000005,0.5,0.0172723041606339,0.0963089185862861,0.0033828309853991,0.0634119583623727,0.0,0.6040000000000003,0.6,False,,0.02604898230868076
rb_020,window_median,0.05,quarter_rank,12,6,residual_correlation,Ridge,30.0,0.9,0.001,,none,none,,,pure_stagewise_score,20,trailing2_60_40,none,-0.0725505916726679,0.1305540982566934,0.0717590010860025,0.6989781653221225,0.537922244547517,0.325836033338539,3.562086457116991,0.2400827502451065,0.3234004379180037,0.0,0.9375000000000004,0.5,0.1471908617416601,0.8167635277451244,0.1270938779670801,0.771689239504506,0.0,0.7100000000000002,0.8,False,,-0.0022472080571535324
rb_020,window_median,0.05,quarter_rank,12,6,residual_correlation,Ridge,30.0,0.9,0.001,,none,none,,,pure_stagewise_score,20,trailing2_60_40,buffer,-0.0725505916726679,0.1305540982566934,0.0717590010860025,0.6989781653221225,0.537922244547517,0.313289514981143,3.6212458562310728,0.2295656231288479,0.2960709619653944,0.0,0.9250000000000004,0.5,0.1047067329372446,0.5717191718714754,0.0883518635905997,0.5356342558107742,0.0,0.6300000000000002,0.8,False,,-0.009703796990200589
rb_020,window_median,0.05,quarter_rank,12,6,residual_correlation,Ridge,30.0,0.9,0.001,,none,none,,,pure_stagewise_score,30,trailing2_60_40,none,-0.0725505916726679,0.1305540982566934,0.0717590010860025,0.6989781653221225,0.537922244547517,0.3816181821888198,2.716944989717996,0.2245850770183249,0.7987477245349476,0.0,0.9000000000000011,0.75,0.1220735872653331,0.808015070523557,0.1033581273063505,0.9555859951597162,0.0,0.6533333333333339,0.8,False,,0.11483541199413096
rb_020,window_median,0.05,quarter_rank,12,6,residual_correlation,Ridge,30.0,0.9,0.001,,none,none,,,pure_stagewise_score,30,trailing2_60_40,buffer,-0.0725505916726679,0.1305540982566934,0.0717590010860025,0.6989781653221225,0.537922244547517,0.3853943499076333,2.688705780368753,0.2220734459902015,0.907403248031391,-0.0006985374675737,0.8750000000000011,0.75,0.1147193651049245,0.7691382878288268,0.0969003310321235,0.8517981542913404,0.0,0.6000000000000004,0.8,False,,0.15318359952205002
rb_020,window_median,0.05,quarter_rank,12,6,residual_correlation,Ridge,30.0,0.9,0.001,,none,none,,,pure_stagewise_score,50,trailing2_60_40,none,-0.0725505916726679,0.1305540982566934,0.0717590010860025,0.6989781653221225,0.537922244547517,0.2894792545798559,2.501936319351796,0.161152268260571,0.4174799738645835,-0.0164500022270042,0.8700000000000006,0.5,0.0808189796741534,0.5367737623918092,0.0655514994041819,0.5339649336445067,0.0,0.5680000000000004,0.6,False,,-0.020740471728201648
rb_021,window_median,0.05,quarter_rank,12,6,residual_correlation,OLS,1.0,0.9,0.002,,none,none,,,pure_stagewise_score,20,none,none,-0.082680420661371,0.1195523443731538,0.1267515728887913,1.271531125042893,0.9272133559678878,0.490579777622413,1.8647388528708784,0.2764631041323919,0.6616378770381365,-0.0688705304156303,0.9500000000000004,0.75,0.0582902252476478,0.3217181285718862,0.0429803155197204,0.3557503608038725,0.0,0.6100000000000002,0.8,False,,0.3313794565250468
rb_021,window_median,0.05,quarter_rank,12,6,residual_correlation,OLS,1.0,0.9,0.002,,none,none,,,pure_stagewise_score,20,none,buffer,-0.082680420661371,0.1195523443731538,0.1267515728887913,1.271531125042893,0.9272133559678878,0.490579777622413,1.8647388528708784,0.2764631041323919,0.6616378770381365,-0.0688705304156303,0.9500000000000004,0.75,0.0268419097467234,0.1539380665400949,0.0122851797375105,0.1481942721939055,0.0,0.5500000000000002,0.6,False,,0.3313794565250468
rb_021,window_median,0.05,quarter_rank,12,6,residual_correlation,OLS,1.0,0.9,0.002,,none,none,,,pure_stagewise_score,30,none,none,-0.082680420661371,0.1195523443731538,0.1267515728887913,1.271531125042893,0.9272133559678878,0.4456051831897254,2.062164335016345,0.2640296566864974,0.6416667193346077,-0.0483623078649361,0.9583333333333346,0.75,0.0090568892132025,0.051240585313584,-0.0048548635771587,0.0074197512094432,0.0,0.606666666666667,0.6,False,,0.3240873369522859
rb_021,window_median,0.05,quarter_rank,12,6,residual_correlation,OLS,1.0,0.9,0.002,,none,none,,,pure_stagewise_score,30,none,buffer,-0.082680420661371,0.1195523443731538,0.1267515728887913,1.271531125042893,0.9272133559678878,0.4291669912592939,1.9761868913490683,0.2586609480564359,0.567938148386883,-0.0485519573343613,0.9250000000000012,0.75,-0.0102116267565454,-0.0589676861055433,-0.0241142105381157,-0.1480557227089808,-0.0024130610371468,0.5200000000000004,0.6,False,,0.3250311243215376
rb_021,window_median,0.05,quarter_rank,12,6,residual_correlation,OLS,1.0,0.9,0.002,,none,none,,,pure_stagewise_score,50,none,none,-0.082680420661371,0.1195523443731538,0.1267515728887913,1.271531125042893,0.9272133559678878,0.4711564902253979,2.4667362795967893,0.2850540355017961,0.8144085346349055,-0.0303650887015861,0.9300000000000006,0.75,0.028214879466486,0.1648686709349146,0.0143941295006325,0.142386707989905,0.0,0.5480000000000003,0.8,False,,0.41408654116797955
rb_021,window_median,0.05,quarter_rank,12,6,residual_correlation,OLS,1.0,0.9,0.002,,none,none,,,pure_stagewise_score,20,prev_70_30,none,-0.082680420661371,0.1195523443731538,0.1267515728887913,1.271531125042893,0.9272133559678878,0.0371716251754414,0.325104429566874,0.0482081271646926,-0.3077977837376531,0.0,0.9625000000000004,0.5,-0.0089342221039421,-0.0533592803898396,-0.0222238084225106,-0.139231700544498,0.0,0.6300000000000002,0.6,False,,-0.058125052973598074
rb_021,window_median,0.05,quarter_rank,12,6,residual_correlation,OLS,1.0,0.9,0.002,,none,none,,,pure_stagewise_score,20,prev_70_30,buffer,-0.082680420661371,0.1195523443731538,0.1267515728887913,1.271531125042893,0.9272133559678878,0.0547148670520556,0.4512476462676593,0.0554248560286116,-0.2786482767835179,0.0,0.9500000000000004,0.5,0.0060757712641683,0.0406239402186435,-0.0066487126669903,-0.0479194809593831,-9.717273064591136e-05,0.5800000000000003,0.6,False,,-0.03642670251408431
rb_021,window_median,0.05,quarter_rank,12,6,residual_correlation,OLS,1.0,0.9,0.002,,none,none,,,pure_stagewise_score,30,prev_70_30,none,-0.082680420661371,0.1195523443731538,0.1267515728887913,1.271531125042893,0.9272133559678878,0.0862031997167482,0.6365966078301132,0.0654242128171214,-0.2247227840706974,-0.0144470229046425,0.9500000000000012,0.5,-0.0287295824091773,-0.1698683693334481,-0.0431864103179293,-0.340052288793277,-0.0028011740030916,0.5800000000000003,0.4,False,,-0.025202354140830885
rb_021,window_median,0.05,quarter_rank,12,6,residual_correlation,OLS,1.0,0.9,0.002,,none,none,,,pure_stagewise_score,30,prev_70_30,buffer,-0.082680420661371,0.1195523443731538,0.1267515728887913,1.271531125042893,0.9272133559678878,0.0862031997167482,0.6365966078301132,0.0654242128171214,-0.2247227840706974,-0.0144470229046425,0.9500000000000012,0.5,-0.0181547450456757,-0.1048845776800315,-0.0324856548477818,-0.2267485887618054,-0.0040657805032499,0.546666666666667,0.6,False,,-0.025202354140830885
rb_021,window_median,0.05,quarter_rank,12,6,residual_correlation,OLS,1.0,0.9,0.002,,none,none,,,pure_stagewise_score,50,prev_70_30,none,-0.082680420661371,0.1195523443731538,0.1267515728887913,1.271531125042893,0.9272133559678878,0.2253523160075257,2.319528579504971,0.1572650783585201,0.0648052421959379,-0.0104547147841468,0.9500000000000006,0.5,0.0063780288445862,0.0339105886467042,-0.0074956005880666,0.0005548403868745,0.0,0.5280000000000002,0.8,False,,0.12792749089297292
rb_021,window_median,0.05,quarter_rank,12,6,residual_correlation,OLS,1.0,0.9,0.002,,none,none,,,pure_stagewise_score,20,trailing2_60_40,none,-0.082680420661371,0.1195523443731538,0.1267515728887913,1.271531125042893,0.9272133559678878,0.07554208079774,0.8091228228242927,-0.0041883421239117,-0.4627559721008786,-0.0333231850873457,0.9000000000000005,0.25,0.0190664339553645,0.1002360327516853,0.0047921137040351,0.0842437799780167,-0.006518705929301,0.6500000000000001,0.6,False,,-0.12272427379775759
rb_021,window_median,0.05,quarter_rank,12,6,residual_correlation,OLS,1.0,0.9,0.002,,none,none,,,pure_stagewise_score,20,trailing2_60_40,buffer,-0.082680420661371,0.1195523443731538,0.1267515728887913,1.271531125042893,0.9272133559678878,0.07554208079774,0.8091228228242927,-0.0041883421239117,-0.4627559721008786,-0.0333231850873457,0.9000000000000005,0.25,-0.0117084722656198,-0.0645737123222191,-0.0254913374115657,-0.131731334242977,-0.006518705929301,0.5600000000000002,0.6,False,,-0.12272427379775759
rb_021,window_median,0.05,quarter_rank,12,6,residual_correlation,OLS,1.0,0.9,0.002,,none,none,,,pure_stagewise_score,30,trailing2_60_40,none,-0.082680420661371,0.1195523443731538,0.1267515728887913,1.271531125042893,0.9272133559678878,0.1911719108929594,1.375492126102087,0.0963780771419361,-0.0160181259888429,-0.0266660311337914,0.9333333333333346,0.5,0.0093622828645762,0.0547070255406354,-0.0053694792332016,0.0024886557096144,-0.0011486940241067,0.5466666666666669,0.8,False,,0.05297632968754003
rb_021,window_median,0.05,quarter_rank,12,6,residual_correlation,OLS,1.0,0.9,0.002,,none,none,,,pure_stagewise_score,30,trailing2_60_40,buffer,-0.082680420661371,0.1195523443731538,0.1267515728887913,1.271531125042893,0.9272133559678878,0.1921637443444719,1.3880144762872877,0.0980224136632513,-0.0131979558694193,-0.0266660311337915,0.8916666666666678,0.5,-0.0035988632492822,-0.0199595101175907,-0.0178927584293243,-0.0854425302252955,-0.0069487271134925,0.48,0.4,False,,0.08332919857611187
rb_021,window_median,0.05,quarter_rank,12,6,residual_correlation,OLS,1.0,0.9,0.002,,none,none,,,pure_stagewise_score,50,trailing2_60_40,none,-0.082680420661371,0.1195523443731538,0.1267515728887913,1.271531125042893,0.9272133559678878,0.1465802132321654,1.283020034304445,0.0582434255182252,-0.1767748635263942,-0.0237650983989811,0.8450000000000004,0.5,0.0016965373317776,0.0096334353099843,-0.0123093478220937,-0.0499239749707998,-0.0036061438377645,0.4320000000000002,0.8,False,,0.04330194850731857
rb_022,window_median,0.05,quarter_rank,12,6,residual_correlation,Ridge,1.0,0.9,0.002,,none,none,,,pure_stagewise_score,20,none,none,-0.0826829071989356,0.1195469969346063,0.126747597063567,1.2713880011336869,0.9272185925908548,0.490579777622413,1.8647388528708784,0.2764631041323919,0.6616378770381365,-0.0688705304156303,0.9500000000000004,0.75,0.0582902252476478,0.3217181285718862,0.0429803155197204,0.3557503608038725,0.0,0.6100000000000002,0.8,False,,0.3312733689790615
rb_022,window_median,0.05,quarter_rank,12,6,residual_correlation,Ridge,1.0,0.9,0.002,,none,none,,,pure_stagewise_score,20,none,buffer,-0.0826829071989356,0.1195469969346063,0.126747597063567,1.2713880011336869,0.9272185925908548,0.490579777622413,1.8647388528708784,0.2764631041323919,0.6616378770381365,-0.0688705304156303,0.9500000000000004,0.75,0.0268419097467234,0.1539380665400949,0.0122851797375105,0.1481942721939055,0.0,0.5500000000000002,0.6,False,,0.3312733689790615
rb_022,window_median,0.05,quarter_rank,12,6,residual_correlation,Ridge,1.0,0.9,0.002,,none,none,,,pure_stagewise_score,30,none,none,-0.0826829071989356,0.1195469969346063,0.126747597063567,1.2713880011336869,0.9272185925908548,0.4456051831897254,2.062164335016345,0.2640296566864974,0.6416667193346077,-0.0483623078649361,0.9583333333333346,0.75,0.0090568892132025,0.051240585313584,-0.0048548635771587,0.0074197512094432,0.0,0.606666666666667,0.6,False,,0.32398124940630063
rb_022,window_median,0.05,quarter_rank,12,6,residual_correlation,Ridge,1.0,0.9,0.002,,none,none,,,pure_stagewise_score,30,none,buffer,-0.0826829071989356,0.1195469969346063,0.126747597063567,1.2713880011336869,0.9272185925908548,0.4291669912592939,1.9761868913490683,0.2586609480564359,0.567938148386883,-0.0485519573343613,0.9250000000000012,0.75,-0.0102116267565454,-0.0589676861055433,-0.0241142105381157,-0.1480557227089808,-0.0024130610371468,0.5200000000000004,0.6,False,,0.3249250367755523
rb_022,window_median,0.05,quarter_rank,12,6,residual_correlation,Ridge,1.0,0.9,0.002,,none,none,,,pure_stagewise_score,50,none,none,-0.0826829071989356,0.1195469969346063,0.126747597063567,1.2713880011336869,0.9272185925908548,0.4711564902253979,2.4667362795967893,0.2850540355017961,0.8144085346349055,-0.0303650887015861,0.9300000000000006,0.75,0.028214879466486,0.1648686709349146,0.0143941295006325,0.142386707989905,0.0,0.5480000000000003,0.8,False,,0.41398045362199415
rb_022,window_median,0.05,quarter_rank,12,6,residual_correlation,Ridge,1.0,0.9,0.002,,none,none,,,pure_stagewise_score,20,prev_70_30,none,-0.0826829071989356,0.1195469969346063,0.126747597063567,1.2713880011336869,0.9272185925908548,0.0371716251754414,0.325104429566874,0.0482081271646926,-0.3077977837376531,0.0,0.9625000000000004,0.5,-0.0089342221039421,-0.0533592803898396,-0.0222238084225106,-0.139231700544498,0.0,0.6300000000000002,0.6,False,,-0.05823114051958342
rb_022,window_median,0.05,quarter_rank,12,6,residual_correlation,Ridge,1.0,0.9,0.002,,none,none,,,pure_stagewise_score,20,prev_70_30,buffer,-0.0826829071989356,0.1195469969346063,0.126747597063567,1.2713880011336869,0.9272185925908548,0.0547148670520556,0.4512476462676593,0.0554248560286116,-0.2786482767835179,0.0,0.9500000000000004,0.5,0.0060757712641683,0.0406239402186435,-0.0066487126669903,-0.0479194809593831,-9.717273064591136e-05,0.5800000000000003,0.6,False,,-0.036532790060069625
rb_022,window_median,0.05,quarter_rank,12,6,residual_correlation,Ridge,1.0,0.9,0.002,,none,none,,,pure_stagewise_score,30,prev_70_30,none,-0.0826829071989356,0.1195469969346063,0.126747597063567,1.2713880011336869,0.9272185925908548,0.0862031997167482,0.6365966078301132,0.0654242128171214,-0.2247227840706974,-0.0144470229046425,0.9500000000000012,0.5,-0.0287295824091773,-0.1698683693334481,-0.0431864103179293,-0.340052288793277,-0.0028011740030916,0.5800000000000003,0.4,False,,-0.025308441686816174
rb_022,window_median,0.05,quarter_rank,12,6,residual_correlation,Ridge,1.0,0.9,0.002,,none,none,,,pure_stagewise_score,30,prev_70_30,buffer,-0.0826829071989356,0.1195469969346063,0.126747597063567,1.2713880011336869,0.9272185925908548,0.0862031997167482,0.6365966078301132,0.0654242128171214,-0.2247227840706974,-0.0144470229046425,0.9500000000000012,0.5,-0.0181547450456757,-0.1048845776800315,-0.0324856548477818,-0.2267485887618054,-0.0040657805032499,0.546666666666667,0.6,False,,-0.025308441686816174
rb_022,window_median,0.05,quarter_rank,12,6,residual_correlation,Ridge,1.0,0.9,0.002,,none,none,,,pure_stagewise_score,50,prev_70_30,none,-0.0826829071989356,0.1195469969346063,0.126747597063567,1.2713880011336869,0.9272185925908548,0.2253523160075257,2.319528579504971,0.1572650783585201,0.0648052421959379,-0.0104547147841468,0.9500000000000006,0.5,0.0063780288445862,0.0339105886467042,-0.0074956005880666,0.0005548403868745,0.0,0.5280000000000002,0.8,False,,0.1278214033469876
rb_022,window_median,0.05,quarter_rank,12,6,residual_correlation,Ridge,1.0,0.9,0.002,,none,none,,,pure_stagewise_score,20,trailing2_60_40,none,-0.0826829071989356,0.1195469969346063,0.126747597063567,1.2713880011336869,0.9272185925908548,0.07554208079774,0.8091228228242927,-0.0041883421239117,-0.4627559721008786,-0.0333231850873457,0.9000000000000005,0.25,0.0190664339553645,0.1002360327516853,0.0047921137040351,0.0842437799780167,-0.006518705929301,0.6500000000000001,0.6,False,,-0.12283036134374288
rb_022,window_median,0.05,quarter_rank,12,6,residual_correlation,Ridge,1.0,0.9,0.002,,none,none,,,pure_stagewise_score,20,trailing2_60_40,buffer,-0.0826829071989356,0.1195469969346063,0.126747597063567,1.2713880011336869,0.9272185925908548,0.07554208079774,0.8091228228242927,-0.0041883421239117,-0.4627559721008786,-0.0333231850873457,0.9000000000000005,0.25,-0.0117084722656198,-0.0645737123222191,-0.0254913374115657,-0.131731334242977,-0.006518705929301,0.5600000000000002,0.6,False,,-0.12283036134374288
rb_022,window_median,0.05,quarter_rank,12,6,residual_correlation,Ridge,1.0,0.9,0.002,,none,none,,,pure_stagewise_score,30,trailing2_60_40,none,-0.0826829071989356,0.1195469969346063,0.126747597063567,1.2713880011336869,0.9272185925908548,0.1911719108929594,1.375492126102087,0.0963780771419361,-0.0160181259888429,-0.0266660311337914,0.9333333333333346,0.5,0.0093622828645762,0.0547070255406354,-0.0053694792332016,0.0024886557096144,-0.0011486940241067,0.5466666666666669,0.8,False,,0.05287024214155471
rb_022,window_median,0.05,quarter_rank,12,6,residual_correlation,Ridge,1.0,0.9,0.002,,none,none,,,pure_stagewise_score,30,trailing2_60_40,buffer,-0.0826829071989356,0.1195469969346063,0.126747597063567,1.2713880011336869,0.9272185925908548,0.1921637443444719,1.3880144762872877,0.0980224136632513,-0.0131979558694193,-0.0266660311337915,0.8916666666666678,0.5,-0.0035988632492822,-0.0199595101175907,-0.0178927584293243,-0.0854425302252955,-0.0069487271134925,0.48,0.4,False,,0.08322311103012656
rb_022,window_median,0.05,quarter_rank,12,6,residual_correlation,Ridge,1.0,0.9,0.002,,none,none,,,pure_stagewise_score,50,trailing2_60_40,none,-0.0826829071989356,0.1195469969346063,0.126747597063567,1.2713880011336869,0.9272185925908548,0.1465802132321654,1.283020034304445,0.0582434255182252,-0.1767748635263942,-0.0237650983989811,0.8450000000000004,0.5,0.0016965373317776,0.0096334353099843,-0.0123093478220937,-0.0499239749707998,-0.0036061438377645,0.4320000000000002,0.8,False,,0.04319586096133325
rb_023,window_median,0.05,quarter_rank,12,6,residual_correlation,Ridge,3.0,0.9,0.002,,none,none,,,pure_stagewise_score,20,none,none,-0.0826873841131043,0.1195532035787554,0.12675581593005,1.2715453496984572,0.9273024816611284,0.490579777622413,1.8647388528708784,0.2764631041323919,0.6616378770381365,-0.0688705304156303,0.9500000000000004,0.75,0.0582902252476478,0.3217181285718862,0.0429803155197204,0.3557503608038725,0.0,0.6100000000000002,0.8,False,,0.33139145126113184
rb_023,window_median,0.05,quarter_rank,12,6,residual_correlation,Ridge,3.0,0.9,0.002,,none,none,,,pure_stagewise_score,20,none,buffer,-0.0826873841131043,0.1195532035787554,0.12675581593005,1.2715453496984572,0.9273024816611284,0.490579777622413,1.8647388528708784,0.2764631041323919,0.6616378770381365,-0.0688705304156303,0.9500000000000004,0.75,0.0268419097467234,0.1539380665400949,0.0122851797375105,0.1481942721939055,0.0,0.5500000000000002,0.6,False,,0.33139145126113184
rb_023,window_median,0.05,quarter_rank,12,6,residual_correlation,Ridge,3.0,0.9,0.002,,none,none,,,pure_stagewise_score,30,none,none,-0.0826873841131043,0.1195532035787554,0.12675581593005,1.2715453496984572,0.9273024816611284,0.4456051831897254,2.062164335016345,0.2640296566864974,0.6416667193346077,-0.0483623078649361,0.9583333333333346,0.75,0.0090568892132025,0.051240585313584,-0.0048548635771587,0.0074197512094432,0.0,0.606666666666667,0.6,False,,0.32409933168837085
rb_023,window_median,0.05,quarter_rank,12,6,residual_correlation,Ridge,3.0,0.9,0.002,,none,none,,,pure_stagewise_score,30,none,buffer,-0.0826873841131043,0.1195532035787554,0.12675581593005,1.2715453496984572,0.9273024816611284,0.4291669912592939,1.9761868913490683,0.2586609480564359,0.567938148386883,-0.0485519573343613,0.9250000000000012,0.75,-0.0102116267565454,-0.0589676861055433,-0.0241142105381157,-0.1480557227089808,-0.0024130610371468,0.5200000000000004,0.6,False,,0.3250431190576226
rb_023,window_median,0.05,quarter_rank,12,6,residual_correlation,Ridge,3.0,0.9,0.002,,none,none,,,pure_stagewise_score,50,none,none,-0.0826873841131043,0.1195532035787554,0.12675581593005,1.2715453496984572,0.9273024816611284,0.4711564902253979,2.4667362795967893,0.2850540355017961,0.8144085346349055,-0.0303650887015861,0.9300000000000006,0.75,0.028214879466486,0.1648686709349146,0.0143941295006325,0.142386707989905,0.0,0.5480000000000003,0.8,False,,0.4140985359040645
rb_023,window_median,0.05,quarter_rank,12,6,residual_correlation,Ridge,3.0,0.9,0.002,,none,none,,,pure_stagewise_score,20,prev_70_30,none,-0.0826873841131043,0.1195532035787554,0.12675581593005,1.2715453496984572,0.9273024816611284,0.0371716251754414,0.325104429566874,0.0482081271646926,-0.3077977837376531,0.0,0.9625000000000004,0.5,-0.0089342221039421,-0.0533592803898396,-0.0222238084225106,-0.139231700544498,0.0,0.6300000000000002,0.6,False,,-0.05811305823751314
rb_023,window_median,0.05,quarter_rank,12,6,residual_correlation,Ridge,3.0,0.9,0.002,,none,none,,,pure_stagewise_score,20,prev_70_30,buffer,-0.0826873841131043,0.1195532035787554,0.12675581593005,1.2715453496984572,0.9273024816611284,0.0547148670520556,0.4512476462676593,0.0554248560286116,-0.2786482767835179,0.0,0.9500000000000004,0.5,0.0060757712641683,0.0406239402186435,-0.0066487126669903,-0.0479194809593831,-9.717273064591136e-05,0.5800000000000003,0.6,False,,-0.03641470777799935
rb_023,window_median,0.05,quarter_rank,12,6,residual_correlation,Ridge,3.0,0.9,0.002,,none,none,,,pure_stagewise_score,30,prev_70_30,none,-0.0826873841131043,0.1195532035787554,0.12675581593005,1.2715453496984572,0.9273024816611284,0.0862031997167482,0.6365966078301132,0.0654242128171214,-0.2247227840706974,-0.0144470229046425,0.9500000000000012,0.5,-0.0287295824091773,-0.1698683693334481,-0.0431864103179293,-0.340052288793277,-0.0028011740030916,0.5800000000000003,0.4,False,,-0.0251903594047459
rb_023,window_median,0.05,quarter_rank,12,6,residual_correlation,Ridge,3.0,0.9,0.002,,none,none,,,pure_stagewise_score,30,prev_70_30,buffer,-0.0826873841131043,0.1195532035787554,0.12675581593005,1.2715453496984572,0.9273024816611284,0.0862031997167482,0.6365966078301132,0.0654242128171214,-0.2247227840706974,-0.0144470229046425,0.9500000000000012,0.5,-0.0181547450456757,-0.1048845776800315,-0.0324856548477818,-0.2267485887618054,-0.0040657805032499,0.546666666666667,0.6,False,,-0.0251903594047459
rb_023,window_median,0.05,quarter_rank,12,6,residual_correlation,Ridge,3.0,0.9,0.002,,none,none,,,pure_stagewise_score,50,prev_70_30,none,-0.0826873841131043,0.1195532035787554,0.12675581593005,1.2715453496984572,0.9273024816611284,0.2253523160075257,2.319528579504971,0.1572650783585201,0.0648052421959379,-0.0104547147841468,0.9500000000000006,0.5,0.0063780288445862,0.0339105886467042,-0.0074956005880666,0.0005548403868745,0.0,0.5280000000000002,0.8,False,,0.12793948562905788
rb_023,window_median,0.05,quarter_rank,12,6,residual_correlation,Ridge,3.0,0.9,0.002,,none,none,,,pure_stagewise_score,20,trailing2_60_40,none,-0.0826873841131043,0.1195532035787554,0.12675581593005,1.2715453496984572,0.9273024816611284,0.07554208079774,0.8091228228242927,-0.0041883421239117,-0.4627559721008786,-0.0333231850873457,0.9000000000000005,0.25,0.0190664339553645,0.1002360327516853,0.0047921137040351,0.0842437799780167,-0.006518705929301,0.6500000000000001,0.6,False,,-0.1227122790616726
rb_023,window_median,0.05,quarter_rank,12,6,residual_correlation,Ridge,3.0,0.9,0.002,,none,none,,,pure_stagewise_score,20,trailing2_60_40,buffer,-0.0826873841131043,0.1195532035787554,0.12675581593005,1.2715453496984572,0.9273024816611284,0.07554208079774,0.8091228228242927,-0.0041883421239117,-0.4627559721008786,-0.0333231850873457,0.9000000000000005,0.25,-0.0117084722656198,-0.0645737123222191,-0.0254913374115657,-0.131731334242977,-0.006518705929301,0.5600000000000002,0.6,False,,-0.1227122790616726
rb_023,window_median,0.05,quarter_rank,12,6,residual_correlation,Ridge,3.0,0.9,0.002,,none,none,,,pure_stagewise_score,30,trailing2_60_40,none,-0.0826873841131043,0.1195532035787554,0.12675581593005,1.2715453496984572,0.9273024816611284,0.1911719108929594,1.375492126102087,0.0963780771419361,-0.0160181259888429,-0.0266660311337914,0.9333333333333346,0.5,0.0093622828645762,0.0547070255406354,-0.0053694792332016,0.0024886557096144,-0.0011486940241067,0.5466666666666669,0.8,False,,0.052988324423624986
rb_023,window_median,0.05,quarter_rank,12,6,residual_correlation,Ridge,3.0,0.9,0.002,,none,none,,,pure_stagewise_score,30,trailing2_60_40,buffer,-0.0826873841131043,0.1195532035787554,0.12675581593005,1.2715453496984572,0.9273024816611284,0.1921637443444719,1.3880144762872877,0.0980224136632513,-0.0131979558694193,-0.0266660311337915,0.8916666666666678,0.5,-0.0035988632492822,-0.0199595101175907,-0.0178927584293243,-0.0854425302252955,-0.0069487271134925,0.48,0.4,False,,0.08334119331219683
rb_023,window_median,0.05,quarter_rank,12,6,residual_correlation,Ridge,3.0,0.9,0.002,,none,none,,,pure_stagewise_score,50,trailing2_60_40,none,-0.0826873841131043,0.1195532035787554,0.12675581593005,1.2715453496984572,0.9273024816611284,0.1465802132321654,1.283020034304445,0.0582434255182252,-0.1767748635263942,-0.0237650983989811,0.8450000000000004,0.5,0.0016965373317776,0.0096334353099843,-0.0123093478220937,-0.0499239749707998,-0.0036061438377645,0.4320000000000002,0.8,False,,0.04331394324340353
rb_024,window_median,0.05,quarter_rank,12,6,residual_correlation,Ridge,10.0,0.9,0.002,,none,none,,,pure_stagewise_score,20,none,none,-0.0826989424633489,0.1195563526180171,0.126761012721515,1.2717372199608712,0.927198414869468,0.490579777622413,1.8647388528708784,0.2764631041323919,0.6616378770381365,-0.0688705304156303,0.9500000000000004,0.75,0.0582902252476478,0.3217181285718862,0.0429803155197204,0.3557503608038725,0.0,0.6100000000000002,0.8,False,,0.33151587455557713
rb_024,window_median,0.05,quarter_rank,12,6,residual_correlation,Ridge,10.0,0.9,0.002,,none,none,,,pure_stagewise_score,20,none,buffer,-0.0826989424633489,0.1195563526180171,0.126761012721515,1.2717372199608712,0.927198414869468,0.490579777622413,1.8647388528708784,0.2764631041323919,0.6616378770381365,-0.0688705304156303,0.9500000000000004,0.75,0.0268419097467234,0.1539380665400949,0.0122851797375105,0.1481942721939055,0.0,0.5500000000000002,0.6,False,,0.33151587455557713
rb_024,window_median,0.05,quarter_rank,12,6,residual_correlation,Ridge,10.0,0.9,0.002,,none,none,,,pure_stagewise_score,30,none,none,-0.0826989424633489,0.1195563526180171,0.126761012721515,1.2717372199608712,0.927198414869468,0.4456051831897254,2.062164335016345,0.2640296566864974,0.6416667193346077,-0.0483623078649361,0.9583333333333346,0.75,0.0090568892132025,0.051240585313584,-0.0048548635771587,0.0074197512094432,0.0,0.606666666666667,0.6,False,,0.32422375498281625
rb_024,window_median,0.05,quarter_rank,12,6,residual_correlation,Ridge,10.0,0.9,0.002,,none,none,,,pure_stagewise_score,30,none,buffer,-0.0826989424633489,0.1195563526180171,0.126761012721515,1.2717372199608712,0.927198414869468,0.4291669912592939,1.9761868913490683,0.2586609480564359,0.567938148386883,-0.0485519573343613,0.9250000000000012,0.75,-0.0102116267565454,-0.0589676861055433,-0.0241142105381157,-0.1480557227089808,-0.0024130610371468,0.5200000000000004,0.6,False,,0.3251675423520679
rb_024,window_median,0.05,quarter_rank,12,6,residual_correlation,Ridge,10.0,0.9,0.002,,none,none,,,pure_stagewise_score,50,none,none,-0.0826989424633489,0.1195563526180171,0.126761012721515,1.2717372199608712,0.927198414869468,0.4711564902253979,2.4667362795967893,0.2850540355017961,0.8144085346349055,-0.0303650887015861,0.9300000000000006,0.75,0.028214879466486,0.1648686709349146,0.0143941295006325,0.142386707989905,0.0,0.5480000000000003,0.8,False,,0.4142229591985099
rb_024,window_median,0.05,quarter_rank,12,6,residual_correlation,Ridge,10.0,0.9,0.002,,none,none,,,pure_stagewise_score,20,prev_70_30,none,-0.0826989424633489,0.1195563526180171,0.126761012721515,1.2717372199608712,0.927198414869468,0.0371716251754414,0.325104429566874,0.0482081271646926,-0.3077977837376531,0.0,0.9625000000000004,0.5,-0.0089342221039421,-0.0533592803898396,-0.0222238084225106,-0.139231700544498,0.0,0.6300000000000002,0.6,False,,-0.057988634943067746
rb_024,window_median,0.05,quarter_rank,12,6,residual_correlation,Ridge,10.0,0.9,0.002,,none,none,,,pure_stagewise_score,20,prev_70_30,buffer,-0.0826989424633489,0.1195563526180171,0.126761012721515,1.2717372199608712,0.927198414869468,0.0547148670520556,0.4512476462676593,0.0554248560286116,-0.2786482767835179,0.0,0.9500000000000004,0.5,0.0060757712641683,0.0406239402186435,-0.0066487126669903,-0.0479194809593831,-9.717273064591136e-05,0.5800000000000003,0.6,False,,-0.03629028448355398
rb_024,window_median,0.05,quarter_rank,12,6,residual_correlation,Ridge,10.0,0.9,0.002,,none,none,,,pure_stagewise_score,30,prev_70_30,none,-0.0826989424633489,0.1195563526180171,0.126761012721515,1.2717372199608712,0.927198414869468,0.0862031997167482,0.6365966078301132,0.0654242128171214,-0.2247227840706974,-0.0144470229046425,0.9500000000000012,0.5,-0.0287295824091773,-0.1698683693334481,-0.0431864103179293,-0.340052288793277,-0.0028011740030916,0.5800000000000003,0.4,False,,-0.025065936110300557
rb_024,window_median,0.05,quarter_rank,12,6,residual_correlation,Ridge,10.0,0.9,0.002,,none,none,,,pure_stagewise_score,30,prev_70_30,buffer,-0.0826989424633489,0.1195563526180171,0.126761012721515,1.2717372199608712,0.927198414869468,0.0862031997167482,0.6365966078301132,0.0654242128171214,-0.2247227840706974,-0.0144470229046425,0.9500000000000012,0.5,-0.0181547450456757,-0.1048845776800315,-0.0324856548477818,-0.2267485887618054,-0.0040657805032499,0.546666666666667,0.6,False,,-0.025065936110300557
rb_024,window_median,0.05,quarter_rank,12,6,residual_correlation,Ridge,10.0,0.9,0.002,,none,none,,,pure_stagewise_score,50,prev_70_30,none,-0.0826989424633489,0.1195563526180171,0.126761012721515,1.2717372199608712,0.927198414869468,0.2253523160075257,2.319528579504971,0.1572650783585201,0.0648052421959379,-0.0104547147841468,0.9500000000000006,0.5,0.0063780288445862,0.0339105886467042,-0.0074956005880666,0.0005548403868745,0.0,0.5280000000000002,0.8,False,,0.12806390892350325
rb_024,window_median,0.05,quarter_rank,12,6,residual_correlation,Ridge,10.0,0.9,0.002,,none,none,,,pure_stagewise_score,20,trailing2_60_40,none,-0.0826989424633489,0.1195563526180171,0.126761012721515,1.2717372199608712,0.927198414869468,0.07554208079774,0.8091228228242927,-0.0041883421239117,-0.4627559721008786,-0.0333231850873457,0.9000000000000005,0.25,0.0190664339553645,0.1002360327516853,0.0047921137040351,0.0842437799780167,-0.006518705929301,0.6500000000000001,0.6,False,,-0.12258785576722726
rb_024,window_median,0.05,quarter_rank,12,6,residual_correlation,Ridge,10.0,0.9,0.002,,none,none,,,pure_stagewise_score,20,trailing2_60_40,buffer,-0.0826989424633489,0.1195563526180171,0.126761012721515,1.2717372199608712,0.927198414869468,0.07554208079774,0.8091228228242927,-0.0041883421239117,-0.4627559721008786,-0.0333231850873457,0.9000000000000005,0.25,-0.0117084722656198,-0.0645737123222191,-0.0254913374115657,-0.131731334242977,-0.006518705929301,0.5600000000000002,0.6,False,,-0.12258785576722726
rb_024,window_median,0.05,quarter_rank,12,6,residual_correlation,Ridge,10.0,0.9,0.002,,none,none,,,pure_stagewise_score,30,trailing2_60_40,none,-0.0826989424633489,0.1195563526180171,0.126761012721515,1.2717372199608712,0.927198414869468,0.1911719108929594,1.375492126102087,0.0963780771419361,-0.0160181259888429,-0.0266660311337914,0.9333333333333346,0.5,0.0093622828645762,0.0547070255406354,-0.0053694792332016,0.0024886557096144,-0.0011486940241067,0.5466666666666669,0.8,False,,0.053112747718070355
rb_024,window_median,0.05,quarter_rank,12,6,residual_correlation,Ridge,10.0,0.9,0.002,,none,none,,,pure_stagewise_score,30,trailing2_60_40,buffer,-0.0826989424633489,0.1195563526180171,0.126761012721515,1.2717372199608712,0.927198414869468,0.1921637443444719,1.3880144762872877,0.0980224136632513,-0.0131979558694193,-0.0266660311337915,0.8916666666666678,0.5,-0.0035988632492822,-0.0199595101175907,-0.0178927584293243,-0.0854425302252955,-0.0069487271134925,0.48,0.4,False,,0.0834656166066422
rb_024,window_median,0.05,quarter_rank,12,6,residual_correlation,Ridge,10.0,0.9,0.002,,none,none,,,pure_stagewise_score,50,trailing2_60_40,none,-0.0826989424633489,0.1195563526180171,0.126761012721515,1.2717372199608712,0.927198414869468,0.1465802132321654,1.283020034304445,0.0582434255182252,-0.1767748635263942,-0.0237650983989811,0.8450000000000004,0.5,-0.0009502202969327,-0.0054200411108431,-0.0149056574059701,-0.0711040601645523,-0.0036061438377645,0.4320000000000002,0.6,False,,0.043438366537848896
rb_025,window_median,0.05,quarter_rank,12,6,residual_correlation,Ridge,30.0,0.9,0.002,,none,none,,,pure_stagewise_score,20,none,none,-0.0827494046385649,0.119592477710491,0.1268021731333758,1.2728935909977197,0.9269174655019148,0.490579777622413,1.8647388528708784,0.2764631041323919,0.6616378770381365,-0.0688705304156303,0.9500000000000004,0.75,0.0582902252476478,0.3217181285718862,0.0429803155197204,0.3557503608038725,0.0,0.6100000000000002,0.8,False,,0.33234166621740985
rb_025,window_median,0.05,quarter_rank,12,6,residual_correlation,Ridge,30.0,0.9,0.002,,none,none,,,pure_stagewise_score,20,none,buffer,-0.0827494046385649,0.119592477710491,0.1268021731333758,1.2728935909977197,0.9269174655019148,0.490579777622413,1.8647388528708784,0.2764631041323919,0.6616378770381365,-0.0688705304156303,0.9500000000000004,0.75,0.0268419097467234,0.1539380665400949,0.0122851797375105,0.1481942721939055,0.0,0.5500000000000002,0.6,False,,0.33234166621740985
rb_025,window_median,0.05,quarter_rank,12,6,residual_correlation,Ridge,30.0,0.9,0.002,,none,none,,,pure_stagewise_score,30,none,none,-0.0827494046385649,0.119592477710491,0.1268021731333758,1.2728935909977197,0.9269174655019148,0.4456051831897254,2.062164335016345,0.2640296566864974,0.6416667193346077,-0.0483623078649361,0.9583333333333346,0.75,0.0090568892132025,0.051240585313584,-0.0048548635771587,0.0074197512094432,0.0,0.606666666666667,0.6,False,,0.32504954664464897
rb_025,window_median,0.05,quarter_rank,12,6,residual_correlation,Ridge,30.0,0.9,0.002,,none,none,,,pure_stagewise_score,30,none,buffer,-0.0827494046385649,0.119592477710491,0.1268021731333758,1.2728935909977197,0.9269174655019148,0.4291669912592939,1.9761868913490683,0.2586609480564359,0.567938148386883,-0.0485519573343613,0.9250000000000012,0.75,-0.0102116267565454,-0.0589676861055433,-0.0241142105381157,-0.1480557227089808,-0.0024130610371468,0.5200000000000004,0.6,False,,0.3259933340139006
rb_025,window_median,0.05,quarter_rank,12,6,residual_correlation,Ridge,30.0,0.9,0.002,,none,none,,,pure_stagewise_score,50,none,none,-0.0827494046385649,0.119592477710491,0.1268021731333758,1.2728935909977197,0.9269174655019148,0.4711564902253979,2.4667362795967893,0.2850540355017961,0.8144085346349055,-0.0303650887015861,0.9300000000000006,0.75,0.028214879466486,0.1648686709349146,0.0143941295006325,0.142386707989905,0.0,0.5480000000000003,0.8,False,,0.4150487508603426
rb_025,window_median,0.05,quarter_rank,12,6,residual_correlation,Ridge,30.0,0.9,0.002,,none,none,,,pure_stagewise_score,20,prev_70_30,none,-0.0827494046385649,0.119592477710491,0.1268021731333758,1.2728935909977197,0.9269174655019148,0.0371716251754414,0.325104429566874,0.0482081271646926,-0.3077977837376531,0.0,0.9625000000000004,0.5,-0.0089342221039421,-0.0533592803898396,-0.0222238084225106,-0.139231700544498,0.0,0.6300000000000002,0.6,False,,-0.057162843281235026
rb_025,window_median,0.05,quarter_rank,12,6,residual_correlation,Ridge,30.0,0.9,0.002,,none,none,,,pure_stagewise_score,20,prev_70_30,buffer,-0.0827494046385649,0.119592477710491,0.1268021731333758,1.2728935909977197,0.9269174655019148,0.0547148670520556,0.4512476462676593,0.0554248560286116,-0.2786482767835179,0.0,0.9500000000000004,0.5,0.0060757712641683,0.0406239402186435,-0.0066487126669903,-0.0479194809593831,-9.717273064591136e-05,0.5800000000000003,0.6,False,,-0.03546449282172126
rb_025,window_median,0.05,quarter_rank,12,6,residual_correlation,Ridge,30.0,0.9,0.002,,none,none,,,pure_stagewise_score,30,prev_70_30,none,-0.0827494046385649,0.119592477710491,0.1268021731333758,1.2728935909977197,0.9269174655019148,0.0862031997167482,0.6365966078301132,0.0654242128171214,-0.2247227840706974,-0.0144470229046425,0.9500000000000012,0.5,-0.0287295824091773,-0.1698683693334481,-0.0431864103179293,-0.340052288793277,-0.0028011740030916,0.5800000000000003,0.4,False,,-0.024240144448467837
rb_025,window_median,0.05,quarter_rank,12,6,residual_correlation,Ridge,30.0,0.9,0.002,,none,none,,,pure_stagewise_score,30,prev_70_30,buffer,-0.0827494046385649,0.119592477710491,0.1268021731333758,1.2728935909977197,0.9269174655019148,0.0862031997167482,0.6365966078301132,0.0654242128171214,-0.2247227840706974,-0.0144470229046425,0.9500000000000012,0.5,-0.0181547450456757,-0.1048845776800315,-0.0324856548477818,-0.2267485887618054,-0.0040657805032499,0.546666666666667,0.6,False,,-0.024240144448467837
rb_025,window_median,0.05,quarter_rank,12,6,residual_correlation,Ridge,30.0,0.9,0.002,,none,none,,,pure_stagewise_score,50,prev_70_30,none,-0.0827494046385649,0.119592477710491,0.1268021731333758,1.2728935909977197,0.9269174655019148,0.2253523160075257,2.319528579504971,0.1572650783585201,0.0648052421959379,-0.0104547147841468,0.9500000000000006,0.5,0.0063780288445862,0.0339105886467042,-0.0074956005880666,0.0005548403868745,0.0,0.5280000000000002,0.8,False,,0.12888970058533597
rb_025,window_median,0.05,quarter_rank,12,6,residual_correlation,Ridge,30.0,0.9,0.002,,none,none,,,pure_stagewise_score,20,trailing2_60_40,none,-0.0827494046385649,0.119592477710491,0.1268021731333758,1.2728935909977197,0.9269174655019148,0.07554208079774,0.8091228228242927,-0.0041883421239117,-0.4627559721008786,-0.0333231850873457,0.9000000000000005,0.25,0.0190664339553645,0.1002360327516853,0.0047921137040351,0.0842437799780167,-0.006518705929301,0.6500000000000001,0.6,False,,-0.12176206410539454
rb_025,window_median,0.05,quarter_rank,12,6,residual_correlation,Ridge,30.0,0.9,0.002,,none,none,,,pure_stagewise_score,20,trailing2_60_40,buffer,-0.0827494046385649,0.119592477710491,0.1268021731333758,1.2728935909977197,0.9269174655019148,0.07554208079774,0.8091228228242927,-0.0041883421239117,-0.4627559721008786,-0.0333231850873457,0.9000000000000005,0.25,-0.0096135393733161,-0.0539052402354679,-0.0231413777287949,-0.1192939221234476,-0.006518705929301,0.5700000000000002,0.6,False,,-0.12176206410539454
rb_025,window_median,0.05,quarter_rank,12,6,residual_correlation,Ridge,30.0,0.9,0.002,,none,none,,,pure_stagewise_score,30,trailing2_60_40,none,-0.0827494046385649,0.119592477710491,0.1268021731333758,1.2728935909977197,0.9269174655019148,0.1911719108929594,1.375492126102087,0.0963780771419361,-0.0160181259888429,-0.0266660311337914,0.9333333333333346,0.5,0.0093622828645762,0.0547070255406354,-0.0053694792332016,0.0024886557096145,-0.0011486940241067,0.5466666666666669,0.8,False,,0.053938539379903075
rb_025,window_median,0.05,quarter_rank,12,6,residual_correlation,Ridge,30.0,0.9,0.002,,none,none,,,pure_stagewise_score,30,trailing2_60_40,buffer,-0.0827494046385649,0.119592477710491,0.1268021731333758,1.2728935909977197,0.9269174655019148,0.1981337948357406,1.441480857405643,0.1031634764524907,0.0040550446158256,-0.0266660311337915,0.8916666666666678,0.5,-0.0036159655696915,-0.0200554981980876,-0.0179089967668609,-0.0855829381655932,-0.0069487271134925,0.4933333333333333,0.4,False,,0.09293992942567844
rb_025,window_median,0.05,quarter_rank,12,6,residual_correlation,Ridge,30.0,0.9,0.002,,none,none,,,pure_stagewise_score,50,trailing2_60_40,none,-0.0827494046385649,0.119592477710491,0.1268021731333758,1.2728935909977197,0.9269174655019148,0.1465802132321654,1.283020034304445,0.0582434255182252,-0.1767748635263942,-0.0237650983989811,0.8450000000000004,0.5,-0.0014762619633538,-0.0084246727743897,-0.0154605252334127,-0.0757164098258327,-0.0036061438377645,0.4360000000000002,0.6,False,,0.044264158199681616
rb_026,window_median,0.05,quarter_rank,12,6,residual_correlation,OLS,1.0,0.9,0.005,,none,none,,,pure_stagewise_score,20,none,none,-0.1047018014708905,0.0221715644171857,0.0366470950302103,0.2061477880772572,0.1825704979679114,0.3252093820693265,1.8982335293699104,0.2231860953645459,0.2914515340515152,-0.0265931275252987,0.6250000000000002,0.75,0.0968151108542834,0.5490821999758583,0.0790899316503326,0.643303814818006,0.0,0.8600000000000003,0.8,False,,-0.5960233049150955
rb_026,window_median,0.05,quarter_rank,12,6,residual_correlation,OLS,1.0,0.9,0.005,,none,none,,,pure_stagewise_score,20,none,buffer,-0.1047018014708905,0.0221715644171857,0.0366470950302103,0.2061477880772572,0.1825704979679114,0.3536738275387698,2.2753220997694847,0.2209268895014864,0.4581833173467584,-0.0265931275252986,0.5625000000000002,0.75,0.0930758146380716,0.5292046840198106,0.0757390899508071,0.6031872646770596,0.0,0.8400000000000004,0.6,False,,-0.5186075952590724
rb_026,window_median,0.05,quarter_rank,12,6,residual_correlation,OLS,1.0,0.9,0.005,,none,none,,,pure_stagewise_score,30,none,none,-0.1047018014708905,0.0221715644171857,0.0366470950302103,0.2061477880772572,0.1825704979679114,0.149372028593578,0.8270151823631572,0.0391087974516865,-0.1184021290345307,-0.0805046457120398,0.6166666666666674,0.5,0.0659517486318439,0.3638267224344658,0.0509074148045834,0.3661572366541727,0.0,0.8466666666666676,0.6,False,,-0.891478064184951
rb_026,window_median,0.05,quarter_rank,12,6,residual_correlation,OLS,1.0,0.9,0.005,,none,none,,,pure_stagewise_score,30,none,buffer,-0.1047018014708905,0.0221715644171857,0.0366470950302103,0.2061477880772572,0.1825704979679114,0.1867870914198903,0.982509221759059,0.0533317168474589,-0.0075359694791378,-0.0805046457120397,0.5666666666666673,0.5,0.0655788288765397,0.3618932223412666,0.0504776234532703,0.367722754725046,0.0,0.8333333333333343,0.6,False,,-0.8196234708087098
rb_026,window_median,0.05,quarter_rank,12,6,residual_correlation,OLS,1.0,0.9,0.005,,none,none,,,pure_stagewise_score,50,none,none,-0.1047018014708905,0.0221715644171857,0.0366470950302103,0.2061477880772572,0.1825704979679114,0.0788569836372212,0.3937379317589198,-0.0203466501472391,-0.2735392907146849,-0.0906480209123542,0.6250000000000004,0.5,0.0720606714321629,0.4146316688733801,0.0569080813164714,0.4221699467656221,0.0,0.8360000000000005,0.8,False,,-0.9943437493235355
rb_026,window_median,0.05,quarter_rank,12,6,residual_correlation,OLS,1.0,0.9,0.005,,none,none,,,pure_stagewise_score,20,prev_70_30,none,-0.1047018014708905,0.0221715644171857,0.0366470950302103,0.2061477880772572,0.1825704979679114,0.1749289301397305,0.7098450357772135,-0.0089736314226675,-0.0093346553974605,-0.1357627387169331,0.7750000000000005,0.5,0.0696318540361524,0.4575166044342031,0.0569005168828867,0.3428312732089559,0.0,0.7300000000000003,0.6,False,,-1.0578926721421056
rb_026,window_median,0.05,quarter_rank,12,6,residual_correlation,OLS,1.0,0.9,0.005,,none,none,,,pure_stagewise_score,20,prev_70_30,buffer,-0.1047018014708905,0.0221715644171857,0.0366470950302103,0.2061477880772572,0.1825704979679114,0.1898136059156716,0.7587553460969941,-0.0013857838412559,0.0479149970953351,-0.1357627387169331,0.7250000000000003,0.5,0.0519280214638051,0.344378299518105,0.0395081236377211,0.2547244352152427,0.0,0.7000000000000004,0.6,False,,-1.0042017362972566
rb_026,window_median,0.05,quarter_rank,12,6,residual_correlation,OLS,1.0,0.9,0.005,,none,none,,,pure_stagewise_score,30,prev_70_30,none,-0.1047018014708905,0.0221715644171857,0.0366470950302103,0.2061477880772572,0.1825704979679114,0.1247893290668291,0.5055498325555124,-0.0404224744738635,-0.1617552052116554,-0.1339497461496085,0.7166666666666675,0.25,0.0385120335291777,0.2364090466278755,0.0265888360920613,0.1673379481925925,0.0,0.7600000000000008,0.4,False,,-1.0805296335398236
rb_026,window_median,0.05,quarter_rank,12,6,residual_correlation,OLS,1.0,0.9,0.005,,none,none,,,pure_stagewise_score,30,prev_70_30,buffer,-0.1047018014708905,0.0221715644171857,0.0366470950302103,0.2061477880772572,0.1825704979679114,0.1334574767637621,0.543281617440205,-0.031144961485448,-0.1352480115844591,-0.1339497461496085,0.6666666666666674,0.25,0.0399336982360321,0.2440195899215798,0.0280506680905141,0.1737972534958709,0.0,0.7333333333333341,0.4,False,,-1.0321289451812778
rb_026,window_median,0.05,quarter_rank,12,6,residual_correlation,OLS,1.0,0.9,0.005,,none,none,,,pure_stagewise_score,50,prev_70_30,none,-0.1047018014708905,0.0221715644171857,0.0366470950302103,0.2061477880772572,0.1825704979679114,0.0289761383530056,0.1297259287900175,-0.101730637088047,-0.4446397833674901,-0.129509666349167,0.6650000000000005,0.25,0.0403249646301251,0.2504373811084321,0.0276171421015542,0.1954176853334482,0.0,0.7400000000000005,0.6,False,,-1.1628206504804486
rb_026,window_median,0.05,quarter_rank,12,6,residual_correlation,OLS,1.0,0.9,0.005,,none,none,,,pure_stagewise_score,20,trailing2_60_40,none,-0.1047018014708905,0.0221715644171857,0.0366470950302103,0.2061477880772572,0.1825704979679114,0.2468548677659843,0.8595949059191539,0.0052061594793884,0.3117016826161927,-0.1477437112548822,0.9000000000000004,0.75,0.1068136528193983,0.6278659159514367,0.0924552433952836,0.4764642034971112,0.0,0.6200000000000002,0.6,False,,-1.0659469342612822
rb_026,window_median,0.05,quarter_rank,12,6,residual_correlation,OLS,1.0,0.9,0.005,,none,none,,,pure_stagewise_score,20,trailing2_60_40,buffer,-0.1047018014708905,0.0221715644171857,0.0366470950302103,0.2061477880772572,0.1825704979679114,0.2115723123061503,0.7733399159955584,-0.0097787281983036,0.1589839684969062,-0.1477437112548821,0.8625000000000004,0.5,0.106325331183199,0.7190813747196662,0.0908628075310294,0.5948873034451241,0.0,0.5700000000000002,0.6,False,,-1.0886620802773566
rb_026,window_median,0.05,quarter_rank,12,6,residual_correlation,OLS,1.0,0.9,0.005,,none,none,,,pure_stagewise_score,30,trailing2_60_40,none,-0.1047018014708905,0.0221715644171857,0.0366470950302103,0.2061477880772572,0.1825704979679114,0.1687568194556452,0.6518510726998051,-0.0336787601563735,-0.0245926776974761,-0.1425733190130997,0.8166666666666674,0.25,0.0836198380312931,0.5051108956470322,0.0692712332456637,0.4372525243525381,0.0,0.5666666666666671,0.6,False,,-1.1173156541633347
rb_026,window_median,0.05,quarter_rank,12,6,residual_correlation,OLS,1.0,0.9,0.005,,none,none,,,pure_stagewise_score,30,trailing2_60_40,buffer,-0.1047018014708905,0.0221715644171857,0.0366470950302103,0.2061477880772572,0.1825704979679114,0.1535407281717296,0.6095281833672921,-0.039221212065793,-0.0901791460314074,-0.1425733190130996,0.7916666666666674,0.25,0.0923959895791592,0.5670408744993377,0.0776313642246204,0.4862899601224858,0.0,0.5200000000000004,0.6,False,,-1.120220078657515
rb_026,window_median,0.05,quarter_rank,12,6,residual_correlation,OLS,1.0,0.9,0.005,,none,none,,,pure_stagewise_score,50,trailing2_60_40,none,-0.1047018014708905,0.0221715644171857,0.0366470950302103,0.2061477880772572,0.1825704979679114,0.1802517669431795,0.7803264603496292,0.0040953124366196,-0.0041468981436957,-0.115493667606783,0.7750000000000006,0.25,0.0558391602500942,0.3387049623878357,0.0424476115612512,0.293646095301419,0.0,0.5480000000000004,0.6,False,,-1.0303093745280087
rb_027,window_median,0.05,quarter_rank,12,6,residual_correlation,Ridge,1.0,0.9,0.005,,none,none,,,pure_stagewise_score,20,none,none,-0.1047012755351209,0.0221715644171857,0.0366475737749182,0.2061477880772572,0.1825725756521928,0.3252093820693265,1.8982335293699104,0.2231860953645459,0.2914515340515152,-0.0265931275252987,0.6250000000000002,0.75,0.0968151108542834,0.5490821999758583,0.0790899316503326,0.643303814818006,0.0,0.8600000000000003,0.8,False,,-0.5960233049150955
rb_027,window_median,0.05,quarter_rank,12,6,residual_correlation,Ridge,1.0,0.9,0.005,,none,none,,,pure_stagewise_score,20,none,buffer,-0.1047012755351209,0.0221715644171857,0.0366475737749182,0.2061477880772572,0.1825725756521928,0.3536738275387698,2.2753220997694847,0.2209268895014864,0.4581833173467584,-0.0265931275252986,0.5625000000000002,0.75,0.0930758146380716,0.5292046840198106,0.0757390899508071,0.6031872646770596,0.0,0.8400000000000004,0.6,False,,-0.5186075952590724
rb_027,window_median,0.05,quarter_rank,12,6,residual_correlation,Ridge,1.0,0.9,0.005,,none,none,,,pure_stagewise_score,30,none,none,-0.1047012755351209,0.0221715644171857,0.0366475737749182,0.2061477880772572,0.1825725756521928,0.149372028593578,0.8270151823631572,0.0391087974516865,-0.1184021290345307,-0.0805046457120398,0.6166666666666674,0.5,0.0659517486318439,0.3638267224344658,0.0509074148045834,0.3661572366541727,0.0,0.8466666666666676,0.6,False,,-0.891478064184951
rb_027,window_median,0.05,quarter_rank,12,6,residual_correlation,Ridge,1.0,0.9,0.005,,none,none,,,pure_stagewise_score,30,none,buffer,-0.1047012755351209,0.0221715644171857,0.0366475737749182,0.2061477880772572,0.1825725756521928,0.1867870914198903,0.982509221759059,0.0533317168474589,-0.0075359694791378,-0.0805046457120397,0.5666666666666673,0.5,0.0655788288765397,0.3618932223412666,0.0504776234532703,0.367722754725046,0.0,0.8333333333333343,0.6,False,,-0.8196234708087098
rb_027,window_median,0.05,quarter_rank,12,6,residual_correlation,Ridge,1.0,0.9,0.005,,none,none,,,pure_stagewise_score,50,none,none,-0.1047012755351209,0.0221715644171857,0.0366475737749182,0.2061477880772572,0.1825725756521928,0.0788569836372212,0.3937379317589198,-0.0203466501472391,-0.2735392907146849,-0.0906480209123542,0.6250000000000004,0.5,0.0720606714321629,0.4146316688733801,0.0569080813164714,0.4221699467656221,0.0,0.8360000000000005,0.8,False,,-0.9943437493235355
rb_027,window_median,0.05,quarter_rank,12,6,residual_correlation,Ridge,1.0,0.9,0.005,,none,none,,,pure_stagewise_score,20,prev_70_30,none,-0.1047012755351209,0.0221715644171857,0.0366475737749182,0.2061477880772572,0.1825725756521928,0.1749289301397305,0.7098450357772135,-0.0089736314226675,-0.0093346553974605,-0.1357627387169331,0.7750000000000005,0.5,0.0696318540361524,0.4575166044342031,0.0569005168828867,0.3428312732089559,0.0,0.7300000000000003,0.6,False,,-1.0578926721421056
rb_027,window_median,0.05,quarter_rank,12,6,residual_correlation,Ridge,1.0,0.9,0.005,,none,none,,,pure_stagewise_score,20,prev_70_30,buffer,-0.1047012755351209,0.0221715644171857,0.0366475737749182,0.2061477880772572,0.1825725756521928,0.1898136059156716,0.7587553460969941,-0.0013857838412559,0.0479149970953351,-0.1357627387169331,0.7250000000000003,0.5,0.0519280214638051,0.344378299518105,0.0395081236377211,0.2547244352152427,0.0,0.7000000000000004,0.6,False,,-1.0042017362972566
rb_027,window_median,0.05,quarter_rank,12,6,residual_correlation,Ridge,1.0,0.9,0.005,,none,none,,,pure_stagewise_score,30,prev_70_30,none,-0.1047012755351209,0.0221715644171857,0.0366475737749182,0.2061477880772572,0.1825725756521928,0.1247893290668291,0.5055498325555124,-0.0404224744738635,-0.1617552052116554,-0.1339497461496085,0.7166666666666675,0.25,0.0385120335291777,0.2364090466278755,0.0265888360920613,0.1673379481925925,0.0,0.7600000000000008,0.4,False,,-1.0805296335398236
rb_027,window_median,0.05,quarter_rank,12,6,residual_correlation,Ridge,1.0,0.9,0.005,,none,none,,,pure_stagewise_score,30,prev_70_30,buffer,-0.1047012755351209,0.0221715644171857,0.0366475737749182,0.2061477880772572,0.1825725756521928,0.1334574767637621,0.543281617440205,-0.031144961485448,-0.1352480115844591,-0.1339497461496085,0.6666666666666674,0.25,0.0399336982360321,0.2440195899215798,0.0280506680905141,0.1737972534958709,0.0,0.7333333333333341,0.4,False,,-1.0321289451812778
rb_027,window_median,0.05,quarter_rank,12,6,residual_correlation,Ridge,1.0,0.9,0.005,,none,none,,,pure_stagewise_score,50,prev_70_30,none,-0.1047012755351209,0.0221715644171857,0.0366475737749182,0.2061477880772572,0.1825725756521928,0.0289761383530056,0.1297259287900175,-0.101730637088047,-0.4446397833674901,-0.129509666349167,0.6650000000000005,0.25,0.0403249646301251,0.2504373811084321,0.0276171421015542,0.1954176853334482,0.0,0.7400000000000005,0.6,False,,-1.1628206504804486
rb_027,window_median,0.05,quarter_rank,12,6,residual_correlation,Ridge,1.0,0.9,0.005,,none,none,,,pure_stagewise_score,20,trailing2_60_40,none,-0.1047012755351209,0.0221715644171857,0.0366475737749182,0.2061477880772572,0.1825725756521928,0.2468548677659843,0.8595949059191539,0.0052061594793884,0.3117016826161927,-0.1477437112548822,0.9000000000000004,0.75,0.1068136528193983,0.6278659159514367,0.0924552433952836,0.4764642034971112,0.0,0.6200000000000002,0.6,False,,-1.0659469342612822
rb_027,window_median,0.05,quarter_rank,12,6,residual_correlation,Ridge,1.0,0.9,0.005,,none,none,,,pure_stagewise_score,20,trailing2_60_40,buffer,-0.1047012755351209,0.0221715644171857,0.0366475737749182,0.2061477880772572,0.1825725756521928,0.2115723123061503,0.7733399159955584,-0.0097787281983036,0.1589839684969062,-0.1477437112548821,0.8625000000000004,0.5,0.106325331183199,0.7190813747196662,0.0908628075310294,0.5948873034451241,0.0,0.5700000000000002,0.6,False,,-1.0886620802773566
rb_027,window_median,0.05,quarter_rank,12,6,residual_correlation,Ridge,1.0,0.9,0.005,,none,none,,,pure_stagewise_score,30,trailing2_60_40,none,-0.1047012755351209,0.0221715644171857,0.0366475737749182,0.2061477880772572,0.1825725756521928,0.1687568194556452,0.6518510726998051,-0.0336787601563735,-0.0245926776974761,-0.1425733190130997,0.8166666666666674,0.25,0.0836198380312931,0.5051108956470322,0.0692712332456637,0.4372525243525381,0.0,0.5666666666666671,0.6,False,,-1.1173156541633347
rb_027,window_median,0.05,quarter_rank,12,6,residual_correlation,Ridge,1.0,0.9,0.005,,none,none,,,pure_stagewise_score,30,trailing2_60_40,buffer,-0.1047012755351209,0.0221715644171857,0.0366475737749182,0.2061477880772572,0.1825725756521928,0.1535407281717296,0.6095281833672921,-0.039221212065793,-0.0901791460314074,-0.1425733190130996,0.7916666666666674,0.25,0.0923959895791592,0.5670408744993377,0.0776313642246204,0.4862899601224858,0.0,0.5200000000000004,0.6,False,,-1.120220078657515
rb_027,window_median,0.05,quarter_rank,12,6,residual_correlation,Ridge,1.0,0.9,0.005,,none,none,,,pure_stagewise_score,50,trailing2_60_40,none,-0.1047012755351209,0.0221715644171857,0.0366475737749182,0.2061477880772572,0.1825725756521928,0.1802517669431795,0.7803264603496292,0.0040953124366196,-0.0041468981436957,-0.115493667606783,0.7750000000000006,0.25,0.0558391602500942,0.3387049623878357,0.0424476115612512,0.293646095301419,0.0,0.5480000000000004,0.6,False,,-1.0303093745280087
rb_028,window_median,0.05,quarter_rank,12,6,residual_correlation,Ridge,3.0,0.9,0.005,,none,none,,,pure_stagewise_score,20,none,none,-0.1047028127126421,0.0221715644171857,0.0366490125025147,0.2061477880772572,0.1825790049242814,0.3252093820693265,1.8982335293699104,0.2231860953645459,0.2914515340515152,-0.0265931275252987,0.6250000000000002,0.75,0.0968151108542834,0.5490821999758583,0.0790899316503326,0.643303814818006,0.0,0.8600000000000003,0.8,False,,-0.5960233049150955
rb_028,window_median,0.05,quarter_rank,12,6,residual_correlation,Ridge,3.0,0.9,0.005,,none,none,,,pure_stagewise_score,20,none,buffer,-0.1047028127126421,0.0221715644171857,0.0366490125025147,0.2061477880772572,0.1825790049242814,0.3536738275387698,2.2753220997694847,0.2209268895014864,0.4581833173467584,-0.0265931275252986,0.5625000000000002,0.75,0.0930758146380716,0.5292046840198106,0.0757390899508071,0.6031872646770596,0.0,0.8400000000000004,0.6,False,,-0.5186075952590724
rb_028,window_median,0.05,quarter_rank,12,6,residual_correlation,Ridge,3.0,0.9,0.005,,none,none,,,pure_stagewise_score,30,none,none,-0.1047028127126421,0.0221715644171857,0.0366490125025147,0.2061477880772572,0.1825790049242814,0.149372028593578,0.8270151823631572,0.0391087974516865,-0.1184021290345307,-0.0805046457120398,0.6166666666666674,0.5,0.0659517486318439,0.3638267224344658,0.0509074148045834,0.3661572366541727,0.0,0.8466666666666676,0.6,False,,-0.891478064184951
rb_028,window_median,0.05,quarter_rank,12,6,residual_correlation,Ridge,3.0,0.9,0.005,,none,none,,,pure_stagewise_score,30,none,buffer,-0.1047028127126421,0.0221715644171857,0.0366490125025147,0.2061477880772572,0.1825790049242814,0.1867870914198903,0.982509221759059,0.0533317168474589,-0.0075359694791378,-0.0805046457120397,0.5666666666666673,0.5,0.0655788288765397,0.3618932223412666,0.0504776234532703,0.367722754725046,0.0,0.8333333333333343,0.6,False,,-0.8196234708087098
rb_028,window_median,0.05,quarter_rank,12,6,residual_correlation,Ridge,3.0,0.9,0.005,,none,none,,,pure_stagewise_score,50,none,none,-0.1047028127126421,0.0221715644171857,0.0366490125025147,0.2061477880772572,0.1825790049242814,0.0788569836372212,0.3937379317589198,-0.0203466501472391,-0.2735392907146849,-0.0906480209123542,0.6250000000000004,0.5,0.0720606714321629,0.4146316688733801,0.0569080813164714,0.4221699467656221,0.0,0.8360000000000005,0.8,False,,-0.9943437493235355
rb_028,window_median,0.05,quarter_rank,12,6,residual_correlation,Ridge,3.0,0.9,0.005,,none,none,,,pure_stagewise_score,20,prev_70_30,none,-0.1047028127126421,0.0221715644171857,0.0366490125025147,0.2061477880772572,0.1825790049242814,0.1749289301397305,0.7098450357772135,-0.0089736314226675,-0.0093346553974605,-0.1357627387169331,0.7750000000000005,0.5,0.0696318540361524,0.4575166044342031,0.0569005168828867,0.3428312732089559,0.0,0.7300000000000003,0.6,False,,-1.0578926721421056
rb_028,window_median,0.05,quarter_rank,12,6,residual_correlation,Ridge,3.0,0.9,0.005,,none,none,,,pure_stagewise_score,20,prev_70_30,buffer,-0.1047028127126421,0.0221715644171857,0.0366490125025147,0.2061477880772572,0.1825790049242814,0.1898136059156716,0.7587553460969941,-0.0013857838412559,0.0479149970953351,-0.1357627387169331,0.7250000000000003,0.5,0.0519280214638051,0.344378299518105,0.0395081236377211,0.2547244352152427,0.0,0.7000000000000004,0.6,False,,-1.0042017362972566
rb_028,window_median,0.05,quarter_rank,12,6,residual_correlation,Ridge,3.0,0.9,0.005,,none,none,,,pure_stagewise_score,30,prev_70_30,none,-0.1047028127126421,0.0221715644171857,0.0366490125025147,0.2061477880772572,0.1825790049242814,0.1247893290668291,0.5055498325555124,-0.0404224744738635,-0.1617552052116554,-0.1339497461496085,0.7166666666666675,0.25,0.0385120335291777,0.2364090466278755,0.0265888360920613,0.1673379481925925,0.0,0.7600000000000008,0.4,False,,-1.0805296335398236
rb_028,window_median,0.05,quarter_rank,12,6,residual_correlation,Ridge,3.0,0.9,0.005,,none,none,,,pure_stagewise_score,30,prev_70_30,buffer,-0.1047028127126421,0.0221715644171857,0.0366490125025147,0.2061477880772572,0.1825790049242814,0.1334574767637621,0.543281617440205,-0.031144961485448,-0.1352480115844591,-0.1339497461496085,0.6666666666666674,0.25,0.0399336982360321,0.2440195899215798,0.0280506680905141,0.1737972534958709,0.0,0.7333333333333341,0.4,False,,-1.0321289451812778
rb_028,window_median,0.05,quarter_rank,12,6,residual_correlation,Ridge,3.0,0.9,0.005,,none,none,,,pure_stagewise_score,50,prev_70_30,none,-0.1047028127126421,0.0221715644171857,0.0366490125025147,0.2061477880772572,0.1825790049242814,0.0289761383530056,0.1297259287900175,-0.101730637088047,-0.4446397833674901,-0.129509666349167,0.6650000000000005,0.25,0.0403249646301251,0.2504373811084321,0.0276171421015542,0.1954176853334482,0.0,0.7400000000000005,0.6,False,,-1.1628206504804486
rb_028,window_median,0.05,quarter_rank,12,6,residual_correlation,Ridge,3.0,0.9,0.005,,none,none,,,pure_stagewise_score,20,trailing2_60_40,none,-0.1047028127126421,0.0221715644171857,0.0366490125025147,0.2061477880772572,0.1825790049242814,0.2468548677659843,0.8595949059191539,0.0052061594793884,0.3117016826161927,-0.1477437112548822,0.9000000000000004,0.75,0.1068136528193983,0.6278659159514367,0.0924552433952836,0.4764642034971112,0.0,0.6200000000000002,0.6,False,,-1.0659469342612822
rb_028,window_median,0.05,quarter_rank,12,6,residual_correlation,Ridge,3.0,0.9,0.005,,none,none,,,pure_stagewise_score,20,trailing2_60_40,buffer,-0.1047028127126421,0.0221715644171857,0.0366490125025147,0.2061477880772572,0.1825790049242814,0.2115723123061503,0.7733399159955584,-0.0097787281983036,0.1589839684969062,-0.1477437112548821,0.8625000000000004,0.5,0.106325331183199,0.7190813747196662,0.0908628075310294,0.5948873034451241,0.0,0.5700000000000002,0.6,False,,-1.0886620802773566
rb_028,window_median,0.05,quarter_rank,12,6,residual_correlation,Ridge,3.0,0.9,0.005,,none,none,,,pure_stagewise_score,30,trailing2_60_40,none,-0.1047028127126421,0.0221715644171857,0.0366490125025147,0.2061477880772572,0.1825790049242814,0.1687568194556452,0.6518510726998051,-0.0336787601563735,-0.0245926776974761,-0.1425733190130997,0.8166666666666674,0.25,0.0836198380312931,0.5051108956470322,0.0692712332456637,0.4372525243525381,0.0,0.5666666666666671,0.6,False,,-1.1173156541633347
rb_028,window_median,0.05,quarter_rank,12,6,residual_correlation,Ridge,3.0,0.9,0.005,,none,none,,,pure_stagewise_score,30,trailing2_60_40,buffer,-0.1047028127126421,0.0221715644171857,0.0366490125025147,0.2061477880772572,0.1825790049242814,0.1535407281717296,0.6095281833672921,-0.039221212065793,-0.0901791460314074,-0.1425733190130996,0.7916666666666674,0.25,0.0923959895791592,0.5670408744993377,0.0776313642246204,0.4862899601224858,0.0,0.5200000000000004,0.6,False,,-1.120220078657515
rb_028,window_median,0.05,quarter_rank,12,6,residual_correlation,Ridge,3.0,0.9,0.005,,none,none,,,pure_stagewise_score,50,trailing2_60_40,none,-0.1047028127126421,0.0221715644171857,0.0366490125025147,0.2061477880772572,0.1825790049242814,0.1802517669431795,0.7803264603496292,0.0040953124366196,-0.0041468981436957,-0.115493667606783,0.7750000000000006,0.25,0.0558391602500942,0.3387049623878357,0.0424476115612512,0.293646095301419,0.0,0.5480000000000004,0.6,False,,-1.0303093745280087
rb_029,window_median,0.05,quarter_rank,12,6,residual_correlation,Ridge,10.0,0.9,0.005,,none,none,,,pure_stagewise_score,20,none,none,-0.1047038375739899,0.0221715644171857,0.0366470160705663,0.2061477880772572,0.1825699224674864,0.3252093820693265,1.8982335293699104,0.2231860953645459,0.2914515340515152,-0.0265931275252987,0.6250000000000002,0.75,0.0968151108542834,0.5490821999758583,0.0790899316503326,0.643303814818006,0.0,0.8600000000000003,0.8,False,,-0.5960233049150955
rb_029,window_median,0.05,quarter_rank,12,6,residual_correlation,Ridge,10.0,0.9,0.005,,none,none,,,pure_stagewise_score,20,none,buffer,-0.1047038375739899,0.0221715644171857,0.0366470160705663,0.2061477880772572,0.1825699224674864,0.3536738275387698,2.2753220997694847,0.2209268895014864,0.4581833173467584,-0.0265931275252986,0.5625000000000002,0.75,0.0930758146380716,0.5292046840198106,0.0757390899508071,0.6031872646770596,0.0,0.8400000000000004,0.6,False,,-0.5186075952590724
rb_029,window_median,0.05,quarter_rank,12,6,residual_correlation,Ridge,10.0,0.9,0.005,,none,none,,,pure_stagewise_score,30,none,none,-0.1047038375739899,0.0221715644171857,0.0366470160705663,0.2061477880772572,0.1825699224674864,0.149372028593578,0.8270151823631572,0.0391087974516865,-0.1184021290345307,-0.0805046457120398,0.6166666666666674,0.5,0.0659517486318439,0.3638267224344658,0.0509074148045834,0.3661572366541727,0.0,0.8466666666666676,0.6,False,,-0.891478064184951
rb_029,window_median,0.05,quarter_rank,12,6,residual_correlation,Ridge,10.0,0.9,0.005,,none,none,,,pure_stagewise_score,30,none,buffer,-0.1047038375739899,0.0221715644171857,0.0366470160705663,0.2061477880772572,0.1825699224674864,0.1867870914198903,0.982509221759059,0.0533317168474589,-0.0075359694791378,-0.0805046457120397,0.5666666666666673,0.5,0.0655788288765397,0.3618932223412666,0.0504776234532703,0.367722754725046,0.0,0.8333333333333343,0.6,False,,-0.8196234708087098
rb_029,window_median,0.05,quarter_rank,12,6,residual_correlation,Ridge,10.0,0.9,0.005,,none,none,,,pure_stagewise_score,50,none,none,-0.1047038375739899,0.0221715644171857,0.0366470160705663,0.2061477880772572,0.1825699224674864,0.0788569836372212,0.3937379317589198,-0.0203466501472391,-0.2735392907146849,-0.0906480209123542,0.6250000000000004,0.5,0.0720606714321629,0.4146316688733801,0.0569080813164714,0.4221699467656221,0.0,0.8360000000000005,0.8,False,,-0.9943437493235355
rb_029,window_median,0.05,quarter_rank,12,6,residual_correlation,Ridge,10.0,0.9,0.005,,none,none,,,pure_stagewise_score,20,prev_70_30,none,-0.1047038375739899,0.0221715644171857,0.0366470160705663,0.2061477880772572,0.1825699224674864,0.1749289301397305,0.7098450357772135,-0.0089736314226675,-0.0093346553974605,-0.1357627387169331,0.7750000000000005,0.5,0.0696318540361524,0.4575166044342031,0.0569005168828867,0.3428312732089559,0.0,0.7300000000000003,0.6,False,,-1.0578926721421056
rb_029,window_median,0.05,quarter_rank,12,6,residual_correlation,Ridge,10.0,0.9,0.005,,none,none,,,pure_stagewise_score,20,prev_70_30,buffer,-0.1047038375739899,0.0221715644171857,0.0366470160705663,0.2061477880772572,0.1825699224674864,0.1898136059156716,0.7587553460969941,-0.0013857838412559,0.0479149970953351,-0.1357627387169331,0.7250000000000003,0.5,0.0519280214638051,0.344378299518105,0.0395081236377211,0.2547244352152427,0.0,0.7000000000000004,0.6,False,,-1.0042017362972566
rb_029,window_median,0.05,quarter_rank,12,6,residual_correlation,Ridge,10.0,0.9,0.005,,none,none,,,pure_stagewise_score,30,prev_70_30,none,-0.1047038375739899,0.0221715644171857,0.0366470160705663,0.2061477880772572,0.1825699224674864,0.1247893290668291,0.5055498325555124,-0.0404224744738635,-0.1617552052116554,-0.1339497461496085,0.7166666666666675,0.25,0.0385120335291777,0.2364090466278755,0.0265888360920613,0.1673379481925925,0.0,0.7600000000000008,0.4,False,,-1.0805296335398236
rb_029,window_median,0.05,quarter_rank,12,6,residual_correlation,Ridge,10.0,0.9,0.005,,none,none,,,pure_stagewise_score,30,prev_70_30,buffer,-0.1047038375739899,0.0221715644171857,0.0366470160705663,0.2061477880772572,0.1825699224674864,0.1334574767637621,0.543281617440205,-0.031144961485448,-0.1352480115844591,-0.1339497461496085,0.6666666666666674,0.25,0.0399336982360321,0.2440195899215798,0.0280506680905141,0.1737972534958709,0.0,0.7333333333333341,0.4,False,,-1.0321289451812778
rb_029,window_median,0.05,quarter_rank,12,6,residual_correlation,Ridge,10.0,0.9,0.005,,none,none,,,pure_stagewise_score,50,prev_70_30,none,-0.1047038375739899,0.0221715644171857,0.0366470160705663,0.2061477880772572,0.1825699224674864,0.0289761383530056,0.1297259287900175,-0.101730637088047,-0.4446397833674901,-0.129509666349167,0.6650000000000005,0.25,0.0403249646301251,0.2504373811084321,0.0276171421015542,0.1954176853334482,0.0,0.7400000000000005,0.6,False,,-1.1628206504804486
rb_029,window_median,0.05,quarter_rank,12,6,residual_correlation,Ridge,10.0,0.9,0.005,,none,none,,,pure_stagewise_score,20,trailing2_60_40,none,-0.1047038375739899,0.0221715644171857,0.0366470160705663,0.2061477880772572,0.1825699224674864,0.2468548677659843,0.8595949059191539,0.0052061594793884,0.3117016826161927,-0.1477437112548822,0.9000000000000004,0.75,0.1068136528193983,0.6278659159514367,0.0924552433952836,0.4764642034971112,0.0,0.6200000000000002,0.6,False,,-1.0659469342612822
rb_029,window_median,0.05,quarter_rank,12,6,residual_correlation,Ridge,10.0,0.9,0.005,,none,none,,,pure_stagewise_score,20,trailing2_60_40,buffer,-0.1047038375739899,0.0221715644171857,0.0366470160705663,0.2061477880772572,0.1825699224674864,0.2115723123061503,0.7733399159955584,-0.0097787281983036,0.1589839684969062,-0.1477437112548821,0.8625000000000004,0.5,0.106325331183199,0.7190813747196662,0.0908628075310294,0.5948873034451241,0.0,0.5700000000000002,0.6,False,,-1.0886620802773566
rb_029,window_median,0.05,quarter_rank,12,6,residual_correlation,Ridge,10.0,0.9,0.005,,none,none,,,pure_stagewise_score,30,trailing2_60_40,none,-0.1047038375739899,0.0221715644171857,0.0366470160705663,0.2061477880772572,0.1825699224674864,0.1687568194556452,0.6518510726998051,-0.0336787601563735,-0.0245926776974761,-0.1425733190130997,0.8166666666666674,0.25,0.0836198380312931,0.5051108956470322,0.0692712332456637,0.4372525243525381,0.0,0.5666666666666671,0.6,False,,-1.1173156541633347
rb_029,window_median,0.05,quarter_rank,12,6,residual_correlation,Ridge,10.0,0.9,0.005,,none,none,,,pure_stagewise_score,30,trailing2_60_40,buffer,-0.1047038375739899,0.0221715644171857,0.0366470160705663,0.2061477880772572,0.1825699224674864,0.1535407281717296,0.6095281833672921,-0.039221212065793,-0.0901791460314074,-0.1425733190130996,0.7916666666666674,0.25,0.0923959895791592,0.5670408744993377,0.0776313642246204,0.4862899601224858,0.0,0.5200000000000004,0.6,False,,-1.120220078657515
rb_029,window_median,0.05,quarter_rank,12,6,residual_correlation,Ridge,10.0,0.9,0.005,,none,none,,,pure_stagewise_score,50,trailing2_60_40,none,-0.1047038375739899,0.0221715644171857,0.0366470160705663,0.2061477880772572,0.1825699224674864,0.1802517669431795,0.7803264603496292,0.0040953124366196,-0.0041468981436957,-0.115493667606783,0.7750000000000006,0.25,0.0558391602500942,0.3387049623878357,0.0424476115612512,0.293646095301419,0.0,0.5480000000000004,0.6,False,,-1.0303093745280087
rb_030,window_median,0.05,quarter_rank,12,6,residual_correlation,Ridge,30.0,0.9,0.005,,none,none,,,pure_stagewise_score,20,none,none,-0.1047102104612584,0.0221715644171857,0.0366474092064375,0.2061477880772572,0.1825720811748397,0.3252093820693265,1.8982335293699104,0.2231860953645459,0.2914515340515152,-0.0265931275252987,0.6250000000000002,0.75,0.0968151108542834,0.5490821999758583,0.0790899316503326,0.643303814818006,0.0,0.8600000000000003,0.8,False,,-0.5960233049150955
rb_030,window_median,0.05,quarter_rank,12,6,residual_correlation,Ridge,30.0,0.9,0.005,,none,none,,,pure_stagewise_score,20,none,buffer,-0.1047102104612584,0.0221715644171857,0.0366474092064375,0.2061477880772572,0.1825720811748397,0.3536738275387698,2.2753220997694847,0.2209268895014864,0.4581833173467584,-0.0265931275252986,0.5625000000000002,0.75,0.0930758146380716,0.5292046840198106,0.0757390899508071,0.6031872646770596,0.0,0.8400000000000004,0.6,False,,-0.5186075952590724
rb_030,window_median,0.05,quarter_rank,12,6,residual_correlation,Ridge,30.0,0.9,0.005,,none,none,,,pure_stagewise_score,30,none,none,-0.1047102104612584,0.0221715644171857,0.0366474092064375,0.2061477880772572,0.1825720811748397,0.149372028593578,0.8270151823631572,0.0391087974516865,-0.1184021290345307,-0.0805046457120398,0.6166666666666674,0.5,0.0659517486318439,0.3638267224344658,0.0509074148045834,0.3661572366541727,0.0,0.8466666666666676,0.6,False,,-0.891478064184951
rb_030,window_median,0.05,quarter_rank,12,6,residual_correlation,Ridge,30.0,0.9,0.005,,none,none,,,pure_stagewise_score,30,none,buffer,-0.1047102104612584,0.0221715644171857,0.0366474092064375,0.2061477880772572,0.1825720811748397,0.1867870914198903,0.982509221759059,0.0533317168474589,-0.0075359694791378,-0.0805046457120397,0.5666666666666673,0.5,0.0655788288765397,0.3618932223412666,0.0504776234532703,0.367722754725046,0.0,0.8333333333333343,0.6,False,,-0.8196234708087098
rb_030,window_median,0.05,quarter_rank,12,6,residual_correlation,Ridge,30.0,0.9,0.005,,none,none,,,pure_stagewise_score,50,none,none,-0.1047102104612584,0.0221715644171857,0.0366474092064375,0.2061477880772572,0.1825720811748397,0.0788569836372212,0.3937379317589198,-0.0203466501472391,-0.2735392907146849,-0.0906480209123542,0.6250000000000004,0.5,0.0720606714321629,0.4146316688733801,0.0569080813164714,0.4221699467656221,0.0,0.8360000000000005,0.8,False,,-0.9943437493235355
rb_030,window_median,0.05,quarter_rank,12,6,residual_correlation,Ridge,30.0,0.9,0.005,,none,none,,,pure_stagewise_score,20,prev_70_30,none,-0.1047102104612584,0.0221715644171857,0.0366474092064375,0.2061477880772572,0.1825720811748397,0.1749289301397305,0.7098450357772135,-0.0089736314226675,-0.0093346553974605,-0.1357627387169331,0.7750000000000005,0.5,0.0696318540361524,0.4575166044342031,0.0569005168828867,0.3428312732089559,0.0,0.7300000000000003,0.6,False,,-1.0578926721421056
rb_030,window_median,0.05,quarter_rank,12,6,residual_correlation,Ridge,30.0,0.9,0.005,,none,none,,,pure_stagewise_score,20,prev_70_30,buffer,-0.1047102104612584,0.0221715644171857,0.0366474092064375,0.2061477880772572,0.1825720811748397,0.1898136059156716,0.7587553460969941,-0.0013857838412559,0.0479149970953351,-0.1357627387169331,0.7250000000000003,0.5,0.0519280214638051,0.344378299518105,0.0395081236377211,0.2547244352152427,0.0,0.7000000000000004,0.6,False,,-1.0042017362972566
rb_030,window_median,0.05,quarter_rank,12,6,residual_correlation,Ridge,30.0,0.9,0.005,,none,none,,,pure_stagewise_score,30,prev_70_30,none,-0.1047102104612584,0.0221715644171857,0.0366474092064375,0.2061477880772572,0.1825720811748397,0.1247893290668291,0.5055498325555124,-0.0404224744738635,-0.1617552052116554,-0.1339497461496085,0.7166666666666675,0.25,0.0385120335291777,0.2364090466278755,0.0265888360920613,0.1673379481925925,0.0,0.7600000000000008,0.4,False,,-1.0805296335398236
rb_030,window_median,0.05,quarter_rank,12,6,residual_correlation,Ridge,30.0,0.9,0.005,,none,none,,,pure_stagewise_score,30,prev_70_30,buffer,-0.1047102104612584,0.0221715644171857,0.0366474092064375,0.2061477880772572,0.1825720811748397,0.1334574767637621,0.543281617440205,-0.031144961485448,-0.1352480115844591,-0.1339497461496085,0.6666666666666674,0.25,0.0399336982360321,0.2440195899215798,0.0280506680905141,0.1737972534958709,0.0,0.7333333333333341,0.4,False,,-1.0321289451812778
rb_030,window_median,0.05,quarter_rank,12,6,residual_correlation,Ridge,30.0,0.9,0.005,,none,none,,,pure_stagewise_score,50,prev_70_30,none,-0.1047102104612584,0.0221715644171857,0.0366474092064375,0.2061477880772572,0.1825720811748397,0.0289761383530056,0.1297259287900175,-0.101730637088047,-0.4446397833674901,-0.129509666349167,0.6650000000000005,0.25,0.0403249646301251,0.2504373811084321,0.0276171421015542,0.1954176853334482,0.0,0.7400000000000005,0.6,False,,-1.1628206504804486
rb_030,window_median,0.05,quarter_rank,12,6,residual_correlation,Ridge,30.0,0.9,0.005,,none,none,,,pure_stagewise_score,20,trailing2_60_40,none,-0.1047102104612584,0.0221715644171857,0.0366474092064375,0.2061477880772572,0.1825720811748397,0.2468548677659843,0.8595949059191539,0.0052061594793884,0.3117016826161927,-0.1477437112548822,0.9000000000000004,0.75,0.1068136528193983,0.6278659159514367,0.0924552433952836,0.4764642034971112,0.0,0.6200000000000002,0.6,False,,-1.0659469342612822
rb_030,window_median,0.05,quarter_rank,12,6,residual_correlation,Ridge,30.0,0.9,0.005,,none,none,,,pure_stagewise_score,20,trailing2_60_40,buffer,-0.1047102104612584,0.0221715644171857,0.0366474092064375,0.2061477880772572,0.1825720811748397,0.2115723123061503,0.7733399159955584,-0.0097787281983036,0.1589839684969062,-0.1477437112548821,0.8625000000000004,0.5,0.106325331183199,0.7190813747196662,0.0908628075310294,0.5948873034451241,0.0,0.5700000000000002,0.6,False,,-1.0886620802773566
rb_030,window_median,0.05,quarter_rank,12,6,residual_correlation,Ridge,30.0,0.9,0.005,,none,none,,,pure_stagewise_score,30,trailing2_60_40,none,-0.1047102104612584,0.0221715644171857,0.0366474092064375,0.2061477880772572,0.1825720811748397,0.1687568194556452,0.6518510726998051,-0.0336787601563735,-0.0245926776974761,-0.1425733190130997,0.8166666666666674,0.25,0.0836198380312931,0.5051108956470322,0.0692712332456637,0.4372525243525381,0.0,0.5666666666666671,0.6,False,,-1.1173156541633347
rb_030,window_median,0.05,quarter_rank,12,6,residual_correlation,Ridge,30.0,0.9,0.005,,none,none,,,pure_stagewise_score,30,trailing2_60_40,buffer,-0.1047102104612584,0.0221715644171857,0.0366474092064375,0.2061477880772572,0.1825720811748397,0.1535407281717296,0.6095281833672921,-0.039221212065793,-0.0901791460314074,-0.1425733190130996,0.7916666666666674,0.25,0.0923959895791592,0.5670408744993377,0.0776313642246204,0.4862899601224858,0.0,0.5200000000000004,0.6,False,,-1.120220078657515
rb_030,window_median,0.05,quarter_rank,12,6,residual_correlation,Ridge,30.0,0.9,0.005,,none,none,,,pure_stagewise_score,50,trailing2_60_40,none,-0.1047102104612584,0.0221715644171857,0.0366474092064375,0.2061477880772572,0.1825720811748397,0.1802517669431795,0.7803264603496292,0.0040953124366196,-0.0041468981436957,-0.115493667606783,0.7750000000000006,0.25,0.0558391602500942,0.3387049623878357,0.0424476115612512,0.293646095301419,0.0,0.5480000000000004,0.6,False,,-1.0303093745280087
rb_031,window_median,0.05,quarter_rank,12,8,residual_correlation,OLS,1.0,0.9,0.001,,none,none,,,pure_stagewise_score,20,none,none,-0.053222822691638,0.1546266521062726,0.0724547480545229,0.8954117482518626,0.5476914973818477,0.9081510537991224,4.147951428929601,0.5554404920973657,1.92712845487018,0.0,0.9625000000000004,1.0,-0.0236978353632065,-0.1197721656659101,-0.0362061890769829,-0.1485324665825642,0.0,0.7400000000000003,0.6,False,,0.8528500144406227
rb_031,window_median,0.05,quarter_rank,12,8,residual_correlation,OLS,1.0,0.9,0.001,,none,none,,,pure_stagewise_score,20,none,buffer,-0.053222822691638,0.1546266521062726,0.0724547480545229,0.8954117482518626,0.5476914973818477,0.9081510537991224,4.147951428929601,0.5554404920973657,1.92712845487018,0.0,0.9625000000000004,1.0,-0.024713253350706,-0.1264334878184173,-0.0377944922225931,-0.1679305965548012,0.0,0.6500000000000001,0.6,False,,0.8528500144406227
rb_031,window_median,0.05,quarter_rank,12,8,residual_correlation,OLS,1.0,0.9,0.001,,none,none,,,pure_stagewise_score,30,none,none,-0.053222822691638,0.1546266521062726,0.0724547480545229,0.8954117482518626,0.5476914973818477,0.7580456671094977,4.698668811968529,0.495970976067702,1.69231087410674,0.0,0.966666666666668,1.0,0.0118042257470099,0.0658666668276768,-0.001499815002749,0.0244211638970425,0.0,0.6666666666666671,0.6,False,,0.7421175539682034
rb_031,window_median,0.05,quarter_rank,12,8,residual_correlation,OLS,1.0,0.9,0.001,,none,none,,,pure_stagewise_score,30,none,buffer,-0.053222822691638,0.1546266521062726,0.0724547480545229,0.8954117482518626,0.5476914973818477,0.7580456671094977,4.698668811968529,0.495970976067702,1.69231087410674,0.0,0.966666666666668,1.0,0.0284011848017904,0.1660646938410159,0.014259049957065,0.1410014123033278,0.0,0.6200000000000003,0.6,False,,0.7421175539682034
rb_031,window_median,0.05,quarter_rank,12,8,residual_correlation,OLS,1.0,0.9,0.001,,none,none,,,pure_stagewise_score,50,none,none,-0.053222822691638,0.1546266521062726,0.0724547480545229,0.8954117482518626,0.5476914973818477,0.6111192273376476,5.020621872213039,0.4005889389309784,1.8164513221721488,0.0,0.9650000000000007,1.0,0.0406015564271118,0.2202932799028261,0.0257631724354772,0.2253935140607292,0.0,0.6440000000000003,0.6,False,,0.6820075697124417
rb_031,window_median,0.05,quarter_rank,12,8,residual_correlation,OLS,1.0,0.9,0.001,,none,none,,,pure_stagewise_score,20,prev_70_30,none,-0.053222822691638,0.1546266521062726,0.0724547480545229,0.8954117482518626,0.5476914973818477,0.3390337285792195,4.668822604874185,0.25932549186557,0.3448870608123483,0.0,0.9125000000000004,0.75,0.0541997032369492,0.2621323902807954,0.0396598552100406,0.2619231778395897,0.0,0.6900000000000003,0.6,False,,0.257099562423191
rb_031,window_median,0.05,quarter_rank,12,8,residual_correlation,OLS,1.0,0.9,0.001,,none,none,,,pure_stagewise_score,20,prev_70_30,buffer,-0.053222822691638,0.1546266521062726,0.0724547480545229,0.8954117482518626,0.5476914973818477,0.3416919501410964,4.80268498322365,0.2631349871764522,0.3475203904165584,0.0,0.9000000000000005,0.75,0.0670920048368481,0.3217828961089692,0.0517825759642043,0.3251012172794122,0.0,0.6400000000000003,0.6,False,,0.2696976562937444
rb_031,window_median,0.05,quarter_rank,12,8,residual_correlation,OLS,1.0,0.9,0.001,,none,none,,,pure_stagewise_score,30,prev_70_30,none,-0.053222822691638,0.1546266521062726,0.0724547480545229,0.8954117482518626,0.5476914973818477,0.3311413977673059,3.130305957676548,0.2173669099562928,0.4266698047238443,0.0,0.9083333333333344,0.5,0.0272196779423263,0.1386790082872845,0.0137076079994232,0.1220367240439707,0.0,0.6466666666666671,0.6,False,,0.2390491414015409
rb_031,window_median,0.05,quarter_rank,12,8,residual_correlation,OLS,1.0,0.9,0.001,,none,none,,,pure_stagewise_score,30,prev_70_30,buffer,-0.053222822691638,0.1546266521062726,0.0724547480545229,0.8954117482518626,0.5476914973818477,0.3317950403576077,3.1451343278981057,0.2183023046025645,0.4269635034297581,0.0,0.9000000000000011,0.5,0.0210636916118134,0.1081972485978135,0.0072549528379497,0.0917856174516565,0.0,0.6333333333333336,0.6,False,,0.24562505149565098
rb_031,window_median,0.05,quarter_rank,12,8,residual_correlation,OLS,1.0,0.9,0.001,,none,none,,,pure_stagewise_score,50,prev_70_30,none,-0.053222822691638,0.1546266521062726,0.0724547480545229,0.8954117482518626,0.5476914973818477,0.3431702436886246,3.43903299426656,0.2307115028017538,0.4557739609135965,0.0,0.9050000000000008,0.75,0.0062504170470392,0.0341612120135674,-0.0073142137836098,-0.0061299881668902,0.0,0.5960000000000003,0.6,False,,0.2602512424316372
rb_031,window_median,0.05,quarter_rank,12,8,residual_correlation,OLS,1.0,0.9,0.001,,none,none,,,pure_stagewise_score,20,trailing2_60_40,none,-0.053222822691638,0.1546266521062726,0.0724547480545229,0.8954117482518626,0.5476914973818477,0.3697010293370553,4.799920883448365,0.2597216778408882,0.5284554820661737,0.0,0.9375000000000004,0.75,0.1529785739335205,0.828478188018927,0.1345367124881364,0.6399400076432682,0.0,0.7200000000000003,0.8,False,,0.2815548505556368
rb_031,window_median,0.05,quarter_rank,12,8,residual_correlation,OLS,1.0,0.9,0.001,,none,none,,,pure_stagewise_score,20,trailing2_60_40,buffer,-0.053222822691638,0.1546266521062726,0.0724547480545229,0.8954117482518626,0.5476914973818477,0.3609866407133473,4.330044673191844,0.2476368034515109,0.526260516093927,0.0,0.9250000000000004,0.75,0.1028464668804427,0.6192456832530505,0.0871876630637993,0.5421266882162907,0.0,0.6300000000000001,0.8,False,,0.2782497083902953
rb_031,window_median,0.05,quarter_rank,12,8,residual_correlation,OLS,1.0,0.9,0.001,,none,none,,,pure_stagewise_score,30,trailing2_60_40,none,-0.053222822691638,0.1546266521062726,0.0724547480545229,0.8954117482518626,0.5476914973818477,0.3685514752072976,2.9565145241808497,0.2210030148520422,0.7618722844146116,0.0,0.9250000000000012,1.0,0.1142757045284827,0.7536670067840547,0.0966816818285894,0.7968412561600426,0.0,0.6533333333333338,0.8,False,,0.3060311168912214
rb_031,window_median,0.05,quarter_rank,12,8,residual_correlation,OLS,1.0,0.9,0.001,,none,none,,,pure_stagewise_score,30,trailing2_60_40,buffer,-0.053222822691638,0.1546266521062726,0.0724547480545229,0.8954117482518626,0.5476914973818477,0.3639248835982966,2.8581659792524,0.2146817817117275,0.7718152706371636,0.0,0.916666666666668,1.0,0.1117548229716107,0.8186360321590107,0.0953439575498202,0.7457894433087867,0.0,0.5800000000000004,0.6,False,,0.3079938237995652
rb_031,window_median,0.05,quarter_rank,12,8,residual_correlation,OLS,1.0,0.9,0.001,,none,none,,,pure_stagewise_score,50,trailing2_60_40,none,-0.053222822691638,0.1546266521062726,0.0724547480545229,0.8954117482518626,0.5476914973818477,0.2947844056178215,2.390599747473883,0.1679445536334357,0.3877175868941037,-0.0046589805859477,0.9050000000000008,0.5,0.0708036981427711,0.4723944195348102,0.0564030820548163,0.4355310559044542,0.0,0.5840000000000004,0.6,False,,0.1832356442605843
rb_032,window_median,0.05,quarter_rank,12,8,residual_correlation,Ridge,1.0,0.9,0.001,,none,none,,,pure_stagewise_score,20,none,none,-0.0532260263291635,0.1546186221193934,0.072449392929505,0.895398024322751,0.5476136992645495,0.9081510537991224,4.147951428929601,0.5554404920973657,1.92712845487018,0.0,0.9625000000000004,1.0,-0.0236978353632065,-0.1197721656659101,-0.0362061890769829,-0.1485324665825642,0.0,0.7400000000000003,0.6,False,,0.8528065605824965
rb_032,window_median,0.05,quarter_rank,12,8,residual_correlation,Ridge,1.0,0.9,0.001,,none,none,,,pure_stagewise_score,20,none,buffer,-0.0532260263291635,0.1546186221193934,0.072449392929505,0.895398024322751,0.5476136992645495,0.9081510537991224,4.147951428929601,0.5554404920973657,1.92712845487018,0.0,0.9625000000000004,1.0,-0.024713253350706,-0.1264334878184173,-0.0377944922225931,-0.1679305965548012,0.0,0.6500000000000001,0.6,False,,0.8528065605824965
rb_032,window_median,0.05,quarter_rank,12,8,residual_correlation,Ridge,1.0,0.9,0.001,,none,none,,,pure_stagewise_score,30,none,none,-0.0532260263291635,0.1546186221193934,0.072449392929505,0.895398024322751,0.5476136992645495,0.7580456671094977,4.698668811968529,0.495970976067702,1.69231087410674,0.0,0.966666666666668,1.0,0.0118042257470099,0.0658666668276768,-0.001499815002749,0.0244211638970425,0.0,0.6666666666666671,0.6,False,,0.7420741001100772
rb_032,window_median,0.05,quarter_rank,12,8,residual_correlation,Ridge,1.0,0.9,0.001,,none,none,,,pure_stagewise_score,30,none,buffer,-0.0532260263291635,0.1546186221193934,0.072449392929505,0.895398024322751,0.5476136992645495,0.7580456671094977,4.698668811968529,0.495970976067702,1.69231087410674,0.0,0.966666666666668,1.0,0.0284011848017904,0.1660646938410159,0.014259049957065,0.1410014123033278,0.0,0.6200000000000003,0.6,False,,0.7420741001100772
rb_032,window_median,0.05,quarter_rank,12,8,residual_correlation,Ridge,1.0,0.9,0.001,,none,none,,,pure_stagewise_score,50,none,none,-0.0532260263291635,0.1546186221193934,0.072449392929505,0.895398024322751,0.5476136992645495,0.6111192273376476,5.020621872213039,0.4005889389309784,1.8164513221721488,0.0,0.9650000000000007,1.0,0.0406015564271118,0.2202932799028261,0.0257631724354772,0.2253935140607292,0.0,0.6440000000000003,0.6,False,,0.6819641158543155
rb_032,window_median,0.05,quarter_rank,12,8,residual_correlation,Ridge,1.0,0.9,0.001,,none,none,,,pure_stagewise_score,20,prev_70_30,none,-0.0532260263291635,0.1546186221193934,0.072449392929505,0.895398024322751,0.5476136992645495,0.3390337285792195,4.668822604874185,0.25932549186557,0.3448870608123483,0.0,0.9125000000000004,0.75,0.0541997032369492,0.2621323902807954,0.0396598552100406,0.2619231778395897,0.0,0.6900000000000003,0.6,False,,0.2570561085650649
rb_032,window_median,0.05,quarter_rank,12,8,residual_correlation,Ridge,1.0,0.9,0.001,,none,none,,,pure_stagewise_score,20,prev_70_30,buffer,-0.0532260263291635,0.1546186221193934,0.072449392929505,0.895398024322751,0.5476136992645495,0.3416919501410964,4.80268498322365,0.2631349871764522,0.3475203904165584,0.0,0.9000000000000005,0.75,0.0670920048368481,0.3217828961089692,0.0517825759642043,0.3251012172794122,0.0,0.6400000000000003,0.6,False,,0.26965420243561833
rb_032,window_median,0.05,quarter_rank,12,8,residual_correlation,Ridge,1.0,0.9,0.001,,none,none,,,pure_stagewise_score,30,prev_70_30,none,-0.0532260263291635,0.1546186221193934,0.072449392929505,0.895398024322751,0.5476136992645495,0.3311413977673059,3.130305957676548,0.2173669099562928,0.4266698047238443,0.0,0.9083333333333344,0.5,0.0272196779423263,0.1386790082872845,0.0137076079994232,0.1220367240439707,0.0,0.6466666666666671,0.6,False,,0.23900568754341475
rb_032,window_median,0.05,quarter_rank,12,8,residual_correlation,Ridge,1.0,0.9,0.001,,none,none,,,pure_stagewise_score,30,prev_70_30,buffer,-0.0532260263291635,0.1546186221193934,0.072449392929505,0.895398024322751,0.5476136992645495,0.3317950403576077,3.1451343278981057,0.2183023046025645,0.4269635034297581,0.0,0.9000000000000011,0.5,0.0210636916118134,0.1081972485978135,0.0072549528379497,0.0917856174516565,0.0,0.6333333333333336,0.6,False,,0.24558159763752477
rb_032,window_median,0.05,quarter_rank,12,8,residual_correlation,Ridge,1.0,0.9,0.001,,none,none,,,pure_stagewise_score,50,prev_70_30,none,-0.0532260263291635,0.1546186221193934,0.072449392929505,0.895398024322751,0.5476136992645495,0.3431702436886246,3.43903299426656,0.2307115028017538,0.4557739609135965,0.0,0.9050000000000008,0.75,0.0062504170470392,0.0341612120135674,-0.0073142137836098,-0.0061299881668902,0.0,0.5960000000000003,0.6,False,,0.2602077885735111
rb_032,window_median,0.05,quarter_rank,12,8,residual_correlation,Ridge,1.0,0.9,0.001,,none,none,,,pure_stagewise_score,20,trailing2_60_40,none,-0.0532260263291635,0.1546186221193934,0.072449392929505,0.895398024322751,0.5476136992645495,0.3697010293370553,4.799920883448365,0.2597216778408882,0.5284554820661737,0.0,0.9375000000000004,0.75,0.1529785739335205,0.828478188018927,0.1345367124881364,0.6399400076432682,0.0,0.7200000000000003,0.8,False,,0.2815113966975106
rb_032,window_median,0.05,quarter_rank,12,8,residual_correlation,Ridge,1.0,0.9,0.001,,none,none,,,pure_stagewise_score,20,trailing2_60_40,buffer,-0.0532260263291635,0.1546186221193934,0.072449392929505,0.895398024322751,0.5476136992645495,0.3609866407133473,4.330044673191844,0.2476368034515109,0.526260516093927,0.0,0.9250000000000004,0.75,0.1028464668804427,0.6192456832530505,0.0871876630637993,0.5421266882162907,0.0,0.6300000000000001,0.8,False,,0.2782062545321691
rb_032,window_median,0.05,quarter_rank,12,8,residual_correlation,Ridge,1.0,0.9,0.001,,none,none,,,pure_stagewise_score,30,trailing2_60_40,none,-0.0532260263291635,0.1546186221193934,0.072449392929505,0.895398024322751,0.5476136992645495,0.3685514752072976,2.9565145241808497,0.2210030148520422,0.7618722844146116,0.0,0.9250000000000012,1.0,0.1142757045284827,0.7536670067840547,0.0966816818285894,0.7968412561600426,0.0,0.6533333333333338,0.8,False,,0.3059876630330953
rb_032,window_median,0.05,quarter_rank,12,8,residual_correlation,Ridge,1.0,0.9,0.001,,none,none,,,pure_stagewise_score,30,trailing2_60_40,buffer,-0.0532260263291635,0.1546186221193934,0.072449392929505,0.895398024322751,0.5476136992645495,0.3639248835982966,2.8581659792524,0.2146817817117275,0.7718152706371636,0.0,0.916666666666668,1.0,0.1117548229716107,0.8186360321590107,0.0953439575498202,0.7457894433087867,0.0,0.5800000000000004,0.6,False,,0.307950369941439
rb_032,window_median,0.05,quarter_rank,12,8,residual_correlation,Ridge,1.0,0.9,0.001,,none,none,,,pure_stagewise_score,50,trailing2_60_40,none,-0.0532260263291635,0.1546186221193934,0.072449392929505,0.895398024322751,0.5476136992645495,0.2947844056178215,2.390599747473883,0.1679445536334357,0.3877175868941037,-0.0046589805859477,0.9050000000000008,0.5,0.0708036981427711,0.4723944195348102,0.0564030820548163,0.4355310559044542,0.0,0.5840000000000004,0.6,False,,0.1831921904024581
rb_033,window_median,0.05,quarter_rank,12,8,residual_correlation,Ridge,3.0,0.9,0.001,,none,none,,,pure_stagewise_score,20,none,none,-0.0532278998908756,0.1546245051317078,0.0724425296758457,0.8954384099699226,0.547479654551663,0.9081510537991224,4.147951428929601,0.5554404920973657,1.92712845487018,0.0,0.9625000000000004,1.0,-0.0236978353632065,-0.1197721656659101,-0.0362061890769829,-0.1485324665825642,0.0,0.7400000000000003,0.6,False,,0.8528558612373995
rb_033,window_median,0.05,quarter_rank,12,8,residual_correlation,Ridge,3.0,0.9,0.001,,none,none,,,pure_stagewise_score,20,none,buffer,-0.0532278998908756,0.1546245051317078,0.0724425296758457,0.8954384099699226,0.547479654551663,0.9081510537991224,4.147951428929601,0.5554404920973657,1.92712845487018,0.0,0.9625000000000004,1.0,-0.024713253350706,-0.1264334878184173,-0.0377944922225931,-0.1679305965548012,0.0,0.6500000000000001,0.6,False,,0.8528558612373995
rb_033,window_median,0.05,quarter_rank,12,8,residual_correlation,Ridge,3.0,0.9,0.001,,none,none,,,pure_stagewise_score,30,none,none,-0.0532278998908756,0.1546245051317078,0.0724425296758457,0.8954384099699226,0.547479654551663,0.7580456671094977,4.698668811968529,0.495970976067702,1.69231087410674,0.0,0.966666666666668,1.0,0.0118042257470099,0.0658666668276768,-0.001499815002749,0.0244211638970425,0.0,0.6666666666666671,0.6,False,,0.7421234007649802
rb_033,window_median,0.05,quarter_rank,12,8,residual_correlation,Ridge,3.0,0.9,0.001,,none,none,,,pure_stagewise_score,30,none,buffer,-0.0532278998908756,0.1546245051317078,0.0724425296758457,0.8954384099699226,0.547479654551663,0.7580456671094977,4.698668811968529,0.495970976067702,1.69231087410674,0.0,0.966666666666668,1.0,0.0284011848017904,0.1660646938410159,0.014259049957065,0.1410014123033278,0.0,0.6200000000000003,0.6,False,,0.7421234007649802
rb_033,window_median,0.05,quarter_rank,12,8,residual_correlation,Ridge,3.0,0.9,0.001,,none,none,,,pure_stagewise_score,50,none,none,-0.0532278998908756,0.1546245051317078,0.0724425296758457,0.8954384099699226,0.547479654551663,0.6111192273376476,5.020621872213039,0.4005889389309784,1.8164513221721488,0.0,0.9650000000000007,1.0,0.0406015564271118,0.2202932799028261,0.0257631724354772,0.2253935140607292,0.0,0.6440000000000003,0.6,False,,0.6820134165092187
rb_033,window_median,0.05,quarter_rank,12,8,residual_correlation,Ridge,3.0,0.9,0.001,,none,none,,,pure_stagewise_score,20,prev_70_30,none,-0.0532278998908756,0.1546245051317078,0.0724425296758457,0.8954384099699226,0.547479654551663,0.3390337285792195,4.668822604874185,0.25932549186557,0.3448870608123483,0.0,0.9125000000000004,0.75,0.0533050878452447,0.2586143694313606,0.0388217182735793,0.2578910320248411,0.0,0.6800000000000004,0.6,False,,0.25710540921996783
rb_033,window_median,0.05,quarter_rank,12,8,residual_correlation,Ridge,3.0,0.9,0.001,,none,none,,,pure_stagewise_score,20,prev_70_30,buffer,-0.0532278998908756,0.1546245051317078,0.0724425296758457,0.8954384099699226,0.547479654551663,0.3416919501410964,4.80268498322365,0.2631349871764522,0.3475203904165584,0.0,0.9000000000000005,0.75,0.0670920048368481,0.3217828961089692,0.0517825759642043,0.3251012172794122,0.0,0.6400000000000003,0.6,False,,0.26970350309052127
rb_033,window_median,0.05,quarter_rank,12,8,residual_correlation,Ridge,3.0,0.9,0.001,,none,none,,,pure_stagewise_score,30,prev_70_30,none,-0.0532278998908756,0.1546245051317078,0.0724425296758457,0.8954384099699226,0.547479654551663,0.3311413977673059,3.130305957676548,0.2173669099562928,0.4266698047238443,0.0,0.9083333333333344,0.5,0.0272196779423263,0.1386790082872845,0.0137076079994232,0.1220367240439707,0.0,0.6466666666666671,0.6,False,,0.23905498819831775
rb_033,window_median,0.05,quarter_rank,12,8,residual_correlation,Ridge,3.0,0.9,0.001,,none,none,,,pure_stagewise_score,30,prev_70_30,buffer,-0.0532278998908756,0.1546245051317078,0.0724425296758457,0.8954384099699226,0.547479654551663,0.3317950403576077,3.1451343278981057,0.2183023046025645,0.4269635034297581,0.0,0.9000000000000011,0.5,0.0380835604188722,0.1929783723896881,0.0246257019044855,0.1760631457264384,0.0,0.6400000000000003,0.6,False,,0.24563089829242782
rb_033,window_median,0.05,quarter_rank,12,8,residual_correlation,Ridge,3.0,0.9,0.001,,none,none,,,pure_stagewise_score,50,prev_70_30,none,-0.0532278998908756,0.1546245051317078,0.0724425296758457,0.8954384099699226,0.547479654551663,0.3431702436886246,3.43903299426656,0.2307115028017538,0.4557739609135965,0.0,0.9050000000000008,0.75,0.0062504170470392,0.0341612120135674,-0.0073142137836098,-0.0061299881668903,0.0,0.5960000000000003,0.6,False,,0.26025708922841406
rb_033,window_median,0.05,quarter_rank,12,8,residual_correlation,Ridge,3.0,0.9,0.001,,none,none,,,pure_stagewise_score,20,trailing2_60_40,none,-0.0532278998908756,0.1546245051317078,0.0724425296758457,0.8954384099699226,0.547479654551663,0.3697010293370553,4.799920883448365,0.2597216778408882,0.5284554820661737,0.0,0.9375000000000004,0.75,0.1529785739335205,0.828478188018927,0.1345367124881364,0.6399400076432682,0.0,0.7200000000000003,0.8,False,,0.2815606973524136
rb_033,window_median,0.05,quarter_rank,12,8,residual_correlation,Ridge,3.0,0.9,0.001,,none,none,,,pure_stagewise_score,20,trailing2_60_40,buffer,-0.0532278998908756,0.1546245051317078,0.0724425296758457,0.8954384099699226,0.547479654551663,0.3609866407133473,4.330044673191844,0.2476368034515109,0.526260516093927,0.0,0.9250000000000004,0.75,0.1028464668804427,0.6192456832530505,0.0871876630637993,0.5421266882162907,0.0,0.6300000000000001,0.8,False,,0.2782555551870721
rb_033,window_median,0.05,quarter_rank,12,8,residual_correlation,Ridge,3.0,0.9,0.001,,none,none,,,pure_stagewise_score,30,trailing2_60_40,none,-0.0532278998908756,0.1546245051317078,0.0724425296758457,0.8954384099699226,0.547479654551663,0.3685514752072976,2.9565145241808497,0.2210030148520422,0.7618722844146116,0.0,0.9250000000000012,1.0,0.1142757045284827,0.7536670067840548,0.0966816818285894,0.7968412561600426,0.0,0.6533333333333338,0.8,False,,0.30603696368799826
rb_033,window_median,0.05,quarter_rank,12,8,residual_correlation,Ridge,3.0,0.9,0.001,,none,none,,,pure_stagewise_score,30,trailing2_60_40,buffer,-0.0532278998908756,0.1546245051317078,0.0724425296758457,0.8954384099699226,0.547479654551663,0.3639248835982966,2.8581659792524,0.2146817817117275,0.7718152706371636,0.0,0.916666666666668,1.0,0.1117548229716107,0.8186360321590107,0.0953439575498202,0.7457894433087866,0.0,0.5800000000000004,0.6,False,,0.30799967059634203
rb_033,window_median,0.05,quarter_rank,12,8,residual_correlation,Ridge,3.0,0.9,0.001,,none,none,,,pure_stagewise_score,50,trailing2_60_40,none,-0.0532278998908756,0.1546245051317078,0.0724425296758457,0.8954384099699226,0.547479654551663,0.2947844056178215,2.390599747473883,0.1679445536334357,0.3877175868941037,-0.0046589805859477,0.9050000000000008,0.5,0.0708036981427711,0.4723944195348102,0.0564030820548163,0.4355310559044542,0.0,0.5840000000000004,0.6,False,,0.18324149105736115
rb_034,window_median,0.05,quarter_rank,12,8,residual_correlation,Ridge,10.0,0.9,0.001,,none,none,,,pure_stagewise_score,20,none,none,-0.0532364196867353,0.1546171509762038,0.0724233852915362,0.8954848238531469,0.5472186207337072,0.9081510537991224,4.147951428929602,0.5554404920973657,1.92712845487018,0.0,0.9625000000000004,1.0,-0.0236978353632065,-0.1197721656659101,-0.0362061890769829,-0.1485324665825642,0.0,0.7400000000000003,0.6,False,,0.8528500276615579
rb_034,window_median,0.05,quarter_rank,12,8,residual_correlation,Ridge,10.0,0.9,0.001,,none,none,,,pure_stagewise_score,20,none,buffer,-0.0532364196867353,0.1546171509762038,0.0724233852915362,0.8954848238531469,0.5472186207337072,0.9081510537991224,4.147951428929602,0.5554404920973657,1.92712845487018,0.0,0.9625000000000004,1.0,-0.024713253350706,-0.1264334878184173,-0.0377944922225931,-0.1679305965548012,0.0,0.6500000000000001,0.6,False,,0.8528500276615579
rb_034,window_median,0.05,quarter_rank,12,8,residual_correlation,Ridge,10.0,0.9,0.001,,none,none,,,pure_stagewise_score,30,none,none,-0.0532364196867353,0.1546171509762038,0.0724233852915362,0.8954848238531469,0.5472186207337072,0.7580456671094977,4.698668811968529,0.495970976067702,1.69231087410674,0.0,0.966666666666668,1.0,0.0118042257470099,0.0658666668276768,-0.001499815002749,0.0244211638970425,0.0,0.6666666666666671,0.6,False,,0.7421175671891385
rb_034,window_median,0.05,quarter_rank,12,8,residual_correlation,Ridge,10.0,0.9,0.001,,none,none,,,pure_stagewise_score,30,none,buffer,-0.0532364196867353,0.1546171509762038,0.0724233852915362,0.8954848238531469,0.5472186207337072,0.7580456671094977,4.698668811968529,0.495970976067702,1.69231087410674,0.0,0.966666666666668,1.0,0.0284011848017904,0.1660646938410159,0.014259049957065,0.1410014123033278,0.0,0.6200000000000003,0.6,False,,0.7421175671891385
rb_034,window_median,0.05,quarter_rank,12,8,residual_correlation,Ridge,10.0,0.9,0.001,,none,none,,,pure_stagewise_score,50,none,none,-0.0532364196867353,0.1546171509762038,0.0724233852915362,0.8954848238531469,0.5472186207337072,0.6111192273376476,5.020621872213039,0.4005889389309784,1.8164513221721488,0.0,0.9650000000000007,1.0,0.0406015564271118,0.2202932799028261,0.0257631724354772,0.2253935140607292,0.0,0.6440000000000003,0.6,False,,0.6820075829333769
rb_034,window_median,0.05,quarter_rank,12,8,residual_correlation,Ridge,10.0,0.9,0.001,,none,none,,,pure_stagewise_score,20,prev_70_30,none,-0.0532364196867353,0.1546171509762038,0.0724233852915362,0.8954848238531469,0.5472186207337072,0.3390337285792195,4.668822604874185,0.25932549186557,0.3448870608123483,0.0,0.9125000000000004,0.75,0.0533050878452447,0.2586143694313606,0.0388217182735793,0.2578910320248411,0.0,0.6800000000000004,0.6,False,,0.2570995756441262
rb_034,window_median,0.05,quarter_rank,12,8,residual_correlation,Ridge,10.0,0.9,0.001,,none,none,,,pure_stagewise_score,20,prev_70_30,buffer,-0.0532364196867353,0.1546171509762038,0.0724233852915362,0.8954848238531469,0.5472186207337072,0.3416919501410964,4.80268498322365,0.2631349871764522,0.3475203904165584,0.0,0.9000000000000005,0.75,0.0670920048368481,0.3217828961089692,0.0517825759642043,0.3251012172794122,0.0,0.6400000000000003,0.6,False,,0.26969766951467966
rb_034,window_median,0.05,quarter_rank,12,8,residual_correlation,Ridge,10.0,0.9,0.001,,none,none,,,pure_stagewise_score,30,prev_70_30,none,-0.0532364196867353,0.1546171509762038,0.0724233852915362,0.8954848238531469,0.5472186207337072,0.3311413977673059,3.130305957676548,0.2173669099562928,0.4266698047238443,0.0,0.9083333333333344,0.5,0.0272196779423263,0.1386790082872845,0.0137076079994232,0.1220367240439707,0.0,0.6466666666666671,0.6,False,,0.23904915462247608
rb_034,window_median,0.05,quarter_rank,12,8,residual_correlation,Ridge,10.0,0.9,0.001,,none,none,,,pure_stagewise_score,30,prev_70_30,buffer,-0.0532364196867353,0.1546171509762038,0.0724233852915362,0.8954848238531469,0.5472186207337072,0.3317950403576077,3.1451343278981057,0.2183023046025645,0.4269635034297581,0.0,0.9000000000000011,0.5,0.0380835604188722,0.1929783723896881,0.0246257019044855,0.1760631457264384,0.0,0.6400000000000003,0.6,False,,0.24562506471658616
rb_034,window_median,0.05,quarter_rank,12,8,residual_correlation,Ridge,10.0,0.9,0.001,,none,none,,,pure_stagewise_score,50,prev_70_30,none,-0.0532364196867353,0.1546171509762038,0.0724233852915362,0.8954848238531469,0.5472186207337072,0.3431702436886246,3.4390329942665603,0.2307115028017539,0.4557739609135964,0.0,0.9050000000000008,0.75,0.0062504170470392,0.0341612120135674,-0.0073142137836098,-0.0061299881668903,0.0,0.5960000000000003,0.6,False,,0.26025125565257246
rb_034,window_median,0.05,quarter_rank,12,8,residual_correlation,Ridge,10.0,0.9,0.001,,none,none,,,pure_stagewise_score,20,trailing2_60_40,none,-0.0532364196867353,0.1546171509762038,0.0724233852915362,0.8954848238531469,0.5472186207337072,0.3697010293370553,4.799920883448364,0.2597216778408882,0.5284554820661737,0.0,0.9375000000000004,0.75,0.1529785739335205,0.828478188018927,0.1345367124881364,0.6399400076432682,0.0,0.7200000000000003,0.8,False,,0.281554863776572
rb_034,window_median,0.05,quarter_rank,12,8,residual_correlation,Ridge,10.0,0.9,0.001,,none,none,,,pure_stagewise_score,20,trailing2_60_40,buffer,-0.0532364196867353,0.1546171509762038,0.0724233852915362,0.8954848238531469,0.5472186207337072,0.3609866407133473,4.330044673191844,0.247636803451511,0.5262605160939273,0.0,0.9250000000000004,0.75,0.1028464668804427,0.6192456832530505,0.0871876630637993,0.5421266882162907,0.0,0.6300000000000001,0.8,False,,0.2782497216112306
rb_034,window_median,0.05,quarter_rank,12,8,residual_correlation,Ridge,10.0,0.9,0.001,,none,none,,,pure_stagewise_score,30,trailing2_60_40,none,-0.0532364196867353,0.1546171509762038,0.0724233852915362,0.8954848238531469,0.5472186207337072,0.3685514752072976,2.9565145241808497,0.2210030148520422,0.7618722844146116,0.0,0.9250000000000012,1.0,0.1142757045284827,0.7536670067840548,0.0966816818285894,0.7968412561600426,0.0,0.6533333333333338,0.8,False,,0.30603113011215666
rb_034,window_median,0.05,quarter_rank,12,8,residual_correlation,Ridge,10.0,0.9,0.001,,none,none,,,pure_stagewise_score,30,trailing2_60_40,buffer,-0.0532364196867353,0.1546171509762038,0.0724233852915362,0.8954848238531469,0.5472186207337072,0.3639248835982966,2.8581659792524,0.2146817817117275,0.7718152706371636,0.0,0.916666666666668,1.0,0.1117548229716107,0.8186360321590107,0.0953439575498202,0.7457894433087866,0.0,0.5800000000000004,0.6,False,,0.3079938370205003
rb_034,window_median,0.05,quarter_rank,12,8,residual_correlation,Ridge,10.0,0.9,0.001,,none,none,,,pure_stagewise_score,50,trailing2_60_40,none,-0.0532364196867353,0.1546171509762038,0.0724233852915362,0.8954848238531469,0.5472186207337072,0.2947844056178215,2.390599747473883,0.1679445536334357,0.3877175868941037,-0.0046589805859477,0.9050000000000008,0.5,0.0708036981427711,0.4723944195348102,0.0564030820548163,0.4355310559044542,0.0,0.5840000000000004,0.6,False,,0.1832356574815195
rb_035,window_median,0.05,quarter_rank,12,8,residual_correlation,Ridge,30.0,0.9,0.001,,none,none,,,pure_stagewise_score,20,none,none,-0.0532638671778643,0.1380386570642419,0.0723861953085778,0.7610814970132134,0.546350962837442,0.5771194232469465,3.5893859386660263,0.3892679177773032,0.9904427649078816,0.0,0.9750000000000004,0.75,-0.0236978353632065,-0.1197721656659101,-0.0362061890769829,-0.1485324665825642,0.0,0.7400000000000003,0.6,False,,0.3294071274478432
rb_035,window_median,0.05,quarter_rank,12,8,residual_correlation,Ridge,30.0,0.9,0.001,,none,none,,,pure_stagewise_score,20,none,buffer,-0.0532638671778643,0.1380386570642419,0.0723861953085778,0.7610814970132134,0.546350962837442,0.5771194232469465,3.5893859386660263,0.3892679177773032,0.9904427649078816,0.0,0.9750000000000004,0.75,-0.024713253350706,-0.1264334878184173,-0.0377944922225931,-0.1679305965548012,0.0,0.6500000000000001,0.6,False,,0.3294071274478432
rb_035,window_median,0.05,quarter_rank,12,8,residual_correlation,Ridge,30.0,0.9,0.001,,none,none,,,pure_stagewise_score,30,none,none,-0.0532638671778643,0.1380386570642419,0.0723861953085778,0.7610814970132134,0.546350962837442,0.5886622009318263,5.233697055026038,0.4079437891452031,1.1912639796686402,0.0,0.9833333333333346,1.0,0.0118042257470099,0.0658666668276768,-0.0014998150027489,0.0244211638970427,0.0,0.6666666666666671,0.6,False,,0.3860411498416466
rb_035,window_median,0.05,quarter_rank,12,8,residual_correlation,Ridge,30.0,0.9,0.001,,none,none,,,pure_stagewise_score,30,none,buffer,-0.0532638671778643,0.1380386570642419,0.0723861953085778,0.7610814970132134,0.546350962837442,0.5886622009318263,5.233697055026038,0.4079437891452031,1.1912639796686402,0.0,0.9833333333333346,1.0,0.0284011848017904,0.1660646938410159,0.014259049957065,0.1410014123033279,0.0,0.6200000000000003,0.6,False,,0.3860411498416466
rb_035,window_median,0.05,quarter_rank,12,8,residual_correlation,Ridge,30.0,0.9,0.001,,none,none,,,pure_stagewise_score,50,none,none,-0.0532638671778643,0.1380386570642419,0.0723861953085778,0.7610814970132134,0.546350962837442,0.624117226588923,4.986189910918316,0.4074734294413205,1.899354208101303,0.0,0.9750000000000008,1.0,0.0406015564271118,0.2202932799028261,0.0257631724354772,0.2253935140607293,0.0,0.6440000000000003,0.6,False,,0.5493896928537297
rb_035,window_median,0.05,quarter_rank,12,8,residual_correlation,Ridge,30.0,0.9,0.001,,none,none,,,pure_stagewise_score,20,prev_70_30,none,-0.0532638671778643,0.1380386570642419,0.0723861953085778,0.7610814970132134,0.546350962837442,0.5363595867066364,2.8484477037511144,0.3200774694455044,1.1848881719841484,0.0,0.9000000000000005,1.0,0.0541997032369492,0.2621323902807954,0.0396598552100406,0.2619231778395896,0.0,0.6900000000000003,0.6,False,,0.35904185872930416
rb_035,window_median,0.05,quarter_rank,12,8,residual_correlation,Ridge,30.0,0.9,0.001,,none,none,,,pure_stagewise_score,20,prev_70_30,buffer,-0.0532638671778643,0.1380386570642419,0.0723861953085778,0.7610814970132134,0.546350962837442,0.541098253729422,2.871218316055857,0.3244503862294887,1.1788244799792038,0.0,0.8625000000000004,1.0,0.0620090547258411,0.3028542312999814,0.0470453020082064,0.3042282019977894,0.0,0.6400000000000003,0.6,False,,0.38713659566957737
rb_035,window_median,0.05,quarter_rank,12,8,residual_correlation,Ridge,30.0,0.9,0.001,,none,none,,,pure_stagewise_score,30,prev_70_30,none,-0.0532638671778643,0.1380386570642419,0.0723861953085778,0.7610814970132134,0.546350962837442,0.3675055585437046,2.19447505351446,0.2211265262594449,0.5133137309664545,0.0,0.875000000000001,0.5,0.025516599084151,0.1308338751151425,0.0120883800414089,0.1124511863893861,0.0,0.6400000000000003,0.6,False,,0.13366908321753235
rb_035,window_median,0.05,quarter_rank,12,8,residual_correlation,Ridge,30.0,0.9,0.001,,none,none,,,pure_stagewise_score,30,prev_70_30,buffer,-0.0532638671778643,0.1380386570642419,0.0723861953085778,0.7610814970132134,0.546350962837442,0.3771347890354652,2.2689512335543074,0.227186480895576,0.5546345080666695,0.0,0.8583333333333343,0.5,0.0363624697868176,0.1853930358586602,0.0230064739464713,0.1670158913342526,0.0,0.6333333333333336,0.6,False,,0.1598258371199785
rb_035,window_median,0.05,quarter_rank,12,8,residual_correlation,Ridge,30.0,0.9,0.001,,none,none,,,pure_stagewise_score,50,prev_70_30,none,-0.0532638671778643,0.1380386570642419,0.0723861953085778,0.7610814970132134,0.546350962837442,0.4408174368715871,3.389898894461268,0.2766347359011266,1.0132395214573915,0.0,0.8650000000000007,0.75,0.0062504170470392,0.0341612120135674,-0.0073142137836098,-0.0061299881668902,0.0,0.5960000000000003,0.6,False,,0.3038642520521012
rb_035,window_median,0.05,quarter_rank,12,8,residual_correlation,Ridge,30.0,0.9,0.001,,none,none,,,pure_stagewise_score,20,trailing2_60_40,none,-0.0532638671778643,0.1380386570642419,0.0723861953085778,0.7610814970132134,0.546350962837442,0.4858328122855839,2.4311009759074773,0.2906605090062165,0.8309950832672522,0.0,0.9125000000000004,0.75,0.1529785739335205,0.828478188018927,0.1345367124881364,0.6399400076432682,0.0,0.7200000000000003,0.8,False,,0.24410680307251556
rb_035,window_median,0.05,quarter_rank,12,8,residual_correlation,Ridge,30.0,0.9,0.001,,none,none,,,pure_stagewise_score,20,trailing2_60_40,buffer,-0.0532638671778643,0.1380386570642419,0.0723861953085778,0.7610814970132134,0.546350962837442,0.4792545893358113,2.369282236570021,0.2822353968016169,0.8302531894727171,0.0,0.9000000000000005,0.75,0.1028464668804427,0.6192456832530505,0.0871876630637993,0.5421266882162907,0.0,0.6300000000000001,0.8,False,,0.24453969982163812
rb_035,window_median,0.05,quarter_rank,12,8,residual_correlation,Ridge,30.0,0.9,0.001,,none,none,,,pure_stagewise_score,30,trailing2_60_40,none,-0.0532638671778643,0.1380386570642419,0.0723861953085778,0.7610814970132134,0.546350962837442,0.3347182566954512,2.4836599246929367,0.1866277410965072,0.664534214655316,-0.0025560094022504,0.9000000000000011,0.75,0.1142757045284827,0.7536670067840548,0.0966816818285894,0.7968412561600426,0.0,0.6533333333333338,0.8,False,,0.11655755274331542
rb_035,window_median,0.05,quarter_rank,12,8,residual_correlation,Ridge,30.0,0.9,0.001,,none,none,,,pure_stagewise_score,30,trailing2_60_40,buffer,-0.0532638671778643,0.1380386570642419,0.0723861953085778,0.7610814970132134,0.546350962837442,0.3451434686163814,2.741601720780153,0.2033226825578582,0.6372617666842219,0.0,0.875000000000001,0.75,0.1117548229716107,0.8186360321590107,0.0953439575498202,0.7457894433087866,0.0,0.5800000000000004,0.6,False,,0.1447465876821116
rb_035,window_median,0.05,quarter_rank,12,8,residual_correlation,Ridge,30.0,0.9,0.001,,none,none,,,pure_stagewise_score,50,trailing2_60_40,none,-0.0532638671778643,0.1380386570642419,0.0723861953085778,0.7610814970132134,0.546350962837442,0.2786223286451152,2.2164508547983632,0.149850198888363,0.351967164041502,-0.0118821748248296,0.8650000000000007,0.5,0.0649813449989498,0.4382392657366885,0.0505830196555464,0.4232446229455497,0.0,0.5840000000000004,0.6,False,,0.02957320978922364
rb_036,window_median,0.05,quarter_rank,12,8,residual_correlation,OLS,1.0,0.9,0.002,,none,none,,,pure_stagewise_score,20,none,none,-0.0791317997356228,0.1195523443731538,0.1267515728887913,1.271531125042893,0.9272133559678878,0.490579777622413,1.8647388528708784,0.2764631041323919,0.6616378770381365,-0.0688705304156303,0.9500000000000004,0.75,0.0582902252476478,0.3217181285718862,0.0429803155197204,0.3557503608038725,0.0,0.6100000000000002,0.8,False,,0.3313794565250468
rb_036,window_median,0.05,quarter_rank,12,8,residual_correlation,OLS,1.0,0.9,0.002,,none,none,,,pure_stagewise_score,20,none,buffer,-0.0791317997356228,0.1195523443731538,0.1267515728887913,1.271531125042893,0.9272133559678878,0.490579777622413,1.8647388528708784,0.2764631041323919,0.6616378770381365,-0.0688705304156303,0.9500000000000004,0.75,0.0268419097467234,0.1539380665400949,0.0122851797375105,0.1481942721939055,0.0,0.5500000000000002,0.6,False,,0.3313794565250468
rb_036,window_median,0.05,quarter_rank,12,8,residual_correlation,OLS,1.0,0.9,0.002,,none,none,,,pure_stagewise_score,30,none,none,-0.0791317997356228,0.1195523443731538,0.1267515728887913,1.271531125042893,0.9272133559678878,0.4456051831897254,2.062164335016345,0.2640296566864974,0.6416667193346077,-0.0483623078649361,0.9583333333333346,0.75,0.0090568892132025,0.051240585313584,-0.0048548635771587,0.0074197512094432,0.0,0.606666666666667,0.6,False,,0.3240873369522859
rb_036,window_median,0.05,quarter_rank,12,8,residual_correlation,OLS,1.0,0.9,0.002,,none,none,,,pure_stagewise_score,30,none,buffer,-0.0791317997356228,0.1195523443731538,0.1267515728887913,1.271531125042893,0.9272133559678878,0.4291669912592939,1.9761868913490683,0.2586609480564359,0.567938148386883,-0.0485519573343613,0.9250000000000012,0.75,-0.0102116267565454,-0.0589676861055433,-0.0241142105381157,-0.1480557227089808,-0.0024130610371468,0.5200000000000004,0.6,False,,0.3250311243215376
rb_036,window_median,0.05,quarter_rank,12,8,residual_correlation,OLS,1.0,0.9,0.002,,none,none,,,pure_stagewise_score,50,none,none,-0.0791317997356228,0.1195523443731538,0.1267515728887913,1.271531125042893,0.9272133559678878,0.4711564902253979,2.4667362795967893,0.2850540355017961,0.8144085346349055,-0.0303650887015861,0.9300000000000006,0.75,0.028214879466486,0.1648686709349146,0.0143941295006325,0.142386707989905,0.0,0.5480000000000003,0.8,False,,0.41408654116797955
rb_036,window_median,0.05,quarter_rank,12,8,residual_correlation,OLS,1.0,0.9,0.002,,none,none,,,pure_stagewise_score,20,prev_70_30,none,-0.0791317997356228,0.1195523443731538,0.1267515728887913,1.271531125042893,0.9272133559678878,0.0371716251754414,0.325104429566874,0.0482081271646926,-0.3077977837376531,0.0,0.9625000000000004,0.5,-0.0089342221039421,-0.0533592803898396,-0.0222238084225106,-0.139231700544498,0.0,0.6300000000000002,0.6,False,,-0.058125052973598074
rb_036,window_median,0.05,quarter_rank,12,8,residual_correlation,OLS,1.0,0.9,0.002,,none,none,,,pure_stagewise_score,20,prev_70_30,buffer,-0.0791317997356228,0.1195523443731538,0.1267515728887913,1.271531125042893,0.9272133559678878,0.0547148670520556,0.4512476462676593,0.0554248560286116,-0.2786482767835179,0.0,0.9500000000000004,0.5,0.0060757712641683,0.0406239402186435,-0.0066487126669903,-0.0479194809593831,-9.717273064591136e-05,0.5800000000000003,0.6,False,,-0.03642670251408431
rb_036,window_median,0.05,quarter_rank,12,8,residual_correlation,OLS,1.0,0.9,0.002,,none,none,,,pure_stagewise_score,30,prev_70_30,none,-0.0791317997356228,0.1195523443731538,0.1267515728887913,1.271531125042893,0.9272133559678878,0.0862031997167482,0.6365966078301132,0.0654242128171214,-0.2247227840706974,-0.0144470229046425,0.9500000000000012,0.5,-0.0287295824091773,-0.1698683693334481,-0.0431864103179293,-0.340052288793277,-0.0028011740030916,0.5800000000000003,0.4,False,,-0.025202354140830885
rb_036,window_median,0.05,quarter_rank,12,8,residual_correlation,OLS,1.0,0.9,0.002,,none,none,,,pure_stagewise_score,30,prev_70_30,buffer,-0.0791317997356228,0.1195523443731538,0.1267515728887913,1.271531125042893,0.9272133559678878,0.0862031997167482,0.6365966078301132,0.0654242128171214,-0.2247227840706974,-0.0144470229046425,0.9500000000000012,0.5,-0.0181547450456757,-0.1048845776800315,-0.0324856548477818,-0.2267485887618054,-0.0040657805032499,0.546666666666667,0.6,False,,-0.025202354140830885
rb_036,window_median,0.05,quarter_rank,12,8,residual_correlation,OLS,1.0,0.9,0.002,,none,none,,,pure_stagewise_score,50,prev_70_30,none,-0.0791317997356228,0.1195523443731538,0.1267515728887913,1.271531125042893,0.9272133559678878,0.2253523160075257,2.319528579504971,0.1572650783585201,0.0648052421959379,-0.0104547147841468,0.9500000000000006,0.5,0.0063780288445862,0.0339105886467042,-0.0074956005880666,0.0005548403868745,0.0,0.5280000000000002,0.8,False,,0.12792749089297292
rb_036,window_median,0.05,quarter_rank,12,8,residual_correlation,OLS,1.0,0.9,0.002,,none,none,,,pure_stagewise_score,20,trailing2_60_40,none,-0.0791317997356228,0.1195523443731538,0.1267515728887913,1.271531125042893,0.9272133559678878,0.07554208079774,0.8091228228242927,-0.0041883421239117,-0.4627559721008786,-0.0333231850873457,0.9000000000000005,0.25,0.0190664339553645,0.1002360327516853,0.0047921137040351,0.0842437799780167,-0.006518705929301,0.6500000000000001,0.6,False,,-0.12272427379775759
rb_036,window_median,0.05,quarter_rank,12,8,residual_correlation,OLS,1.0,0.9,0.002,,none,none,,,pure_stagewise_score,20,trailing2_60_40,buffer,-0.0791317997356228,0.1195523443731538,0.1267515728887913,1.271531125042893,0.9272133559678878,0.07554208079774,0.8091228228242927,-0.0041883421239117,-0.4627559721008786,-0.0333231850873457,0.9000000000000005,0.25,-0.0117084722656198,-0.0645737123222191,-0.0254913374115657,-0.131731334242977,-0.006518705929301,0.5600000000000002,0.6,False,,-0.12272427379775759
rb_036,window_median,0.05,quarter_rank,12,8,residual_correlation,OLS,1.0,0.9,0.002,,none,none,,,pure_stagewise_score,30,trailing2_60_40,none,-0.0791317997356228,0.1195523443731538,0.1267515728887913,1.271531125042893,0.9272133559678878,0.1911719108929594,1.375492126102087,0.0963780771419361,-0.0160181259888429,-0.0266660311337914,0.9333333333333346,0.5,0.0093622828645762,0.0547070255406354,-0.0053694792332016,0.0024886557096144,-0.0011486940241067,0.5466666666666669,0.8,False,,0.05297632968754003
rb_036,window_median,0.05,quarter_rank,12,8,residual_correlation,OLS,1.0,0.9,0.002,,none,none,,,pure_stagewise_score,30,trailing2_60_40,buffer,-0.0791317997356228,0.1195523443731538,0.1267515728887913,1.271531125042893,0.9272133559678878,0.1921637443444719,1.3880144762872877,0.0980224136632513,-0.0131979558694193,-0.0266660311337915,0.8916666666666678,0.5,-0.0035988632492822,-0.0199595101175907,-0.0178927584293243,-0.0854425302252955,-0.0069487271134925,0.48,0.4,False,,0.08332919857611187
rb_036,window_median,0.05,quarter_rank,12,8,residual_correlation,OLS,1.0,0.9,0.002,,none,none,,,pure_stagewise_score,50,trailing2_60_40,none,-0.0791317997356228,0.1195523443731538,0.1267515728887913,1.271531125042893,0.9272133559678878,0.1465802132321654,1.283020034304445,0.0582434255182252,-0.1767748635263942,-0.0237650983989811,0.8450000000000004,0.5,0.0016965373317776,0.0096334353099843,-0.0123093478220937,-0.0499239749707998,-0.0036061438377645,0.4320000000000002,0.8,False,,0.04330194850731857
rb_037,window_median,0.05,quarter_rank,12,8,residual_correlation,Ridge,1.0,0.9,0.002,,none,none,,,pure_stagewise_score,20,none,none,-0.0791331016478885,0.1195469969346063,0.126747597063567,1.2713880011336869,0.9272185925908548,0.490579777622413,1.8647388528708784,0.2764631041323919,0.6616378770381365,-0.0688705304156303,0.9500000000000004,0.75,0.0582902252476478,0.3217181285718862,0.0429803155197204,0.3557503608038725,0.0,0.6100000000000002,0.8,False,,0.3312733689790615
rb_037,window_median,0.05,quarter_rank,12,8,residual_correlation,Ridge,1.0,0.9,0.002,,none,none,,,pure_stagewise_score,20,none,buffer,-0.0791331016478885,0.1195469969346063,0.126747597063567,1.2713880011336869,0.9272185925908548,0.490579777622413,1.8647388528708784,0.2764631041323919,0.6616378770381365,-0.0688705304156303,0.9500000000000004,0.75,0.0268419097467234,0.1539380665400949,0.0122851797375105,0.1481942721939055,0.0,0.5500000000000002,0.6,False,,0.3312733689790615
rb_037,window_median,0.05,quarter_rank,12,8,residual_correlation,Ridge,1.0,0.9,0.002,,none,none,,,pure_stagewise_score,30,none,none,-0.0791331016478885,0.1195469969346063,0.126747597063567,1.2713880011336869,0.9272185925908548,0.4456051831897254,2.062164335016345,0.2640296566864974,0.6416667193346077,-0.0483623078649361,0.9583333333333346,0.75,0.0090568892132025,0.051240585313584,-0.0048548635771587,0.0074197512094432,0.0,0.606666666666667,0.6,False,,0.32398124940630063
rb_037,window_median,0.05,quarter_rank,12,8,residual_correlation,Ridge,1.0,0.9,0.002,,none,none,,,pure_stagewise_score,30,none,buffer,-0.0791331016478885,0.1195469969346063,0.126747597063567,1.2713880011336869,0.9272185925908548,0.4291669912592939,1.9761868913490683,0.2586609480564359,0.567938148386883,-0.0485519573343613,0.9250000000000012,0.75,-0.0102116267565454,-0.0589676861055433,-0.0241142105381157,-0.1480557227089808,-0.0024130610371468,0.5200000000000004,0.6,False,,0.3249250367755523
rb_037,window_median,0.05,quarter_rank,12,8,residual_correlation,Ridge,1.0,0.9,0.002,,none,none,,,pure_stagewise_score,50,none,none,-0.0791331016478885,0.1195469969346063,0.126747597063567,1.2713880011336869,0.9272185925908548,0.4711564902253979,2.4667362795967893,0.2850540355017961,0.8144085346349055,-0.0303650887015861,0.9300000000000006,0.75,0.028214879466486,0.1648686709349146,0.0143941295006325,0.142386707989905,0.0,0.5480000000000003,0.8,False,,0.41398045362199415
rb_037,window_median,0.05,quarter_rank,12,8,residual_correlation,Ridge,1.0,0.9,0.002,,none,none,,,pure_stagewise_score,20,prev_70_30,none,-0.0791331016478885,0.1195469969346063,0.126747597063567,1.2713880011336869,0.9272185925908548,0.0371716251754414,0.325104429566874,0.0482081271646926,-0.3077977837376531,0.0,0.9625000000000004,0.5,-0.0089342221039421,-0.0533592803898396,-0.0222238084225106,-0.139231700544498,0.0,0.6300000000000002,0.6,False,,-0.05823114051958342
rb_037,window_median,0.05,quarter_rank,12,8,residual_correlation,Ridge,1.0,0.9,0.002,,none,none,,,pure_stagewise_score,20,prev_70_30,buffer,-0.0791331016478885,0.1195469969346063,0.126747597063567,1.2713880011336869,0.9272185925908548,0.0547148670520556,0.4512476462676593,0.0554248560286116,-0.2786482767835179,0.0,0.9500000000000004,0.5,0.0060757712641683,0.0406239402186435,-0.0066487126669903,-0.0479194809593831,-9.717273064591136e-05,0.5800000000000003,0.6,False,,-0.036532790060069625
rb_037,window_median,0.05,quarter_rank,12,8,residual_correlation,Ridge,1.0,0.9,0.002,,none,none,,,pure_stagewise_score,30,prev_70_30,none,-0.0791331016478885,0.1195469969346063,0.126747597063567,1.2713880011336869,0.9272185925908548,0.0862031997167482,0.6365966078301132,0.0654242128171214,-0.2247227840706974,-0.0144470229046425,0.9500000000000012,0.5,-0.0287295824091773,-0.1698683693334481,-0.0431864103179293,-0.340052288793277,-0.0028011740030916,0.5800000000000003,0.4,False,,-0.025308441686816174
rb_037,window_median,0.05,quarter_rank,12,8,residual_correlation,Ridge,1.0,0.9,0.002,,none,none,,,pure_stagewise_score,30,prev_70_30,buffer,-0.0791331016478885,0.1195469969346063,0.126747597063567,1.2713880011336869,0.9272185925908548,0.0862031997167482,0.6365966078301132,0.0654242128171214,-0.2247227840706974,-0.0144470229046425,0.9500000000000012,0.5,-0.0181547450456757,-0.1048845776800315,-0.0324856548477818,-0.2267485887618054,-0.0040657805032499,0.546666666666667,0.6,False,,-0.025308441686816174
rb_037,window_median,0.05,quarter_rank,12,8,residual_correlation,Ridge,1.0,0.9,0.002,,none,none,,,pure_stagewise_score,50,prev_70_30,none,-0.0791331016478885,0.1195469969346063,0.126747597063567,1.2713880011336869,0.9272185925908548,0.2253523160075257,2.319528579504971,0.1572650783585201,0.0648052421959379,-0.0104547147841468,0.9500000000000006,0.5,0.0063780288445862,0.0339105886467042,-0.0074956005880666,0.0005548403868745,0.0,0.5280000000000002,0.8,False,,0.1278214033469876
rb_037,window_median,0.05,quarter_rank,12,8,residual_correlation,Ridge,1.0,0.9,0.002,,none,none,,,pure_stagewise_score,20,trailing2_60_40,none,-0.0791331016478885,0.1195469969346063,0.126747597063567,1.2713880011336869,0.9272185925908548,0.07554208079774,0.8091228228242927,-0.0041883421239117,-0.4627559721008786,-0.0333231850873457,0.9000000000000005,0.25,0.0190664339553645,0.1002360327516853,0.0047921137040351,0.0842437799780167,-0.006518705929301,0.6500000000000001,0.6,False,,-0.12283036134374288
rb_037,window_median,0.05,quarter_rank,12,8,residual_correlation,Ridge,1.0,0.9,0.002,,none,none,,,pure_stagewise_score,20,trailing2_60_40,buffer,-0.0791331016478885,0.1195469969346063,0.126747597063567,1.2713880011336869,0.9272185925908548,0.07554208079774,0.8091228228242927,-0.0041883421239117,-0.4627559721008786,-0.0333231850873457,0.9000000000000005,0.25,-0.0117084722656198,-0.0645737123222191,-0.0254913374115657,-0.131731334242977,-0.006518705929301,0.5600000000000002,0.6,False,,-0.12283036134374288
rb_037,window_median,0.05,quarter_rank,12,8,residual_correlation,Ridge,1.0,0.9,0.002,,none,none,,,pure_stagewise_score,30,trailing2_60_40,none,-0.0791331016478885,0.1195469969346063,0.126747597063567,1.2713880011336869,0.9272185925908548,0.1911719108929594,1.375492126102087,0.0963780771419361,-0.0160181259888429,-0.0266660311337914,0.9333333333333346,0.5,0.0093622828645762,0.0547070255406354,-0.0053694792332016,0.0024886557096144,-0.0011486940241067,0.5466666666666669,0.8,False,,0.05287024214155471
rb_037,window_median,0.05,quarter_rank,12,8,residual_correlation,Ridge,1.0,0.9,0.002,,none,none,,,pure_stagewise_score,30,trailing2_60_40,buffer,-0.0791331016478885,0.1195469969346063,0.126747597063567,1.2713880011336869,0.9272185925908548,0.1921637443444719,1.3880144762872877,0.0980224136632513,-0.0131979558694193,-0.0266660311337915,0.8916666666666678,0.5,-0.0035988632492822,-0.0199595101175907,-0.0178927584293243,-0.0854425302252955,-0.0069487271134925,0.48,0.4,False,,0.08322311103012656
rb_037,window_median,0.05,quarter_rank,12,8,residual_correlation,Ridge,1.0,0.9,0.002,,none,none,,,pure_stagewise_score,50,trailing2_60_40,none,-0.0791331016478885,0.1195469969346063,0.126747597063567,1.2713880011336869,0.9272185925908548,0.1465802132321654,1.283020034304445,0.0582434255182252,-0.1767748635263942,-0.0237650983989811,0.8450000000000004,0.5,0.0016965373317776,0.0096334353099843,-0.0123093478220937,-0.0499239749707998,-0.0036061438377645,0.4320000000000002,0.8,False,,0.04319586096133325
rb_038,window_median,0.05,quarter_rank,12,8,residual_correlation,Ridge,3.0,0.9,0.002,,none,none,,,pure_stagewise_score,20,none,none,-0.0791406492142646,0.1195532035787554,0.12675581593005,1.2715453496984572,0.9273024816611284,0.490579777622413,1.8647388528708784,0.2764631041323919,0.6616378770381365,-0.0688705304156303,0.9500000000000004,0.75,0.0582902252476478,0.3217181285718862,0.0429803155197204,0.3557503608038725,0.0,0.6100000000000002,0.8,False,,0.33139145126113184
rb_038,window_median,0.05,quarter_rank,12,8,residual_correlation,Ridge,3.0,0.9,0.002,,none,none,,,pure_stagewise_score,20,none,buffer,-0.0791406492142646,0.1195532035787554,0.12675581593005,1.2715453496984572,0.9273024816611284,0.490579777622413,1.8647388528708784,0.2764631041323919,0.6616378770381365,-0.0688705304156303,0.9500000000000004,0.75,0.0268419097467234,0.1539380665400949,0.0122851797375105,0.1481942721939055,0.0,0.5500000000000002,0.6,False,,0.33139145126113184
rb_038,window_median,0.05,quarter_rank,12,8,residual_correlation,Ridge,3.0,0.9,0.002,,none,none,,,pure_stagewise_score,30,none,none,-0.0791406492142646,0.1195532035787554,0.12675581593005,1.2715453496984572,0.9273024816611284,0.4456051831897254,2.062164335016345,0.2640296566864974,0.6416667193346077,-0.0483623078649361,0.9583333333333346,0.75,0.0090568892132025,0.051240585313584,-0.0048548635771587,0.0074197512094432,0.0,0.606666666666667,0.6,False,,0.32409933168837085
rb_038,window_median,0.05,quarter_rank,12,8,residual_correlation,Ridge,3.0,0.9,0.002,,none,none,,,pure_stagewise_score,30,none,buffer,-0.0791406492142646,0.1195532035787554,0.12675581593005,1.2715453496984572,0.9273024816611284,0.4291669912592939,1.9761868913490683,0.2586609480564359,0.567938148386883,-0.0485519573343613,0.9250000000000012,0.75,-0.0102116267565454,-0.0589676861055433,-0.0241142105381157,-0.1480557227089808,-0.0024130610371468,0.5200000000000004,0.6,False,,0.3250431190576226
rb_038,window_median,0.05,quarter_rank,12,8,residual_correlation,Ridge,3.0,0.9,0.002,,none,none,,,pure_stagewise_score,50,none,none,-0.0791406492142646,0.1195532035787554,0.12675581593005,1.2715453496984572,0.9273024816611284,0.4711564902253979,2.4667362795967893,0.2850540355017961,0.8144085346349055,-0.0303650887015861,0.9300000000000006,0.75,0.028214879466486,0.1648686709349146,0.0143941295006325,0.142386707989905,0.0,0.5480000000000003,0.8,False,,0.4140985359040645
rb_038,window_median,0.05,quarter_rank,12,8,residual_correlation,Ridge,3.0,0.9,0.002,,none,none,,,pure_stagewise_score,20,prev_70_30,none,-0.0791406492142646,0.1195532035787554,0.12675581593005,1.2715453496984572,0.9273024816611284,0.0371716251754414,0.325104429566874,0.0482081271646926,-0.3077977837376531,0.0,0.9625000000000004,0.5,-0.0089342221039421,-0.0533592803898396,-0.0222238084225106,-0.139231700544498,0.0,0.6300000000000002,0.6,False,,-0.05811305823751314
rb_038,window_median,0.05,quarter_rank,12,8,residual_correlation,Ridge,3.0,0.9,0.002,,none,none,,,pure_stagewise_score,20,prev_70_30,buffer,-0.0791406492142646,0.1195532035787554,0.12675581593005,1.2715453496984572,0.9273024816611284,0.0547148670520556,0.4512476462676593,0.0554248560286116,-0.2786482767835179,0.0,0.9500000000000004,0.5,0.0060757712641683,0.0406239402186435,-0.0066487126669903,-0.0479194809593831,-9.717273064591136e-05,0.5800000000000003,0.6,False,,-0.03641470777799935
rb_038,window_median,0.05,quarter_rank,12,8,residual_correlation,Ridge,3.0,0.9,0.002,,none,none,,,pure_stagewise_score,30,prev_70_30,none,-0.0791406492142646,0.1195532035787554,0.12675581593005,1.2715453496984572,0.9273024816611284,0.0862031997167482,0.6365966078301132,0.0654242128171214,-0.2247227840706974,-0.0144470229046425,0.9500000000000012,0.5,-0.0287295824091773,-0.1698683693334481,-0.0431864103179293,-0.340052288793277,-0.0028011740030916,0.5800000000000003,0.4,False,,-0.0251903594047459
rb_038,window_median,0.05,quarter_rank,12,8,residual_correlation,Ridge,3.0,0.9,0.002,,none,none,,,pure_stagewise_score,30,prev_70_30,buffer,-0.0791406492142646,0.1195532035787554,0.12675581593005,1.2715453496984572,0.9273024816611284,0.0862031997167482,0.6365966078301132,0.0654242128171214,-0.2247227840706974,-0.0144470229046425,0.9500000000000012,0.5,-0.0181547450456757,-0.1048845776800315,-0.0324856548477818,-0.2267485887618054,-0.0040657805032499,0.546666666666667,0.6,False,,-0.0251903594047459
rb_038,window_median,0.05,quarter_rank,12,8,residual_correlation,Ridge,3.0,0.9,0.002,,none,none,,,pure_stagewise_score,50,prev_70_30,none,-0.0791406492142646,0.1195532035787554,0.12675581593005,1.2715453496984572,0.9273024816611284,0.2253523160075257,2.319528579504971,0.1572650783585201,0.0648052421959379,-0.0104547147841468,0.9500000000000006,0.5,0.0063780288445862,0.0339105886467042,-0.0074956005880666,0.0005548403868745,0.0,0.5280000000000002,0.8,False,,0.12793948562905788
rb_038,window_median,0.05,quarter_rank,12,8,residual_correlation,Ridge,3.0,0.9,0.002,,none,none,,,pure_stagewise_score,20,trailing2_60_40,none,-0.0791406492142646,0.1195532035787554,0.12675581593005,1.2715453496984572,0.9273024816611284,0.07554208079774,0.8091228228242927,-0.0041883421239117,-0.4627559721008786,-0.0333231850873457,0.9000000000000005,0.25,0.0190664339553645,0.1002360327516853,0.0047921137040351,0.0842437799780167,-0.006518705929301,0.6500000000000001,0.6,False,,-0.1227122790616726
rb_038,window_median,0.05,quarter_rank,12,8,residual_correlation,Ridge,3.0,0.9,0.002,,none,none,,,pure_stagewise_score,20,trailing2_60_40,buffer,-0.0791406492142646,0.1195532035787554,0.12675581593005,1.2715453496984572,0.9273024816611284,0.07554208079774,0.8091228228242927,-0.0041883421239117,-0.4627559721008786,-0.0333231850873457,0.9000000000000005,0.25,-0.0117084722656198,-0.0645737123222191,-0.0254913374115657,-0.131731334242977,-0.006518705929301,0.5600000000000002,0.6,False,,-0.1227122790616726
rb_038,window_median,0.05,quarter_rank,12,8,residual_correlation,Ridge,3.0,0.9,0.002,,none,none,,,pure_stagewise_score,30,trailing2_60_40,none,-0.0791406492142646,0.1195532035787554,0.12675581593005,1.2715453496984572,0.9273024816611284,0.1911719108929594,1.375492126102087,0.0963780771419361,-0.0160181259888429,-0.0266660311337914,0.9333333333333346,0.5,0.0093622828645762,0.0547070255406354,-0.0053694792332016,0.0024886557096144,-0.0011486940241067,0.5466666666666669,0.8,False,,0.052988324423624986
rb_038,window_median,0.05,quarter_rank,12,8,residual_correlation,Ridge,3.0,0.9,0.002,,none,none,,,pure_stagewise_score,30,trailing2_60_40,buffer,-0.0791406492142646,0.1195532035787554,0.12675581593005,1.2715453496984572,0.9273024816611284,0.1921637443444719,1.3880144762872877,0.0980224136632513,-0.0131979558694193,-0.0266660311337915,0.8916666666666678,0.5,-0.0035988632492822,-0.0199595101175907,-0.0178927584293243,-0.0854425302252955,-0.0069487271134925,0.48,0.4,False,,0.08334119331219683
rb_038,window_median,0.05,quarter_rank,12,8,residual_correlation,Ridge,3.0,0.9,0.002,,none,none,,,pure_stagewise_score,50,trailing2_60_40,none,-0.0791406492142646,0.1195532035787554,0.12675581593005,1.2715453496984572,0.9273024816611284,0.1465802132321654,1.283020034304445,0.0582434255182252,-0.1767748635263942,-0.0237650983989811,0.8450000000000004,0.5,0.0016965373317776,0.0096334353099843,-0.0123093478220937,-0.0499239749707998,-0.0036061438377645,0.4320000000000002,0.8,False,,0.04331394324340353
rb_039,window_median,0.05,quarter_rank,12,8,residual_correlation,Ridge,10.0,0.9,0.002,,none,none,,,pure_stagewise_score,20,none,none,-0.0791604740834778,0.1195563526180171,0.126761012721515,1.2717372199608712,0.927198414869468,0.490579777622413,1.8647388528708784,0.2764631041323919,0.6616378770381365,-0.0688705304156303,0.9500000000000004,0.75,0.0582902252476478,0.3217181285718862,0.0429803155197204,0.3557503608038725,0.0,0.6100000000000002,0.8,False,,0.33151587455557713
rb_039,window_median,0.05,quarter_rank,12,8,residual_correlation,Ridge,10.0,0.9,0.002,,none,none,,,pure_stagewise_score,20,none,buffer,-0.0791604740834778,0.1195563526180171,0.126761012721515,1.2717372199608712,0.927198414869468,0.490579777622413,1.8647388528708784,0.2764631041323919,0.6616378770381365,-0.0688705304156303,0.9500000000000004,0.75,0.0268419097467234,0.1539380665400949,0.0122851797375105,0.1481942721939055,0.0,0.5500000000000002,0.6,False,,0.33151587455557713
rb_039,window_median,0.05,quarter_rank,12,8,residual_correlation,Ridge,10.0,0.9,0.002,,none,none,,,pure_stagewise_score,30,none,none,-0.0791604740834778,0.1195563526180171,0.126761012721515,1.2717372199608712,0.927198414869468,0.4456051831897254,2.062164335016345,0.2640296566864974,0.6416667193346077,-0.0483623078649361,0.9583333333333346,0.75,0.0090568892132025,0.051240585313584,-0.0048548635771587,0.0074197512094432,0.0,0.606666666666667,0.6,False,,0.32422375498281625
rb_039,window_median,0.05,quarter_rank,12,8,residual_correlation,Ridge,10.0,0.9,0.002,,none,none,,,pure_stagewise_score,30,none,buffer,-0.0791604740834778,0.1195563526180171,0.126761012721515,1.2717372199608712,0.927198414869468,0.4291669912592939,1.9761868913490683,0.2586609480564359,0.567938148386883,-0.0485519573343613,0.9250000000000012,0.75,-0.0102116267565454,-0.0589676861055433,-0.0241142105381157,-0.1480557227089808,-0.0024130610371468,0.5200000000000004,0.6,False,,0.3251675423520679
rb_039,window_median,0.05,quarter_rank,12,8,residual_correlation,Ridge,10.0,0.9,0.002,,none,none,,,pure_stagewise_score,50,none,none,-0.0791604740834778,0.1195563526180171,0.126761012721515,1.2717372199608712,0.927198414869468,0.4711564902253979,2.4667362795967893,0.2850540355017961,0.8144085346349055,-0.0303650887015861,0.9300000000000006,0.75,0.028214879466486,0.1648686709349146,0.0143941295006325,0.142386707989905,0.0,0.5480000000000003,0.8,False,,0.4142229591985099
rb_039,window_median,0.05,quarter_rank,12,8,residual_correlation,Ridge,10.0,0.9,0.002,,none,none,,,pure_stagewise_score,20,prev_70_30,none,-0.0791604740834778,0.1195563526180171,0.126761012721515,1.2717372199608712,0.927198414869468,0.0371716251754414,0.325104429566874,0.0482081271646926,-0.3077977837376531,0.0,0.9625000000000004,0.5,-0.0089342221039421,-0.0533592803898396,-0.0222238084225106,-0.139231700544498,0.0,0.6300000000000002,0.6,False,,-0.057988634943067746
rb_039,window_median,0.05,quarter_rank,12,8,residual_correlation,Ridge,10.0,0.9,0.002,,none,none,,,pure_stagewise_score,20,prev_70_30,buffer,-0.0791604740834778,0.1195563526180171,0.126761012721515,1.2717372199608712,0.927198414869468,0.0547148670520556,0.4512476462676593,0.0554248560286116,-0.2786482767835179,0.0,0.9500000000000004,0.5,0.0060757712641683,0.0406239402186435,-0.0066487126669903,-0.0479194809593831,-9.717273064591136e-05,0.5800000000000003,0.6,False,,-0.03629028448355398
rb_039,window_median,0.05,quarter_rank,12,8,residual_correlation,Ridge,10.0,0.9,0.002,,none,none,,,pure_stagewise_score,30,prev_70_30,none,-0.0791604740834778,0.1195563526180171,0.126761012721515,1.2717372199608712,0.927198414869468,0.0862031997167482,0.6365966078301132,0.0654242128171214,-0.2247227840706974,-0.0144470229046425,0.9500000000000012,0.5,-0.0287295824091773,-0.1698683693334481,-0.0431864103179293,-0.340052288793277,-0.0028011740030916,0.5800000000000003,0.4,False,,-0.025065936110300557
rb_039,window_median,0.05,quarter_rank,12,8,residual_correlation,Ridge,10.0,0.9,0.002,,none,none,,,pure_stagewise_score,30,prev_70_30,buffer,-0.0791604740834778,0.1195563526180171,0.126761012721515,1.2717372199608712,0.927198414869468,0.0862031997167482,0.6365966078301132,0.0654242128171214,-0.2247227840706974,-0.0144470229046425,0.9500000000000012,0.5,-0.0181547450456757,-0.1048845776800315,-0.0324856548477818,-0.2267485887618054,-0.0040657805032499,0.546666666666667,0.6,False,,-0.025065936110300557
rb_039,window_median,0.05,quarter_rank,12,8,residual_correlation,Ridge,10.0,0.9,0.002,,none,none,,,pure_stagewise_score,50,prev_70_30,none,-0.0791604740834778,0.1195563526180171,0.126761012721515,1.2717372199608712,0.927198414869468,0.2253523160075257,2.319528579504971,0.1572650783585201,0.0648052421959379,-0.0104547147841468,0.9500000000000006,0.5,0.0063780288445862,0.0339105886467042,-0.0074956005880666,0.0005548403868745,0.0,0.5280000000000002,0.8,False,,0.12806390892350325
rb_039,window_median,0.05,quarter_rank,12,8,residual_correlation,Ridge,10.0,0.9,0.002,,none,none,,,pure_stagewise_score,20,trailing2_60_40,none,-0.0791604740834778,0.1195563526180171,0.126761012721515,1.2717372199608712,0.927198414869468,0.07554208079774,0.8091228228242927,-0.0041883421239117,-0.4627559721008786,-0.0333231850873457,0.9000000000000005,0.25,0.0190664339553645,0.1002360327516853,0.0047921137040351,0.0842437799780167,-0.006518705929301,0.6500000000000001,0.6,False,,-0.12258785576722726
rb_039,window_median,0.05,quarter_rank,12,8,residual_correlation,Ridge,10.0,0.9,0.002,,none,none,,,pure_stagewise_score,20,trailing2_60_40,buffer,-0.0791604740834778,0.1195563526180171,0.126761012721515,1.2717372199608712,0.927198414869468,0.07554208079774,0.8091228228242927,-0.0041883421239117,-0.4627559721008786,-0.0333231850873457,0.9000000000000005,0.25,-0.0117084722656198,-0.0645737123222191,-0.0254913374115657,-0.131731334242977,-0.006518705929301,0.5600000000000002,0.6,False,,-0.12258785576722726
rb_039,window_median,0.05,quarter_rank,12,8,residual_correlation,Ridge,10.0,0.9,0.002,,none,none,,,pure_stagewise_score,30,trailing2_60_40,none,-0.0791604740834778,0.1195563526180171,0.126761012721515,1.2717372199608712,0.927198414869468,0.1911719108929594,1.375492126102087,0.0963780771419361,-0.0160181259888429,-0.0266660311337914,0.9333333333333346,0.5,0.0093622828645762,0.0547070255406354,-0.0053694792332016,0.0024886557096144,-0.0011486940241067,0.5466666666666669,0.8,False,,0.053112747718070355
rb_039,window_median,0.05,quarter_rank,12,8,residual_correlation,Ridge,10.0,0.9,0.002,,none,none,,,pure_stagewise_score,30,trailing2_60_40,buffer,-0.0791604740834778,0.1195563526180171,0.126761012721515,1.2717372199608712,0.927198414869468,0.1921637443444719,1.3880144762872877,0.0980224136632513,-0.0131979558694193,-0.0266660311337915,0.8916666666666678,0.5,-0.0035988632492822,-0.0199595101175907,-0.0178927584293243,-0.0854425302252955,-0.0069487271134925,0.48,0.4,False,,0.0834656166066422
rb_039,window_median,0.05,quarter_rank,12,8,residual_correlation,Ridge,10.0,0.9,0.002,,none,none,,,pure_stagewise_score,50,trailing2_60_40,none,-0.0791604740834778,0.1195563526180171,0.126761012721515,1.2717372199608712,0.927198414869468,0.1465802132321654,1.283020034304445,0.0582434255182252,-0.1767748635263942,-0.0237650983989811,0.8450000000000004,0.5,-0.0009502202969327,-0.0054200411108431,-0.0149056574059701,-0.0711040601645523,-0.0036061438377645,0.4320000000000002,0.6,False,,0.043438366537848896
rb_040,window_median,0.05,quarter_rank,12,8,residual_correlation,Ridge,30.0,0.9,0.002,,none,none,,,pure_stagewise_score,20,none,none,-0.0792426133839158,0.119592477710491,0.1268021731333758,1.2728935909977197,0.9269174655019148,0.490579777622413,1.8647388528708784,0.2764631041323919,0.6616378770381365,-0.0688705304156303,0.9500000000000004,0.75,0.0582902252476478,0.3217181285718862,0.0429803155197204,0.3557503608038725,0.0,0.6100000000000002,0.8,False,,0.33234166621740985
rb_040,window_median,0.05,quarter_rank,12,8,residual_correlation,Ridge,30.0,0.9,0.002,,none,none,,,pure_stagewise_score,20,none,buffer,-0.0792426133839158,0.119592477710491,0.1268021731333758,1.2728935909977197,0.9269174655019148,0.490579777622413,1.8647388528708784,0.2764631041323919,0.6616378770381365,-0.0688705304156303,0.9500000000000004,0.75,0.0268419097467234,0.1539380665400949,0.0122851797375105,0.1481942721939055,0.0,0.5500000000000002,0.6,False,,0.33234166621740985
rb_040,window_median,0.05,quarter_rank,12,8,residual_correlation,Ridge,30.0,0.9,0.002,,none,none,,,pure_stagewise_score,30,none,none,-0.0792426133839158,0.119592477710491,0.1268021731333758,1.2728935909977197,0.9269174655019148,0.4456051831897254,2.062164335016345,0.2640296566864974,0.6416667193346077,-0.0483623078649361,0.9583333333333346,0.75,0.0090568892132025,0.051240585313584,-0.0048548635771587,0.0074197512094432,0.0,0.606666666666667,0.6,False,,0.32504954664464897
rb_040,window_median,0.05,quarter_rank,12,8,residual_correlation,Ridge,30.0,0.9,0.002,,none,none,,,pure_stagewise_score,30,none,buffer,-0.0792426133839158,0.119592477710491,0.1268021731333758,1.2728935909977197,0.9269174655019148,0.4291669912592939,1.9761868913490683,0.2586609480564359,0.567938148386883,-0.0485519573343613,0.9250000000000012,0.75,-0.0102116267565454,-0.0589676861055433,-0.0241142105381157,-0.1480557227089808,-0.0024130610371468,0.5200000000000004,0.6,False,,0.3259933340139006
rb_040,window_median,0.05,quarter_rank,12,8,residual_correlation,Ridge,30.0,0.9,0.002,,none,none,,,pure_stagewise_score,50,none,none,-0.0792426133839158,0.119592477710491,0.1268021731333758,1.2728935909977197,0.9269174655019148,0.4711564902253979,2.4667362795967893,0.2850540355017961,0.8144085346349055,-0.0303650887015861,0.9300000000000006,0.75,0.028214879466486,0.1648686709349146,0.0143941295006325,0.142386707989905,0.0,0.5480000000000003,0.8,False,,0.4150487508603426
rb_040,window_median,0.05,quarter_rank,12,8,residual_correlation,Ridge,30.0,0.9,0.002,,none,none,,,pure_stagewise_score,20,prev_70_30,none,-0.0792426133839158,0.119592477710491,0.1268021731333758,1.2728935909977197,0.9269174655019148,0.0371716251754414,0.325104429566874,0.0482081271646926,-0.3077977837376531,0.0,0.9625000000000004,0.5,-0.0089342221039421,-0.0533592803898396,-0.0222238084225106,-0.139231700544498,0.0,0.6300000000000002,0.6,False,,-0.057162843281235026
rb_040,window_median,0.05,quarter_rank,12,8,residual_correlation,Ridge,30.0,0.9,0.002,,none,none,,,pure_stagewise_score,20,prev_70_30,buffer,-0.0792426133839158,0.119592477710491,0.1268021731333758,1.2728935909977197,0.9269174655019148,0.0547148670520556,0.4512476462676593,0.0554248560286116,-0.2786482767835179,0.0,0.9500000000000004,0.5,0.0060757712641683,0.0406239402186435,-0.0066487126669903,-0.0479194809593831,-9.717273064591136e-05,0.5800000000000003,0.6,False,,-0.03546449282172126
rb_040,window_median,0.05,quarter_rank,12,8,residual_correlation,Ridge,30.0,0.9,0.002,,none,none,,,pure_stagewise_score,30,prev_70_30,none,-0.0792426133839158,0.119592477710491,0.1268021731333758,1.2728935909977197,0.9269174655019148,0.0862031997167482,0.6365966078301132,0.0654242128171214,-0.2247227840706974,-0.0144470229046425,0.9500000000000012,0.5,-0.0287295824091773,-0.1698683693334481,-0.0431864103179293,-0.340052288793277,-0.0028011740030916,0.5800000000000003,0.4,False,,-0.024240144448467837
rb_040,window_median,0.05,quarter_rank,12,8,residual_correlation,Ridge,30.0,0.9,0.002,,none,none,,,pure_stagewise_score,30,prev_70_30,buffer,-0.0792426133839158,0.119592477710491,0.1268021731333758,1.2728935909977197,0.9269174655019148,0.0862031997167482,0.6365966078301132,0.0654242128171214,-0.2247227840706974,-0.0144470229046425,0.9500000000000012,0.5,-0.0181547450456757,-0.1048845776800315,-0.0324856548477818,-0.2267485887618054,-0.0040657805032499,0.546666666666667,0.6,False,,-0.024240144448467837
rb_040,window_median,0.05,quarter_rank,12,8,residual_correlation,Ridge,30.0,0.9,0.002,,none,none,,,pure_stagewise_score,50,prev_70_30,none,-0.0792426133839158,0.119592477710491,0.1268021731333758,1.2728935909977197,0.9269174655019148,0.2253523160075257,2.319528579504971,0.1572650783585201,0.0648052421959379,-0.0104547147841468,0.9500000000000006,0.5,0.0063780288445862,0.0339105886467042,-0.0074956005880666,0.0005548403868745,0.0,0.5280000000000002,0.8,False,,0.12888970058533597
rb_040,window_median,0.05,quarter_rank,12,8,residual_correlation,Ridge,30.0,0.9,0.002,,none,none,,,pure_stagewise_score,20,trailing2_60_40,none,-0.0792426133839158,0.119592477710491,0.1268021731333758,1.2728935909977197,0.9269174655019148,0.07554208079774,0.8091228228242927,-0.0041883421239117,-0.4627559721008786,-0.0333231850873457,0.9000000000000005,0.25,0.0190664339553645,0.1002360327516853,0.0047921137040351,0.0842437799780167,-0.006518705929301,0.6500000000000001,0.6,False,,-0.12176206410539454
rb_040,window_median,0.05,quarter_rank,12,8,residual_correlation,Ridge,30.0,0.9,0.002,,none,none,,,pure_stagewise_score,20,trailing2_60_40,buffer,-0.0792426133839158,0.119592477710491,0.1268021731333758,1.2728935909977197,0.9269174655019148,0.07554208079774,0.8091228228242927,-0.0041883421239117,-0.4627559721008786,-0.0333231850873457,0.9000000000000005,0.25,-0.0060150251664266,-0.0334082525957119,-0.0197649179277969,-0.0946744497750352,-0.006518705929301,0.5700000000000002,0.6,False,,-0.12176206410539454
rb_040,window_median,0.05,quarter_rank,12,8,residual_correlation,Ridge,30.0,0.9,0.002,,none,none,,,pure_stagewise_score,30,trailing2_60_40,none,-0.0792426133839158,0.119592477710491,0.1268021731333758,1.2728935909977197,0.9269174655019148,0.1911719108929594,1.375492126102087,0.0963780771419361,-0.0160181259888429,-0.0266660311337914,0.9333333333333346,0.5,0.0093622828645762,0.0547070255406354,-0.0053694792332016,0.0024886557096145,-0.0011486940241067,0.5466666666666669,0.8,False,,0.053938539379903075
rb_040,window_median,0.05,quarter_rank,12,8,residual_correlation,Ridge,30.0,0.9,0.002,,none,none,,,pure_stagewise_score,30,trailing2_60_40,buffer,-0.0792426133839158,0.119592477710491,0.1268021731333758,1.2728935909977197,0.9269174655019148,0.1981337948357406,1.441480857405643,0.1031634764524907,0.0040550446158256,-0.0266660311337915,0.8916666666666678,0.5,-0.0036159655696915,-0.0200554981980876,-0.0179089967668609,-0.0855829381655932,-0.0069487271134925,0.4933333333333333,0.4,False,,0.09293992942567844
rb_040,window_median,0.05,quarter_rank,12,8,residual_correlation,Ridge,30.0,0.9,0.002,,none,none,,,pure_stagewise_score,50,trailing2_60_40,none,-0.0792426133839158,0.119592477710491,0.1268021731333758,1.2728935909977197,0.9269174655019148,0.1465802132321654,1.283020034304445,0.0582434255182252,-0.1767748635263942,-0.0237650983989811,0.8450000000000004,0.5,-0.0014762619633538,-0.0084246727743897,-0.0154605252334127,-0.0757164098258327,-0.0036061438377645,0.4360000000000002,0.6,False,,0.044264158199681616
rb_041,window_median,0.05,quarter_rank,12,8,residual_correlation,OLS,1.0,0.9,0.005,,none,none,,,pure_stagewise_score,20,none,none,-0.1047018014708905,0.0221715644171857,0.0366470950302103,0.2061477880772572,0.1825704979679114,0.3252093820693265,1.8982335293699104,0.2231860953645459,0.2914515340515152,-0.0265931275252987,0.6250000000000002,0.75,0.0968151108542834,0.5490821999758583,0.0790899316503326,0.643303814818006,0.0,0.8600000000000003,0.8,False,,-0.5960233049150955
rb_041,window_median,0.05,quarter_rank,12,8,residual_correlation,OLS,1.0,0.9,0.005,,none,none,,,pure_stagewise_score,20,none,buffer,-0.1047018014708905,0.0221715644171857,0.0366470950302103,0.2061477880772572,0.1825704979679114,0.3536738275387698,2.2753220997694847,0.2209268895014864,0.4581833173467584,-0.0265931275252986,0.5625000000000002,0.75,0.0930758146380716,0.5292046840198106,0.0757390899508071,0.6031872646770596,0.0,0.8400000000000004,0.6,False,,-0.5186075952590724
rb_041,window_median,0.05,quarter_rank,12,8,residual_correlation,OLS,1.0,0.9,0.005,,none,none,,,pure_stagewise_score,30,none,none,-0.1047018014708905,0.0221715644171857,0.0366470950302103,0.2061477880772572,0.1825704979679114,0.149372028593578,0.8270151823631572,0.0391087974516865,-0.1184021290345307,-0.0805046457120398,0.6166666666666674,0.5,0.0659517486318439,0.3638267224344658,0.0509074148045834,0.3661572366541727,0.0,0.8466666666666676,0.6,False,,-0.891478064184951
rb_041,window_median,0.05,quarter_rank,12,8,residual_correlation,OLS,1.0,0.9,0.005,,none,none,,,pure_stagewise_score,30,none,buffer,-0.1047018014708905,0.0221715644171857,0.0366470950302103,0.2061477880772572,0.1825704979679114,0.1867870914198903,0.982509221759059,0.0533317168474589,-0.0075359694791378,-0.0805046457120397,0.5666666666666673,0.5,0.0655788288765397,0.3618932223412666,0.0504776234532703,0.367722754725046,0.0,0.8333333333333343,0.6,False,,-0.8196234708087098
rb_041,window_median,0.05,quarter_rank,12,8,residual_correlation,OLS,1.0,0.9,0.005,,none,none,,,pure_stagewise_score,50,none,none,-0.1047018014708905,0.0221715644171857,0.0366470950302103,0.2061477880772572,0.1825704979679114,0.0788569836372212,0.3937379317589198,-0.0203466501472391,-0.2735392907146849,-0.0906480209123542,0.6250000000000004,0.5,0.0720606714321629,0.4146316688733801,0.0569080813164714,0.4221699467656221,0.0,0.8360000000000005,0.8,False,,-0.9943437493235355
rb_041,window_median,0.05,quarter_rank,12,8,residual_correlation,OLS,1.0,0.9,0.005,,none,none,,,pure_stagewise_score,20,prev_70_30,none,-0.1047018014708905,0.0221715644171857,0.0366470950302103,0.2061477880772572,0.1825704979679114,0.1749289301397305,0.7098450357772135,-0.0089736314226675,-0.0093346553974605,-0.1357627387169331,0.7750000000000005,0.5,0.0696318540361524,0.4575166044342031,0.0569005168828867,0.3428312732089559,0.0,0.7300000000000003,0.6,False,,-1.0578926721421056
rb_041,window_median,0.05,quarter_rank,12,8,residual_correlation,OLS,1.0,0.9,0.005,,none,none,,,pure_stagewise_score,20,prev_70_30,buffer,-0.1047018014708905,0.0221715644171857,0.0366470950302103,0.2061477880772572,0.1825704979679114,0.1898136059156716,0.7587553460969941,-0.0013857838412559,0.0479149970953351,-0.1357627387169331,0.7250000000000003,0.5,0.0519280214638051,0.344378299518105,0.0395081236377211,0.2547244352152427,0.0,0.7000000000000004,0.6,False,,-1.0042017362972566
rb_041,window_median,0.05,quarter_rank,12,8,residual_correlation,OLS,1.0,0.9,0.005,,none,none,,,pure_stagewise_score,30,prev_70_30,none,-0.1047018014708905,0.0221715644171857,0.0366470950302103,0.2061477880772572,0.1825704979679114,0.1247893290668291,0.5055498325555124,-0.0404224744738635,-0.1617552052116554,-0.1339497461496085,0.7166666666666675,0.25,0.0385120335291777,0.2364090466278755,0.0265888360920613,0.1673379481925925,0.0,0.7600000000000008,0.4,False,,-1.0805296335398236
rb_041,window_median,0.05,quarter_rank,12,8,residual_correlation,OLS,1.0,0.9,0.005,,none,none,,,pure_stagewise_score,30,prev_70_30,buffer,-0.1047018014708905,0.0221715644171857,0.0366470950302103,0.2061477880772572,0.1825704979679114,0.1334574767637621,0.543281617440205,-0.031144961485448,-0.1352480115844591,-0.1339497461496085,0.6666666666666674,0.25,0.0399336982360321,0.2440195899215798,0.0280506680905141,0.1737972534958709,0.0,0.7333333333333341,0.4,False,,-1.0321289451812778
rb_041,window_median,0.05,quarter_rank,12,8,residual_correlation,OLS,1.0,0.9,0.005,,none,none,,,pure_stagewise_score,50,prev_70_30,none,-0.1047018014708905,0.0221715644171857,0.0366470950302103,0.2061477880772572,0.1825704979679114,0.0289761383530056,0.1297259287900175,-0.101730637088047,-0.4446397833674901,-0.129509666349167,0.6650000000000005,0.25,0.0403249646301251,0.2504373811084321,0.0276171421015542,0.1954176853334482,0.0,0.7400000000000005,0.6,False,,-1.1628206504804486
rb_041,window_median,0.05,quarter_rank,12,8,residual_correlation,OLS,1.0,0.9,0.005,,none,none,,,pure_stagewise_score,20,trailing2_60_40,none,-0.1047018014708905,0.0221715644171857,0.0366470950302103,0.2061477880772572,0.1825704979679114,0.2468548677659843,0.8595949059191539,0.0052061594793884,0.3117016826161927,-0.1477437112548822,0.9000000000000004,0.75,0.1068136528193983,0.6278659159514367,0.0924552433952836,0.4764642034971112,0.0,0.6200000000000002,0.6,False,,-1.0659469342612822
rb_041,window_median,0.05,quarter_rank,12,8,residual_correlation,OLS,1.0,0.9,0.005,,none,none,,,pure_stagewise_score,20,trailing2_60_40,buffer,-0.1047018014708905,0.0221715644171857,0.0366470950302103,0.2061477880772572,0.1825704979679114,0.2115723123061503,0.7733399159955584,-0.0097787281983036,0.1589839684969062,-0.1477437112548821,0.8625000000000004,0.5,0.106325331183199,0.7190813747196662,0.0908628075310294,0.5948873034451241,0.0,0.5700000000000002,0.6,False,,-1.0886620802773566
rb_041,window_median,0.05,quarter_rank,12,8,residual_correlation,OLS,1.0,0.9,0.005,,none,none,,,pure_stagewise_score,30,trailing2_60_40,none,-0.1047018014708905,0.0221715644171857,0.0366470950302103,0.2061477880772572,0.1825704979679114,0.1687568194556452,0.6518510726998051,-0.0336787601563735,-0.0245926776974761,-0.1425733190130997,0.8166666666666674,0.25,0.0836198380312931,0.5051108956470322,0.0692712332456637,0.4372525243525381,0.0,0.5666666666666671,0.6,False,,-1.1173156541633347
rb_041,window_median,0.05,quarter_rank,12,8,residual_correlation,OLS,1.0,0.9,0.005,,none,none,,,pure_stagewise_score,30,trailing2_60_40,buffer,-0.1047018014708905,0.0221715644171857,0.0366470950302103,0.2061477880772572,0.1825704979679114,0.1535407281717296,0.6095281833672921,-0.039221212065793,-0.0901791460314074,-0.1425733190130996,0.7916666666666674,0.25,0.0923959895791592,0.5670408744993377,0.0776313642246204,0.4862899601224858,0.0,0.5200000000000004,0.6,False,,-1.120220078657515
rb_041,window_median,0.05,quarter_rank,12,8,residual_correlation,OLS,1.0,0.9,0.005,,none,none,,,pure_stagewise_score,50,trailing2_60_40,none,-0.1047018014708905,0.0221715644171857,0.0366470950302103,0.2061477880772572,0.1825704979679114,0.1802517669431795,0.7803264603496292,0.0040953124366196,-0.0041468981436957,-0.115493667606783,0.7750000000000006,0.25,0.0558391602500942,0.3387049623878357,0.0424476115612512,0.293646095301419,0.0,0.5480000000000004,0.6,False,,-1.0303093745280087
rb_042,window_median,0.05,quarter_rank,12,8,residual_correlation,Ridge,1.0,0.9,0.005,,none,none,,,pure_stagewise_score,20,none,none,-0.1047012755351209,0.0221715644171857,0.0366475737749182,0.2061477880772572,0.1825725756521928,0.3252093820693265,1.8982335293699104,0.2231860953645459,0.2914515340515152,-0.0265931275252987,0.6250000000000002,0.75,0.0968151108542834,0.5490821999758583,0.0790899316503326,0.643303814818006,0.0,0.8600000000000003,0.8,False,,-0.5960233049150955
rb_042,window_median,0.05,quarter_rank,12,8,residual_correlation,Ridge,1.0,0.9,0.005,,none,none,,,pure_stagewise_score,20,none,buffer,-0.1047012755351209,0.0221715644171857,0.0366475737749182,0.2061477880772572,0.1825725756521928,0.3536738275387698,2.2753220997694847,0.2209268895014864,0.4581833173467584,-0.0265931275252986,0.5625000000000002,0.75,0.0930758146380716,0.5292046840198106,0.0757390899508071,0.6031872646770596,0.0,0.8400000000000004,0.6,False,,-0.5186075952590724
rb_042,window_median,0.05,quarter_rank,12,8,residual_correlation,Ridge,1.0,0.9,0.005,,none,none,,,pure_stagewise_score,30,none,none,-0.1047012755351209,0.0221715644171857,0.0366475737749182,0.2061477880772572,0.1825725756521928,0.149372028593578,0.8270151823631572,0.0391087974516865,-0.1184021290345307,-0.0805046457120398,0.6166666666666674,0.5,0.0659517486318439,0.3638267224344658,0.0509074148045834,0.3661572366541727,0.0,0.8466666666666676,0.6,False,,-0.891478064184951
rb_042,window_median,0.05,quarter_rank,12,8,residual_correlation,Ridge,1.0,0.9,0.005,,none,none,,,pure_stagewise_score,30,none,buffer,-0.1047012755351209,0.0221715644171857,0.0366475737749182,0.2061477880772572,0.1825725756521928,0.1867870914198903,0.982509221759059,0.0533317168474589,-0.0075359694791378,-0.0805046457120397,0.5666666666666673,0.5,0.0655788288765397,0.3618932223412666,0.0504776234532703,0.367722754725046,0.0,0.8333333333333343,0.6,False,,-0.8196234708087098
rb_042,window_median,0.05,quarter_rank,12,8,residual_correlation,Ridge,1.0,0.9,0.005,,none,none,,,pure_stagewise_score,50,none,none,-0.1047012755351209,0.0221715644171857,0.0366475737749182,0.2061477880772572,0.1825725756521928,0.0788569836372212,0.3937379317589198,-0.0203466501472391,-0.2735392907146849,-0.0906480209123542,0.6250000000000004,0.5,0.0720606714321629,0.4146316688733801,0.0569080813164714,0.4221699467656221,0.0,0.8360000000000005,0.8,False,,-0.9943437493235355
rb_042,window_median,0.05,quarter_rank,12,8,residual_correlation,Ridge,1.0,0.9,0.005,,none,none,,,pure_stagewise_score,20,prev_70_30,none,-0.1047012755351209,0.0221715644171857,0.0366475737749182,0.2061477880772572,0.1825725756521928,0.1749289301397305,0.7098450357772135,-0.0089736314226675,-0.0093346553974605,-0.1357627387169331,0.7750000000000005,0.5,0.0696318540361524,0.4575166044342031,0.0569005168828867,0.3428312732089559,0.0,0.7300000000000003,0.6,False,,-1.0578926721421056
rb_042,window_median,0.05,quarter_rank,12,8,residual_correlation,Ridge,1.0,0.9,0.005,,none,none,,,pure_stagewise_score,20,prev_70_30,buffer,-0.1047012755351209,0.0221715644171857,0.0366475737749182,0.2061477880772572,0.1825725756521928,0.1898136059156716,0.7587553460969941,-0.0013857838412559,0.0479149970953351,-0.1357627387169331,0.7250000000000003,0.5,0.0519280214638051,0.344378299518105,0.0395081236377211,0.2547244352152427,0.0,0.7000000000000004,0.6,False,,-1.0042017362972566
rb_042,window_median,0.05,quarter_rank,12,8,residual_correlation,Ridge,1.0,0.9,0.005,,none,none,,,pure_stagewise_score,30,prev_70_30,none,-0.1047012755351209,0.0221715644171857,0.0366475737749182,0.2061477880772572,0.1825725756521928,0.1247893290668291,0.5055498325555124,-0.0404224744738635,-0.1617552052116554,-0.1339497461496085,0.7166666666666675,0.25,0.0385120335291777,0.2364090466278755,0.0265888360920613,0.1673379481925925,0.0,0.7600000000000008,0.4,False,,-1.0805296335398236
rb_042,window_median,0.05,quarter_rank,12,8,residual_correlation,Ridge,1.0,0.9,0.005,,none,none,,,pure_stagewise_score,30,prev_70_30,buffer,-0.1047012755351209,0.0221715644171857,0.0366475737749182,0.2061477880772572,0.1825725756521928,0.1334574767637621,0.543281617440205,-0.031144961485448,-0.1352480115844591,-0.1339497461496085,0.6666666666666674,0.25,0.0399336982360321,0.2440195899215798,0.0280506680905141,0.1737972534958709,0.0,0.7333333333333341,0.4,False,,-1.0321289451812778
rb_042,window_median,0.05,quarter_rank,12,8,residual_correlation,Ridge,1.0,0.9,0.005,,none,none,,,pure_stagewise_score,50,prev_70_30,none,-0.1047012755351209,0.0221715644171857,0.0366475737749182,0.2061477880772572,0.1825725756521928,0.0289761383530056,0.1297259287900175,-0.101730637088047,-0.4446397833674901,-0.129509666349167,0.6650000000000005,0.25,0.0403249646301251,0.2504373811084321,0.0276171421015542,0.1954176853334482,0.0,0.7400000000000005,0.6,False,,-1.1628206504804486
rb_042,window_median,0.05,quarter_rank,12,8,residual_correlation,Ridge,1.0,0.9,0.005,,none,none,,,pure_stagewise_score,20,trailing2_60_40,none,-0.1047012755351209,0.0221715644171857,0.0366475737749182,0.2061477880772572,0.1825725756521928,0.2468548677659843,0.8595949059191539,0.0052061594793884,0.3117016826161927,-0.1477437112548822,0.9000000000000004,0.75,0.1068136528193983,0.6278659159514367,0.0924552433952836,0.4764642034971112,0.0,0.6200000000000002,0.6,False,,-1.0659469342612822
rb_042,window_median,0.05,quarter_rank,12,8,residual_correlation,Ridge,1.0,0.9,0.005,,none,none,,,pure_stagewise_score,20,trailing2_60_40,buffer,-0.1047012755351209,0.0221715644171857,0.0366475737749182,0.2061477880772572,0.1825725756521928,0.2115723123061503,0.7733399159955584,-0.0097787281983036,0.1589839684969062,-0.1477437112548821,0.8625000000000004,0.5,0.106325331183199,0.7190813747196662,0.0908628075310294,0.5948873034451241,0.0,0.5700000000000002,0.6,False,,-1.0886620802773566
rb_042,window_median,0.05,quarter_rank,12,8,residual_correlation,Ridge,1.0,0.9,0.005,,none,none,,,pure_stagewise_score,30,trailing2_60_40,none,-0.1047012755351209,0.0221715644171857,0.0366475737749182,0.2061477880772572,0.1825725756521928,0.1687568194556452,0.6518510726998051,-0.0336787601563735,-0.0245926776974761,-0.1425733190130997,0.8166666666666674,0.25,0.0836198380312931,0.5051108956470322,0.0692712332456637,0.4372525243525381,0.0,0.5666666666666671,0.6,False,,-1.1173156541633347
rb_042,window_median,0.05,quarter_rank,12,8,residual_correlation,Ridge,1.0,0.9,0.005,,none,none,,,pure_stagewise_score,30,trailing2_60_40,buffer,-0.1047012755351209,0.0221715644171857,0.0366475737749182,0.2061477880772572,0.1825725756521928,0.1535407281717296,0.6095281833672921,-0.039221212065793,-0.0901791460314074,-0.1425733190130996,0.7916666666666674,0.25,0.0923959895791592,0.5670408744993377,0.0776313642246204,0.4862899601224858,0.0,0.5200000000000004,0.6,False,,-1.120220078657515
rb_042,window_median,0.05,quarter_rank,12,8,residual_correlation,Ridge,1.0,0.9,0.005,,none,none,,,pure_stagewise_score,50,trailing2_60_40,none,-0.1047012755351209,0.0221715644171857,0.0366475737749182,0.2061477880772572,0.1825725756521928,0.1802517669431795,0.7803264603496292,0.0040953124366196,-0.0041468981436957,-0.115493667606783,0.7750000000000006,0.25,0.0558391602500942,0.3387049623878357,0.0424476115612512,0.293646095301419,0.0,0.5480000000000004,0.6,False,,-1.0303093745280087
rb_043,window_median,0.05,quarter_rank,12,8,residual_correlation,Ridge,3.0,0.9,0.005,,none,none,,,pure_stagewise_score,20,none,none,-0.1047028127126421,0.0221715644171857,0.0366490125025147,0.2061477880772572,0.1825790049242814,0.3252093820693265,1.8982335293699104,0.2231860953645459,0.2914515340515152,-0.0265931275252987,0.6250000000000002,0.75,0.0968151108542834,0.5490821999758583,0.0790899316503326,0.643303814818006,0.0,0.8600000000000003,0.8,False,,-0.5960233049150955
rb_043,window_median,0.05,quarter_rank,12,8,residual_correlation,Ridge,3.0,0.9,0.005,,none,none,,,pure_stagewise_score,20,none,buffer,-0.1047028127126421,0.0221715644171857,0.0366490125025147,0.2061477880772572,0.1825790049242814,0.3536738275387698,2.2753220997694847,0.2209268895014864,0.4581833173467584,-0.0265931275252986,0.5625000000000002,0.75,0.0930758146380716,0.5292046840198106,0.0757390899508071,0.6031872646770596,0.0,0.8400000000000004,0.6,False,,-0.5186075952590724
rb_043,window_median,0.05,quarter_rank,12,8,residual_correlation,Ridge,3.0,0.9,0.005,,none,none,,,pure_stagewise_score,30,none,none,-0.1047028127126421,0.0221715644171857,0.0366490125025147,0.2061477880772572,0.1825790049242814,0.149372028593578,0.8270151823631572,0.0391087974516865,-0.1184021290345307,-0.0805046457120398,0.6166666666666674,0.5,0.0659517486318439,0.3638267224344658,0.0509074148045834,0.3661572366541727,0.0,0.8466666666666676,0.6,False,,-0.891478064184951
rb_043,window_median,0.05,quarter_rank,12,8,residual_correlation,Ridge,3.0,0.9,0.005,,none,none,,,pure_stagewise_score,30,none,buffer,-0.1047028127126421,0.0221715644171857,0.0366490125025147,0.2061477880772572,0.1825790049242814,0.1867870914198903,0.982509221759059,0.0533317168474589,-0.0075359694791378,-0.0805046457120397,0.5666666666666673,0.5,0.0655788288765397,0.3618932223412666,0.0504776234532703,0.367722754725046,0.0,0.8333333333333343,0.6,False,,-0.8196234708087098
rb_043,window_median,0.05,quarter_rank,12,8,residual_correlation,Ridge,3.0,0.9,0.005,,none,none,,,pure_stagewise_score,50,none,none,-0.1047028127126421,0.0221715644171857,0.0366490125025147,0.2061477880772572,0.1825790049242814,0.0788569836372212,0.3937379317589198,-0.0203466501472391,-0.2735392907146849,-0.0906480209123542,0.6250000000000004,0.5,0.0720606714321629,0.4146316688733801,0.0569080813164714,0.4221699467656221,0.0,0.8360000000000005,0.8,False,,-0.9943437493235355
rb_043,window_median,0.05,quarter_rank,12,8,residual_correlation,Ridge,3.0,0.9,0.005,,none,none,,,pure_stagewise_score,20,prev_70_30,none,-0.1047028127126421,0.0221715644171857,0.0366490125025147,0.2061477880772572,0.1825790049242814,0.1749289301397305,0.7098450357772135,-0.0089736314226675,-0.0093346553974605,-0.1357627387169331,0.7750000000000005,0.5,0.0696318540361524,0.4575166044342031,0.0569005168828867,0.3428312732089559,0.0,0.7300000000000003,0.6,False,,-1.0578926721421056
rb_043,window_median,0.05,quarter_rank,12,8,residual_correlation,Ridge,3.0,0.9,0.005,,none,none,,,pure_stagewise_score,20,prev_70_30,buffer,-0.1047028127126421,0.0221715644171857,0.0366490125025147,0.2061477880772572,0.1825790049242814,0.1898136059156716,0.7587553460969941,-0.0013857838412559,0.0479149970953351,-0.1357627387169331,0.7250000000000003,0.5,0.0519280214638051,0.344378299518105,0.0395081236377211,0.2547244352152427,0.0,0.7000000000000004,0.6,False,,-1.0042017362972566
rb_043,window_median,0.05,quarter_rank,12,8,residual_correlation,Ridge,3.0,0.9,0.005,,none,none,,,pure_stagewise_score,30,prev_70_30,none,-0.1047028127126421,0.0221715644171857,0.0366490125025147,0.2061477880772572,0.1825790049242814,0.1247893290668291,0.5055498325555124,-0.0404224744738635,-0.1617552052116554,-0.1339497461496085,0.7166666666666675,0.25,0.0385120335291777,0.2364090466278755,0.0265888360920613,0.1673379481925925,0.0,0.7600000000000008,0.4,False,,-1.0805296335398236
rb_043,window_median,0.05,quarter_rank,12,8,residual_correlation,Ridge,3.0,0.9,0.005,,none,none,,,pure_stagewise_score,30,prev_70_30,buffer,-0.1047028127126421,0.0221715644171857,0.0366490125025147,0.2061477880772572,0.1825790049242814,0.1334574767637621,0.543281617440205,-0.031144961485448,-0.1352480115844591,-0.1339497461496085,0.6666666666666674,0.25,0.0399336982360321,0.2440195899215798,0.0280506680905141,0.1737972534958709,0.0,0.7333333333333341,0.4,False,,-1.0321289451812778
rb_043,window_median,0.05,quarter_rank,12,8,residual_correlation,Ridge,3.0,0.9,0.005,,none,none,,,pure_stagewise_score,50,prev_70_30,none,-0.1047028127126421,0.0221715644171857,0.0366490125025147,0.2061477880772572,0.1825790049242814,0.0289761383530056,0.1297259287900175,-0.101730637088047,-0.4446397833674901,-0.129509666349167,0.6650000000000005,0.25,0.0403249646301251,0.2504373811084321,0.0276171421015542,0.1954176853334482,0.0,0.7400000000000005,0.6,False,,-1.1628206504804486
rb_043,window_median,0.05,quarter_rank,12,8,residual_correlation,Ridge,3.0,0.9,0.005,,none,none,,,pure_stagewise_score,20,trailing2_60_40,none,-0.1047028127126421,0.0221715644171857,0.0366490125025147,0.2061477880772572,0.1825790049242814,0.2468548677659843,0.8595949059191539,0.0052061594793884,0.3117016826161927,-0.1477437112548822,0.9000000000000004,0.75,0.1068136528193983,0.6278659159514367,0.0924552433952836,0.4764642034971112,0.0,0.6200000000000002,0.6,False,,-1.0659469342612822
rb_043,window_median,0.05,quarter_rank,12,8,residual_correlation,Ridge,3.0,0.9,0.005,,none,none,,,pure_stagewise_score,20,trailing2_60_40,buffer,-0.1047028127126421,0.0221715644171857,0.0366490125025147,0.2061477880772572,0.1825790049242814,0.2115723123061503,0.7733399159955584,-0.0097787281983036,0.1589839684969062,-0.1477437112548821,0.8625000000000004,0.5,0.106325331183199,0.7190813747196662,0.0908628075310294,0.5948873034451241,0.0,0.5700000000000002,0.6,False,,-1.0886620802773566
rb_043,window_median,0.05,quarter_rank,12,8,residual_correlation,Ridge,3.0,0.9,0.005,,none,none,,,pure_stagewise_score,30,trailing2_60_40,none,-0.1047028127126421,0.0221715644171857,0.0366490125025147,0.2061477880772572,0.1825790049242814,0.1687568194556452,0.6518510726998051,-0.0336787601563735,-0.0245926776974761,-0.1425733190130997,0.8166666666666674,0.25,0.0836198380312931,0.5051108956470322,0.0692712332456637,0.4372525243525381,0.0,0.5666666666666671,0.6,False,,-1.1173156541633347
rb_043,window_median,0.05,quarter_rank,12,8,residual_correlation,Ridge,3.0,0.9,0.005,,none,none,,,pure_stagewise_score,30,trailing2_60_40,buffer,-0.1047028127126421,0.0221715644171857,0.0366490125025147,0.2061477880772572,0.1825790049242814,0.1535407281717296,0.6095281833672921,-0.039221212065793,-0.0901791460314074,-0.1425733190130996,0.7916666666666674,0.25,0.0923959895791592,0.5670408744993377,0.0776313642246204,0.4862899601224858,0.0,0.5200000000000004,0.6,False,,-1.120220078657515
rb_043,window_median,0.05,quarter_rank,12,8,residual_correlation,Ridge,3.0,0.9,0.005,,none,none,,,pure_stagewise_score,50,trailing2_60_40,none,-0.1047028127126421,0.0221715644171857,0.0366490125025147,0.2061477880772572,0.1825790049242814,0.1802517669431795,0.7803264603496292,0.0040953124366196,-0.0041468981436957,-0.115493667606783,0.7750000000000006,0.25,0.0558391602500942,0.3387049623878357,0.0424476115612512,0.293646095301419,0.0,0.5480000000000004,0.6,False,,-1.0303093745280087
rb_044,window_median,0.05,quarter_rank,12,8,residual_correlation,Ridge,10.0,0.9,0.005,,none,none,,,pure_stagewise_score,20,none,none,-0.1047038375739899,0.0221715644171857,0.0366470160705663,0.2061477880772572,0.1825699224674864,0.3252093820693265,1.8982335293699104,0.2231860953645459,0.2914515340515152,-0.0265931275252987,0.6250000000000002,0.75,0.0968151108542834,0.5490821999758583,0.0790899316503326,0.643303814818006,0.0,0.8600000000000003,0.8,False,,-0.5960233049150955
rb_044,window_median,0.05,quarter_rank,12,8,residual_correlation,Ridge,10.0,0.9,0.005,,none,none,,,pure_stagewise_score,20,none,buffer,-0.1047038375739899,0.0221715644171857,0.0366470160705663,0.2061477880772572,0.1825699224674864,0.3536738275387698,2.2753220997694847,0.2209268895014864,0.4581833173467584,-0.0265931275252986,0.5625000000000002,0.75,0.0930758146380716,0.5292046840198106,0.0757390899508071,0.6031872646770596,0.0,0.8400000000000004,0.6,False,,-0.5186075952590724
rb_044,window_median,0.05,quarter_rank,12,8,residual_correlation,Ridge,10.0,0.9,0.005,,none,none,,,pure_stagewise_score,30,none,none,-0.1047038375739899,0.0221715644171857,0.0366470160705663,0.2061477880772572,0.1825699224674864,0.149372028593578,0.8270151823631572,0.0391087974516865,-0.1184021290345307,-0.0805046457120398,0.6166666666666674,0.5,0.0659517486318439,0.3638267224344658,0.0509074148045834,0.3661572366541727,0.0,0.8466666666666676,0.6,False,,-0.891478064184951
rb_044,window_median,0.05,quarter_rank,12,8,residual_correlation,Ridge,10.0,0.9,0.005,,none,none,,,pure_stagewise_score,30,none,buffer,-0.1047038375739899,0.0221715644171857,0.0366470160705663,0.2061477880772572,0.1825699224674864,0.1867870914198903,0.982509221759059,0.0533317168474589,-0.0075359694791378,-0.0805046457120397,0.5666666666666673,0.5,0.0655788288765397,0.3618932223412666,0.0504776234532703,0.367722754725046,0.0,0.8333333333333343,0.6,False,,-0.8196234708087098
rb_044,window_median,0.05,quarter_rank,12,8,residual_correlation,Ridge,10.0,0.9,0.005,,none,none,,,pure_stagewise_score,50,none,none,-0.1047038375739899,0.0221715644171857,0.0366470160705663,0.2061477880772572,0.1825699224674864,0.0788569836372212,0.3937379317589198,-0.0203466501472391,-0.2735392907146849,-0.0906480209123542,0.6250000000000004,0.5,0.0720606714321629,0.4146316688733801,0.0569080813164714,0.4221699467656221,0.0,0.8360000000000005,0.8,False,,-0.9943437493235355
rb_044,window_median,0.05,quarter_rank,12,8,residual_correlation,Ridge,10.0,0.9,0.005,,none,none,,,pure_stagewise_score,20,prev_70_30,none,-0.1047038375739899,0.0221715644171857,0.0366470160705663,0.2061477880772572,0.1825699224674864,0.1749289301397305,0.7098450357772135,-0.0089736314226675,-0.0093346553974605,-0.1357627387169331,0.7750000000000005,0.5,0.0696318540361524,0.4575166044342031,0.0569005168828867,0.3428312732089559,0.0,0.7300000000000003,0.6,False,,-1.0578926721421056
rb_044,window_median,0.05,quarter_rank,12,8,residual_correlation,Ridge,10.0,0.9,0.005,,none,none,,,pure_stagewise_score,20,prev_70_30,buffer,-0.1047038375739899,0.0221715644171857,0.0366470160705663,0.2061477880772572,0.1825699224674864,0.1898136059156716,0.7587553460969941,-0.0013857838412559,0.0479149970953351,-0.1357627387169331,0.7250000000000003,0.5,0.0519280214638051,0.344378299518105,0.0395081236377211,0.2547244352152427,0.0,0.7000000000000004,0.6,False,,-1.0042017362972566
rb_044,window_median,0.05,quarter_rank,12,8,residual_correlation,Ridge,10.0,0.9,0.005,,none,none,,,pure_stagewise_score,30,prev_70_30,none,-0.1047038375739899,0.0221715644171857,0.0366470160705663,0.2061477880772572,0.1825699224674864,0.1247893290668291,0.5055498325555124,-0.0404224744738635,-0.1617552052116554,-0.1339497461496085,0.7166666666666675,0.25,0.0385120335291777,0.2364090466278755,0.0265888360920613,0.1673379481925925,0.0,0.7600000000000008,0.4,False,,-1.0805296335398236
rb_044,window_median,0.05,quarter_rank,12,8,residual_correlation,Ridge,10.0,0.9,0.005,,none,none,,,pure_stagewise_score,30,prev_70_30,buffer,-0.1047038375739899,0.0221715644171857,0.0366470160705663,0.2061477880772572,0.1825699224674864,0.1334574767637621,0.543281617440205,-0.031144961485448,-0.1352480115844591,-0.1339497461496085,0.6666666666666674,0.25,0.0399336982360321,0.2440195899215798,0.0280506680905141,0.1737972534958709,0.0,0.7333333333333341,0.4,False,,-1.0321289451812778
rb_044,window_median,0.05,quarter_rank,12,8,residual_correlation,Ridge,10.0,0.9,0.005,,none,none,,,pure_stagewise_score,50,prev_70_30,none,-0.1047038375739899,0.0221715644171857,0.0366470160705663,0.2061477880772572,0.1825699224674864,0.0289761383530056,0.1297259287900175,-0.101730637088047,-0.4446397833674901,-0.129509666349167,0.6650000000000005,0.25,0.0403249646301251,0.2504373811084321,0.0276171421015542,0.1954176853334482,0.0,0.7400000000000005,0.6,False,,-1.1628206504804486
rb_044,window_median,0.05,quarter_rank,12,8,residual_correlation,Ridge,10.0,0.9,0.005,,none,none,,,pure_stagewise_score,20,trailing2_60_40,none,-0.1047038375739899,0.0221715644171857,0.0366470160705663,0.2061477880772572,0.1825699224674864,0.2468548677659843,0.8595949059191539,0.0052061594793884,0.3117016826161927,-0.1477437112548822,0.9000000000000004,0.75,0.1068136528193983,0.6278659159514367,0.0924552433952836,0.4764642034971112,0.0,0.6200000000000002,0.6,False,,-1.0659469342612822
rb_044,window_median,0.05,quarter_rank,12,8,residual_correlation,Ridge,10.0,0.9,0.005,,none,none,,,pure_stagewise_score,20,trailing2_60_40,buffer,-0.1047038375739899,0.0221715644171857,0.0366470160705663,0.2061477880772572,0.1825699224674864,0.2115723123061503,0.7733399159955584,-0.0097787281983036,0.1589839684969062,-0.1477437112548821,0.8625000000000004,0.5,0.106325331183199,0.7190813747196662,0.0908628075310294,0.5948873034451241,0.0,0.5700000000000002,0.6,False,,-1.0886620802773566
rb_044,window_median,0.05,quarter_rank,12,8,residual_correlation,Ridge,10.0,0.9,0.005,,none,none,,,pure_stagewise_score,30,trailing2_60_40,none,-0.1047038375739899,0.0221715644171857,0.0366470160705663,0.2061477880772572,0.1825699224674864,0.1687568194556452,0.6518510726998051,-0.0336787601563735,-0.0245926776974761,-0.1425733190130997,0.8166666666666674,0.25,0.0836198380312931,0.5051108956470322,0.0692712332456637,0.4372525243525381,0.0,0.5666666666666671,0.6,False,,-1.1173156541633347
rb_044,window_median,0.05,quarter_rank,12,8,residual_correlation,Ridge,10.0,0.9,0.005,,none,none,,,pure_stagewise_score,30,trailing2_60_40,buffer,-0.1047038375739899,0.0221715644171857,0.0366470160705663,0.2061477880772572,0.1825699224674864,0.1535407281717296,0.6095281833672921,-0.039221212065793,-0.0901791460314074,-0.1425733190130996,0.7916666666666674,0.25,0.0923959895791592,0.5670408744993377,0.0776313642246204,0.4862899601224858,0.0,0.5200000000000004,0.6,False,,-1.120220078657515
rb_044,window_median,0.05,quarter_rank,12,8,residual_correlation,Ridge,10.0,0.9,0.005,,none,none,,,pure_stagewise_score,50,trailing2_60_40,none,-0.1047038375739899,0.0221715644171857,0.0366470160705663,0.2061477880772572,0.1825699224674864,0.1802517669431795,0.7803264603496292,0.0040953124366196,-0.0041468981436957,-0.115493667606783,0.7750000000000006,0.25,0.0558391602500942,0.3387049623878357,0.0424476115612512,0.293646095301419,0.0,0.5480000000000004,0.6,False,,-1.0303093745280087
rb_045,window_median,0.05,quarter_rank,12,8,residual_correlation,Ridge,30.0,0.9,0.005,,none,none,,,pure_stagewise_score,20,none,none,-0.1047102104612584,0.0221715644171857,0.0366474092064375,0.2061477880772572,0.1825720811748397,0.3252093820693265,1.8982335293699104,0.2231860953645459,0.2914515340515152,-0.0265931275252987,0.6250000000000002,0.75,0.0968151108542834,0.5490821999758583,0.0790899316503326,0.643303814818006,0.0,0.8600000000000003,0.8,False,,-0.5960233049150955
rb_045,window_median,0.05,quarter_rank,12,8,residual_correlation,Ridge,30.0,0.9,0.005,,none,none,,,pure_stagewise_score,20,none,buffer,-0.1047102104612584,0.0221715644171857,0.0366474092064375,0.2061477880772572,0.1825720811748397,0.3536738275387698,2.2753220997694847,0.2209268895014864,0.4581833173467584,-0.0265931275252986,0.5625000000000002,0.75,0.0930758146380716,0.5292046840198106,0.0757390899508071,0.6031872646770596,0.0,0.8400000000000004,0.6,False,,-0.5186075952590724
rb_045,window_median,0.05,quarter_rank,12,8,residual_correlation,Ridge,30.0,0.9,0.005,,none,none,,,pure_stagewise_score,30,none,none,-0.1047102104612584,0.0221715644171857,0.0366474092064375,0.2061477880772572,0.1825720811748397,0.149372028593578,0.8270151823631572,0.0391087974516865,-0.1184021290345307,-0.0805046457120398,0.6166666666666674,0.5,0.0659517486318439,0.3638267224344658,0.0509074148045834,0.3661572366541727,0.0,0.8466666666666676,0.6,False,,-0.891478064184951
rb_045,window_median,0.05,quarter_rank,12,8,residual_correlation,Ridge,30.0,0.9,0.005,,none,none,,,pure_stagewise_score,30,none,buffer,-0.1047102104612584,0.0221715644171857,0.0366474092064375,0.2061477880772572,0.1825720811748397,0.1867870914198903,0.982509221759059,0.0533317168474589,-0.0075359694791378,-0.0805046457120397,0.5666666666666673,0.5,0.0655788288765397,0.3618932223412666,0.0504776234532703,0.367722754725046,0.0,0.8333333333333343,0.6,False,,-0.8196234708087098
rb_045,window_median,0.05,quarter_rank,12,8,residual_correlation,Ridge,30.0,0.9,0.005,,none,none,,,pure_stagewise_score,50,none,none,-0.1047102104612584,0.0221715644171857,0.0366474092064375,0.2061477880772572,0.1825720811748397,0.0788569836372212,0.3937379317589198,-0.0203466501472391,-0.2735392907146849,-0.0906480209123542,0.6250000000000004,0.5,0.0720606714321629,0.4146316688733801,0.0569080813164714,0.4221699467656221,0.0,0.8360000000000005,0.8,False,,-0.9943437493235355
rb_045,window_median,0.05,quarter_rank,12,8,residual_correlation,Ridge,30.0,0.9,0.005,,none,none,,,pure_stagewise_score,20,prev_70_30,none,-0.1047102104612584,0.0221715644171857,0.0366474092064375,0.2061477880772572,0.1825720811748397,0.1749289301397305,0.7098450357772135,-0.0089736314226675,-0.0093346553974605,-0.1357627387169331,0.7750000000000005,0.5,0.0696318540361524,0.4575166044342031,0.0569005168828867,0.3428312732089559,0.0,0.7300000000000003,0.6,False,,-1.0578926721421056
rb_045,window_median,0.05,quarter_rank,12,8,residual_correlation,Ridge,30.0,0.9,0.005,,none,none,,,pure_stagewise_score,20,prev_70_30,buffer,-0.1047102104612584,0.0221715644171857,0.0366474092064375,0.2061477880772572,0.1825720811748397,0.1898136059156716,0.7587553460969941,-0.0013857838412559,0.0479149970953351,-0.1357627387169331,0.7250000000000003,0.5,0.0519280214638051,0.344378299518105,0.0395081236377211,0.2547244352152427,0.0,0.7000000000000004,0.6,False,,-1.0042017362972566
rb_045,window_median,0.05,quarter_rank,12,8,residual_correlation,Ridge,30.0,0.9,0.005,,none,none,,,pure_stagewise_score,30,prev_70_30,none,-0.1047102104612584,0.0221715644171857,0.0366474092064375,0.2061477880772572,0.1825720811748397,0.1247893290668291,0.5055498325555124,-0.0404224744738635,-0.1617552052116554,-0.1339497461496085,0.7166666666666675,0.25,0.0385120335291777,0.2364090466278755,0.0265888360920613,0.1673379481925925,0.0,0.7600000000000008,0.4,False,,-1.0805296335398236
rb_045,window_median,0.05,quarter_rank,12,8,residual_correlation,Ridge,30.0,0.9,0.005,,none,none,,,pure_stagewise_score,30,prev_70_30,buffer,-0.1047102104612584,0.0221715644171857,0.0366474092064375,0.2061477880772572,0.1825720811748397,0.1334574767637621,0.543281617440205,-0.031144961485448,-0.1352480115844591,-0.1339497461496085,0.6666666666666674,0.25,0.0399336982360321,0.2440195899215798,0.0280506680905141,0.1737972534958709,0.0,0.7333333333333341,0.4,False,,-1.0321289451812778
rb_045,window_median,0.05,quarter_rank,12,8,residual_correlation,Ridge,30.0,0.9,0.005,,none,none,,,pure_stagewise_score,50,prev_70_30,none,-0.1047102104612584,0.0221715644171857,0.0366474092064375,0.2061477880772572,0.1825720811748397,0.0289761383530056,0.1297259287900175,-0.101730637088047,-0.4446397833674901,-0.129509666349167,0.6650000000000005,0.25,0.0403249646301251,0.2504373811084321,0.0276171421015542,0.1954176853334482,0.0,0.7400000000000005,0.6,False,,-1.1628206504804486
rb_045,window_median,0.05,quarter_rank,12,8,residual_correlation,Ridge,30.0,0.9,0.005,,none,none,,,pure_stagewise_score,20,trailing2_60_40,none,-0.1047102104612584,0.0221715644171857,0.0366474092064375,0.2061477880772572,0.1825720811748397,0.2468548677659843,0.8595949059191539,0.0052061594793884,0.3117016826161927,-0.1477437112548822,0.9000000000000004,0.75,0.1068136528193983,0.6278659159514367,0.0924552433952836,0.4764642034971112,0.0,0.6200000000000002,0.6,False,,-1.0659469342612822
rb_045,window_median,0.05,quarter_rank,12,8,residual_correlation,Ridge,30.0,0.9,0.005,,none,none,,,pure_stagewise_score,20,trailing2_60_40,buffer,-0.1047102104612584,0.0221715644171857,0.0366474092064375,0.2061477880772572,0.1825720811748397,0.2115723123061503,0.7733399159955584,-0.0097787281983036,0.1589839684969062,-0.1477437112548821,0.8625000000000004,0.5,0.106325331183199,0.7190813747196662,0.0908628075310294,0.5948873034451241,0.0,0.5700000000000002,0.6,False,,-1.0886620802773566
rb_045,window_median,0.05,quarter_rank,12,8,residual_correlation,Ridge,30.0,0.9,0.005,,none,none,,,pure_stagewise_score,30,trailing2_60_40,none,-0.1047102104612584,0.0221715644171857,0.0366474092064375,0.2061477880772572,0.1825720811748397,0.1687568194556452,0.6518510726998051,-0.0336787601563735,-0.0245926776974761,-0.1425733190130997,0.8166666666666674,0.25,0.0836198380312931,0.5051108956470322,0.0692712332456637,0.4372525243525381,0.0,0.5666666666666671,0.6,False,,-1.1173156541633347
rb_045,window_median,0.05,quarter_rank,12,8,residual_correlation,Ridge,30.0,0.9,0.005,,none,none,,,pure_stagewise_score,30,trailing2_60_40,buffer,-0.1047102104612584,0.0221715644171857,0.0366474092064375,0.2061477880772572,0.1825720811748397,0.1535407281717296,0.6095281833672921,-0.039221212065793,-0.0901791460314074,-0.1425733190130996,0.7916666666666674,0.25,0.0923959895791592,0.5670408744993377,0.0776313642246204,0.4862899601224858,0.0,0.5200000000000004,0.6,False,,-1.120220078657515
rb_045,window_median,0.05,quarter_rank,12,8,residual_correlation,Ridge,30.0,0.9,0.005,,none,none,,,pure_stagewise_score,50,trailing2_60_40,none,-0.1047102104612584,0.0221715644171857,0.0366474092064375,0.2061477880772572,0.1825720811748397,0.1802517669431795,0.7803264603496292,0.0040953124366196,-0.0041468981436957,-0.115493667606783,0.7750000000000006,0.25,0.0558391602500942,0.3387049623878357,0.0424476115612512,0.293646095301419,0.0,0.5480000000000004,0.6,False,,-1.0303093745280087
rb_046,window_median,0.05,quarter_rank,12,10,residual_correlation,OLS,1.0,0.9,0.001,,none,none,,,pure_stagewise_score,20,none,none,-0.0479180619662772,0.1546266521062726,0.0724547480545229,0.8954117482518626,0.5476914973818477,0.9081510537991224,4.147951428929601,0.5554404920973657,1.92712845487018,0.0,0.9625000000000004,1.0,-0.0236978353632065,-0.1197721656659101,-0.0362061890769829,-0.1485324665825642,0.0,0.7400000000000003,0.6,False,,0.8528500144406227
rb_046,window_median,0.05,quarter_rank,12,10,residual_correlation,OLS,1.0,0.9,0.001,,none,none,,,pure_stagewise_score,20,none,buffer,-0.0479180619662772,0.1546266521062726,0.0724547480545229,0.8954117482518626,0.5476914973818477,0.9081510537991224,4.147951428929601,0.5554404920973657,1.92712845487018,0.0,0.9625000000000004,1.0,-0.024713253350706,-0.1264334878184173,-0.0377944922225931,-0.1679305965548012,0.0,0.6500000000000001,0.6,False,,0.8528500144406227
rb_046,window_median,0.05,quarter_rank,12,10,residual_correlation,OLS,1.0,0.9,0.001,,none,none,,,pure_stagewise_score,30,none,none,-0.0479180619662772,0.1546266521062726,0.0724547480545229,0.8954117482518626,0.5476914973818477,0.7580456671094977,4.698668811968529,0.495970976067702,1.69231087410674,0.0,0.966666666666668,1.0,0.0118042257470099,0.0658666668276768,-0.001499815002749,0.0244211638970425,0.0,0.6666666666666671,0.6,False,,0.7421175539682034
rb_046,window_median,0.05,quarter_rank,12,10,residual_correlation,OLS,1.0,0.9,0.001,,none,none,,,pure_stagewise_score,30,none,buffer,-0.0479180619662772,0.1546266521062726,0.0724547480545229,0.8954117482518626,0.5476914973818477,0.7580456671094977,4.698668811968529,0.495970976067702,1.69231087410674,0.0,0.966666666666668,1.0,0.0284011848017904,0.1660646938410159,0.014259049957065,0.1410014123033278,0.0,0.6200000000000003,0.6,False,,0.7421175539682034
rb_046,window_median,0.05,quarter_rank,12,10,residual_correlation,OLS,1.0,0.9,0.001,,none,none,,,pure_stagewise_score,50,none,none,-0.0479180619662772,0.1546266521062726,0.0724547480545229,0.8954117482518626,0.5476914973818477,0.6111192273376476,5.020621872213039,0.4005889389309784,1.8164513221721488,0.0,0.9650000000000007,1.0,0.0406015564271118,0.2202932799028261,0.0257631724354772,0.2253935140607292,0.0,0.6440000000000003,0.6,False,,0.6820075697124417
rb_046,window_median,0.05,quarter_rank,12,10,residual_correlation,OLS,1.0,0.9,0.001,,none,none,,,pure_stagewise_score,20,prev_70_30,none,-0.0479180619662772,0.1546266521062726,0.0724547480545229,0.8954117482518626,0.5476914973818477,0.3390337285792195,4.668822604874185,0.25932549186557,0.3448870608123483,0.0,0.9125000000000004,0.75,0.0541997032369492,0.2621323902807954,0.0396598552100406,0.2619231778395897,0.0,0.6900000000000003,0.6,False,,0.257099562423191
rb_046,window_median,0.05,quarter_rank,12,10,residual_correlation,OLS,1.0,0.9,0.001,,none,none,,,pure_stagewise_score,20,prev_70_30,buffer,-0.0479180619662772,0.1546266521062726,0.0724547480545229,0.8954117482518626,0.5476914973818477,0.3416919501410964,4.80268498322365,0.2631349871764522,0.3475203904165584,0.0,0.9000000000000005,0.75,0.0670920048368481,0.3217828961089692,0.0517825759642043,0.3251012172794122,0.0,0.6400000000000003,0.6,False,,0.2696976562937444
rb_046,window_median,0.05,quarter_rank,12,10,residual_correlation,OLS,1.0,0.9,0.001,,none,none,,,pure_stagewise_score,30,prev_70_30,none,-0.0479180619662772,0.1546266521062726,0.0724547480545229,0.8954117482518626,0.5476914973818477,0.3311413977673059,3.130305957676548,0.2173669099562928,0.4266698047238443,0.0,0.9083333333333344,0.5,0.0272196779423263,0.1386790082872845,0.0137076079994232,0.1220367240439707,0.0,0.6466666666666671,0.6,False,,0.2390491414015409
rb_046,window_median,0.05,quarter_rank,12,10,residual_correlation,OLS,1.0,0.9,0.001,,none,none,,,pure_stagewise_score,30,prev_70_30,buffer,-0.0479180619662772,0.1546266521062726,0.0724547480545229,0.8954117482518626,0.5476914973818477,0.3317950403576077,3.1451343278981057,0.2183023046025645,0.4269635034297581,0.0,0.9000000000000011,0.5,0.0210636916118134,0.1081972485978135,0.0072549528379497,0.0917856174516565,0.0,0.6333333333333336,0.6,False,,0.24562505149565098
rb_046,window_median,0.05,quarter_rank,12,10,residual_correlation,OLS,1.0,0.9,0.001,,none,none,,,pure_stagewise_score,50,prev_70_30,none,-0.0479180619662772,0.1546266521062726,0.0724547480545229,0.8954117482518626,0.5476914973818477,0.3431702436886246,3.43903299426656,0.2307115028017538,0.4557739609135965,0.0,0.9050000000000008,0.75,0.0062504170470392,0.0341612120135674,-0.0073142137836098,-0.0061299881668902,0.0,0.5960000000000003,0.6,False,,0.2602512424316372
rb_046,window_median,0.05,quarter_rank,12,10,residual_correlation,OLS,1.0,0.9,0.001,,none,none,,,pure_stagewise_score,20,trailing2_60_40,none,-0.0479180619662772,0.1546266521062726,0.0724547480545229,0.8954117482518626,0.5476914973818477,0.3697010293370553,4.799920883448365,0.2597216778408882,0.5284554820661737,0.0,0.9375000000000004,0.75,0.1529785739335205,0.828478188018927,0.1345367124881364,0.6399400076432682,0.0,0.7200000000000003,0.8,False,,0.2815548505556368
rb_046,window_median,0.05,quarter_rank,12,10,residual_correlation,OLS,1.0,0.9,0.001,,none,none,,,pure_stagewise_score,20,trailing2_60_40,buffer,-0.0479180619662772,0.1546266521062726,0.0724547480545229,0.8954117482518626,0.5476914973818477,0.3609866407133473,4.330044673191844,0.2476368034515109,0.526260516093927,0.0,0.9250000000000004,0.75,0.1028464668804427,0.6192456832530505,0.0871876630637993,0.5421266882162907,0.0,0.6300000000000001,0.8,False,,0.2782497083902953
rb_046,window_median,0.05,quarter_rank,12,10,residual_correlation,OLS,1.0,0.9,0.001,,none,none,,,pure_stagewise_score,30,trailing2_60_40,none,-0.0479180619662772,0.1546266521062726,0.0724547480545229,0.8954117482518626,0.5476914973818477,0.3685514752072976,2.9565145241808497,0.2210030148520422,0.7618722844146116,0.0,0.9250000000000012,1.0,0.1142757045284827,0.7536670067840547,0.0966816818285894,0.7968412561600426,0.0,0.6533333333333338,0.8,False,,0.3060311168912214
rb_046,window_median,0.05,quarter_rank,12,10,residual_correlation,OLS,1.0,0.9,0.001,,none,none,,,pure_stagewise_score,30,trailing2_60_40,buffer,-0.0479180619662772,0.1546266521062726,0.0724547480545229,0.8954117482518626,0.5476914973818477,0.3639248835982966,2.8581659792524,0.2146817817117275,0.7718152706371636,0.0,0.916666666666668,1.0,0.1117548229716107,0.8186360321590107,0.0953439575498202,0.7457894433087867,0.0,0.5800000000000004,0.6,False,,0.3079938237995652
rb_046,window_median,0.05,quarter_rank,12,10,residual_correlation,OLS,1.0,0.9,0.001,,none,none,,,pure_stagewise_score,50,trailing2_60_40,none,-0.0479180619662772,0.1546266521062726,0.0724547480545229,0.8954117482518626,0.5476914973818477,0.2947844056178215,2.390599747473883,0.1679445536334357,0.3877175868941037,-0.0046589805859477,0.9050000000000008,0.5,0.0708036981427711,0.4723944195348102,0.0564030820548163,0.4355310559044542,0.0,0.5840000000000004,0.6,False,,0.1832356442605843
rb_047,window_median,0.05,quarter_rank,12,10,residual_correlation,Ridge,1.0,0.9,0.001,,none,none,,,pure_stagewise_score,20,none,none,-0.0479244304535597,0.1546186221193934,0.072449392929505,0.895398024322751,0.5476136992645495,0.9081510537991224,4.147951428929601,0.5554404920973657,1.92712845487018,0.0,0.9625000000000004,1.0,-0.0236978353632065,-0.1197721656659101,-0.0362061890769829,-0.1485324665825642,0.0,0.7400000000000003,0.6,False,,0.8528065605824965
rb_047,window_median,0.05,quarter_rank,12,10,residual_correlation,Ridge,1.0,0.9,0.001,,none,none,,,pure_stagewise_score,20,none,buffer,-0.0479244304535597,0.1546186221193934,0.072449392929505,0.895398024322751,0.5476136992645495,0.9081510537991224,4.147951428929601,0.5554404920973657,1.92712845487018,0.0,0.9625000000000004,1.0,-0.024713253350706,-0.1264334878184173,-0.0377944922225931,-0.1679305965548012,0.0,0.6500000000000001,0.6,False,,0.8528065605824965
rb_047,window_median,0.05,quarter_rank,12,10,residual_correlation,Ridge,1.0,0.9,0.001,,none,none,,,pure_stagewise_score,30,none,none,-0.0479244304535597,0.1546186221193934,0.072449392929505,0.895398024322751,0.5476136992645495,0.7580456671094977,4.698668811968529,0.495970976067702,1.69231087410674,0.0,0.966666666666668,1.0,0.0118042257470099,0.0658666668276768,-0.001499815002749,0.0244211638970425,0.0,0.6666666666666671,0.6,False,,0.7420741001100772
rb_047,window_median,0.05,quarter_rank,12,10,residual_correlation,Ridge,1.0,0.9,0.001,,none,none,,,pure_stagewise_score,30,none,buffer,-0.0479244304535597,0.1546186221193934,0.072449392929505,0.895398024322751,0.5476136992645495,0.7580456671094977,4.698668811968529,0.495970976067702,1.69231087410674,0.0,0.966666666666668,1.0,0.0284011848017904,0.1660646938410159,0.014259049957065,0.1410014123033278,0.0,0.6200000000000003,0.6,False,,0.7420741001100772
rb_047,window_median,0.05,quarter_rank,12,10,residual_correlation,Ridge,1.0,0.9,0.001,,none,none,,,pure_stagewise_score,50,none,none,-0.0479244304535597,0.1546186221193934,0.072449392929505,0.895398024322751,0.5476136992645495,0.6111192273376476,5.020621872213039,0.4005889389309784,1.8164513221721488,0.0,0.9650000000000007,1.0,0.0406015564271118,0.2202932799028261,0.0257631724354772,0.2253935140607292,0.0,0.6440000000000003,0.6,False,,0.6819641158543155
rb_047,window_median,0.05,quarter_rank,12,10,residual_correlation,Ridge,1.0,0.9,0.001,,none,none,,,pure_stagewise_score,20,prev_70_30,none,-0.0479244304535597,0.1546186221193934,0.072449392929505,0.895398024322751,0.5476136992645495,0.3390337285792195,4.668822604874185,0.25932549186557,0.3448870608123483,0.0,0.9125000000000004,0.75,0.0541997032369492,0.2621323902807954,0.0396598552100406,0.2619231778395897,0.0,0.6900000000000003,0.6,False,,0.2570561085650649
rb_047,window_median,0.05,quarter_rank,12,10,residual_correlation,Ridge,1.0,0.9,0.001,,none,none,,,pure_stagewise_score,20,prev_70_30,buffer,-0.0479244304535597,0.1546186221193934,0.072449392929505,0.895398024322751,0.5476136992645495,0.3416919501410964,4.80268498322365,0.2631349871764522,0.3475203904165584,0.0,0.9000000000000005,0.75,0.0670920048368481,0.3217828961089692,0.0517825759642043,0.3251012172794122,0.0,0.6400000000000003,0.6,False,,0.26965420243561833
rb_047,window_median,0.05,quarter_rank,12,10,residual_correlation,Ridge,1.0,0.9,0.001,,none,none,,,pure_stagewise_score,30,prev_70_30,none,-0.0479244304535597,0.1546186221193934,0.072449392929505,0.895398024322751,0.5476136992645495,0.3311413977673059,3.130305957676548,0.2173669099562928,0.4266698047238443,0.0,0.9083333333333344,0.5,0.0272196779423263,0.1386790082872845,0.0137076079994232,0.1220367240439707,0.0,0.6466666666666671,0.6,False,,0.23900568754341475
rb_047,window_median,0.05,quarter_rank,12,10,residual_correlation,Ridge,1.0,0.9,0.001,,none,none,,,pure_stagewise_score,30,prev_70_30,buffer,-0.0479244304535597,0.1546186221193934,0.072449392929505,0.895398024322751,0.5476136992645495,0.3317950403576077,3.1451343278981057,0.2183023046025645,0.4269635034297581,0.0,0.9000000000000011,0.5,0.0210636916118134,0.1081972485978135,0.0072549528379497,0.0917856174516565,0.0,0.6333333333333336,0.6,False,,0.24558159763752477
rb_047,window_median,0.05,quarter_rank,12,10,residual_correlation,Ridge,1.0,0.9,0.001,,none,none,,,pure_stagewise_score,50,prev_70_30,none,-0.0479244304535597,0.1546186221193934,0.072449392929505,0.895398024322751,0.5476136992645495,0.3431702436886246,3.43903299426656,0.2307115028017538,0.4557739609135965,0.0,0.9050000000000008,0.75,0.0062504170470392,0.0341612120135674,-0.0073142137836098,-0.0061299881668902,0.0,0.5960000000000003,0.6,False,,0.2602077885735111
rb_047,window_median,0.05,quarter_rank,12,10,residual_correlation,Ridge,1.0,0.9,0.001,,none,none,,,pure_stagewise_score,20,trailing2_60_40,none,-0.0479244304535597,0.1546186221193934,0.072449392929505,0.895398024322751,0.5476136992645495,0.3697010293370553,4.799920883448365,0.2597216778408882,0.5284554820661737,0.0,0.9375000000000004,0.75,0.1529785739335205,0.828478188018927,0.1345367124881364,0.6399400076432682,0.0,0.7200000000000003,0.8,False,,0.2815113966975106
rb_047,window_median,0.05,quarter_rank,12,10,residual_correlation,Ridge,1.0,0.9,0.001,,none,none,,,pure_stagewise_score,20,trailing2_60_40,buffer,-0.0479244304535597,0.1546186221193934,0.072449392929505,0.895398024322751,0.5476136992645495,0.3609866407133473,4.330044673191844,0.2476368034515109,0.526260516093927,0.0,0.9250000000000004,0.75,0.1028464668804427,0.6192456832530505,0.0871876630637993,0.5421266882162907,0.0,0.6300000000000001,0.8,False,,0.2782062545321691
rb_047,window_median,0.05,quarter_rank,12,10,residual_correlation,Ridge,1.0,0.9,0.001,,none,none,,,pure_stagewise_score,30,trailing2_60_40,none,-0.0479244304535597,0.1546186221193934,0.072449392929505,0.895398024322751,0.5476136992645495,0.3685514752072976,2.9565145241808497,0.2210030148520422,0.7618722844146116,0.0,0.9250000000000012,1.0,0.1142757045284827,0.7536670067840547,0.0966816818285894,0.7968412561600426,0.0,0.6533333333333338,0.8,False,,0.3059876630330953
rb_047,window_median,0.05,quarter_rank,12,10,residual_correlation,Ridge,1.0,0.9,0.001,,none,none,,,pure_stagewise_score,30,trailing2_60_40,buffer,-0.0479244304535597,0.1546186221193934,0.072449392929505,0.895398024322751,0.5476136992645495,0.3639248835982966,2.8581659792524,0.2146817817117275,0.7718152706371636,0.0,0.916666666666668,1.0,0.1117548229716107,0.8186360321590107,0.0953439575498202,0.7457894433087867,0.0,0.5800000000000004,0.6,False,,0.307950369941439
rb_047,window_median,0.05,quarter_rank,12,10,residual_correlation,Ridge,1.0,0.9,0.001,,none,none,,,pure_stagewise_score,50,trailing2_60_40,none,-0.0479244304535597,0.1546186221193934,0.072449392929505,0.895398024322751,0.5476136992645495,0.2947844056178215,2.390599747473883,0.1679445536334357,0.3877175868941037,-0.0046589805859477,0.9050000000000008,0.5,0.0708036981427711,0.4723944195348102,0.0564030820548163,0.4355310559044542,0.0,0.5840000000000004,0.6,False,,0.1831921904024581
rb_048,window_median,0.05,quarter_rank,12,10,residual_correlation,Ridge,3.0,0.9,0.001,,none,none,,,pure_stagewise_score,20,none,none,-0.0479275290439794,0.1546245051317078,0.0724425296758457,0.8954384099699226,0.547479654551663,0.9081510537991224,4.147951428929601,0.5554404920973657,1.92712845487018,0.0,0.9625000000000004,1.0,-0.0236978353632065,-0.1197721656659101,-0.0362061890769829,-0.1485324665825642,0.0,0.7400000000000003,0.6,False,,0.8528558612373995
rb_048,window_median,0.05,quarter_rank,12,10,residual_correlation,Ridge,3.0,0.9,0.001,,none,none,,,pure_stagewise_score,20,none,buffer,-0.0479275290439794,0.1546245051317078,0.0724425296758457,0.8954384099699226,0.547479654551663,0.9081510537991224,4.147951428929601,0.5554404920973657,1.92712845487018,0.0,0.9625000000000004,1.0,-0.024713253350706,-0.1264334878184173,-0.0377944922225931,-0.1679305965548012,0.0,0.6500000000000001,0.6,False,,0.8528558612373995
rb_048,window_median,0.05,quarter_rank,12,10,residual_correlation,Ridge,3.0,0.9,0.001,,none,none,,,pure_stagewise_score,30,none,none,-0.0479275290439794,0.1546245051317078,0.0724425296758457,0.8954384099699226,0.547479654551663,0.7580456671094977,4.698668811968529,0.495970976067702,1.69231087410674,0.0,0.966666666666668,1.0,0.0118042257470099,0.0658666668276768,-0.001499815002749,0.0244211638970425,0.0,0.6666666666666671,0.6,False,,0.7421234007649802
rb_048,window_median,0.05,quarter_rank,12,10,residual_correlation,Ridge,3.0,0.9,0.001,,none,none,,,pure_stagewise_score,30,none,buffer,-0.0479275290439794,0.1546245051317078,0.0724425296758457,0.8954384099699226,0.547479654551663,0.7580456671094977,4.698668811968529,0.495970976067702,1.69231087410674,0.0,0.966666666666668,1.0,0.0284011848017904,0.1660646938410159,0.014259049957065,0.1410014123033278,0.0,0.6200000000000003,0.6,False,,0.7421234007649802
rb_048,window_median,0.05,quarter_rank,12,10,residual_correlation,Ridge,3.0,0.9,0.001,,none,none,,,pure_stagewise_score,50,none,none,-0.0479275290439794,0.1546245051317078,0.0724425296758457,0.8954384099699226,0.547479654551663,0.6111192273376476,5.020621872213039,0.4005889389309784,1.8164513221721488,0.0,0.9650000000000007,1.0,0.0406015564271118,0.2202932799028261,0.0257631724354772,0.2253935140607292,0.0,0.6440000000000003,0.6,False,,0.6820134165092187
rb_048,window_median,0.05,quarter_rank,12,10,residual_correlation,Ridge,3.0,0.9,0.001,,none,none,,,pure_stagewise_score,20,prev_70_30,none,-0.0479275290439794,0.1546245051317078,0.0724425296758457,0.8954384099699226,0.547479654551663,0.3390337285792195,4.668822604874185,0.25932549186557,0.3448870608123483,0.0,0.9125000000000004,0.75,0.0533050878452447,0.2586143694313606,0.0388217182735793,0.2578910320248411,0.0,0.6800000000000004,0.6,False,,0.25710540921996783
rb_048,window_median,0.05,quarter_rank,12,10,residual_correlation,Ridge,3.0,0.9,0.001,,none,none,,,pure_stagewise_score,20,prev_70_30,buffer,-0.0479275290439794,0.1546245051317078,0.0724425296758457,0.8954384099699226,0.547479654551663,0.3416919501410964,4.80268498322365,0.2631349871764522,0.3475203904165584,0.0,0.9000000000000005,0.75,0.0670920048368481,0.3217828961089692,0.0517825759642043,0.3251012172794122,0.0,0.6400000000000003,0.6,False,,0.26970350309052127
rb_048,window_median,0.05,quarter_rank,12,10,residual_correlation,Ridge,3.0,0.9,0.001,,none,none,,,pure_stagewise_score,30,prev_70_30,none,-0.0479275290439794,0.1546245051317078,0.0724425296758457,0.8954384099699226,0.547479654551663,0.3311413977673059,3.130305957676548,0.2173669099562928,0.4266698047238443,0.0,0.9083333333333344,0.5,0.0272196779423263,0.1386790082872845,0.0137076079994232,0.1220367240439707,0.0,0.6466666666666671,0.6,False,,0.23905498819831775
rb_048,window_median,0.05,quarter_rank,12,10,residual_correlation,Ridge,3.0,0.9,0.001,,none,none,,,pure_stagewise_score,30,prev_70_30,buffer,-0.0479275290439794,0.1546245051317078,0.0724425296758457,0.8954384099699226,0.547479654551663,0.3317950403576077,3.1451343278981057,0.2183023046025645,0.4269635034297581,0.0,0.9000000000000011,0.5,0.0380835604188722,0.1929783723896881,0.0246257019044855,0.1760631457264384,0.0,0.6400000000000003,0.6,False,,0.24563089829242782
rb_048,window_median,0.05,quarter_rank,12,10,residual_correlation,Ridge,3.0,0.9,0.001,,none,none,,,pure_stagewise_score,50,prev_70_30,none,-0.0479275290439794,0.1546245051317078,0.0724425296758457,0.8954384099699226,0.547479654551663,0.3431702436886246,3.43903299426656,0.2307115028017538,0.4557739609135965,0.0,0.9050000000000008,0.75,0.0062504170470392,0.0341612120135674,-0.0073142137836098,-0.0061299881668903,0.0,0.5960000000000003,0.6,False,,0.26025708922841406
rb_048,window_median,0.05,quarter_rank,12,10,residual_correlation,Ridge,3.0,0.9,0.001,,none,none,,,pure_stagewise_score,20,trailing2_60_40,none,-0.0479275290439794,0.1546245051317078,0.0724425296758457,0.8954384099699226,0.547479654551663,0.3697010293370553,4.799920883448365,0.2597216778408882,0.5284554820661737,0.0,0.9375000000000004,0.75,0.1529785739335205,0.828478188018927,0.1345367124881364,0.6399400076432682,0.0,0.7200000000000003,0.8,False,,0.2815606973524136
rb_048,window_median,0.05,quarter_rank,12,10,residual_correlation,Ridge,3.0,0.9,0.001,,none,none,,,pure_stagewise_score,20,trailing2_60_40,buffer,-0.0479275290439794,0.1546245051317078,0.0724425296758457,0.8954384099699226,0.547479654551663,0.3609866407133473,4.330044673191844,0.2476368034515109,0.526260516093927,0.0,0.9250000000000004,0.75,0.1028464668804427,0.6192456832530505,0.0871876630637993,0.5421266882162907,0.0,0.6300000000000001,0.8,False,,0.2782555551870721
rb_048,window_median,0.05,quarter_rank,12,10,residual_correlation,Ridge,3.0,0.9,0.001,,none,none,,,pure_stagewise_score,30,trailing2_60_40,none,-0.0479275290439794,0.1546245051317078,0.0724425296758457,0.8954384099699226,0.547479654551663,0.3685514752072976,2.9565145241808497,0.2210030148520422,0.7618722844146116,0.0,0.9250000000000012,1.0,0.1142757045284827,0.7536670067840548,0.0966816818285894,0.7968412561600426,0.0,0.6533333333333338,0.8,False,,0.30603696368799826
rb_048,window_median,0.05,quarter_rank,12,10,residual_correlation,Ridge,3.0,0.9,0.001,,none,none,,,pure_stagewise_score,30,trailing2_60_40,buffer,-0.0479275290439794,0.1546245051317078,0.0724425296758457,0.8954384099699226,0.547479654551663,0.3639248835982966,2.8581659792524,0.2146817817117275,0.7718152706371636,0.0,0.916666666666668,1.0,0.1117548229716107,0.8186360321590107,0.0953439575498202,0.7457894433087866,0.0,0.5800000000000004,0.6,False,,0.30799967059634203
rb_048,window_median,0.05,quarter_rank,12,10,residual_correlation,Ridge,3.0,0.9,0.001,,none,none,,,pure_stagewise_score,50,trailing2_60_40,none,-0.0479275290439794,0.1546245051317078,0.0724425296758457,0.8954384099699226,0.547479654551663,0.2947844056178215,2.390599747473883,0.1679445536334357,0.3877175868941037,-0.0046589805859477,0.9050000000000008,0.5,0.0708036981427711,0.4723944195348102,0.0564030820548163,0.4355310559044542,0.0,0.5840000000000004,0.6,False,,0.18324149105736115
rb_049,window_median,0.05,quarter_rank,12,10,residual_correlation,Ridge,10.0,0.9,0.001,,none,none,,,pure_stagewise_score,20,none,none,-0.0479610580330041,0.1546171509762038,0.0724233852915362,0.8954848238531469,0.5472186207337072,0.9081510537991224,4.147951428929602,0.5554404920973657,1.92712845487018,0.0,0.9625000000000004,1.0,-0.0236978353632065,-0.1197721656659101,-0.0362061890769829,-0.1485324665825642,0.0,0.7400000000000003,0.6,False,,0.8528500276615579
rb_049,window_median,0.05,quarter_rank,12,10,residual_correlation,Ridge,10.0,0.9,0.001,,none,none,,,pure_stagewise_score,20,none,buffer,-0.0479610580330041,0.1546171509762038,0.0724233852915362,0.8954848238531469,0.5472186207337072,0.9081510537991224,4.147951428929602,0.5554404920973657,1.92712845487018,0.0,0.9625000000000004,1.0,-0.024713253350706,-0.1264334878184173,-0.0377944922225931,-0.1679305965548012,0.0,0.6500000000000001,0.6,False,,0.8528500276615579
rb_049,window_median,0.05,quarter_rank,12,10,residual_correlation,Ridge,10.0,0.9,0.001,,none,none,,,pure_stagewise_score,30,none,none,-0.0479610580330041,0.1546171509762038,0.0724233852915362,0.8954848238531469,0.5472186207337072,0.7580456671094977,4.698668811968529,0.495970976067702,1.69231087410674,0.0,0.966666666666668,1.0,0.0118042257470099,0.0658666668276768,-0.001499815002749,0.0244211638970425,0.0,0.6666666666666671,0.6,False,,0.7421175671891385
rb_049,window_median,0.05,quarter_rank,12,10,residual_correlation,Ridge,10.0,0.9,0.001,,none,none,,,pure_stagewise_score,30,none,buffer,-0.0479610580330041,0.1546171509762038,0.0724233852915362,0.8954848238531469,0.5472186207337072,0.7580456671094977,4.698668811968529,0.495970976067702,1.69231087410674,0.0,0.966666666666668,1.0,0.0284011848017904,0.1660646938410159,0.014259049957065,0.1410014123033278,0.0,0.6200000000000003,0.6,False,,0.7421175671891385
rb_049,window_median,0.05,quarter_rank,12,10,residual_correlation,Ridge,10.0,0.9,0.001,,none,none,,,pure_stagewise_score,50,none,none,-0.0479610580330041,0.1546171509762038,0.0724233852915362,0.8954848238531469,0.5472186207337072,0.6111192273376476,5.020621872213039,0.4005889389309784,1.8164513221721488,0.0,0.9650000000000007,1.0,0.0406015564271118,0.2202932799028261,0.0257631724354772,0.2253935140607292,0.0,0.6440000000000003,0.6,False,,0.6820075829333769
rb_049,window_median,0.05,quarter_rank,12,10,residual_correlation,Ridge,10.0,0.9,0.001,,none,none,,,pure_stagewise_score,20,prev_70_30,none,-0.0479610580330041,0.1546171509762038,0.0724233852915362,0.8954848238531469,0.5472186207337072,0.3390337285792195,4.668822604874185,0.25932549186557,0.3448870608123483,0.0,0.9125000000000004,0.75,0.0533050878452447,0.2586143694313606,0.0388217182735793,0.2578910320248411,0.0,0.6800000000000004,0.6,False,,0.2570995756441262
rb_049,window_median,0.05,quarter_rank,12,10,residual_correlation,Ridge,10.0,0.9,0.001,,none,none,,,pure_stagewise_score,20,prev_70_30,buffer,-0.0479610580330041,0.1546171509762038,0.0724233852915362,0.8954848238531469,0.5472186207337072,0.3416919501410964,4.80268498322365,0.2631349871764522,0.3475203904165584,0.0,0.9000000000000005,0.75,0.0670920048368481,0.3217828961089692,0.0517825759642043,0.3251012172794122,0.0,0.6400000000000003,0.6,False,,0.26969766951467966
rb_049,window_median,0.05,quarter_rank,12,10,residual_correlation,Ridge,10.0,0.9,0.001,,none,none,,,pure_stagewise_score,30,prev_70_30,none,-0.0479610580330041,0.1546171509762038,0.0724233852915362,0.8954848238531469,0.5472186207337072,0.3311413977673059,3.130305957676548,0.2173669099562928,0.4266698047238443,0.0,0.9083333333333344,0.5,0.0272196779423263,0.1386790082872845,0.0137076079994232,0.1220367240439707,0.0,0.6466666666666671,0.6,False,,0.23904915462247608
rb_049,window_median,0.05,quarter_rank,12,10,residual_correlation,Ridge,10.0,0.9,0.001,,none,none,,,pure_stagewise_score,30,prev_70_30,buffer,-0.0479610580330041,0.1546171509762038,0.0724233852915362,0.8954848238531469,0.5472186207337072,0.3317950403576077,3.1451343278981057,0.2183023046025645,0.4269635034297581,0.0,0.9000000000000011,0.5,0.0380835604188722,0.1929783723896881,0.0246257019044855,0.1760631457264384,0.0,0.6400000000000003,0.6,False,,0.24562506471658616
rb_049,window_median,0.05,quarter_rank,12,10,residual_correlation,Ridge,10.0,0.9,0.001,,none,none,,,pure_stagewise_score,50,prev_70_30,none,-0.0479610580330041,0.1546171509762038,0.0724233852915362,0.8954848238531469,0.5472186207337072,0.3431702436886246,3.4390329942665603,0.2307115028017539,0.4557739609135964,0.0,0.9050000000000008,0.75,0.0062504170470392,0.0341612120135674,-0.0073142137836098,-0.0061299881668903,0.0,0.5960000000000003,0.6,False,,0.26025125565257246
rb_049,window_median,0.05,quarter_rank,12,10,residual_correlation,Ridge,10.0,0.9,0.001,,none,none,,,pure_stagewise_score,20,trailing2_60_40,none,-0.0479610580330041,0.1546171509762038,0.0724233852915362,0.8954848238531469,0.5472186207337072,0.3697010293370553,4.799920883448364,0.2597216778408882,0.5284554820661737,0.0,0.9375000000000004,0.75,0.1529785739335205,0.828478188018927,0.1345367124881364,0.6399400076432682,0.0,0.7200000000000003,0.8,False,,0.281554863776572
rb_049,window_median,0.05,quarter_rank,12,10,residual_correlation,Ridge,10.0,0.9,0.001,,none,none,,,pure_stagewise_score,20,trailing2_60_40,buffer,-0.0479610580330041,0.1546171509762038,0.0724233852915362,0.8954848238531469,0.5472186207337072,0.3609866407133473,4.330044673191844,0.247636803451511,0.5262605160939273,0.0,0.9250000000000004,0.75,0.1028464668804427,0.6192456832530505,0.0871876630637993,0.5421266882162907,0.0,0.6300000000000001,0.8,False,,0.2782497216112306
rb_049,window_median,0.05,quarter_rank,12,10,residual_correlation,Ridge,10.0,0.9,0.001,,none,none,,,pure_stagewise_score,30,trailing2_60_40,none,-0.0479610580330041,0.1546171509762038,0.0724233852915362,0.8954848238531469,0.5472186207337072,0.3685514752072976,2.9565145241808497,0.2210030148520422,0.7618722844146116,0.0,0.9250000000000012,1.0,0.1142757045284827,0.7536670067840548,0.0966816818285894,0.7968412561600426,0.0,0.6533333333333338,0.8,False,,0.30603113011215666
rb_049,window_median,0.05,quarter_rank,12,10,residual_correlation,Ridge,10.0,0.9,0.001,,none,none,,,pure_stagewise_score,30,trailing2_60_40,buffer,-0.0479610580330041,0.1546171509762038,0.0724233852915362,0.8954848238531469,0.5472186207337072,0.3639248835982966,2.8581659792524,0.2146817817117275,0.7718152706371636,0.0,0.916666666666668,1.0,0.1117548229716107,0.8186360321590107,0.0953439575498202,0.7457894433087866,0.0,0.5800000000000004,0.6,False,,0.3079938370205003
rb_049,window_median,0.05,quarter_rank,12,10,residual_correlation,Ridge,10.0,0.9,0.001,,none,none,,,pure_stagewise_score,50,trailing2_60_40,none,-0.0479610580330041,0.1546171509762038,0.0724233852915362,0.8954848238531469,0.5472186207337072,0.2947844056178215,2.390599747473883,0.1679445536334357,0.3877175868941037,-0.0046589805859477,0.9050000000000008,0.5,0.0708036981427711,0.4723944195348102,0.0564030820548163,0.4355310559044542,0.0,0.5840000000000004,0.6,False,,0.1832356574815195
rb_050,window_median,0.05,quarter_rank,12,10,residual_correlation,Ridge,30.0,0.9,0.001,,none,none,,,pure_stagewise_score,20,none,none,-0.0480194528506502,0.1380386570642419,0.0723861953085778,0.7610814970132134,0.546350962837442,0.5771194232469465,3.5893859386660263,0.3892679177773032,0.9904427649078816,0.0,0.9750000000000004,0.75,-0.0236978353632065,-0.1197721656659101,-0.0362061890769829,-0.1485324665825642,0.0,0.7400000000000003,0.6,False,,0.3294071274478432
rb_050,window_median,0.05,quarter_rank,12,10,residual_correlation,Ridge,30.0,0.9,0.001,,none,none,,,pure_stagewise_score,20,none,buffer,-0.0480194528506502,0.1380386570642419,0.0723861953085778,0.7610814970132134,0.546350962837442,0.5771194232469465,3.5893859386660263,0.3892679177773032,0.9904427649078816,0.0,0.9750000000000004,0.75,-0.024713253350706,-0.1264334878184173,-0.0377944922225931,-0.1679305965548012,0.0,0.6500000000000001,0.6,False,,0.3294071274478432
rb_050,window_median,0.05,quarter_rank,12,10,residual_correlation,Ridge,30.0,0.9,0.001,,none,none,,,pure_stagewise_score,30,none,none,-0.0480194528506502,0.1380386570642419,0.0723861953085778,0.7610814970132134,0.546350962837442,0.5886622009318263,5.233697055026038,0.4079437891452031,1.1912639796686402,0.0,0.9833333333333346,1.0,0.0118042257470099,0.0658666668276768,-0.0014998150027489,0.0244211638970427,0.0,0.6666666666666671,0.6,False,,0.3860411498416466
rb_050,window_median,0.05,quarter_rank,12,10,residual_correlation,Ridge,30.0,0.9,0.001,,none,none,,,pure_stagewise_score,30,none,buffer,-0.0480194528506502,0.1380386570642419,0.0723861953085778,0.7610814970132134,0.546350962837442,0.5886622009318263,5.233697055026038,0.4079437891452031,1.1912639796686402,0.0,0.9833333333333346,1.0,0.0284011848017904,0.1660646938410159,0.014259049957065,0.1410014123033279,0.0,0.6200000000000003,0.6,False,,0.3860411498416466
rb_050,window_median,0.05,quarter_rank,12,10,residual_correlation,Ridge,30.0,0.9,0.001,,none,none,,,pure_stagewise_score,50,none,none,-0.0480194528506502,0.1380386570642419,0.0723861953085778,0.7610814970132134,0.546350962837442,0.624117226588923,4.986189910918316,0.4074734294413205,1.899354208101303,0.0,0.9750000000000008,1.0,0.0406015564271118,0.2202932799028261,0.0257631724354772,0.2253935140607293,0.0,0.6440000000000003,0.6,False,,0.5493896928537297
rb_050,window_median,0.05,quarter_rank,12,10,residual_correlation,Ridge,30.0,0.9,0.001,,none,none,,,pure_stagewise_score,20,prev_70_30,none,-0.0480194528506502,0.1380386570642419,0.0723861953085778,0.7610814970132134,0.546350962837442,0.5363595867066364,2.8484477037511144,0.3200774694455044,1.1848881719841484,0.0,0.9000000000000005,1.0,0.0541997032369492,0.2621323902807954,0.0396598552100406,0.2619231778395896,0.0,0.6900000000000003,0.6,False,,0.35904185872930416
rb_050,window_median,0.05,quarter_rank,12,10,residual_correlation,Ridge,30.0,0.9,0.001,,none,none,,,pure_stagewise_score,20,prev_70_30,buffer,-0.0480194528506502,0.1380386570642419,0.0723861953085778,0.7610814970132134,0.546350962837442,0.541098253729422,2.871218316055857,0.3244503862294887,1.1788244799792038,0.0,0.8625000000000004,1.0,0.0620090547258411,0.3028542312999814,0.0470453020082064,0.3042282019977894,0.0,0.6400000000000003,0.6,False,,0.38713659566957737
rb_050,window_median,0.05,quarter_rank,12,10,residual_correlation,Ridge,30.0,0.9,0.001,,none,none,,,pure_stagewise_score,30,prev_70_30,none,-0.0480194528506502,0.1380386570642419,0.0723861953085778,0.7610814970132134,0.546350962837442,0.3675055585437046,2.19447505351446,0.2211265262594449,0.5133137309664545,0.0,0.875000000000001,0.5,0.025516599084151,0.1308338751151425,0.0120883800414089,0.1124511863893861,0.0,0.6400000000000003,0.6,False,,0.13366908321753235
rb_050,window_median,0.05,quarter_rank,12,10,residual_correlation,Ridge,30.0,0.9,0.001,,none,none,,,pure_stagewise_score,30,prev_70_30,buffer,-0.0480194528506502,0.1380386570642419,0.0723861953085778,0.7610814970132134,0.546350962837442,0.3771347890354652,2.2689512335543074,0.227186480895576,0.5546345080666695,0.0,0.8583333333333343,0.5,0.0363624697868176,0.1853930358586602,0.0230064739464713,0.1670158913342526,0.0,0.6333333333333336,0.6,False,,0.1598258371199785
rb_050,window_median,0.05,quarter_rank,12,10,residual_correlation,Ridge,30.0,0.9,0.001,,none,none,,,pure_stagewise_score,50,prev_70_30,none,-0.0480194528506502,0.1380386570642419,0.0723861953085778,0.7610814970132134,0.546350962837442,0.4408174368715871,3.389898894461268,0.2766347359011266,1.0132395214573915,0.0,0.8650000000000007,0.75,0.0062504170470392,0.0341612120135674,-0.0073142137836098,-0.0061299881668902,0.0,0.5960000000000003,0.6,False,,0.3038642520521012
rb_050,window_median,0.05,quarter_rank,12,10,residual_correlation,Ridge,30.0,0.9,0.001,,none,none,,,pure_stagewise_score,20,trailing2_60_40,none,-0.0480194528506502,0.1380386570642419,0.0723861953085778,0.7610814970132134,0.546350962837442,0.4858328122855839,2.4311009759074773,0.2906605090062165,0.8309950832672522,0.0,0.9125000000000004,0.75,0.1529785739335205,0.828478188018927,0.1345367124881364,0.6399400076432682,0.0,0.7200000000000003,0.8,False,,0.24410680307251556
rb_050,window_median,0.05,quarter_rank,12,10,residual_correlation,Ridge,30.0,0.9,0.001,,none,none,,,pure_stagewise_score,20,trailing2_60_40,buffer,-0.0480194528506502,0.1380386570642419,0.0723861953085778,0.7610814970132134,0.546350962837442,0.4792545893358113,2.369282236570021,0.2822353968016169,0.8302531894727171,0.0,0.9000000000000005,0.75,0.1028464668804427,0.6192456832530505,0.0871876630637993,0.5421266882162907,0.0,0.6300000000000001,0.8,False,,0.24453969982163812
rb_050,window_median,0.05,quarter_rank,12,10,residual_correlation,Ridge,30.0,0.9,0.001,,none,none,,,pure_stagewise_score,30,trailing2_60_40,none,-0.0480194528506502,0.1380386570642419,0.0723861953085778,0.7610814970132134,0.546350962837442,0.3347182566954512,2.4836599246929367,0.1866277410965072,0.664534214655316,-0.0025560094022504,0.9000000000000011,0.75,0.1142757045284827,0.7536670067840548,0.0966816818285894,0.7968412561600426,0.0,0.6533333333333338,0.8,False,,0.11655755274331542
rb_050,window_median,0.05,quarter_rank,12,10,residual_correlation,Ridge,30.0,0.9,0.001,,none,none,,,pure_stagewise_score,30,trailing2_60_40,buffer,-0.0480194528506502,0.1380386570642419,0.0723861953085778,0.7610814970132134,0.546350962837442,0.3451434686163814,2.741601720780153,0.2033226825578582,0.6372617666842219,0.0,0.875000000000001,0.75,0.1117548229716107,0.8186360321590107,0.0953439575498202,0.7457894433087866,0.0,0.5800000000000004,0.6,False,,0.1447465876821116
rb_050,window_median,0.05,quarter_rank,12,10,residual_correlation,Ridge,30.0,0.9,0.001,,none,none,,,pure_stagewise_score,50,trailing2_60_40,none,-0.0480194528506502,0.1380386570642419,0.0723861953085778,0.7610814970132134,0.546350962837442,0.2786223286451152,2.2164508547983632,0.149850198888363,0.351967164041502,-0.0118821748248296,0.8650000000000007,0.5,0.0649813449989498,0.4382392657366885,0.0505830196555464,0.4232446229455497,0.0,0.5840000000000004,0.6,False,,0.02957320978922364
rb_051,window_median,0.05,quarter_rank,12,10,residual_correlation,OLS,1.0,0.9,0.002,,none,none,,,pure_stagewise_score,20,none,none,-0.0791317997356228,0.1195523443731538,0.1267515728887913,1.271531125042893,0.9272133559678878,0.490579777622413,1.8647388528708784,0.2764631041323919,0.6616378770381365,-0.0688705304156303,0.9500000000000004,0.75,0.0582902252476478,0.3217181285718862,0.0429803155197204,0.3557503608038725,0.0,0.6100000000000002,0.8,False,,0.3313794565250468
rb_051,window_median,0.05,quarter_rank,12,10,residual_correlation,OLS,1.0,0.9,0.002,,none,none,,,pure_stagewise_score,20,none,buffer,-0.0791317997356228,0.1195523443731538,0.1267515728887913,1.271531125042893,0.9272133559678878,0.490579777622413,1.8647388528708784,0.2764631041323919,0.6616378770381365,-0.0688705304156303,0.9500000000000004,0.75,0.0268419097467234,0.1539380665400949,0.0122851797375105,0.1481942721939055,0.0,0.5500000000000002,0.6,False,,0.3313794565250468
rb_051,window_median,0.05,quarter_rank,12,10,residual_correlation,OLS,1.0,0.9,0.002,,none,none,,,pure_stagewise_score,30,none,none,-0.0791317997356228,0.1195523443731538,0.1267515728887913,1.271531125042893,0.9272133559678878,0.4456051831897254,2.062164335016345,0.2640296566864974,0.6416667193346077,-0.0483623078649361,0.9583333333333346,0.75,0.0090568892132025,0.051240585313584,-0.0048548635771587,0.0074197512094432,0.0,0.606666666666667,0.6,False,,0.3240873369522859
rb_051,window_median,0.05,quarter_rank,12,10,residual_correlation,OLS,1.0,0.9,0.002,,none,none,,,pure_stagewise_score,30,none,buffer,-0.0791317997356228,0.1195523443731538,0.1267515728887913,1.271531125042893,0.9272133559678878,0.4291669912592939,1.9761868913490683,0.2586609480564359,0.567938148386883,-0.0485519573343613,0.9250000000000012,0.75,-0.0102116267565454,-0.0589676861055433,-0.0241142105381157,-0.1480557227089808,-0.0024130610371468,0.5200000000000004,0.6,False,,0.3250311243215376
rb_051,window_median,0.05,quarter_rank,12,10,residual_correlation,OLS,1.0,0.9,0.002,,none,none,,,pure_stagewise_score,50,none,none,-0.0791317997356228,0.1195523443731538,0.1267515728887913,1.271531125042893,0.9272133559678878,0.4711564902253979,2.4667362795967893,0.2850540355017961,0.8144085346349055,-0.0303650887015861,0.9300000000000006,0.75,0.028214879466486,0.1648686709349146,0.0143941295006325,0.142386707989905,0.0,0.5480000000000003,0.8,False,,0.41408654116797955
rb_051,window_median,0.05,quarter_rank,12,10,residual_correlation,OLS,1.0,0.9,0.002,,none,none,,,pure_stagewise_score,20,prev_70_30,none,-0.0791317997356228,0.1195523443731538,0.1267515728887913,1.271531125042893,0.9272133559678878,0.0371716251754414,0.325104429566874,0.0482081271646926,-0.3077977837376531,0.0,0.9625000000000004,0.5,-0.0089342221039421,-0.0533592803898396,-0.0222238084225106,-0.139231700544498,0.0,0.6300000000000002,0.6,False,,-0.058125052973598074
rb_051,window_median,0.05,quarter_rank,12,10,residual_correlation,OLS,1.0,0.9,0.002,,none,none,,,pure_stagewise_score,20,prev_70_30,buffer,-0.0791317997356228,0.1195523443731538,0.1267515728887913,1.271531125042893,0.9272133559678878,0.0547148670520556,0.4512476462676593,0.0554248560286116,-0.2786482767835179,0.0,0.9500000000000004,0.5,0.0060757712641683,0.0406239402186435,-0.0066487126669903,-0.0479194809593831,-9.717273064591136e-05,0.5800000000000003,0.6,False,,-0.03642670251408431
rb_051,window_median,0.05,quarter_rank,12,10,residual_correlation,OLS,1.0,0.9,0.002,,none,none,,,pure_stagewise_score,30,prev_70_30,none,-0.0791317997356228,0.1195523443731538,0.1267515728887913,1.271531125042893,0.9272133559678878,0.0862031997167482,0.6365966078301132,0.0654242128171214,-0.2247227840706974,-0.0144470229046425,0.9500000000000012,0.5,-0.0287295824091773,-0.1698683693334481,-0.0431864103179293,-0.340052288793277,-0.0028011740030916,0.5800000000000003,0.4,False,,-0.025202354140830885
rb_051,window_median,0.05,quarter_rank,12,10,residual_correlation,OLS,1.0,0.9,0.002,,none,none,,,pure_stagewise_score,30,prev_70_30,buffer,-0.0791317997356228,0.1195523443731538,0.1267515728887913,1.271531125042893,0.9272133559678878,0.0862031997167482,0.6365966078301132,0.0654242128171214,-0.2247227840706974,-0.0144470229046425,0.9500000000000012,0.5,-0.0181547450456757,-0.1048845776800315,-0.0324856548477818,-0.2267485887618054,-0.0040657805032499,0.546666666666667,0.6,False,,-0.025202354140830885
rb_051,window_median,0.05,quarter_rank,12,10,residual_correlation,OLS,1.0,0.9,0.002,,none,none,,,pure_stagewise_score,50,prev_70_30,none,-0.0791317997356228,0.1195523443731538,0.1267515728887913,1.271531125042893,0.9272133559678878,0.2253523160075257,2.319528579504971,0.1572650783585201,0.0648052421959379,-0.0104547147841468,0.9500000000000006,0.5,0.0063780288445862,0.0339105886467042,-0.0074956005880666,0.0005548403868745,0.0,0.5280000000000002,0.8,False,,0.12792749089297292
rb_051,window_median,0.05,quarter_rank,12,10,residual_correlation,OLS,1.0,0.9,0.002,,none,none,,,pure_stagewise_score,20,trailing2_60_40,none,-0.0791317997356228,0.1195523443731538,0.1267515728887913,1.271531125042893,0.9272133559678878,0.07554208079774,0.8091228228242927,-0.0041883421239117,-0.4627559721008786,-0.0333231850873457,0.9000000000000005,0.25,0.0190664339553645,0.1002360327516853,0.0047921137040351,0.0842437799780167,-0.006518705929301,0.6500000000000001,0.6,False,,-0.12272427379775759
rb_051,window_median,0.05,quarter_rank,12,10,residual_correlation,OLS,1.0,0.9,0.002,,none,none,,,pure_stagewise_score,20,trailing2_60_40,buffer,-0.0791317997356228,0.1195523443731538,0.1267515728887913,1.271531125042893,0.9272133559678878,0.07554208079774,0.8091228228242927,-0.0041883421239117,-0.4627559721008786,-0.0333231850873457,0.9000000000000005,0.25,-0.0117084722656198,-0.0645737123222191,-0.0254913374115657,-0.131731334242977,-0.006518705929301,0.5600000000000002,0.6,False,,-0.12272427379775759
rb_051,window_median,0.05,quarter_rank,12,10,residual_correlation,OLS,1.0,0.9,0.002,,none,none,,,pure_stagewise_score,30,trailing2_60_40,none,-0.0791317997356228,0.1195523443731538,0.1267515728887913,1.271531125042893,0.9272133559678878,0.1911719108929594,1.375492126102087,0.0963780771419361,-0.0160181259888429,-0.0266660311337914,0.9333333333333346,0.5,0.0093622828645762,0.0547070255406354,-0.0053694792332016,0.0024886557096144,-0.0011486940241067,0.5466666666666669,0.8,False,,0.05297632968754003
rb_051,window_median,0.05,quarter_rank,12,10,residual_correlation,OLS,1.0,0.9,0.002,,none,none,,,pure_stagewise_score,30,trailing2_60_40,buffer,-0.0791317997356228,0.1195523443731538,0.1267515728887913,1.271531125042893,0.9272133559678878,0.1921637443444719,1.3880144762872877,0.0980224136632513,-0.0131979558694193,-0.0266660311337915,0.8916666666666678,0.5,-0.0035988632492822,-0.0199595101175907,-0.0178927584293243,-0.0854425302252955,-0.0069487271134925,0.48,0.4,False,,0.08332919857611187
rb_051,window_median,0.05,quarter_rank,12,10,residual_correlation,OLS,1.0,0.9,0.002,,none,none,,,pure_stagewise_score,50,trailing2_60_40,none,-0.0791317997356228,0.1195523443731538,0.1267515728887913,1.271531125042893,0.9272133559678878,0.1465802132321654,1.283020034304445,0.0582434255182252,-0.1767748635263942,-0.0237650983989811,0.8450000000000004,0.5,0.0016965373317776,0.0096334353099843,-0.0123093478220937,-0.0499239749707998,-0.0036061438377645,0.4320000000000002,0.8,False,,0.04330194850731857
rb_052,window_median,0.05,quarter_rank,12,10,residual_correlation,Ridge,1.0,0.9,0.002,,none,none,,,pure_stagewise_score,20,none,none,-0.0791331016478885,0.1195469969346063,0.126747597063567,1.2713880011336869,0.9272185925908548,0.490579777622413,1.8647388528708784,0.2764631041323919,0.6616378770381365,-0.0688705304156303,0.9500000000000004,0.75,0.0582902252476478,0.3217181285718862,0.0429803155197204,0.3557503608038725,0.0,0.6100000000000002,0.8,False,,0.3312733689790615
rb_052,window_median,0.05,quarter_rank,12,10,residual_correlation,Ridge,1.0,0.9,0.002,,none,none,,,pure_stagewise_score,20,none,buffer,-0.0791331016478885,0.1195469969346063,0.126747597063567,1.2713880011336869,0.9272185925908548,0.490579777622413,1.8647388528708784,0.2764631041323919,0.6616378770381365,-0.0688705304156303,0.9500000000000004,0.75,0.0268419097467234,0.1539380665400949,0.0122851797375105,0.1481942721939055,0.0,0.5500000000000002,0.6,False,,0.3312733689790615
rb_052,window_median,0.05,quarter_rank,12,10,residual_correlation,Ridge,1.0,0.9,0.002,,none,none,,,pure_stagewise_score,30,none,none,-0.0791331016478885,0.1195469969346063,0.126747597063567,1.2713880011336869,0.9272185925908548,0.4456051831897254,2.062164335016345,0.2640296566864974,0.6416667193346077,-0.0483623078649361,0.9583333333333346,0.75,0.0090568892132025,0.051240585313584,-0.0048548635771587,0.0074197512094432,0.0,0.606666666666667,0.6,False,,0.32398124940630063
rb_052,window_median,0.05,quarter_rank,12,10,residual_correlation,Ridge,1.0,0.9,0.002,,none,none,,,pure_stagewise_score,30,none,buffer,-0.0791331016478885,0.1195469969346063,0.126747597063567,1.2713880011336869,0.9272185925908548,0.4291669912592939,1.9761868913490683,0.2586609480564359,0.567938148386883,-0.0485519573343613,0.9250000000000012,0.75,-0.0102116267565454,-0.0589676861055433,-0.0241142105381157,-0.1480557227089808,-0.0024130610371468,0.5200000000000004,0.6,False,,0.3249250367755523
rb_052,window_median,0.05,quarter_rank,12,10,residual_correlation,Ridge,1.0,0.9,0.002,,none,none,,,pure_stagewise_score,50,none,none,-0.0791331016478885,0.1195469969346063,0.126747597063567,1.2713880011336869,0.9272185925908548,0.4711564902253979,2.4667362795967893,0.2850540355017961,0.8144085346349055,-0.0303650887015861,0.9300000000000006,0.75,0.028214879466486,0.1648686709349146,0.0143941295006325,0.142386707989905,0.0,0.5480000000000003,0.8,False,,0.41398045362199415
rb_052,window_median,0.05,quarter_rank,12,10,residual_correlation,Ridge,1.0,0.9,0.002,,none,none,,,pure_stagewise_score,20,prev_70_30,none,-0.0791331016478885,0.1195469969346063,0.126747597063567,1.2713880011336869,0.9272185925908548,0.0371716251754414,0.325104429566874,0.0482081271646926,-0.3077977837376531,0.0,0.9625000000000004,0.5,-0.0089342221039421,-0.0533592803898396,-0.0222238084225106,-0.139231700544498,0.0,0.6300000000000002,0.6,False,,-0.05823114051958342
rb_052,window_median,0.05,quarter_rank,12,10,residual_correlation,Ridge,1.0,0.9,0.002,,none,none,,,pure_stagewise_score,20,prev_70_30,buffer,-0.0791331016478885,0.1195469969346063,0.126747597063567,1.2713880011336869,0.9272185925908548,0.0547148670520556,0.4512476462676593,0.0554248560286116,-0.2786482767835179,0.0,0.9500000000000004,0.5,0.0060757712641683,0.0406239402186435,-0.0066487126669903,-0.0479194809593831,-9.717273064591136e-05,0.5800000000000003,0.6,False,,-0.036532790060069625
rb_052,window_median,0.05,quarter_rank,12,10,residual_correlation,Ridge,1.0,0.9,0.002,,none,none,,,pure_stagewise_score,30,prev_70_30,none,-0.0791331016478885,0.1195469969346063,0.126747597063567,1.2713880011336869,0.9272185925908548,0.0862031997167482,0.6365966078301132,0.0654242128171214,-0.2247227840706974,-0.0144470229046425,0.9500000000000012,0.5,-0.0287295824091773,-0.1698683693334481,-0.0431864103179293,-0.340052288793277,-0.0028011740030916,0.5800000000000003,0.4,False,,-0.025308441686816174
rb_052,window_median,0.05,quarter_rank,12,10,residual_correlation,Ridge,1.0,0.9,0.002,,none,none,,,pure_stagewise_score,30,prev_70_30,buffer,-0.0791331016478885,0.1195469969346063,0.126747597063567,1.2713880011336869,0.9272185925908548,0.0862031997167482,0.6365966078301132,0.0654242128171214,-0.2247227840706974,-0.0144470229046425,0.9500000000000012,0.5,-0.0181547450456757,-0.1048845776800315,-0.0324856548477818,-0.2267485887618054,-0.0040657805032499,0.546666666666667,0.6,False,,-0.025308441686816174
rb_052,window_median,0.05,quarter_rank,12,10,residual_correlation,Ridge,1.0,0.9,0.002,,none,none,,,pure_stagewise_score,50,prev_70_30,none,-0.0791331016478885,0.1195469969346063,0.126747597063567,1.2713880011336869,0.9272185925908548,0.2253523160075257,2.319528579504971,0.1572650783585201,0.0648052421959379,-0.0104547147841468,0.9500000000000006,0.5,0.0063780288445862,0.0339105886467042,-0.0074956005880666,0.0005548403868745,0.0,0.5280000000000002,0.8,False,,0.1278214033469876
rb_052,window_median,0.05,quarter_rank,12,10,residual_correlation,Ridge,1.0,0.9,0.002,,none,none,,,pure_stagewise_score,20,trailing2_60_40,none,-0.0791331016478885,0.1195469969346063,0.126747597063567,1.2713880011336869,0.9272185925908548,0.07554208079774,0.8091228228242927,-0.0041883421239117,-0.4627559721008786,-0.0333231850873457,0.9000000000000005,0.25,0.0190664339553645,0.1002360327516853,0.0047921137040351,0.0842437799780167,-0.006518705929301,0.6500000000000001,0.6,False,,-0.12283036134374288
rb_052,window_median,0.05,quarter_rank,12,10,residual_correlation,Ridge,1.0,0.9,0.002,,none,none,,,pure_stagewise_score,20,trailing2_60_40,buffer,-0.0791331016478885,0.1195469969346063,0.126747597063567,1.2713880011336869,0.9272185925908548,0.07554208079774,0.8091228228242927,-0.0041883421239117,-0.4627559721008786,-0.0333231850873457,0.9000000000000005,0.25,-0.0117084722656198,-0.0645737123222191,-0.0254913374115657,-0.131731334242977,-0.006518705929301,0.5600000000000002,0.6,False,,-0.12283036134374288
rb_052,window_median,0.05,quarter_rank,12,10,residual_correlation,Ridge,1.0,0.9,0.002,,none,none,,,pure_stagewise_score,30,trailing2_60_40,none,-0.0791331016478885,0.1195469969346063,0.126747597063567,1.2713880011336869,0.9272185925908548,0.1911719108929594,1.375492126102087,0.0963780771419361,-0.0160181259888429,-0.0266660311337914,0.9333333333333346,0.5,0.0093622828645762,0.0547070255406354,-0.0053694792332016,0.0024886557096144,-0.0011486940241067,0.5466666666666669,0.8,False,,0.05287024214155471
rb_052,window_median,0.05,quarter_rank,12,10,residual_correlation,Ridge,1.0,0.9,0.002,,none,none,,,pure_stagewise_score,30,trailing2_60_40,buffer,-0.0791331016478885,0.1195469969346063,0.126747597063567,1.2713880011336869,0.9272185925908548,0.1921637443444719,1.3880144762872877,0.0980224136632513,-0.0131979558694193,-0.0266660311337915,0.8916666666666678,0.5,-0.0035988632492822,-0.0199595101175907,-0.0178927584293243,-0.0854425302252955,-0.0069487271134925,0.48,0.4,False,,0.08322311103012656
rb_052,window_median,0.05,quarter_rank,12,10,residual_correlation,Ridge,1.0,0.9,0.002,,none,none,,,pure_stagewise_score,50,trailing2_60_40,none,-0.0791331016478885,0.1195469969346063,0.126747597063567,1.2713880011336869,0.9272185925908548,0.1465802132321654,1.283020034304445,0.0582434255182252,-0.1767748635263942,-0.0237650983989811,0.8450000000000004,0.5,0.0016965373317776,0.0096334353099843,-0.0123093478220937,-0.0499239749707998,-0.0036061438377645,0.4320000000000002,0.8,False,,0.04319586096133325
rb_053,window_median,0.05,quarter_rank,12,10,residual_correlation,Ridge,3.0,0.9,0.002,,none,none,,,pure_stagewise_score,20,none,none,-0.0791406492142646,0.1195532035787554,0.12675581593005,1.2715453496984572,0.9273024816611284,0.490579777622413,1.8647388528708784,0.2764631041323919,0.6616378770381365,-0.0688705304156303,0.9500000000000004,0.75,0.0582902252476478,0.3217181285718862,0.0429803155197204,0.3557503608038725,0.0,0.6100000000000002,0.8,False,,0.33139145126113184
rb_053,window_median,0.05,quarter_rank,12,10,residual_correlation,Ridge,3.0,0.9,0.002,,none,none,,,pure_stagewise_score,20,none,buffer,-0.0791406492142646,0.1195532035787554,0.12675581593005,1.2715453496984572,0.9273024816611284,0.490579777622413,1.8647388528708784,0.2764631041323919,0.6616378770381365,-0.0688705304156303,0.9500000000000004,0.75,0.0268419097467234,0.1539380665400949,0.0122851797375105,0.1481942721939055,0.0,0.5500000000000002,0.6,False,,0.33139145126113184
rb_053,window_median,0.05,quarter_rank,12,10,residual_correlation,Ridge,3.0,0.9,0.002,,none,none,,,pure_stagewise_score,30,none,none,-0.0791406492142646,0.1195532035787554,0.12675581593005,1.2715453496984572,0.9273024816611284,0.4456051831897254,2.062164335016345,0.2640296566864974,0.6416667193346077,-0.0483623078649361,0.9583333333333346,0.75,0.0090568892132025,0.051240585313584,-0.0048548635771587,0.0074197512094432,0.0,0.606666666666667,0.6,False,,0.32409933168837085
rb_053,window_median,0.05,quarter_rank,12,10,residual_correlation,Ridge,3.0,0.9,0.002,,none,none,,,pure_stagewise_score,30,none,buffer,-0.0791406492142646,0.1195532035787554,0.12675581593005,1.2715453496984572,0.9273024816611284,0.4291669912592939,1.9761868913490683,0.2586609480564359,0.567938148386883,-0.0485519573343613,0.9250000000000012,0.75,-0.0102116267565454,-0.0589676861055433,-0.0241142105381157,-0.1480557227089808,-0.0024130610371468,0.5200000000000004,0.6,False,,0.3250431190576226
rb_053,window_median,0.05,quarter_rank,12,10,residual_correlation,Ridge,3.0,0.9,0.002,,none,none,,,pure_stagewise_score,50,none,none,-0.0791406492142646,0.1195532035787554,0.12675581593005,1.2715453496984572,0.9273024816611284,0.4711564902253979,2.4667362795967893,0.2850540355017961,0.8144085346349055,-0.0303650887015861,0.9300000000000006,0.75,0.028214879466486,0.1648686709349146,0.0143941295006325,0.142386707989905,0.0,0.5480000000000003,0.8,False,,0.4140985359040645
rb_053,window_median,0.05,quarter_rank,12,10,residual_correlation,Ridge,3.0,0.9,0.002,,none,none,,,pure_stagewise_score,20,prev_70_30,none,-0.0791406492142646,0.1195532035787554,0.12675581593005,1.2715453496984572,0.9273024816611284,0.0371716251754414,0.325104429566874,0.0482081271646926,-0.3077977837376531,0.0,0.9625000000000004,0.5,-0.0089342221039421,-0.0533592803898396,-0.0222238084225106,-0.139231700544498,0.0,0.6300000000000002,0.6,False,,-0.05811305823751314
rb_053,window_median,0.05,quarter_rank,12,10,residual_correlation,Ridge,3.0,0.9,0.002,,none,none,,,pure_stagewise_score,20,prev_70_30,buffer,-0.0791406492142646,0.1195532035787554,0.12675581593005,1.2715453496984572,0.9273024816611284,0.0547148670520556,0.4512476462676593,0.0554248560286116,-0.2786482767835179,0.0,0.9500000000000004,0.5,0.0060757712641683,0.0406239402186435,-0.0066487126669903,-0.0479194809593831,-9.717273064591136e-05,0.5800000000000003,0.6,False,,-0.03641470777799935
rb_053,window_median,0.05,quarter_rank,12,10,residual_correlation,Ridge,3.0,0.9,0.002,,none,none,,,pure_stagewise_score,30,prev_70_30,none,-0.0791406492142646,0.1195532035787554,0.12675581593005,1.2715453496984572,0.9273024816611284,0.0862031997167482,0.6365966078301132,0.0654242128171214,-0.2247227840706974,-0.0144470229046425,0.9500000000000012,0.5,-0.0287295824091773,-0.1698683693334481,-0.0431864103179293,-0.340052288793277,-0.0028011740030916,0.5800000000000003,0.4,False,,-0.0251903594047459
rb_053,window_median,0.05,quarter_rank,12,10,residual_correlation,Ridge,3.0,0.9,0.002,,none,none,,,pure_stagewise_score,30,prev_70_30,buffer,-0.0791406492142646,0.1195532035787554,0.12675581593005,1.2715453496984572,0.9273024816611284,0.0862031997167482,0.6365966078301132,0.0654242128171214,-0.2247227840706974,-0.0144470229046425,0.9500000000000012,0.5,-0.0181547450456757,-0.1048845776800315,-0.0324856548477818,-0.2267485887618054,-0.0040657805032499,0.546666666666667,0.6,False,,-0.0251903594047459
rb_053,window_median,0.05,quarter_rank,12,10,residual_correlation,Ridge,3.0,0.9,0.002,,none,none,,,pure_stagewise_score,50,prev_70_30,none,-0.0791406492142646,0.1195532035787554,0.12675581593005,1.2715453496984572,0.9273024816611284,0.2253523160075257,2.319528579504971,0.1572650783585201,0.0648052421959379,-0.0104547147841468,0.9500000000000006,0.5,0.0063780288445862,0.0339105886467042,-0.0074956005880666,0.0005548403868745,0.0,0.5280000000000002,0.8,False,,0.12793948562905788
rb_053,window_median,0.05,quarter_rank,12,10,residual_correlation,Ridge,3.0,0.9,0.002,,none,none,,,pure_stagewise_score,20,trailing2_60_40,none,-0.0791406492142646,0.1195532035787554,0.12675581593005,1.2715453496984572,0.9273024816611284,0.07554208079774,0.8091228228242927,-0.0041883421239117,-0.4627559721008786,-0.0333231850873457,0.9000000000000005,0.25,0.0190664339553645,0.1002360327516853,0.0047921137040351,0.0842437799780167,-0.006518705929301,0.6500000000000001,0.6,False,,-0.1227122790616726
rb_053,window_median,0.05,quarter_rank,12,10,residual_correlation,Ridge,3.0,0.9,0.002,,none,none,,,pure_stagewise_score,20,trailing2_60_40,buffer,-0.0791406492142646,0.1195532035787554,0.12675581593005,1.2715453496984572,0.9273024816611284,0.07554208079774,0.8091228228242927,-0.0041883421239117,-0.4627559721008786,-0.0333231850873457,0.9000000000000005,0.25,-0.0117084722656198,-0.0645737123222191,-0.0254913374115657,-0.131731334242977,-0.006518705929301,0.5600000000000002,0.6,False,,-0.1227122790616726
rb_053,window_median,0.05,quarter_rank,12,10,residual_correlation,Ridge,3.0,0.9,0.002,,none,none,,,pure_stagewise_score,30,trailing2_60_40,none,-0.0791406492142646,0.1195532035787554,0.12675581593005,1.2715453496984572,0.9273024816611284,0.1911719108929594,1.375492126102087,0.0963780771419361,-0.0160181259888429,-0.0266660311337914,0.9333333333333346,0.5,0.0093622828645762,0.0547070255406354,-0.0053694792332016,0.0024886557096144,-0.0011486940241067,0.5466666666666669,0.8,False,,0.052988324423624986
rb_053,window_median,0.05,quarter_rank,12,10,residual_correlation,Ridge,3.0,0.9,0.002,,none,none,,,pure_stagewise_score,30,trailing2_60_40,buffer,-0.0791406492142646,0.1195532035787554,0.12675581593005,1.2715453496984572,0.9273024816611284,0.1921637443444719,1.3880144762872877,0.0980224136632513,-0.0131979558694193,-0.0266660311337915,0.8916666666666678,0.5,-0.0035988632492822,-0.0199595101175907,-0.0178927584293243,-0.0854425302252955,-0.0069487271134925,0.48,0.4,False,,0.08334119331219683
rb_053,window_median,0.05,quarter_rank,12,10,residual_correlation,Ridge,3.0,0.9,0.002,,none,none,,,pure_stagewise_score,50,trailing2_60_40,none,-0.0791406492142646,0.1195532035787554,0.12675581593005,1.2715453496984572,0.9273024816611284,0.1465802132321654,1.283020034304445,0.0582434255182252,-0.1767748635263942,-0.0237650983989811,0.8450000000000004,0.5,0.0016965373317776,0.0096334353099843,-0.0123093478220937,-0.0499239749707998,-0.0036061438377645,0.4320000000000002,0.8,False,,0.04331394324340353
rb_054,window_median,0.05,quarter_rank,12,10,residual_correlation,Ridge,10.0,0.9,0.002,,none,none,,,pure_stagewise_score,20,none,none,-0.0791604740834778,0.1195563526180171,0.126761012721515,1.2717372199608712,0.927198414869468,0.490579777622413,1.8647388528708784,0.2764631041323919,0.6616378770381365,-0.0688705304156303,0.9500000000000004,0.75,0.0582902252476478,0.3217181285718862,0.0429803155197204,0.3557503608038725,0.0,0.6100000000000002,0.8,False,,0.33151587455557713
rb_054,window_median,0.05,quarter_rank,12,10,residual_correlation,Ridge,10.0,0.9,0.002,,none,none,,,pure_stagewise_score,20,none,buffer,-0.0791604740834778,0.1195563526180171,0.126761012721515,1.2717372199608712,0.927198414869468,0.490579777622413,1.8647388528708784,0.2764631041323919,0.6616378770381365,-0.0688705304156303,0.9500000000000004,0.75,0.0268419097467234,0.1539380665400949,0.0122851797375105,0.1481942721939055,0.0,0.5500000000000002,0.6,False,,0.33151587455557713
rb_054,window_median,0.05,quarter_rank,12,10,residual_correlation,Ridge,10.0,0.9,0.002,,none,none,,,pure_stagewise_score,30,none,none,-0.0791604740834778,0.1195563526180171,0.126761012721515,1.2717372199608712,0.927198414869468,0.4456051831897254,2.062164335016345,0.2640296566864974,0.6416667193346077,-0.0483623078649361,0.9583333333333346,0.75,0.0090568892132025,0.051240585313584,-0.0048548635771587,0.0074197512094432,0.0,0.606666666666667,0.6,False,,0.32422375498281625
rb_054,window_median,0.05,quarter_rank,12,10,residual_correlation,Ridge,10.0,0.9,0.002,,none,none,,,pure_stagewise_score,30,none,buffer,-0.0791604740834778,0.1195563526180171,0.126761012721515,1.2717372199608712,0.927198414869468,0.4291669912592939,1.9761868913490683,0.2586609480564359,0.567938148386883,-0.0485519573343613,0.9250000000000012,0.75,-0.0102116267565454,-0.0589676861055433,-0.0241142105381157,-0.1480557227089808,-0.0024130610371468,0.5200000000000004,0.6,False,,0.3251675423520679
rb_054,window_median,0.05,quarter_rank,12,10,residual_correlation,Ridge,10.0,0.9,0.002,,none,none,,,pure_stagewise_score,50,none,none,-0.0791604740834778,0.1195563526180171,0.126761012721515,1.2717372199608712,0.927198414869468,0.4711564902253979,2.4667362795967893,0.2850540355017961,0.8144085346349055,-0.0303650887015861,0.9300000000000006,0.75,0.028214879466486,0.1648686709349146,0.0143941295006325,0.142386707989905,0.0,0.5480000000000003,0.8,False,,0.4142229591985099
rb_054,window_median,0.05,quarter_rank,12,10,residual_correlation,Ridge,10.0,0.9,0.002,,none,none,,,pure_stagewise_score,20,prev_70_30,none,-0.0791604740834778,0.1195563526180171,0.126761012721515,1.2717372199608712,0.927198414869468,0.0371716251754414,0.325104429566874,0.0482081271646926,-0.3077977837376531,0.0,0.9625000000000004,0.5,-0.0089342221039421,-0.0533592803898396,-0.0222238084225106,-0.139231700544498,0.0,0.6300000000000002,0.6,False,,-0.057988634943067746
rb_054,window_median,0.05,quarter_rank,12,10,residual_correlation,Ridge,10.0,0.9,0.002,,none,none,,,pure_stagewise_score,20,prev_70_30,buffer,-0.0791604740834778,0.1195563526180171,0.126761012721515,1.2717372199608712,0.927198414869468,0.0547148670520556,0.4512476462676593,0.0554248560286116,-0.2786482767835179,0.0,0.9500000000000004,0.5,0.0060757712641683,0.0406239402186435,-0.0066487126669903,-0.0479194809593831,-9.717273064591136e-05,0.5800000000000003,0.6,False,,-0.03629028448355398
rb_054,window_median,0.05,quarter_rank,12,10,residual_correlation,Ridge,10.0,0.9,0.002,,none,none,,,pure_stagewise_score,30,prev_70_30,none,-0.0791604740834778,0.1195563526180171,0.126761012721515,1.2717372199608712,0.927198414869468,0.0862031997167482,0.6365966078301132,0.0654242128171214,-0.2247227840706974,-0.0144470229046425,0.9500000000000012,0.5,-0.0287295824091773,-0.1698683693334481,-0.0431864103179293,-0.340052288793277,-0.0028011740030916,0.5800000000000003,0.4,False,,-0.025065936110300557
rb_054,window_median,0.05,quarter_rank,12,10,residual_correlation,Ridge,10.0,0.9,0.002,,none,none,,,pure_stagewise_score,30,prev_70_30,buffer,-0.0791604740834778,0.1195563526180171,0.126761012721515,1.2717372199608712,0.927198414869468,0.0862031997167482,0.6365966078301132,0.0654242128171214,-0.2247227840706974,-0.0144470229046425,0.9500000000000012,0.5,-0.0181547450456757,-0.1048845776800315,-0.0324856548477818,-0.2267485887618054,-0.0040657805032499,0.546666666666667,0.6,False,,-0.025065936110300557
rb_054,window_median,0.05,quarter_rank,12,10,residual_correlation,Ridge,10.0,0.9,0.002,,none,none,,,pure_stagewise_score,50,prev_70_30,none,-0.0791604740834778,0.1195563526180171,0.126761012721515,1.2717372199608712,0.927198414869468,0.2253523160075257,2.319528579504971,0.1572650783585201,0.0648052421959379,-0.0104547147841468,0.9500000000000006,0.5,0.0063780288445862,0.0339105886467042,-0.0074956005880666,0.0005548403868745,0.0,0.5280000000000002,0.8,False,,0.12806390892350325
rb_054,window_median,0.05,quarter_rank,12,10,residual_correlation,Ridge,10.0,0.9,0.002,,none,none,,,pure_stagewise_score,20,trailing2_60_40,none,-0.0791604740834778,0.1195563526180171,0.126761012721515,1.2717372199608712,0.927198414869468,0.07554208079774,0.8091228228242927,-0.0041883421239117,-0.4627559721008786,-0.0333231850873457,0.9000000000000005,0.25,0.0190664339553645,0.1002360327516853,0.0047921137040351,0.0842437799780167,-0.006518705929301,0.6500000000000001,0.6,False,,-0.12258785576722726
rb_054,window_median,0.05,quarter_rank,12,10,residual_correlation,Ridge,10.0,0.9,0.002,,none,none,,,pure_stagewise_score,20,trailing2_60_40,buffer,-0.0791604740834778,0.1195563526180171,0.126761012721515,1.2717372199608712,0.927198414869468,0.07554208079774,0.8091228228242927,-0.0041883421239117,-0.4627559721008786,-0.0333231850873457,0.9000000000000005,0.25,-0.0117084722656198,-0.0645737123222191,-0.0254913374115657,-0.131731334242977,-0.006518705929301,0.5600000000000002,0.6,False,,-0.12258785576722726
rb_054,window_median,0.05,quarter_rank,12,10,residual_correlation,Ridge,10.0,0.9,0.002,,none,none,,,pure_stagewise_score,30,trailing2_60_40,none,-0.0791604740834778,0.1195563526180171,0.126761012721515,1.2717372199608712,0.927198414869468,0.1911719108929594,1.375492126102087,0.0963780771419361,-0.0160181259888429,-0.0266660311337914,0.9333333333333346,0.5,0.0093622828645762,0.0547070255406354,-0.0053694792332016,0.0024886557096144,-0.0011486940241067,0.5466666666666669,0.8,False,,0.053112747718070355
rb_054,window_median,0.05,quarter_rank,12,10,residual_correlation,Ridge,10.0,0.9,0.002,,none,none,,,pure_stagewise_score,30,trailing2_60_40,buffer,-0.0791604740834778,0.1195563526180171,0.126761012721515,1.2717372199608712,0.927198414869468,0.1921637443444719,1.3880144762872877,0.0980224136632513,-0.0131979558694193,-0.0266660311337915,0.8916666666666678,0.5,-0.0035988632492822,-0.0199595101175907,-0.0178927584293243,-0.0854425302252955,-0.0069487271134925,0.48,0.4,False,,0.0834656166066422
rb_054,window_median,0.05,quarter_rank,12,10,residual_correlation,Ridge,10.0,0.9,0.002,,none,none,,,pure_stagewise_score,50,trailing2_60_40,none,-0.0791604740834778,0.1195563526180171,0.126761012721515,1.2717372199608712,0.927198414869468,0.1465802132321654,1.283020034304445,0.0582434255182252,-0.1767748635263942,-0.0237650983989811,0.8450000000000004,0.5,-0.0009502202969327,-0.0054200411108431,-0.0149056574059701,-0.0711040601645523,-0.0036061438377645,0.4320000000000002,0.6,False,,0.043438366537848896
rb_055,window_median,0.05,quarter_rank,12,10,residual_correlation,Ridge,30.0,0.9,0.002,,none,none,,,pure_stagewise_score,20,none,none,-0.0792426133839158,0.119592477710491,0.1268021731333758,1.2728935909977197,0.9269174655019148,0.490579777622413,1.8647388528708784,0.2764631041323919,0.6616378770381365,-0.0688705304156303,0.9500000000000004,0.75,0.0582902252476478,0.3217181285718862,0.0429803155197204,0.3557503608038725,0.0,0.6100000000000002,0.8,False,,0.33234166621740985
rb_055,window_median,0.05,quarter_rank,12,10,residual_correlation,Ridge,30.0,0.9,0.002,,none,none,,,pure_stagewise_score,20,none,buffer,-0.0792426133839158,0.119592477710491,0.1268021731333758,1.2728935909977197,0.9269174655019148,0.490579777622413,1.8647388528708784,0.2764631041323919,0.6616378770381365,-0.0688705304156303,0.9500000000000004,0.75,0.0268419097467234,0.1539380665400949,0.0122851797375105,0.1481942721939055,0.0,0.5500000000000002,0.6,False,,0.33234166621740985
rb_055,window_median,0.05,quarter_rank,12,10,residual_correlation,Ridge,30.0,0.9,0.002,,none,none,,,pure_stagewise_score,30,none,none,-0.0792426133839158,0.119592477710491,0.1268021731333758,1.2728935909977197,0.9269174655019148,0.4456051831897254,2.062164335016345,0.2640296566864974,0.6416667193346077,-0.0483623078649361,0.9583333333333346,0.75,0.0090568892132025,0.051240585313584,-0.0048548635771587,0.0074197512094432,0.0,0.606666666666667,0.6,False,,0.32504954664464897
rb_055,window_median,0.05,quarter_rank,12,10,residual_correlation,Ridge,30.0,0.9,0.002,,none,none,,,pure_stagewise_score,30,none,buffer,-0.0792426133839158,0.119592477710491,0.1268021731333758,1.2728935909977197,0.9269174655019148,0.4291669912592939,1.9761868913490683,0.2586609480564359,0.567938148386883,-0.0485519573343613,0.9250000000000012,0.75,-0.0102116267565454,-0.0589676861055433,-0.0241142105381157,-0.1480557227089808,-0.0024130610371468,0.5200000000000004,0.6,False,,0.3259933340139006
rb_055,window_median,0.05,quarter_rank,12,10,residual_correlation,Ridge,30.0,0.9,0.002,,none,none,,,pure_stagewise_score,50,none,none,-0.0792426133839158,0.119592477710491,0.1268021731333758,1.2728935909977197,0.9269174655019148,0.4711564902253979,2.4667362795967893,0.2850540355017961,0.8144085346349055,-0.0303650887015861,0.9300000000000006,0.75,0.028214879466486,0.1648686709349146,0.0143941295006325,0.142386707989905,0.0,0.5480000000000003,0.8,False,,0.4150487508603426
rb_055,window_median,0.05,quarter_rank,12,10,residual_correlation,Ridge,30.0,0.9,0.002,,none,none,,,pure_stagewise_score,20,prev_70_30,none,-0.0792426133839158,0.119592477710491,0.1268021731333758,1.2728935909977197,0.9269174655019148,0.0371716251754414,0.325104429566874,0.0482081271646926,-0.3077977837376531,0.0,0.9625000000000004,0.5,-0.0089342221039421,-0.0533592803898396,-0.0222238084225106,-0.139231700544498,0.0,0.6300000000000002,0.6,False,,-0.057162843281235026
rb_055,window_median,0.05,quarter_rank,12,10,residual_correlation,Ridge,30.0,0.9,0.002,,none,none,,,pure_stagewise_score,20,prev_70_30,buffer,-0.0792426133839158,0.119592477710491,0.1268021731333758,1.2728935909977197,0.9269174655019148,0.0547148670520556,0.4512476462676593,0.0554248560286116,-0.2786482767835179,0.0,0.9500000000000004,0.5,0.0060757712641683,0.0406239402186435,-0.0066487126669903,-0.0479194809593831,-9.717273064591136e-05,0.5800000000000003,0.6,False,,-0.03546449282172126
rb_055,window_median,0.05,quarter_rank,12,10,residual_correlation,Ridge,30.0,0.9,0.002,,none,none,,,pure_stagewise_score,30,prev_70_30,none,-0.0792426133839158,0.119592477710491,0.1268021731333758,1.2728935909977197,0.9269174655019148,0.0862031997167482,0.6365966078301132,0.0654242128171214,-0.2247227840706974,-0.0144470229046425,0.9500000000000012,0.5,-0.0287295824091773,-0.1698683693334481,-0.0431864103179293,-0.340052288793277,-0.0028011740030916,0.5800000000000003,0.4,False,,-0.024240144448467837
rb_055,window_median,0.05,quarter_rank,12,10,residual_correlation,Ridge,30.0,0.9,0.002,,none,none,,,pure_stagewise_score,30,prev_70_30,buffer,-0.0792426133839158,0.119592477710491,0.1268021731333758,1.2728935909977197,0.9269174655019148,0.0862031997167482,0.6365966078301132,0.0654242128171214,-0.2247227840706974,-0.0144470229046425,0.9500000000000012,0.5,-0.0181547450456757,-0.1048845776800315,-0.0324856548477818,-0.2267485887618054,-0.0040657805032499,0.546666666666667,0.6,False,,-0.024240144448467837
rb_055,window_median,0.05,quarter_rank,12,10,residual_correlation,Ridge,30.0,0.9,0.002,,none,none,,,pure_stagewise_score,50,prev_70_30,none,-0.0792426133839158,0.119592477710491,0.1268021731333758,1.2728935909977197,0.9269174655019148,0.2253523160075257,2.319528579504971,0.1572650783585201,0.0648052421959379,-0.0104547147841468,0.9500000000000006,0.5,0.0063780288445862,0.0339105886467042,-0.0074956005880666,0.0005548403868745,0.0,0.5280000000000002,0.8,False,,0.12888970058533597
rb_055,window_median,0.05,quarter_rank,12,10,residual_correlation,Ridge,30.0,0.9,0.002,,none,none,,,pure_stagewise_score,20,trailing2_60_40,none,-0.0792426133839158,0.119592477710491,0.1268021731333758,1.2728935909977197,0.9269174655019148,0.07554208079774,0.8091228228242927,-0.0041883421239117,-0.4627559721008786,-0.0333231850873457,0.9000000000000005,0.25,0.0190664339553645,0.1002360327516853,0.0047921137040351,0.0842437799780167,-0.006518705929301,0.6500000000000001,0.6,False,,-0.12176206410539454
rb_055,window_median,0.05,quarter_rank,12,10,residual_correlation,Ridge,30.0,0.9,0.002,,none,none,,,pure_stagewise_score,20,trailing2_60_40,buffer,-0.0792426133839158,0.119592477710491,0.1268021731333758,1.2728935909977197,0.9269174655019148,0.07554208079774,0.8091228228242927,-0.0041883421239117,-0.4627559721008786,-0.0333231850873457,0.9000000000000005,0.25,-0.0060150251664266,-0.0334082525957119,-0.0197649179277969,-0.0946744497750352,-0.006518705929301,0.5700000000000002,0.6,False,,-0.12176206410539454
rb_055,window_median,0.05,quarter_rank,12,10,residual_correlation,Ridge,30.0,0.9,0.002,,none,none,,,pure_stagewise_score,30,trailing2_60_40,none,-0.0792426133839158,0.119592477710491,0.1268021731333758,1.2728935909977197,0.9269174655019148,0.1911719108929594,1.375492126102087,0.0963780771419361,-0.0160181259888429,-0.0266660311337914,0.9333333333333346,0.5,0.0093622828645762,0.0547070255406354,-0.0053694792332016,0.0024886557096145,-0.0011486940241067,0.5466666666666669,0.8,False,,0.053938539379903075
rb_055,window_median,0.05,quarter_rank,12,10,residual_correlation,Ridge,30.0,0.9,0.002,,none,none,,,pure_stagewise_score,30,trailing2_60_40,buffer,-0.0792426133839158,0.119592477710491,0.1268021731333758,1.2728935909977197,0.9269174655019148,0.1981337948357406,1.441480857405643,0.1031634764524907,0.0040550446158256,-0.0266660311337915,0.8916666666666678,0.5,-0.0036159655696915,-0.0200554981980876,-0.0179089967668609,-0.0855829381655932,-0.0069487271134925,0.4933333333333333,0.4,False,,0.09293992942567844
rb_055,window_median,0.05,quarter_rank,12,10,residual_correlation,Ridge,30.0,0.9,0.002,,none,none,,,pure_stagewise_score,50,trailing2_60_40,none,-0.0792426133839158,0.119592477710491,0.1268021731333758,1.2728935909977197,0.9269174655019148,0.1465802132321654,1.283020034304445,0.0582434255182252,-0.1767748635263942,-0.0237650983989811,0.8450000000000004,0.5,-0.0014762619633538,-0.0084246727743897,-0.0154605252334127,-0.0757164098258327,-0.0036061438377645,0.4360000000000002,0.6,False,,0.044264158199681616
rb_056,window_median,0.05,quarter_rank,12,10,residual_correlation,OLS,1.0,0.9,0.005,,none,none,,,pure_stagewise_score,20,none,none,-0.1047018014708905,0.0221715644171857,0.0366470950302103,0.2061477880772572,0.1825704979679114,0.3252093820693265,1.8982335293699104,0.2231860953645459,0.2914515340515152,-0.0265931275252987,0.6250000000000002,0.75,0.0968151108542834,0.5490821999758583,0.0790899316503326,0.643303814818006,0.0,0.8600000000000003,0.8,False,,-0.5960233049150955
rb_056,window_median,0.05,quarter_rank,12,10,residual_correlation,OLS,1.0,0.9,0.005,,none,none,,,pure_stagewise_score,20,none,buffer,-0.1047018014708905,0.0221715644171857,0.0366470950302103,0.2061477880772572,0.1825704979679114,0.3536738275387698,2.2753220997694847,0.2209268895014864,0.4581833173467584,-0.0265931275252986,0.5625000000000002,0.75,0.0930758146380716,0.5292046840198106,0.0757390899508071,0.6031872646770596,0.0,0.8400000000000004,0.6,False,,-0.5186075952590724
rb_056,window_median,0.05,quarter_rank,12,10,residual_correlation,OLS,1.0,0.9,0.005,,none,none,,,pure_stagewise_score,30,none,none,-0.1047018014708905,0.0221715644171857,0.0366470950302103,0.2061477880772572,0.1825704979679114,0.149372028593578,0.8270151823631572,0.0391087974516865,-0.1184021290345307,-0.0805046457120398,0.6166666666666674,0.5,0.0659517486318439,0.3638267224344658,0.0509074148045834,0.3661572366541727,0.0,0.8466666666666676,0.6,False,,-0.891478064184951
rb_056,window_median,0.05,quarter_rank,12,10,residual_correlation,OLS,1.0,0.9,0.005,,none,none,,,pure_stagewise_score,30,none,buffer,-0.1047018014708905,0.0221715644171857,0.0366470950302103,0.2061477880772572,0.1825704979679114,0.1867870914198903,0.982509221759059,0.0533317168474589,-0.0075359694791378,-0.0805046457120397,0.5666666666666673,0.5,0.0655788288765397,0.3618932223412666,0.0504776234532703,0.367722754725046,0.0,0.8333333333333343,0.6,False,,-0.8196234708087098
rb_056,window_median,0.05,quarter_rank,12,10,residual_correlation,OLS,1.0,0.9,0.005,,none,none,,,pure_stagewise_score,50,none,none,-0.1047018014708905,0.0221715644171857,0.0366470950302103,0.2061477880772572,0.1825704979679114,0.0788569836372212,0.3937379317589198,-0.0203466501472391,-0.2735392907146849,-0.0906480209123542,0.6250000000000004,0.5,0.0720606714321629,0.4146316688733801,0.0569080813164714,0.4221699467656221,0.0,0.8360000000000005,0.8,False,,-0.9943437493235355
rb_056,window_median,0.05,quarter_rank,12,10,residual_correlation,OLS,1.0,0.9,0.005,,none,none,,,pure_stagewise_score,20,prev_70_30,none,-0.1047018014708905,0.0221715644171857,0.0366470950302103,0.2061477880772572,0.1825704979679114,0.1749289301397305,0.7098450357772135,-0.0089736314226675,-0.0093346553974605,-0.1357627387169331,0.7750000000000005,0.5,0.0696318540361524,0.4575166044342031,0.0569005168828867,0.3428312732089559,0.0,0.7300000000000003,0.6,False,,-1.0578926721421056
rb_056,window_median,0.05,quarter_rank,12,10,residual_correlation,OLS,1.0,0.9,0.005,,none,none,,,pure_stagewise_score,20,prev_70_30,buffer,-0.1047018014708905,0.0221715644171857,0.0366470950302103,0.2061477880772572,0.1825704979679114,0.1898136059156716,0.7587553460969941,-0.0013857838412559,0.0479149970953351,-0.1357627387169331,0.7250000000000003,0.5,0.0519280214638051,0.344378299518105,0.0395081236377211,0.2547244352152427,0.0,0.7000000000000004,0.6,False,,-1.0042017362972566
rb_056,window_median,0.05,quarter_rank,12,10,residual_correlation,OLS,1.0,0.9,0.005,,none,none,,,pure_stagewise_score,30,prev_70_30,none,-0.1047018014708905,0.0221715644171857,0.0366470950302103,0.2061477880772572,0.1825704979679114,0.1247893290668291,0.5055498325555124,-0.0404224744738635,-0.1617552052116554,-0.1339497461496085,0.7166666666666675,0.25,0.0385120335291777,0.2364090466278755,0.0265888360920613,0.1673379481925925,0.0,0.7600000000000008,0.4,False,,-1.0805296335398236
rb_056,window_median,0.05,quarter_rank,12,10,residual_correlation,OLS,1.0,0.9,0.005,,none,none,,,pure_stagewise_score,30,prev_70_30,buffer,-0.1047018014708905,0.0221715644171857,0.0366470950302103,0.2061477880772572,0.1825704979679114,0.1334574767637621,0.543281617440205,-0.031144961485448,-0.1352480115844591,-0.1339497461496085,0.6666666666666674,0.25,0.0399336982360321,0.2440195899215798,0.0280506680905141,0.1737972534958709,0.0,0.7333333333333341,0.4,False,,-1.0321289451812778
rb_056,window_median,0.05,quarter_rank,12,10,residual_correlation,OLS,1.0,0.9,0.005,,none,none,,,pure_stagewise_score,50,prev_70_30,none,-0.1047018014708905,0.0221715644171857,0.0366470950302103,0.2061477880772572,0.1825704979679114,0.0289761383530056,0.1297259287900175,-0.101730637088047,-0.4446397833674901,-0.129509666349167,0.6650000000000005,0.25,0.0403249646301251,0.2504373811084321,0.0276171421015542,0.1954176853334482,0.0,0.7400000000000005,0.6,False,,-1.1628206504804486
rb_056,window_median,0.05,quarter_rank,12,10,residual_correlation,OLS,1.0,0.9,0.005,,none,none,,,pure_stagewise_score,20,trailing2_60_40,none,-0.1047018014708905,0.0221715644171857,0.0366470950302103,0.2061477880772572,0.1825704979679114,0.2468548677659843,0.8595949059191539,0.0052061594793884,0.3117016826161927,-0.1477437112548822,0.9000000000000004,0.75,0.1068136528193983,0.6278659159514367,0.0924552433952836,0.4764642034971112,0.0,0.6200000000000002,0.6,False,,-1.0659469342612822
rb_056,window_median,0.05,quarter_rank,12,10,residual_correlation,OLS,1.0,0.9,0.005,,none,none,,,pure_stagewise_score,20,trailing2_60_40,buffer,-0.1047018014708905,0.0221715644171857,0.0366470950302103,0.2061477880772572,0.1825704979679114,0.2115723123061503,0.7733399159955584,-0.0097787281983036,0.1589839684969062,-0.1477437112548821,0.8625000000000004,0.5,0.106325331183199,0.7190813747196662,0.0908628075310294,0.5948873034451241,0.0,0.5700000000000002,0.6,False,,-1.0886620802773566
rb_056,window_median,0.05,quarter_rank,12,10,residual_correlation,OLS,1.0,0.9,0.005,,none,none,,,pure_stagewise_score,30,trailing2_60_40,none,-0.1047018014708905,0.0221715644171857,0.0366470950302103,0.2061477880772572,0.1825704979679114,0.1687568194556452,0.6518510726998051,-0.0336787601563735,-0.0245926776974761,-0.1425733190130997,0.8166666666666674,0.25,0.0836198380312931,0.5051108956470322,0.0692712332456637,0.4372525243525381,0.0,0.5666666666666671,0.6,False,,-1.1173156541633347
rb_056,window_median,0.05,quarter_rank,12,10,residual_correlation,OLS,1.0,0.9,0.005,,none,none,,,pure_stagewise_score,30,trailing2_60_40,buffer,-0.1047018014708905,0.0221715644171857,0.0366470950302103,0.2061477880772572,0.1825704979679114,0.1535407281717296,0.6095281833672921,-0.039221212065793,-0.0901791460314074,-0.1425733190130996,0.7916666666666674,0.25,0.0923959895791592,0.5670408744993377,0.0776313642246204,0.4862899601224858,0.0,0.5200000000000004,0.6,False,,-1.120220078657515
rb_056,window_median,0.05,quarter_rank,12,10,residual_correlation,OLS,1.0,0.9,0.005,,none,none,,,pure_stagewise_score,50,trailing2_60_40,none,-0.1047018014708905,0.0221715644171857,0.0366470950302103,0.2061477880772572,0.1825704979679114,0.1802517669431795,0.7803264603496292,0.0040953124366196,-0.0041468981436957,-0.115493667606783,0.7750000000000006,0.25,0.0558391602500942,0.3387049623878357,0.0424476115612512,0.293646095301419,0.0,0.5480000000000004,0.6,False,,-1.0303093745280087
rb_057,window_median,0.05,quarter_rank,12,10,residual_correlation,Ridge,1.0,0.9,0.005,,none,none,,,pure_stagewise_score,20,none,none,-0.1047012755351209,0.0221715644171857,0.0366475737749182,0.2061477880772572,0.1825725756521928,0.3252093820693265,1.8982335293699104,0.2231860953645459,0.2914515340515152,-0.0265931275252987,0.6250000000000002,0.75,0.0968151108542834,0.5490821999758583,0.0790899316503326,0.643303814818006,0.0,0.8600000000000003,0.8,False,,-0.5960233049150955
rb_057,window_median,0.05,quarter_rank,12,10,residual_correlation,Ridge,1.0,0.9,0.005,,none,none,,,pure_stagewise_score,20,none,buffer,-0.1047012755351209,0.0221715644171857,0.0366475737749182,0.2061477880772572,0.1825725756521928,0.3536738275387698,2.2753220997694847,0.2209268895014864,0.4581833173467584,-0.0265931275252986,0.5625000000000002,0.75,0.0930758146380716,0.5292046840198106,0.0757390899508071,0.6031872646770596,0.0,0.8400000000000004,0.6,False,,-0.5186075952590724
rb_057,window_median,0.05,quarter_rank,12,10,residual_correlation,Ridge,1.0,0.9,0.005,,none,none,,,pure_stagewise_score,30,none,none,-0.1047012755351209,0.0221715644171857,0.0366475737749182,0.2061477880772572,0.1825725756521928,0.149372028593578,0.8270151823631572,0.0391087974516865,-0.1184021290345307,-0.0805046457120398,0.6166666666666674,0.5,0.0659517486318439,0.3638267224344658,0.0509074148045834,0.3661572366541727,0.0,0.8466666666666676,0.6,False,,-0.891478064184951
rb_057,window_median,0.05,quarter_rank,12,10,residual_correlation,Ridge,1.0,0.9,0.005,,none,none,,,pure_stagewise_score,30,none,buffer,-0.1047012755351209,0.0221715644171857,0.0366475737749182,0.2061477880772572,0.1825725756521928,0.1867870914198903,0.982509221759059,0.0533317168474589,-0.0075359694791378,-0.0805046457120397,0.5666666666666673,0.5,0.0655788288765397,0.3618932223412666,0.0504776234532703,0.367722754725046,0.0,0.8333333333333343,0.6,False,,-0.8196234708087098
rb_057,window_median,0.05,quarter_rank,12,10,residual_correlation,Ridge,1.0,0.9,0.005,,none,none,,,pure_stagewise_score,50,none,none,-0.1047012755351209,0.0221715644171857,0.0366475737749182,0.2061477880772572,0.1825725756521928,0.0788569836372212,0.3937379317589198,-0.0203466501472391,-0.2735392907146849,-0.0906480209123542,0.6250000000000004,0.5,0.0720606714321629,0.4146316688733801,0.0569080813164714,0.4221699467656221,0.0,0.8360000000000005,0.8,False,,-0.9943437493235355
rb_057,window_median,0.05,quarter_rank,12,10,residual_correlation,Ridge,1.0,0.9,0.005,,none,none,,,pure_stagewise_score,20,prev_70_30,none,-0.1047012755351209,0.0221715644171857,0.0366475737749182,0.2061477880772572,0.1825725756521928,0.1749289301397305,0.7098450357772135,-0.0089736314226675,-0.0093346553974605,-0.1357627387169331,0.7750000000000005,0.5,0.0696318540361524,0.4575166044342031,0.0569005168828867,0.3428312732089559,0.0,0.7300000000000003,0.6,False,,-1.0578926721421056
rb_057,window_median,0.05,quarter_rank,12,10,residual_correlation,Ridge,1.0,0.9,0.005,,none,none,,,pure_stagewise_score,20,prev_70_30,buffer,-0.1047012755351209,0.0221715644171857,0.0366475737749182,0.2061477880772572,0.1825725756521928,0.1898136059156716,0.7587553460969941,-0.0013857838412559,0.0479149970953351,-0.1357627387169331,0.7250000000000003,0.5,0.0519280214638051,0.344378299518105,0.0395081236377211,0.2547244352152427,0.0,0.7000000000000004,0.6,False,,-1.0042017362972566
rb_057,window_median,0.05,quarter_rank,12,10,residual_correlation,Ridge,1.0,0.9,0.005,,none,none,,,pure_stagewise_score,30,prev_70_30,none,-0.1047012755351209,0.0221715644171857,0.0366475737749182,0.2061477880772572,0.1825725756521928,0.1247893290668291,0.5055498325555124,-0.0404224744738635,-0.1617552052116554,-0.1339497461496085,0.7166666666666675,0.25,0.0385120335291777,0.2364090466278755,0.0265888360920613,0.1673379481925925,0.0,0.7600000000000008,0.4,False,,-1.0805296335398236
rb_057,window_median,0.05,quarter_rank,12,10,residual_correlation,Ridge,1.0,0.9,0.005,,none,none,,,pure_stagewise_score,30,prev_70_30,buffer,-0.1047012755351209,0.0221715644171857,0.0366475737749182,0.2061477880772572,0.1825725756521928,0.1334574767637621,0.543281617440205,-0.031144961485448,-0.1352480115844591,-0.1339497461496085,0.6666666666666674,0.25,0.0399336982360321,0.2440195899215798,0.0280506680905141,0.1737972534958709,0.0,0.7333333333333341,0.4,False,,-1.0321289451812778
rb_057,window_median,0.05,quarter_rank,12,10,residual_correlation,Ridge,1.0,0.9,0.005,,none,none,,,pure_stagewise_score,50,prev_70_30,none,-0.1047012755351209,0.0221715644171857,0.0366475737749182,0.2061477880772572,0.1825725756521928,0.0289761383530056,0.1297259287900175,-0.101730637088047,-0.4446397833674901,-0.129509666349167,0.6650000000000005,0.25,0.0403249646301251,0.2504373811084321,0.0276171421015542,0.1954176853334482,0.0,0.7400000000000005,0.6,False,,-1.1628206504804486
rb_057,window_median,0.05,quarter_rank,12,10,residual_correlation,Ridge,1.0,0.9,0.005,,none,none,,,pure_stagewise_score,20,trailing2_60_40,none,-0.1047012755351209,0.0221715644171857,0.0366475737749182,0.2061477880772572,0.1825725756521928,0.2468548677659843,0.8595949059191539,0.0052061594793884,0.3117016826161927,-0.1477437112548822,0.9000000000000004,0.75,0.1068136528193983,0.6278659159514367,0.0924552433952836,0.4764642034971112,0.0,0.6200000000000002,0.6,False,,-1.0659469342612822
rb_057,window_median,0.05,quarter_rank,12,10,residual_correlation,Ridge,1.0,0.9,0.005,,none,none,,,pure_stagewise_score,20,trailing2_60_40,buffer,-0.1047012755351209,0.0221715644171857,0.0366475737749182,0.2061477880772572,0.1825725756521928,0.2115723123061503,0.7733399159955584,-0.0097787281983036,0.1589839684969062,-0.1477437112548821,0.8625000000000004,0.5,0.106325331183199,0.7190813747196662,0.0908628075310294,0.5948873034451241,0.0,0.5700000000000002,0.6,False,,-1.0886620802773566
rb_057,window_median,0.05,quarter_rank,12,10,residual_correlation,Ridge,1.0,0.9,0.005,,none,none,,,pure_stagewise_score,30,trailing2_60_40,none,-0.1047012755351209,0.0221715644171857,0.0366475737749182,0.2061477880772572,0.1825725756521928,0.1687568194556452,0.6518510726998051,-0.0336787601563735,-0.0245926776974761,-0.1425733190130997,0.8166666666666674,0.25,0.0836198380312931,0.5051108956470322,0.0692712332456637,0.4372525243525381,0.0,0.5666666666666671,0.6,False,,-1.1173156541633347
rb_057,window_median,0.05,quarter_rank,12,10,residual_correlation,Ridge,1.0,0.9,0.005,,none,none,,,pure_stagewise_score,30,trailing2_60_40,buffer,-0.1047012755351209,0.0221715644171857,0.0366475737749182,0.2061477880772572,0.1825725756521928,0.1535407281717296,0.6095281833672921,-0.039221212065793,-0.0901791460314074,-0.1425733190130996,0.7916666666666674,0.25,0.0923959895791592,0.5670408744993377,0.0776313642246204,0.4862899601224858,0.0,0.5200000000000004,0.6,False,,-1.120220078657515
rb_057,window_median,0.05,quarter_rank,12,10,residual_correlation,Ridge,1.0,0.9,0.005,,none,none,,,pure_stagewise_score,50,trailing2_60_40,none,-0.1047012755351209,0.0221715644171857,0.0366475737749182,0.2061477880772572,0.1825725756521928,0.1802517669431795,0.7803264603496292,0.0040953124366196,-0.0041468981436957,-0.115493667606783,0.7750000000000006,0.25,0.0558391602500942,0.3387049623878357,0.0424476115612512,0.293646095301419,0.0,0.5480000000000004,0.6,False,,-1.0303093745280087
rb_058,window_median,0.05,quarter_rank,12,10,residual_correlation,Ridge,3.0,0.9,0.005,,none,none,,,pure_stagewise_score,20,none,none,-0.1047028127126421,0.0221715644171857,0.0366490125025147,0.2061477880772572,0.1825790049242814,0.3252093820693265,1.8982335293699104,0.2231860953645459,0.2914515340515152,-0.0265931275252987,0.6250000000000002,0.75,0.0968151108542834,0.5490821999758583,0.0790899316503326,0.643303814818006,0.0,0.8600000000000003,0.8,False,,-0.5960233049150955
rb_058,window_median,0.05,quarter_rank,12,10,residual_correlation,Ridge,3.0,0.9,0.005,,none,none,,,pure_stagewise_score,20,none,buffer,-0.1047028127126421,0.0221715644171857,0.0366490125025147,0.2061477880772572,0.1825790049242814,0.3536738275387698,2.2753220997694847,0.2209268895014864,0.4581833173467584,-0.0265931275252986,0.5625000000000002,0.75,0.0930758146380716,0.5292046840198106,0.0757390899508071,0.6031872646770596,0.0,0.8400000000000004,0.6,False,,-0.5186075952590724
rb_058,window_median,0.05,quarter_rank,12,10,residual_correlation,Ridge,3.0,0.9,0.005,,none,none,,,pure_stagewise_score,30,none,none,-0.1047028127126421,0.0221715644171857,0.0366490125025147,0.2061477880772572,0.1825790049242814,0.149372028593578,0.8270151823631572,0.0391087974516865,-0.1184021290345307,-0.0805046457120398,0.6166666666666674,0.5,0.0659517486318439,0.3638267224344658,0.0509074148045834,0.3661572366541727,0.0,0.8466666666666676,0.6,False,,-0.891478064184951
rb_058,window_median,0.05,quarter_rank,12,10,residual_correlation,Ridge,3.0,0.9,0.005,,none,none,,,pure_stagewise_score,30,none,buffer,-0.1047028127126421,0.0221715644171857,0.0366490125025147,0.2061477880772572,0.1825790049242814,0.1867870914198903,0.982509221759059,0.0533317168474589,-0.0075359694791378,-0.0805046457120397,0.5666666666666673,0.5,0.0655788288765397,0.3618932223412666,0.0504776234532703,0.367722754725046,0.0,0.8333333333333343,0.6,False,,-0.8196234708087098
rb_058,window_median,0.05,quarter_rank,12,10,residual_correlation,Ridge,3.0,0.9,0.005,,none,none,,,pure_stagewise_score,50,none,none,-0.1047028127126421,0.0221715644171857,0.0366490125025147,0.2061477880772572,0.1825790049242814,0.0788569836372212,0.3937379317589198,-0.0203466501472391,-0.2735392907146849,-0.0906480209123542,0.6250000000000004,0.5,0.0720606714321629,0.4146316688733801,0.0569080813164714,0.4221699467656221,0.0,0.8360000000000005,0.8,False,,-0.9943437493235355
rb_058,window_median,0.05,quarter_rank,12,10,residual_correlation,Ridge,3.0,0.9,0.005,,none,none,,,pure_stagewise_score,20,prev_70_30,none,-0.1047028127126421,0.0221715644171857,0.0366490125025147,0.2061477880772572,0.1825790049242814,0.1749289301397305,0.7098450357772135,-0.0089736314226675,-0.0093346553974605,-0.1357627387169331,0.7750000000000005,0.5,0.0696318540361524,0.4575166044342031,0.0569005168828867,0.3428312732089559,0.0,0.7300000000000003,0.6,False,,-1.0578926721421056
rb_058,window_median,0.05,quarter_rank,12,10,residual_correlation,Ridge,3.0,0.9,0.005,,none,none,,,pure_stagewise_score,20,prev_70_30,buffer,-0.1047028127126421,0.0221715644171857,0.0366490125025147,0.2061477880772572,0.1825790049242814,0.1898136059156716,0.7587553460969941,-0.0013857838412559,0.0479149970953351,-0.1357627387169331,0.7250000000000003,0.5,0.0519280214638051,0.344378299518105,0.0395081236377211,0.2547244352152427,0.0,0.7000000000000004,0.6,False,,-1.0042017362972566
rb_058,window_median,0.05,quarter_rank,12,10,residual_correlation,Ridge,3.0,0.9,0.005,,none,none,,,pure_stagewise_score,30,prev_70_30,none,-0.1047028127126421,0.0221715644171857,0.0366490125025147,0.2061477880772572,0.1825790049242814,0.1247893290668291,0.5055498325555124,-0.0404224744738635,-0.1617552052116554,-0.1339497461496085,0.7166666666666675,0.25,0.0385120335291777,0.2364090466278755,0.0265888360920613,0.1673379481925925,0.0,0.7600000000000008,0.4,False,,-1.0805296335398236
rb_058,window_median,0.05,quarter_rank,12,10,residual_correlation,Ridge,3.0,0.9,0.005,,none,none,,,pure_stagewise_score,30,prev_70_30,buffer,-0.1047028127126421,0.0221715644171857,0.0366490125025147,0.2061477880772572,0.1825790049242814,0.1334574767637621,0.543281617440205,-0.031144961485448,-0.1352480115844591,-0.1339497461496085,0.6666666666666674,0.25,0.0399336982360321,0.2440195899215798,0.0280506680905141,0.1737972534958709,0.0,0.7333333333333341,0.4,False,,-1.0321289451812778
rb_058,window_median,0.05,quarter_rank,12,10,residual_correlation,Ridge,3.0,0.9,0.005,,none,none,,,pure_stagewise_score,50,prev_70_30,none,-0.1047028127126421,0.0221715644171857,0.0366490125025147,0.2061477880772572,0.1825790049242814,0.0289761383530056,0.1297259287900175,-0.101730637088047,-0.4446397833674901,-0.129509666349167,0.6650000000000005,0.25,0.0403249646301251,0.2504373811084321,0.0276171421015542,0.1954176853334482,0.0,0.7400000000000005,0.6,False,,-1.1628206504804486
rb_058,window_median,0.05,quarter_rank,12,10,residual_correlation,Ridge,3.0,0.9,0.005,,none,none,,,pure_stagewise_score,20,trailing2_60_40,none,-0.1047028127126421,0.0221715644171857,0.0366490125025147,0.2061477880772572,0.1825790049242814,0.2468548677659843,0.8595949059191539,0.0052061594793884,0.3117016826161927,-0.1477437112548822,0.9000000000000004,0.75,0.1068136528193983,0.6278659159514367,0.0924552433952836,0.4764642034971112,0.0,0.6200000000000002,0.6,False,,-1.0659469342612822
rb_058,window_median,0.05,quarter_rank,12,10,residual_correlation,Ridge,3.0,0.9,0.005,,none,none,,,pure_stagewise_score,20,trailing2_60_40,buffer,-0.1047028127126421,0.0221715644171857,0.0366490125025147,0.2061477880772572,0.1825790049242814,0.2115723123061503,0.7733399159955584,-0.0097787281983036,0.1589839684969062,-0.1477437112548821,0.8625000000000004,0.5,0.106325331183199,0.7190813747196662,0.0908628075310294,0.5948873034451241,0.0,0.5700000000000002,0.6,False,,-1.0886620802773566
rb_058,window_median,0.05,quarter_rank,12,10,residual_correlation,Ridge,3.0,0.9,0.005,,none,none,,,pure_stagewise_score,30,trailing2_60_40,none,-0.1047028127126421,0.0221715644171857,0.0366490125025147,0.2061477880772572,0.1825790049242814,0.1687568194556452,0.6518510726998051,-0.0336787601563735,-0.0245926776974761,-0.1425733190130997,0.8166666666666674,0.25,0.0836198380312931,0.5051108956470322,0.0692712332456637,0.4372525243525381,0.0,0.5666666666666671,0.6,False,,-1.1173156541633347
rb_058,window_median,0.05,quarter_rank,12,10,residual_correlation,Ridge,3.0,0.9,0.005,,none,none,,,pure_stagewise_score,30,trailing2_60_40,buffer,-0.1047028127126421,0.0221715644171857,0.0366490125025147,0.2061477880772572,0.1825790049242814,0.1535407281717296,0.6095281833672921,-0.039221212065793,-0.0901791460314074,-0.1425733190130996,0.7916666666666674,0.25,0.0923959895791592,0.5670408744993377,0.0776313642246204,0.4862899601224858,0.0,0.5200000000000004,0.6,False,,-1.120220078657515
rb_058,window_median,0.05,quarter_rank,12,10,residual_correlation,Ridge,3.0,0.9,0.005,,none,none,,,pure_stagewise_score,50,trailing2_60_40,none,-0.1047028127126421,0.0221715644171857,0.0366490125025147,0.2061477880772572,0.1825790049242814,0.1802517669431795,0.7803264603496292,0.0040953124366196,-0.0041468981436957,-0.115493667606783,0.7750000000000006,0.25,0.0558391602500942,0.3387049623878357,0.0424476115612512,0.293646095301419,0.0,0.5480000000000004,0.6,False,,-1.0303093745280087
rb_059,window_median,0.05,quarter_rank,12,10,residual_correlation,Ridge,10.0,0.9,0.005,,none,none,,,pure_stagewise_score,20,none,none,-0.1047038375739899,0.0221715644171857,0.0366470160705663,0.2061477880772572,0.1825699224674864,0.3252093820693265,1.8982335293699104,0.2231860953645459,0.2914515340515152,-0.0265931275252987,0.6250000000000002,0.75,0.0968151108542834,0.5490821999758583,0.0790899316503326,0.643303814818006,0.0,0.8600000000000003,0.8,False,,-0.5960233049150955
rb_059,window_median,0.05,quarter_rank,12,10,residual_correlation,Ridge,10.0,0.9,0.005,,none,none,,,pure_stagewise_score,20,none,buffer,-0.1047038375739899,0.0221715644171857,0.0366470160705663,0.2061477880772572,0.1825699224674864,0.3536738275387698,2.2753220997694847,0.2209268895014864,0.4581833173467584,-0.0265931275252986,0.5625000000000002,0.75,0.0930758146380716,0.5292046840198106,0.0757390899508071,0.6031872646770596,0.0,0.8400000000000004,0.6,False,,-0.5186075952590724
rb_059,window_median,0.05,quarter_rank,12,10,residual_correlation,Ridge,10.0,0.9,0.005,,none,none,,,pure_stagewise_score,30,none,none,-0.1047038375739899,0.0221715644171857,0.0366470160705663,0.2061477880772572,0.1825699224674864,0.149372028593578,0.8270151823631572,0.0391087974516865,-0.1184021290345307,-0.0805046457120398,0.6166666666666674,0.5,0.0659517486318439,0.3638267224344658,0.0509074148045834,0.3661572366541727,0.0,0.8466666666666676,0.6,False,,-0.891478064184951
rb_059,window_median,0.05,quarter_rank,12,10,residual_correlation,Ridge,10.0,0.9,0.005,,none,none,,,pure_stagewise_score,30,none,buffer,-0.1047038375739899,0.0221715644171857,0.0366470160705663,0.2061477880772572,0.1825699224674864,0.1867870914198903,0.982509221759059,0.0533317168474589,-0.0075359694791378,-0.0805046457120397,0.5666666666666673,0.5,0.0655788288765397,0.3618932223412666,0.0504776234532703,0.367722754725046,0.0,0.8333333333333343,0.6,False,,-0.8196234708087098
rb_059,window_median,0.05,quarter_rank,12,10,residual_correlation,Ridge,10.0,0.9,0.005,,none,none,,,pure_stagewise_score,50,none,none,-0.1047038375739899,0.0221715644171857,0.0366470160705663,0.2061477880772572,0.1825699224674864,0.0788569836372212,0.3937379317589198,-0.0203466501472391,-0.2735392907146849,-0.0906480209123542,0.6250000000000004,0.5,0.0720606714321629,0.4146316688733801,0.0569080813164714,0.4221699467656221,0.0,0.8360000000000005,0.8,False,,-0.9943437493235355
rb_059,window_median,0.05,quarter_rank,12,10,residual_correlation,Ridge,10.0,0.9,0.005,,none,none,,,pure_stagewise_score,20,prev_70_30,none,-0.1047038375739899,0.0221715644171857,0.0366470160705663,0.2061477880772572,0.1825699224674864,0.1749289301397305,0.7098450357772135,-0.0089736314226675,-0.0093346553974605,-0.1357627387169331,0.7750000000000005,0.5,0.0696318540361524,0.4575166044342031,0.0569005168828867,0.3428312732089559,0.0,0.7300000000000003,0.6,False,,-1.0578926721421056
rb_059,window_median,0.05,quarter_rank,12,10,residual_correlation,Ridge,10.0,0.9,0.005,,none,none,,,pure_stagewise_score,20,prev_70_30,buffer,-0.1047038375739899,0.0221715644171857,0.0366470160705663,0.2061477880772572,0.1825699224674864,0.1898136059156716,0.7587553460969941,-0.0013857838412559,0.0479149970953351,-0.1357627387169331,0.7250000000000003,0.5,0.0519280214638051,0.344378299518105,0.0395081236377211,0.2547244352152427,0.0,0.7000000000000004,0.6,False,,-1.0042017362972566
rb_059,window_median,0.05,quarter_rank,12,10,residual_correlation,Ridge,10.0,0.9,0.005,,none,none,,,pure_stagewise_score,30,prev_70_30,none,-0.1047038375739899,0.0221715644171857,0.0366470160705663,0.2061477880772572,0.1825699224674864,0.1247893290668291,0.5055498325555124,-0.0404224744738635,-0.1617552052116554,-0.1339497461496085,0.7166666666666675,0.25,0.0385120335291777,0.2364090466278755,0.0265888360920613,0.1673379481925925,0.0,0.7600000000000008,0.4,False,,-1.0805296335398236
rb_059,window_median,0.05,quarter_rank,12,10,residual_correlation,Ridge,10.0,0.9,0.005,,none,none,,,pure_stagewise_score,30,prev_70_30,buffer,-0.1047038375739899,0.0221715644171857,0.0366470160705663,0.2061477880772572,0.1825699224674864,0.1334574767637621,0.543281617440205,-0.031144961485448,-0.1352480115844591,-0.1339497461496085,0.6666666666666674,0.25,0.0399336982360321,0.2440195899215798,0.0280506680905141,0.1737972534958709,0.0,0.7333333333333341,0.4,False,,-1.0321289451812778
rb_059,window_median,0.05,quarter_rank,12,10,residual_correlation,Ridge,10.0,0.9,0.005,,none,none,,,pure_stagewise_score,50,prev_70_30,none,-0.1047038375739899,0.0221715644171857,0.0366470160705663,0.2061477880772572,0.1825699224674864,0.0289761383530056,0.1297259287900175,-0.101730637088047,-0.4446397833674901,-0.129509666349167,0.6650000000000005,0.25,0.0403249646301251,0.2504373811084321,0.0276171421015542,0.1954176853334482,0.0,0.7400000000000005,0.6,False,,-1.1628206504804486
rb_059,window_median,0.05,quarter_rank,12,10,residual_correlation,Ridge,10.0,0.9,0.005,,none,none,,,pure_stagewise_score,20,trailing2_60_40,none,-0.1047038375739899,0.0221715644171857,0.0366470160705663,0.2061477880772572,0.1825699224674864,0.2468548677659843,0.8595949059191539,0.0052061594793884,0.3117016826161927,-0.1477437112548822,0.9000000000000004,0.75,0.1068136528193983,0.6278659159514367,0.0924552433952836,0.4764642034971112,0.0,0.6200000000000002,0.6,False,,-1.0659469342612822
rb_059,window_median,0.05,quarter_rank,12,10,residual_correlation,Ridge,10.0,0.9,0.005,,none,none,,,pure_stagewise_score,20,trailing2_60_40,buffer,-0.1047038375739899,0.0221715644171857,0.0366470160705663,0.2061477880772572,0.1825699224674864,0.2115723123061503,0.7733399159955584,-0.0097787281983036,0.1589839684969062,-0.1477437112548821,0.8625000000000004,0.5,0.106325331183199,0.7190813747196662,0.0908628075310294,0.5948873034451241,0.0,0.5700000000000002,0.6,False,,-1.0886620802773566
rb_059,window_median,0.05,quarter_rank,12,10,residual_correlation,Ridge,10.0,0.9,0.005,,none,none,,,pure_stagewise_score,30,trailing2_60_40,none,-0.1047038375739899,0.0221715644171857,0.0366470160705663,0.2061477880772572,0.1825699224674864,0.1687568194556452,0.6518510726998051,-0.0336787601563735,-0.0245926776974761,-0.1425733190130997,0.8166666666666674,0.25,0.0836198380312931,0.5051108956470322,0.0692712332456637,0.4372525243525381,0.0,0.5666666666666671,0.6,False,,-1.1173156541633347
rb_059,window_median,0.05,quarter_rank,12,10,residual_correlation,Ridge,10.0,0.9,0.005,,none,none,,,pure_stagewise_score,30,trailing2_60_40,buffer,-0.1047038375739899,0.0221715644171857,0.0366470160705663,0.2061477880772572,0.1825699224674864,0.1535407281717296,0.6095281833672921,-0.039221212065793,-0.0901791460314074,-0.1425733190130996,0.7916666666666674,0.25,0.0923959895791592,0.5670408744993377,0.0776313642246204,0.4862899601224858,0.0,0.5200000000000004,0.6,False,,-1.120220078657515
rb_059,window_median,0.05,quarter_rank,12,10,residual_correlation,Ridge,10.0,0.9,0.005,,none,none,,,pure_stagewise_score,50,trailing2_60_40,none,-0.1047038375739899,0.0221715644171857,0.0366470160705663,0.2061477880772572,0.1825699224674864,0.1802517669431795,0.7803264603496292,0.0040953124366196,-0.0041468981436957,-0.115493667606783,0.7750000000000006,0.25,0.0558391602500942,0.3387049623878357,0.0424476115612512,0.293646095301419,0.0,0.5480000000000004,0.6,False,,-1.0303093745280087
rb_060,window_median,0.05,quarter_rank,12,10,residual_correlation,Ridge,30.0,0.9,0.005,,none,none,,,pure_stagewise_score,20,none,none,-0.1047102104612584,0.0221715644171857,0.0366474092064375,0.2061477880772572,0.1825720811748397,0.3252093820693265,1.8982335293699104,0.2231860953645459,0.2914515340515152,-0.0265931275252987,0.6250000000000002,0.75,0.0968151108542834,0.5490821999758583,0.0790899316503326,0.643303814818006,0.0,0.8600000000000003,0.8,False,,-0.5960233049150955
rb_060,window_median,0.05,quarter_rank,12,10,residual_correlation,Ridge,30.0,0.9,0.005,,none,none,,,pure_stagewise_score,20,none,buffer,-0.1047102104612584,0.0221715644171857,0.0366474092064375,0.2061477880772572,0.1825720811748397,0.3536738275387698,2.2753220997694847,0.2209268895014864,0.4581833173467584,-0.0265931275252986,0.5625000000000002,0.75,0.0930758146380716,0.5292046840198106,0.0757390899508071,0.6031872646770596,0.0,0.8400000000000004,0.6,False,,-0.5186075952590724
rb_060,window_median,0.05,quarter_rank,12,10,residual_correlation,Ridge,30.0,0.9,0.005,,none,none,,,pure_stagewise_score,30,none,none,-0.1047102104612584,0.0221715644171857,0.0366474092064375,0.2061477880772572,0.1825720811748397,0.149372028593578,0.8270151823631572,0.0391087974516865,-0.1184021290345307,-0.0805046457120398,0.6166666666666674,0.5,0.0659517486318439,0.3638267224344658,0.0509074148045834,0.3661572366541727,0.0,0.8466666666666676,0.6,False,,-0.891478064184951
rb_060,window_median,0.05,quarter_rank,12,10,residual_correlation,Ridge,30.0,0.9,0.005,,none,none,,,pure_stagewise_score,30,none,buffer,-0.1047102104612584,0.0221715644171857,0.0366474092064375,0.2061477880772572,0.1825720811748397,0.1867870914198903,0.982509221759059,0.0533317168474589,-0.0075359694791378,-0.0805046457120397,0.5666666666666673,0.5,0.0655788288765397,0.3618932223412666,0.0504776234532703,0.367722754725046,0.0,0.8333333333333343,0.6,False,,-0.8196234708087098
rb_060,window_median,0.05,quarter_rank,12,10,residual_correlation,Ridge,30.0,0.9,0.005,,none,none,,,pure_stagewise_score,50,none,none,-0.1047102104612584,0.0221715644171857,0.0366474092064375,0.2061477880772572,0.1825720811748397,0.0788569836372212,0.3937379317589198,-0.0203466501472391,-0.2735392907146849,-0.0906480209123542,0.6250000000000004,0.5,0.0720606714321629,0.4146316688733801,0.0569080813164714,0.4221699467656221,0.0,0.8360000000000005,0.8,False,,-0.9943437493235355
rb_060,window_median,0.05,quarter_rank,12,10,residual_correlation,Ridge,30.0,0.9,0.005,,none,none,,,pure_stagewise_score,20,prev_70_30,none,-0.1047102104612584,0.0221715644171857,0.0366474092064375,0.2061477880772572,0.1825720811748397,0.1749289301397305,0.7098450357772135,-0.0089736314226675,-0.0093346553974605,-0.1357627387169331,0.7750000000000005,0.5,0.0696318540361524,0.4575166044342031,0.0569005168828867,0.3428312732089559,0.0,0.7300000000000003,0.6,False,,-1.0578926721421056
rb_060,window_median,0.05,quarter_rank,12,10,residual_correlation,Ridge,30.0,0.9,0.005,,none,none,,,pure_stagewise_score,20,prev_70_30,buffer,-0.1047102104612584,0.0221715644171857,0.0366474092064375,0.2061477880772572,0.1825720811748397,0.1898136059156716,0.7587553460969941,-0.0013857838412559,0.0479149970953351,-0.1357627387169331,0.7250000000000003,0.5,0.0519280214638051,0.344378299518105,0.0395081236377211,0.2547244352152427,0.0,0.7000000000000004,0.6,False,,-1.0042017362972566
rb_060,window_median,0.05,quarter_rank,12,10,residual_correlation,Ridge,30.0,0.9,0.005,,none,none,,,pure_stagewise_score,30,prev_70_30,none,-0.1047102104612584,0.0221715644171857,0.0366474092064375,0.2061477880772572,0.1825720811748397,0.1247893290668291,0.5055498325555124,-0.0404224744738635,-0.1617552052116554,-0.1339497461496085,0.7166666666666675,0.25,0.0385120335291777,0.2364090466278755,0.0265888360920613,0.1673379481925925,0.0,0.7600000000000008,0.4,False,,-1.0805296335398236
rb_060,window_median,0.05,quarter_rank,12,10,residual_correlation,Ridge,30.0,0.9,0.005,,none,none,,,pure_stagewise_score,30,prev_70_30,buffer,-0.1047102104612584,0.0221715644171857,0.0366474092064375,0.2061477880772572,0.1825720811748397,0.1334574767637621,0.543281617440205,-0.031144961485448,-0.1352480115844591,-0.1339497461496085,0.6666666666666674,0.25,0.0399336982360321,0.2440195899215798,0.0280506680905141,0.1737972534958709,0.0,0.7333333333333341,0.4,False,,-1.0321289451812778
rb_060,window_median,0.05,quarter_rank,12,10,residual_correlation,Ridge,30.0,0.9,0.005,,none,none,,,pure_stagewise_score,50,prev_70_30,none,-0.1047102104612584,0.0221715644171857,0.0366474092064375,0.2061477880772572,0.1825720811748397,0.0289761383530056,0.1297259287900175,-0.101730637088047,-0.4446397833674901,-0.129509666349167,0.6650000000000005,0.25,0.0403249646301251,0.2504373811084321,0.0276171421015542,0.1954176853334482,0.0,0.7400000000000005,0.6,False,,-1.1628206504804486
rb_060,window_median,0.05,quarter_rank,12,10,residual_correlation,Ridge,30.0,0.9,0.005,,none,none,,,pure_stagewise_score,20,trailing2_60_40,none,-0.1047102104612584,0.0221715644171857,0.0366474092064375,0.2061477880772572,0.1825720811748397,0.2468548677659843,0.8595949059191539,0.0052061594793884,0.3117016826161927,-0.1477437112548822,0.9000000000000004,0.75,0.1068136528193983,0.6278659159514367,0.0924552433952836,0.4764642034971112,0.0,0.6200000000000002,0.6,False,,-1.0659469342612822
rb_060,window_median,0.05,quarter_rank,12,10,residual_correlation,Ridge,30.0,0.9,0.005,,none,none,,,pure_stagewise_score,20,trailing2_60_40,buffer,-0.1047102104612584,0.0221715644171857,0.0366474092064375,0.2061477880772572,0.1825720811748397,0.2115723123061503,0.7733399159955584,-0.0097787281983036,0.1589839684969062,-0.1477437112548821,0.8625000000000004,0.5,0.106325331183199,0.7190813747196662,0.0908628075310294,0.5948873034451241,0.0,0.5700000000000002,0.6,False,,-1.0886620802773566
rb_060,window_median,0.05,quarter_rank,12,10,residual_correlation,Ridge,30.0,0.9,0.005,,none,none,,,pure_stagewise_score,30,trailing2_60_40,none,-0.1047102104612584,0.0221715644171857,0.0366474092064375,0.2061477880772572,0.1825720811748397,0.1687568194556452,0.6518510726998051,-0.0336787601563735,-0.0245926776974761,-0.1425733190130997,0.8166666666666674,0.25,0.0836198380312931,0.5051108956470322,0.0692712332456637,0.4372525243525381,0.0,0.5666666666666671,0.6,False,,-1.1173156541633347
rb_060,window_median,0.05,quarter_rank,12,10,residual_correlation,Ridge,30.0,0.9,0.005,,none,none,,,pure_stagewise_score,30,trailing2_60_40,buffer,-0.1047102104612584,0.0221715644171857,0.0366474092064375,0.2061477880772572,0.1825720811748397,0.1535407281717296,0.6095281833672921,-0.039221212065793,-0.0901791460314074,-0.1425733190130996,0.7916666666666674,0.25,0.0923959895791592,0.5670408744993377,0.0776313642246204,0.4862899601224858,0.0,0.5200000000000004,0.6,False,,-1.120220078657515
rb_060,window_median,0.05,quarter_rank,12,10,residual_correlation,Ridge,30.0,0.9,0.005,,none,none,,,pure_stagewise_score,50,trailing2_60_40,none,-0.1047102104612584,0.0221715644171857,0.0366474092064375,0.2061477880772572,0.1825720811748397,0.1802517669431795,0.7803264603496292,0.0040953124366196,-0.0041468981436957,-0.115493667606783,0.7750000000000006,0.25,0.0558391602500942,0.3387049623878357,0.0424476115612512,0.293646095301419,0.0,0.5480000000000004,0.6,False,,-1.0303093745280087
rb_003,window_median,0.05,quarter_rank,12,5,residual_correlation,Ridge,3.0,0.9,0.001,20.0,smooth_80_20,linear,2.0,0.55,pure_stagewise_score,20,none,none,-0.0594523945895588,0.1794658721814976,0.0917103264447994,0.9286079493911812,0.8153131452084733,1.0152375367945838,5.419568271156504,0.6398403670946543,2.292278705381624,0.0,0.9375000000000004,1.0,-0.0080874368852401,-0.0413081039144903,-0.0206223771919473,-0.0703924061527925,0.0,0.6100000000000001,0.6,False,,1.1591256255335665
rb_003,window_median,0.05,quarter_rank,12,5,residual_correlation,Ridge,3.0,0.9,0.001,20.0,smooth_80_20,linear,2.0,0.55,pure_stagewise_score,20,none,buffer,-0.059452394589558866,0.17946587218149754,0.032295093828838065,0.9286079493911812,0.20292951793101086,0.9739611476614378,4.814677213868772,0.6054344297355162,2.1665663142327825,0.0,0.8625000000000004,1.0,-0.0234413471678955,-0.1159571122613844,-0.037258012243142,-0.154945219844853,-0.0377295147771764,0.5100000000000001,0.6,True,"Selected by validation-only near-best robust_valid_score, then lower validation turnover; final metrics refreshed after stable-core and buffer evaluation.",1.1496981667866926
rb_003,window_median,0.05,quarter_rank,12,5,residual_correlation,Ridge,3.0,0.9,0.001,20.0,smooth_80_20,linear,2.0,0.55,pure_stagewise_score,30,none,none,-0.0594523945895588,0.1794658721814976,0.0917103264447994,0.9286079493911812,0.8153131452084733,0.8066342734427605,5.209270932311029,0.5386665048606785,1.6562465263266932,0.0,0.8833333333333344,1.0,0.0122811362830059,0.0635313221935132,-0.0012674415965176,0.0395434692936003,0.0,0.6066666666666669,0.6,False,,0.9593502569438417
rb_003,window_median,0.05,quarter_rank,12,5,residual_correlation,Ridge,3.0,0.9,0.001,20.0,smooth_80_20,linear,2.0,0.55,pure_stagewise_score,30,none,buffer,-0.0594523945895588,0.1794658721814976,0.0917103264447994,0.9286079493911812,0.8153131452084733,0.8134222565511231,5.113397261053786,0.5339063723995354,1.821914936700159,0.0,0.8500000000000009,1.0,0.0072951952999551,0.0381023313553891,-0.0062913105676995,0.0087629309570674,0.0,0.5800000000000003,0.6,False,,1.0144633120056157
rb_003,window_median,0.05,quarter_rank,12,5,residual_correlation,Ridge,3.0,0.9,0.001,20.0,smooth_80_20,linear,2.0,0.55,pure_stagewise_score,50,none,none,-0.0594523945895588,0.1794658721814976,0.0917103264447994,0.9286079493911812,0.8153131452084733,0.6331771384302192,6.067884146253302,0.4511777649642583,1.1806446165902424,0.0,0.8500000000000005,0.75,0.0176694855675605,0.1003625183496493,0.0040677021480856,0.06540831738558,0.0,0.5800000000000003,0.6,False,,0.7940760215592159
rb_003,window_median,0.05,quarter_rank,12,5,residual_correlation,Ridge,3.0,0.9,0.001,20.0,smooth_80_20,linear,2.0,0.55,pure_stagewise_score,20,prev_70_30,none,-0.0594523945895588,0.1794658721814976,0.0917103264447994,0.9286079493911812,0.8153131452084733,0.3601534967974611,4.490294985437019,0.2608247963741693,0.4477422789592213,0.0,0.8500000000000004,0.75,0.0217063709675646,0.1082831389688379,0.0097431448747286,0.0858914630959338,0.0,0.6500000000000002,0.6,False,,0.45284062433390293
rb_003,window_median,0.05,quarter_rank,12,5,residual_correlation,Ridge,3.0,0.9,0.001,20.0,smooth_80_20,linear,2.0,0.55,pure_stagewise_score,20,prev_70_30,buffer,-0.0594523945895588,0.1794658721814976,0.0917103264447994,0.9286079493911812,0.8153131452084733,0.3602952918342397,4.496987769302843,0.2610237759504307,0.447831924969191,0.0,0.8125000000000003,0.75,0.0642694759228541,0.3549308131947757,0.0502866563116606,0.322117151479525,0.0,0.5700000000000002,0.8,False,,0.47841660986406787
rb_003,window_median,0.05,quarter_rank,12,5,residual_correlation,Ridge,3.0,0.9,0.001,20.0,smooth_80_20,linear,2.0,0.55,pure_stagewise_score,30,prev_70_30,none,-0.0594523945895588,0.1794658721814976,0.0917103264447994,0.9286079493911812,0.8153131452084733,0.2711635835021106,2.5903494602778934,0.1763283947419873,0.2152127334506286,-0.0118378989114275,0.7916666666666674,0.75,0.0241461660644499,0.1296491869570551,0.0108512713291176,0.1032936943649393,0.0,0.5733333333333335,0.6,False,,0.353246468231665
rb_003,window_median,0.05,quarter_rank,12,5,residual_correlation,Ridge,3.0,0.9,0.001,20.0,smooth_80_20,linear,2.0,0.55,pure_stagewise_score,30,prev_70_30,buffer,-0.0594523945895588,0.1794658721814976,0.0917103264447994,0.9286079493911812,0.8153131452084733,0.2783202021292537,2.7997872890288127,0.1866244529942944,0.2290558920783791,-0.0062745714285838,0.7833333333333341,0.75,0.0344763132167733,0.1875184543537883,0.0214034462122932,0.1594568164897709,0.0,0.5466666666666669,0.6,False,,0.37548655150240967
rb_003,window_median,0.05,quarter_rank,12,5,residual_correlation,Ridge,3.0,0.9,0.001,20.0,smooth_80_20,linear,2.0,0.55,pure_stagewise_score,50,prev_70_30,none,-0.0594523945895588,0.1794658721814976,0.0917103264447994,0.9286079493911812,0.8153131452084733,0.3806062457448276,3.855022914290807,0.2523501650809558,0.6435225336653584,0.0,0.7750000000000006,0.75,0.0218321796544502,0.1189793654966177,0.0080673543376353,0.0978461732063477,0.0,0.5200000000000002,0.8,False,,0.5394038002758509
rb_003,window_median,0.05,quarter_rank,12,5,residual_correlation,Ridge,3.0,0.9,0.001,20.0,smooth_80_20,linear,2.0,0.55,pure_stagewise_score,20,trailing2_60_40,none,-0.0594523945895588,0.1794658721814976,0.0917103264447994,0.9286079493911812,0.8153131452084733,0.3127142875911972,2.949823075322798,0.1962542757627126,0.4047324733513354,-0.0052382820625115,0.8500000000000004,0.5,0.1603494972599117,0.8877871883934156,0.1372713317283679,1.010315363709984,0.0,0.6700000000000003,0.8,False,,0.37933002900549156
rb_003,window_median,0.05,quarter_rank,12,5,residual_correlation,Ridge,3.0,0.9,0.001,20.0,smooth_80_20,linear,2.0,0.55,pure_stagewise_score,20,trailing2_60_40,buffer,-0.0594523945895588,0.1794658721814976,0.0917103264447994,0.9286079493911812,0.8153131452084733,0.3117836244007477,2.7051744418814354,0.1871446887007455,0.4375929848695893,-0.0115604757356593,0.8375000000000004,0.5,0.1192031068582988,0.7161017490722216,0.0996743564656577,0.9648360420357038,0.0,0.5800000000000003,0.8,False,,0.38218937197509134
rb_003,window_median,0.05,quarter_rank,12,5,residual_correlation,Ridge,3.0,0.9,0.001,20.0,smooth_80_20,linear,2.0,0.55,pure_stagewise_score,30,trailing2_60_40,none,-0.0594523945895588,0.1794658721814976,0.0917103264447994,0.9286079493911812,0.8153131452084733,0.278037312262172,2.831056471768844,0.1880378026820877,0.2245173938290682,0.0,0.8333333333333343,0.5,0.0770948355892251,0.4332060752880423,0.0608660100466772,0.4938440578813775,0.0,0.5866666666666669,0.8,False,,0.3463706440715345
rb_003,window_median,0.05,quarter_rank,12,5,residual_correlation,Ridge,3.0,0.9,0.001,20.0,smooth_80_20,linear,2.0,0.55,pure_stagewise_score,30,trailing2_60_40,buffer,-0.0594523945895588,0.1794658721814976,0.0917103264447994,0.9286079493911812,0.8153131452084733,0.278160772168144,2.5495078285706847,0.1756537888933779,0.2498015762229738,0.0,0.8000000000000008,0.5,0.1122057370235354,0.6722335383949969,0.0934198733713989,0.8673845751425723,0.0,0.5000000000000001,0.8,False,,0.3630185113683695
rb_003,window_median,0.05,quarter_rank,12,5,residual_correlation,Ridge,3.0,0.9,0.001,20.0,smooth_80_20,linear,2.0,0.55,pure_stagewise_score,50,trailing2_60_40,none,-0.0594523945895588,0.1794658721814976,0.0917103264447994,0.9286079493911812,0.8153131452084733,0.3255183147276395,2.4448133551319007,0.1873505814418357,0.5192449838145488,0.0,0.8000000000000005,0.5,0.0710847133979073,0.4630886834706951,0.0553435340637416,0.5791426758254463,0.0,0.4640000000000002,0.6,False,,0.43410744936886414
rb_003,window_median,0.05,quarter_rank,12,5,residual_correlation,Ridge,3.0,0.9,0.001,20.0,smooth_80_20,linear,2.0,0.55,pure_promethee_score,20,none,none,-0.0594523945895588,0.1794658721814976,0.0917103264447994,0.9286079493911812,0.8153131452084733,-0.2221168816986868,-0.8540473384861231,-0.3913920861708642,-1.1394845465137284,-0.2219175404457358,0.325,0.25,-0.2015659817286004,-2.498962752971269,-0.2290325854878082,-2.2255001182363308,-0.1575652261608686,0.38,0.0,False,,-0.31065933554834013
rb_003,window_median,0.05,quarter_rank,12,5,residual_correlation,Ridge,3.0,0.9,0.001,20.0,smooth_80_20,linear,2.0,0.55,pure_promethee_score,20,none,buffer,-0.0594523945895588,0.1794658721814976,0.0917103264447994,0.9286079493911812,0.8153131452084733,-0.1132901209821432,-0.3607041607795931,-0.2666399283857844,-0.5617124408125821,-0.2069388424890337,0.125,0.25,-0.1673347198647152,-2.2354036603884,-0.1883931186260673,-1.5978688077762393,-0.1256291787888798,0.26,0.0,False,,0.08056996646884991
rb_003,window_median,0.05,quarter_rank,12,5,residual_correlation,Ridge,3.0,0.9,0.001,20.0,smooth_80_20,linear,2.0,0.55,pure_promethee_score,30,none,none,-0.0594523945895588,0.1794658721814976,0.0917103264447994,0.9286079493911812,0.8153131452084733,-0.0853235832102525,-0.2980241474738578,-0.2364963999397888,-0.5875099535179041,-0.1992585743733916,0.2,0.25,-0.1986288158179971,-2.394651544032889,-0.2252848314421027,-1.988897789277708,-0.1618037064264748,0.3199999999999999,0.0,False,,0.057576535916345595
rb_003,window_median,0.05,quarter_rank,12,5,residual_correlation,Ridge,3.0,0.9,0.001,20.0,smooth_80_20,linear,2.0,0.55,pure_promethee_score,30,none,buffer,-0.0594523945895588,0.1794658721814976,0.0917103264447994,0.9286079493911812,0.8153131452084733,-0.1256680773706453,-0.4202555616779234,-0.289641018627746,-0.6704822007043894,-0.2172195005335326,0.0916666666666666,0.25,-0.2196779552555983,-2.5428055973293646,-0.2510647954059217,-2.5990778667192296,-0.1752981344461401,0.2333333333333333,0.0,False,,0.050154542254619766
rb_003,window_median,0.05,quarter_rank,12,5,residual_correlation,Ridge,3.0,0.9,0.001,20.0,smooth_80_20,linear,2.0,0.55,pure_promethee_score,50,none,none,-0.0594523945895588,0.1794658721814976,0.0917103264447994,0.9286079493911812,0.8153131452084733,-0.0664539199329898,-0.2292114133866709,-0.2228286668000308,-0.5447514715499447,-0.2020568442759178,0.165,0.25,-0.2077026154910263,-1.8857140917400208,-0.2386026522499239,-4.037540285389633,-0.1459093854552798,0.244,0.0,False,,0.10158830752995927
rb_003,window_median,0.05,quarter_rank,12,5,residual_correlation,Ridge,3.0,0.9,0.001,20.0,smooth_80_20,linear,2.0,0.55,pure_promethee_score,20,prev_70_30,none,-0.0594523945895588,0.1794658721814976,0.0917103264447994,0.9286079493911812,0.8153131452084733,-0.185820666471816,-0.66038395636441,-0.3407455892118283,-0.8470149798413512,-0.2153111376498171,0.25,0.25,-0.198817165343477,-2.379359164636881,-0.2251816154504273,-1.869901540628176,-0.143659235118248,0.31,0.0,False,,-0.14271831000910484
rb_003,window_median,0.05,quarter_rank,12,5,residual_correlation,Ridge,3.0,0.9,0.001,20.0,smooth_80_20,linear,2.0,0.55,pure_promethee_score,20,prev_70_30,buffer,-0.0594523945895588,0.1794658721814976,0.0917103264447994,0.9286079493911812,0.8153131452084733,-0.0834186490209536,-0.2969056380817357,-0.2360570439401326,-0.6081563343009883,-0.1959295566366393,0.0875,0.25,-0.1996536841172218,-2.7241377557388224,-0.2256659312395806,-1.803819130996031,-0.1604506772327368,0.15,0.0,False,,0.1318241404586371
rb_003,window_median,0.05,quarter_rank,12,5,residual_correlation,Ridge,3.0,0.9,0.001,20.0,smooth_80_20,linear,2.0,0.55,pure_promethee_score,30,prev_70_30,none,-0.0594523945895588,0.1794658721814976,0.0917103264447994,0.9286079493911812,0.8153131452084733,-0.1089437373284576,-0.3645969292219628,-0.2616713514002287,-0.6005950633825529,-0.2078168861638031,0.1333333333333333,0.25,-0.217869370923128,-2.5794971374140045,-0.24847553993094,-2.3135727224024305,-0.1788233043286955,0.24,0.0,False,,0.07026540411307369
rb_003,window_median,0.05,quarter_rank,12,5,residual_correlation,Ridge,3.0,0.9,0.001,20.0,smooth_80_20,linear,2.0,0.55,pure_promethee_score,30,prev_70_30,buffer,-0.0594523945895588,0.1794658721814976,0.0917103264447994,0.9286079493911812,0.8153131452084733,-0.1105873364590579,-0.3392433082516961,-0.2619385897548741,-0.5186248993083177,-0.2171283526980285,0.075,0.25,-0.2213929480225114,-2.504548537685152,-0.253401395022385,-2.8300125771428184,-0.1713985983311489,0.1666666666666666,0.0,False,,0.12124941687956947
rb_003,window_median,0.05,quarter_rank,12,5,residual_correlation,Ridge,3.0,0.9,0.001,20.0,smooth_80_20,linear,2.0,0.55,pure_promethee_score,50,prev_70_30,none,-0.0594523945895588,0.1794658721814976,0.0917103264447994,0.9286079493911812,0.8153131452084733,-0.0580906509744743,-0.1808302753380019,-0.2061095429324737,-0.4197463588996614,-0.2063725026388099,0.135,0.25,-0.2102930266753275,-1.952769725923941,-0.2415132040227778,-3.88888497713293,-0.1489706225374367,0.176,0.0,False,,0.1623672455704444
rb_003,window_median,0.05,quarter_rank,12,5,residual_correlation,Ridge,3.0,0.9,0.001,20.0,smooth_80_20,linear,2.0,0.55,pure_promethee_score,20,trailing2_60_40,none,-0.0594523945895588,0.1794658721814976,0.0917103264447994,0.9286079493911812,0.8153131452084733,-0.1849590899937727,-0.6091426621901276,-0.3485633065924605,-0.7759025940286104,-0.225161873683948,0.2375,0.25,-0.2305211639563156,-2.815367088429402,-0.2628620485587398,-2.081539994647681,-0.1777196191750025,0.2299999999999999,0.0,False,,-0.13258872334968888
rb_003,window_median,0.05,quarter_rank,12,5,residual_correlation,Ridge,3.0,0.9,0.001,20.0,smooth_80_20,linear,2.0,0.55,pure_promethee_score,20,trailing2_60_40,buffer,-0.0594523945895588,0.1794658721814976,0.0917103264447994,0.9286079493911812,0.8153131452084733,-0.1254079427208424,-0.411150571934419,-0.2935666004699383,-0.6585141420495055,-0.2180968799178152,0.1,0.25,-0.2033136534509271,-2.519964211704017,-0.2298615591297075,-1.7242616494420977,-0.1638778996296267,0.1,0.0,False,,0.04291208230857074
rb_003,window_median,0.05,quarter_rank,12,5,residual_correlation,Ridge,3.0,0.9,0.001,20.0,smooth_80_20,linear,2.0,0.55,pure_promethee_score,30,trailing2_60_40,none,-0.0594523945895588,0.1794658721814976,0.0917103264447994,0.9286079493911812,0.8153131452084733,-0.094641828309524,-0.3210027880376741,-0.2521806845793658,-0.5963562555790074,-0.2082661912198782,0.1333333333333333,0.25,-0.209250405404892,-2.3105538311831006,-0.239073073032697,-2.858481468122225,-0.1544501183298369,0.2066666666666666,0.0,False,,0.07974862650725054
rb_003,window_median,0.05,quarter_rank,12,5,residual_correlation,Ridge,3.0,0.9,0.001,20.0,smooth_80_20,linear,2.0,0.55,pure_promethee_score,30,trailing2_60_40,buffer,-0.0594523945895588,0.1794658721814976,0.0917103264447994,0.9286079493911812,0.8153131452084733,-0.1247175363559788,-0.3976035601333547,-0.2749695677775594,-0.5797259797269769,-0.214504680600416,0.075,0.25,-0.2200907917428013,-2.363224530446144,-0.2521249951118242,-3.0146685715056933,-0.1630224870424864,0.1266666666666666,0.0,False,,0.09729119449525525
rb_003,window_median,0.05,quarter_rank,12,5,residual_correlation,Ridge,3.0,0.9,0.001,20.0,smooth_80_20,linear,2.0,0.55,pure_promethee_score,50,trailing2_60_40,none,-0.0594523945895588,0.1794658721814976,0.0917103264447994,0.9286079493911812,0.8153131452084733,-0.0594790503281238,-0.1774596510618759,-0.2176135288291727,-0.4055309077473872,-0.2153621577782909,0.105,0.25,-0.2025931472805027,-1.7308242196949235,-0.2330648083150983,-5.736738734957012,-0.1277817062669696,0.152,0.0,False,,0.16879513372635577
rb_003,window_median,0.05,quarter_rank,12,5,residual_correlation,Ridge,3.0,0.9,0.001,20.0,smooth_80_20,linear,2.0,0.55,hybrid_score_70_30,20,none,none,-0.0594523945895588,0.1794658721814976,0.0917103264447994,0.9286079493911812,0.8153131452084733,0.126334092330439,0.7844586234998,0.1146315588315272,-0.1219677260766345,-0.0502862292112766,0.8875000000000004,0.5,0.0143798608541223,0.0638447380920442,0.0002967858367336,0.0671003499436451,-0.0224921284627153,0.4100000000000001,0.6,False,,0.1285552367461939
rb_003,window_median,0.05,quarter_rank,12,5,residual_correlation,Ridge,3.0,0.9,0.001,20.0,smooth_80_20,linear,2.0,0.55,hybrid_score_70_30,20,none,buffer,-0.0594523945895588,0.1794658721814976,0.0917103264447994,0.9286079493911812,0.8153131452084733,0.1439832026187761,0.7625801282157827,0.1062066502964324,-0.084784535086323,-0.0555161114561185,0.8000000000000004,0.5,0.0060473690005764,0.0272267853500713,-0.0076027491101923,0.0251117761518874,-0.0274829511171101,0.33,0.6,False,,0.18452652417349824
rb_003,window_median,0.05,quarter_rank,12,5,residual_correlation,Ridge,3.0,0.9,0.001,20.0,smooth_80_20,linear,2.0,0.55,hybrid_score_70_30,30,none,none,-0.0594523945895588,0.1794658721814976,0.0917103264447994,0.9286079493911812,0.8153131452084733,0.2647579035430443,1.464274593521109,0.2294372879249832,0.1243124720311701,-0.0288141889891554,0.8166666666666675,0.75,0.0083086205034943,0.0412918222457859,-0.0058598117579578,0.0217152507531286,-0.0329380904831239,0.4000000000000002,0.6,False,,0.35364334693733207
rb_003,window_median,0.05,quarter_rank,12,5,residual_correlation,Ridge,3.0,0.9,0.001,20.0,smooth_80_20,linear,2.0,0.55,hybrid_score_70_30,30,none,buffer,-0.0594523945895588,0.1794658721814976,0.0917103264447994,0.9286079493911812,0.8153131452084733,0.1814378493308981,1.0722881293678566,0.1390404815193558,-0.0217220075839345,-0.0474790390213915,0.733333333333334,0.5,0.0001705680577155,0.0008684466896498,-0.0135397450922338,-0.0293885843174075,-0.0334207605659234,0.3600000000000002,0.6,False,,0.2799831542356738
rb_003,window_median,0.05,quarter_rank,12,5,residual_correlation,Ridge,3.0,0.9,0.001,20.0,smooth_80_20,linear,2.0,0.55,hybrid_score_70_30,50,none,none,-0.0594523945895588,0.1794658721814976,0.0917103264447994,0.9286079493911812,0.8153131452084733,0.1272748168566331,0.6279109695760579,0.0791999080828346,-0.1121410068105938,-0.09429283501408,0.7000000000000004,0.5,-0.023022320331132,-0.1249083148798785,-0.0375642772479196,-0.2155884816262138,-0.0219224207314497,0.3720000000000001,0.4,False,,0.19364828559025657
rb_003,window_median,0.05,quarter_rank,12,5,residual_correlation,Ridge,3.0,0.9,0.001,20.0,smooth_80_20,linear,2.0,0.55,hybrid_score_70_30,20,prev_70_30,none,-0.0594523945895588,0.1794658721814976,0.0917103264447994,0.9286079493911812,0.8153131452084733,-0.0077266433801157,-0.0302875168785595,-0.0777599269865195,-0.3403153250865003,-0.1408126841714322,0.6250000000000002,0.25,0.0444294541739027,0.202918618546547,0.0296953304555206,0.2083302572014687,-0.0149710399847176,0.4000000000000001,0.6,False,,0.014357803406162217
rb_003,window_median,0.05,quarter_rank,12,5,residual_correlation,Ridge,3.0,0.9,0.001,20.0,smooth_80_20,linear,2.0,0.55,hybrid_score_70_30,20,prev_70_30,buffer,-0.0594523945895588,0.1794658721814976,0.0917103264447994,0.9286079493911812,0.8153131452084733,-0.0456761779614145,-0.1774274809704522,-0.0897556665160299,-0.3796626345803909,-0.1344205209065901,0.5625000000000002,0.25,0.0020107788123369,0.0100192466685595,-0.0111358733443255,-0.0130225438393577,-0.0184639672931354,0.3700000000000001,0.4,False,,0.04115437299178971
rb_003,window_median,0.05,quarter_rank,12,5,residual_correlation,Ridge,3.0,0.9,0.001,20.0,smooth_80_20,linear,2.0,0.55,hybrid_score_70_30,30,prev_70_30,none,-0.0594523945895588,0.1794658721814976,0.0917103264447994,0.9286079493911812,0.8153131452084733,-0.0375777324240634,-0.1347688687476806,-0.0890494517300369,-0.3441631481391038,-0.1640116548807878,0.6000000000000003,0.25,0.0012460599636421,0.0062169296648341,-0.0127923722000561,-0.0193784202153256,-0.0302139294376364,0.4133333333333335,0.6,False,,0.0035893560353637693
rb_003,window_median,0.05,quarter_rank,12,5,residual_correlation,Ridge,3.0,0.9,0.001,20.0,smooth_80_20,linear,2.0,0.55,hybrid_score_70_30,30,prev_70_30,buffer,-0.0594523945895588,0.1794658721814976,0.0917103264447994,0.9286079493911812,0.8153131452084733,-0.0185028056962052,-0.0665257930848438,-0.0636424339297593,-0.3071201590735404,-0.149164650565543,0.5500000000000002,0.25,0.0043760543318882,0.0218680210890337,-0.0089106164227089,-0.0010979863721067,-0.0273736073403233,0.3400000000000001,0.6,False,,0.07981447782840637
rb_003,window_median,0.05,quarter_rank,12,5,residual_correlation,Ridge,3.0,0.9,0.001,20.0,smooth_80_20,linear,2.0,0.55,hybrid_score_70_30,50,prev_70_30,none,-0.0594523945895588,0.1794658721814976,0.0917103264447994,0.9286079493911812,0.8153131452084733,-0.0068881637795074,-0.0268939292097609,-0.0659175947660143,-0.3255067584994415,-0.1507742520468284,0.5250000000000002,0.25,-0.042047645584143,-0.2066985023531977,-0.0563526064075635,-0.257006935686495,-0.040535701785176,0.3360000000000001,0.4,False,,0.08936897955214664
rb_003,window_median,0.05,quarter_rank,12,5,residual_correlation,Ridge,3.0,0.9,0.001,20.0,smooth_80_20,linear,2.0,0.55,hybrid_score_70_30,20,trailing2_60_40,none,-0.0594523945895588,0.1794658721814976,0.0917103264447994,0.9286079493911812,0.8153131452084733,-0.0562076667012366,-0.2219126493235192,-0.1789771112149662,-0.5481532612604691,-0.1676144887899091,0.7250000000000003,0.25,0.0236271272239021,0.1093734382499537,0.0101970835202259,0.0981150686855803,-0.0149710399847176,0.3600000000000001,0.4,False,,-0.2129458170310753
rb_003,window_median,0.05,quarter_rank,12,5,residual_correlation,Ridge,3.0,0.9,0.001,20.0,smooth_80_20,linear,2.0,0.55,hybrid_score_70_30,20,trailing2_60_40,buffer,-0.0594523945895588,0.1794658721814976,0.0917103264447994,0.9286079493911812,0.8153131452084733,-0.099629017666472,-0.4257342872233071,-0.1859933046401902,-0.6035857514365357,-0.1376875438225711,0.5500000000000002,0.25,0.0079041454858239,0.0391450466993984,-0.0053770803569944,0.01793371600789,-0.0198831699553868,0.2799999999999999,0.4,False,,-0.09245760808963989
rb_003,window_median,0.05,quarter_rank,12,5,residual_correlation,Ridge,3.0,0.9,0.001,20.0,smooth_80_20,linear,2.0,0.55,hybrid_score_70_30,30,trailing2_60_40,none,-0.0594523945895588,0.1794658721814976,0.0917103264447994,0.9286079493911812,0.8153131452084733,-0.0434455436225549,-0.1736741482386344,-0.1218443778061525,-0.4313773787113525,-0.1322811691534544,0.566666666666667,0.25,-0.0187238691189891,-0.098211281151961,-0.0323844186867948,-0.1491793326122555,-0.0236298499367729,0.3266666666666667,0.4,False,,-0.0016418740815488109
rb_003,window_median,0.05,quarter_rank,12,5,residual_correlation,Ridge,3.0,0.9,0.001,20.0,smooth_80_20,linear,2.0,0.55,hybrid_score_70_30,30,trailing2_60_40,buffer,-0.0594523945895588,0.1794658721814976,0.0917103264447994,0.9286079493911812,0.8153131452084733,-0.0520014626749901,-0.2093937699719386,-0.135737092035344,-0.461709656407199,-0.1336210255327341,0.5250000000000002,0.25,-0.0076015495414647,-0.0378469981930727,-0.0211870603098093,-0.0665681820256584,-0.0284090703707602,0.2533333333333333,0.4,False,,0.005873948421208558
rb_003,window_median,0.05,quarter_rank,12,5,residual_correlation,Ridge,3.0,0.9,0.001,20.0,smooth_80_20,linear,2.0,0.55,hybrid_score_70_30,50,trailing2_60_40,none,-0.0594523945895588,0.1794658721814976,0.0917103264447994,0.9286079493911812,0.8153131452084733,-0.0387811487193648,-0.1428914010922909,-0.123337243302961,-0.3927645111886,-0.1440193655433489,0.4650000000000002,0.25,-0.0189937939693161,-0.0943481248834719,-0.0327244520740398,-0.1313657712609815,-0.018614366554991,0.2880000000000001,0.4,False,,0.06612785672769506
rb_003,window_median,0.05,quarter_rank,12,5,residual_correlation,Ridge,3.0,0.9,0.001,20.0,smooth_80_20,linear,2.0,0.55,hybrid_score_50_50,20,none,none,-0.0594523945895588,0.1794658721814976,0.0917103264447994,0.9286079493911812,0.8153131452084733,0.4804718248958004,1.919554524008152,0.5120967387082613,0.3270297447348088,-0.0669633304946948,0.9500000000000004,0.75,-0.0111904804610358,-0.0505923715088546,-0.0237226664264951,-0.0535021630123574,-0.0360198863435478,0.4400000000000001,0.6,False,,0.5455609719486012
rb_003,window_median,0.05,quarter_rank,12,5,residual_correlation,Ridge,3.0,0.9,0.001,20.0,smooth_80_20,linear,2.0,0.55,hybrid_score_50_50,20,none,buffer,-0.0594523945895588,0.1794658721814976,0.0917103264447994,0.9286079493911812,0.8153131452084733,0.4953184592074859,2.050393254012058,0.5159405294330743,0.348079951341471,-0.0576065470702529,0.9375000000000004,0.75,-0.0236569670891461,-0.1025233186628166,-0.034629277358594,-0.0883469577406848,-0.0633593882797591,0.3700000000000001,0.6,False,,0.5688757181619767
rb_003,window_median,0.05,quarter_rank,12,5,residual_correlation,Ridge,3.0,0.9,0.001,20.0,smooth_80_20,linear,2.0,0.55,hybrid_score_50_50,30,none,none,-0.0594523945895588,0.1794658721814976,0.0917103264447994,0.9286079493911812,0.8153131452084733,0.4255920969521001,1.85338879691863,0.4659680263402759,0.2776402130305709,-0.0657920395151638,0.941666666666668,0.75,0.0152747219497713,0.0731170089598344,0.002657744534656,0.0571113406523844,-0.0382410931825494,0.4666666666666669,0.6,False,,0.497965705475199
rb_003,window_median,0.05,quarter_rank,12,5,residual_correlation,Ridge,3.0,0.9,0.001,20.0,smooth_80_20,linear,2.0,0.55,hybrid_score_50_50,30,none,buffer,-0.0594523945895588,0.1794658721814976,0.0917103264447994,0.9286079493911812,0.8153131452084733,0.4200792283187138,1.8481432386417205,0.4625890970174376,0.2718103107721886,-0.0657920395151637,0.9250000000000012,0.75,-0.0038991604871284,-0.0185744245764942,-0.0158188845473322,-0.0312735999299653,-0.0534559729608005,0.3666666666666669,0.6,False,,0.5047877746149958
rb_003,window_median,0.05,quarter_rank,12,5,residual_correlation,Ridge,3.0,0.9,0.001,20.0,smooth_80_20,linear,2.0,0.55,hybrid_score_50_50,50,none,none,-0.0594523945895588,0.1794658721814976,0.0917103264447994,0.9286079493911812,0.8153131452084733,0.439992482737064,3.048352677547469,0.4235057865073759,0.3543088106662294,0.0,0.9000000000000006,0.75,-0.0041985200458206,-0.0241835059962773,-0.0182351801355703,-0.099594505398585,-0.0241265791523873,0.4360000000000002,0.4,False,,0.5498797843314813
rb_003,window_median,0.05,quarter_rank,12,5,residual_correlation,Ridge,3.0,0.9,0.001,20.0,smooth_80_20,linear,2.0,0.55,hybrid_score_50_50,20,prev_70_30,none,-0.0594523945895588,0.1794658721814976,0.0917103264447994,0.9286079493911812,0.8153131452084733,0.2337952896287654,0.969774058391868,0.2968031911941538,0.0657341654992005,-0.1034462102854673,0.9375000000000006,0.75,-0.0134929052480973,-0.0627499558556492,-0.025720628492351,-0.0699786617366099,-0.056753536363158,0.38,0.6,False,,0.2692295450320261
rb_003,window_median,0.05,quarter_rank,12,5,residual_correlation,Ridge,3.0,0.9,0.001,20.0,smooth_80_20,linear,2.0,0.55,hybrid_score_50_50,20,prev_70_30,buffer,-0.0594523945895588,0.1794658721814976,0.0917103264447994,0.9286079493911812,0.8153131452084733,0.2406790560028162,1.0759006514883958,0.2951707775189178,0.0726308069715726,-0.0917436379820244,0.8750000000000004,0.75,0.0248694735867918,0.1264524027325451,0.0112443283882493,0.1051556932711988,-0.0429612335813485,0.31,0.6,False,,0.31975005221683256
rb_003,window_median,0.05,quarter_rank,12,5,residual_correlation,Ridge,3.0,0.9,0.001,20.0,smooth_80_20,linear,2.0,0.55,hybrid_score_50_50,30,prev_70_30,none,-0.0594523945895588,0.1794658721814976,0.0917103264447994,0.9286079493911812,0.8153131452084733,0.2093064486521574,1.097098280350327,0.2682382745232864,0.0272850599630759,-0.0792710855451841,0.8666666666666677,0.75,0.0106790242321248,0.0476836707067117,-0.0018135020577981,0.0429089009209335,-0.0562110570078575,0.3666666666666666,0.6,False,,0.2988994059747045
rb_003,window_median,0.05,quarter_rank,12,5,residual_correlation,Ridge,3.0,0.9,0.001,20.0,smooth_80_20,linear,2.0,0.55,hybrid_score_50_50,30,prev_70_30,buffer,-0.0594523945895588,0.1794658721814976,0.0917103264447994,0.9286079493911812,0.8153131452084733,0.1630860261862228,0.8794526071556623,0.1891873364474337,-0.0405120534711596,-0.0702420621829124,0.7916666666666674,0.5,0.0052395405688119,0.0234851851622844,-0.0074564582553355,0.0195056131553845,-0.0564739102521538,0.3266666666666666,0.6,False,,0.26710736520789624
rb_003,window_median,0.05,quarter_rank,12,5,residual_correlation,Ridge,3.0,0.9,0.001,20.0,smooth_80_20,linear,2.0,0.55,hybrid_score_50_50,50,prev_70_30,none,-0.0594523945895588,0.1794658721814976,0.0917103264447994,0.9286079493911812,0.8153131452084733,0.1576570772595857,1.3889517285689383,0.1463810496383954,-0.0805567231185482,-6.515148761099265e-05,0.7300000000000004,0.5,-0.0292102799919219,-0.1452914573329812,-0.0430119034834651,-0.1870787923939698,-0.0384932287144121,0.3320000000000001,0.4,False,,0.30924344679196025
rb_003,window_median,0.05,quarter_rank,12,5,residual_correlation,Ridge,3.0,0.9,0.001,20.0,smooth_80_20,linear,2.0,0.55,hybrid_score_50_50,20,trailing2_60_40,none,-0.0594523945895588,0.1794658721814976,0.0917103264447994,0.9286079493911812,0.8153131452084733,0.0614017277730734,1.5083246895132725,0.0602368418505757,-0.3097524756564679,-0.0007592520620778,0.8625000000000005,0.25,0.0043549736143235,0.0190554278315707,-0.0077670308547621,0.0209282551189226,-0.0429612335813485,0.34,0.6,False,,0.08757629759982022
rb_003,window_median,0.05,quarter_rank,12,5,residual_correlation,Ridge,3.0,0.9,0.001,20.0,smooth_80_20,linear,2.0,0.55,hybrid_score_50_50,20,trailing2_60_40,buffer,-0.0594523945895588,0.1794658721814976,0.0917103264447994,0.9286079493911812,0.8153131452084733,0.0078500952773508,0.1774711622277456,0.003409343642855,-0.4433562481932867,-0.0307574713133761,0.6625000000000003,0.25,0.0264970330648863,0.1244354523737348,0.0135683939702157,0.1131334399912274,-0.0258631175119994,0.2,0.6,False,,0.11897348201894216
rb_003,window_median,0.05,quarter_rank,12,5,residual_correlation,Ridge,3.0,0.9,0.001,20.0,smooth_80_20,linear,2.0,0.55,hybrid_score_50_50,30,trailing2_60_40,none,-0.0594523945895588,0.1794658721814976,0.0917103264447994,0.9286079493911812,0.8153131452084733,0.0060629593551435,0.0647263321654635,0.0151321500065709,-0.3905527617747099,-0.0355051790440004,0.7000000000000005,0.5,0.0339017234072873,0.1639918001180192,0.0197597513592521,0.1504923457926099,-0.0506466882293876,0.2733333333333333,0.6,False,,0.11299622549792178
rb_003,window_median,0.05,quarter_rank,12,5,residual_correlation,Ridge,3.0,0.9,0.001,20.0,smooth_80_20,linear,2.0,0.55,hybrid_score_50_50,30,trailing2_60_40,buffer,-0.0594523945895588,0.1794658721814976,0.0917103264447994,0.9286079493911812,0.8153131452084733,0.026249031861885,0.2620585445251679,0.0289826907290321,-0.3520495920426094,-0.0244212076183083,0.6750000000000004,0.5,0.0277134474946068,0.1393471235829823,0.0137637834339534,0.1195669091619201,-0.0431684792955538,0.2066666666666667,0.6,False,,0.15921223871321855
rb_003,window_median,0.05,quarter_rank,12,5,residual_correlation,Ridge,3.0,0.9,0.001,20.0,smooth_80_20,linear,2.0,0.55,hybrid_score_50_50,50,trailing2_60_40,none,-0.0594523945895588,0.1794658721814976,0.0917103264447994,0.9286079493911812,0.8153131452084733,0.0544075276737614,0.5484774747331391,0.0143588189077841,-0.365827827137748,-0.0418624510378854,0.7050000000000003,0.5,-0.0156615426299097,-0.0825269833490812,-0.0292929986043821,-0.1325685949843487,-0.0372486268928713,0.256,0.4,False,,0.10994969145017629
rb_003,window_median,0.05,quarter_rank,12,5,residual_correlation,Ridge,3.0,0.9,0.001,20.0,smooth_80_20,linear,2.0,0.55,hybrid_score_30_70,20,none,none,-0.0594523945895588,0.1794658721814976,0.0917103264447994,0.9286079493911812,0.8153131452084733,0.6205775784811074,3.657337804653807,0.5242200941091093,0.6201318092194529,0.0,0.9500000000000004,0.75,-0.0036521484195086,-0.0171318271166864,-0.0149449934428053,-0.0252094093612011,-0.0434271311899675,0.5300000000000001,0.6,False,,0.6693605698166163
rb_003,window_median,0.05,quarter_rank,12,5,residual_correlation,Ridge,3.0,0.9,0.001,20.0,smooth_80_20,linear,2.0,0.55,hybrid_score_30_70,20,none,buffer,-0.0594523945895588,0.1794658721814976,0.0917103264447994,0.9286079493911812,0.8153131452084733,0.6245927565394149,3.657738408840775,0.5356578518309524,0.6083139532410111,0.0,0.9375000000000004,0.75,-0.0012000365750842,-0.0056366840837719,-0.0120626427501994,-0.0143234207498738,-0.0423022685405384,0.44,0.6,False,,0.6858460080111174
rb_003,window_median,0.05,quarter_rank,12,5,residual_correlation,Ridge,3.0,0.9,0.001,20.0,smooth_80_20,linear,2.0,0.55,hybrid_score_30_70,30,none,none,-0.0594523945895588,0.1794658721814976,0.0917103264447994,0.9286079493911812,0.8153131452084733,0.5074392672298937,3.508368021857417,0.4311626561355479,0.5094782544552575,0.0,0.9250000000000012,0.75,0.0006711762524436,0.0033459731697289,-0.0107815873234115,-0.0169243288053664,-0.0282949950937698,0.4866666666666669,0.6,False,,0.5747643831508231
rb_003,window_median,0.05,quarter_rank,12,5,residual_correlation,Ridge,3.0,0.9,0.001,20.0,smooth_80_20,linear,2.0,0.55,hybrid_score_30_70,30,none,buffer,-0.0594523945895588,0.1794658721814976,0.0917103264447994,0.9286079493911812,0.8153131452084733,0.5074392672298937,3.508368021857417,0.4311626561355479,0.5094782544552575,0.0,0.9250000000000012,0.75,-0.0259174515646474,-0.1285903535099478,-0.0381378090473621,-0.1473066635854826,-0.0475000348224671,0.4066666666666669,0.6,False,,0.5747643831508231
rb_003,window_median,0.05,quarter_rank,12,5,residual_correlation,Ridge,3.0,0.9,0.001,20.0,smooth_80_20,linear,2.0,0.55,hybrid_score_30_70,50,none,none,-0.0594523945895588,0.1794658721814976,0.0917103264447994,0.9286079493911812,0.8153131452084733,0.4536007343649206,3.253518314593038,0.400810096762153,0.4158496712683561,0.0,0.8900000000000006,0.75,0.0078105348327801,0.0396700780725168,-0.0049634228007139,0.0123687834379159,-0.0466851333855361,0.4680000000000002,0.4,False,,0.5492216260121295
rb_003,window_median,0.05,quarter_rank,12,5,residual_correlation,Ridge,3.0,0.9,0.001,20.0,smooth_80_20,linear,2.0,0.55,hybrid_score_30_70,20,prev_70_30,none,-0.0594523945895588,0.1794658721814976,0.0917103264447994,0.9286079493911812,0.8153131452084733,0.3033472678020512,5.50552960204175,0.2504588641942216,0.2276802625993371,0.0,0.8500000000000004,0.75,-0.0164372699852426,-0.0744421144097791,-0.0287126117715552,-0.0763928569921475,-0.0428024723916691,0.4400000000000001,0.6,False,,0.3940221496228322
rb_003,window_median,0.05,quarter_rank,12,5,residual_correlation,Ridge,3.0,0.9,0.001,20.0,smooth_80_20,linear,2.0,0.55,hybrid_score_30_70,20,prev_70_30,buffer,-0.0594523945895588,0.1794658721814976,0.0917103264447994,0.9286079493911812,0.8153131452084733,0.3033472678020512,5.50552960204175,0.2504588641942216,0.2276802625993371,0.0,0.8500000000000004,0.75,-0.0337274687423028,-0.1533103145147938,-0.0450940961623652,-0.1442861126309644,-0.068629139605127,0.3600000000000001,0.6,False,,0.3940221496228322
rb_003,window_median,0.05,quarter_rank,12,5,residual_correlation,Ridge,3.0,0.9,0.001,20.0,smooth_80_20,linear,2.0,0.55,hybrid_score_30_70,30,prev_70_30,none,-0.0594523945895588,0.1794658721814976,0.0917103264447994,0.9286079493911812,0.8153131452084733,0.3150912795142073,4.674638642761897,0.2750397529231568,0.2298240469996763,0.0,0.8583333333333344,0.75,-0.0078565795408352,-0.0385207209972861,-0.020759368861824,-0.0599654919616029,-0.0410144874586345,0.3733333333333333,0.6,False,,0.4117899611040319
rb_003,window_median,0.05,quarter_rank,12,5,residual_correlation,Ridge,3.0,0.9,0.001,20.0,smooth_80_20,linear,2.0,0.55,hybrid_score_30_70,30,prev_70_30,buffer,-0.0594523945895588,0.1794658721814976,0.0917103264447994,0.9286079493911812,0.8153131452084733,0.3226495610891851,5.067128538872634,0.277491242765927,0.2504405029224091,0.0,0.850000000000001,0.75,-0.0225694521546826,-0.1200816471691566,-0.0351919801936362,-0.1597405784544276,-0.0521781932806812,0.3133333333333333,0.6,False,,0.42431896422218807
rb_003,window_median,0.05,quarter_rank,12,5,residual_correlation,Ridge,3.0,0.9,0.001,20.0,smooth_80_20,linear,2.0,0.55,hybrid_score_30_70,50,prev_70_30,none,-0.0594523945895588,0.1794658721814976,0.0917103264447994,0.9286079493911812,0.8153131452084733,0.2230816264018191,3.373104042932399,0.1837263411267481,0.0466791052022135,0.0,0.8500000000000005,0.75,-0.0104783569775679,-0.053334682369331,-0.0239540039042393,-0.0883168909878748,-0.045634351729444,0.3440000000000001,0.6,False,,0.291354036378629
rb_003,window_median,0.05,quarter_rank,12,5,residual_correlation,Ridge,3.0,0.9,0.001,20.0,smooth_80_20,linear,2.0,0.55,hybrid_score_30_70,20,trailing2_60_40,none,-0.0594523945895588,0.1794658721814976,0.0917103264447994,0.9286079493911812,0.8153131452084733,0.1124562329554201,5.284089424712978,0.1003083970750852,-0.207267817441066,0.0,0.8375000000000004,0.25,0.0102115282798695,0.0533438273814799,-0.0033175915585908,0.0220774532125321,-0.0565513249051284,0.35,0.6,False,,0.1652878653111516
rb_003,window_median,0.05,quarter_rank,12,5,residual_correlation,Ridge,3.0,0.9,0.001,20.0,smooth_80_20,linear,2.0,0.55,hybrid_score_30_70,20,trailing2_60_40,buffer,-0.0594523945895588,0.1794658721814976,0.0917103264447994,0.9286079493911812,0.8153131452084733,0.1231522485674165,7.571839596448632,0.1183898002937468,-0.1749933765971279,0.0,0.8250000000000004,0.25,0.0134347437523381,0.0688852919717046,0.0017958371028238,0.0367978066721667,-0.0600298113652369,0.29,0.6,False,,0.19781775988801975
rb_003,window_median,0.05,quarter_rank,12,5,residual_correlation,Ridge,3.0,0.9,0.001,20.0,smooth_80_20,linear,2.0,0.55,hybrid_score_30_70,30,trailing2_60_40,none,-0.0594523945895588,0.1794658721814976,0.0917103264447994,0.9286079493911812,0.8153131452084733,0.1784482768431963,1.6672079380538611,0.1496642450904038,-0.0447387468335155,0.0,0.875000000000001,0.5,0.0052870643686784,0.0280141791693287,-0.0084893411659655,-0.0077429684692582,-0.0361180048893756,0.2866666666666667,0.6,False,,0.2222525155853649
rb_003,window_median,0.05,quarter_rank,12,5,residual_correlation,Ridge,3.0,0.9,0.001,20.0,smooth_80_20,linear,2.0,0.55,hybrid_score_30_70,30,trailing2_60_40,buffer,-0.0594523945895588,0.1794658721814976,0.0917103264447994,0.9286079493911812,0.8153131452084733,0.1517115386800669,1.299088600509256,0.1265678051075131,-0.0972835934407558,-0.0070018396054547,0.8583333333333343,0.5,0.0210184126569474,0.1068048656661857,0.0065487720834913,0.0927955896049488,-0.0358242770749407,0.24,0.6,False,,0.19533280003978937
rb_003,window_median,0.05,quarter_rank,12,5,residual_correlation,Ridge,3.0,0.9,0.001,20.0,smooth_80_20,linear,2.0,0.55,hybrid_score_30_70,50,trailing2_60_40,none,-0.0594523945895588,0.1794658721814976,0.0917103264447994,0.9286079493911812,0.8153131452084733,0.2232600934093629,2.571017809056304,0.1403950501814624,0.0685364995091239,-0.0017246160084631,0.8700000000000006,0.5,0.00353926759505,0.0181801278140675,-0.0094194931025583,-0.0114244416295601,-0.0442678905091923,0.2800000000000001,0.4,False,,0.24107816091599996
rb_002,window_median,0.05,quarter_rank,12,5,residual_correlation,Ridge,1.0,0.9,0.001,20.0,smooth_80_20,linear,2.0,0.55,pure_stagewise_score,20,none,none,-0.059447038492525,0.1794648716788633,0.0916983623979265,0.9285969929289682,0.8152569495676124,1.0152375367945838,5.419568271156504,0.6398403670946543,2.292278705381624,0.0,0.9375000000000004,1.0,-0.0080874368852401,-0.0413081039144903,-0.0206223771919473,-0.0703924061527925,0.0,0.6100000000000001,0.6,False,,1.1591148870973824
rb_002,window_median,0.05,quarter_rank,12,5,residual_correlation,Ridge,1.0,0.9,0.001,20.0,smooth_80_20,linear,2.0,0.55,pure_stagewise_score,20,none,buffer,-0.059447038492525,0.1794648716788633,0.0916983623979265,0.9285969929289682,0.8152569495676124,0.9739611476614378,4.814677213868772,0.6054344297355162,2.1665663142327825,0.0,0.8625000000000004,1.0,-0.0005851064104576,-0.0029515816338796,-0.0130803605615651,-0.0263081866697867,0.0,0.5600000000000003,0.8,False,,1.149687428350509
rb_002,window_median,0.05,quarter_rank,12,5,residual_correlation,Ridge,1.0,0.9,0.001,20.0,smooth_80_20,linear,2.0,0.55,pure_stagewise_score,30,none,none,-0.059447038492525,0.1794648716788633,0.0916983623979265,0.9285969929289682,0.8152569495676124,0.8066342734427605,5.209270932311029,0.5386665048606785,1.6562465263266932,0.0,0.8833333333333344,1.0,0.0122811362830059,0.0635313221935132,-0.0012674415965176,0.0395434692936003,0.0,0.6066666666666669,0.6,False,,0.9593395185076579
rb_002,window_median,0.05,quarter_rank,12,5,residual_correlation,Ridge,1.0,0.9,0.001,20.0,smooth_80_20,linear,2.0,0.55,pure_stagewise_score,30,none,buffer,-0.059447038492525,0.1794648716788633,0.0916983623979265,0.9285969929289682,0.8152569495676124,0.8134222565511231,5.113397261053786,0.5339063723995354,1.821914936700159,0.0,0.8500000000000009,1.0,0.0072951952999551,0.0381023313553891,-0.0062913105676995,0.0087629309570674,0.0,0.5800000000000003,0.6,False,,1.0144525735694319
rb_002,window_median,0.05,quarter_rank,12,5,residual_correlation,Ridge,1.0,0.9,0.001,20.0,smooth_80_20,linear,2.0,0.55,pure_stagewise_score,50,none,none,-0.059447038492525,0.1794648716788633,0.0916983623979265,0.9285969929289682,0.8152569495676124,0.6331771384302192,6.067884146253302,0.4511777649642583,1.1806446165902424,0.0,0.8500000000000005,0.75,0.0176694855675605,0.1003625183496493,0.0040677021480856,0.0654083173855799,0.0,0.5800000000000003,0.6,False,,0.7940652831230319
rb_002,window_median,0.05,quarter_rank,12,5,residual_correlation,Ridge,1.0,0.9,0.001,20.0,smooth_80_20,linear,2.0,0.55,pure_stagewise_score,20,prev_70_30,none,-0.059447038492525,0.1794648716788633,0.0916983623979265,0.9285969929289682,0.8152569495676124,0.3601534967974611,4.490294985437019,0.2608247963741693,0.4477422789592213,0.0,0.8500000000000004,0.75,0.0217063709675646,0.1082831389688379,0.0097431448747286,0.0858914630959338,0.0,0.6500000000000002,0.6,False,,0.452829885897719
rb_002,window_median,0.05,quarter_rank,12,5,residual_correlation,Ridge,1.0,0.9,0.001,20.0,smooth_80_20,linear,2.0,0.55,pure_stagewise_score,20,prev_70_30,buffer,-0.059447038492525,0.1794648716788633,0.0916983623979265,0.9285969929289682,0.8152569495676124,0.3602952918342397,4.496987769302843,0.2610237759504307,0.447831924969191,0.0,0.8125000000000003,0.75,0.0642694759228541,0.3549308131947757,0.0502866563116606,0.322117151479525,0.0,0.5700000000000002,0.8,False,,0.47840587142788393
rb_002,window_median,0.05,quarter_rank,12,5,residual_correlation,Ridge,1.0,0.9,0.001,20.0,smooth_80_20,linear,2.0,0.55,pure_stagewise_score,30,prev_70_30,none,-0.059447038492525,0.1794648716788633,0.0916983623979265,0.9285969929289682,0.8152569495676124,0.2711635835021106,2.5903494602778934,0.1763283947419873,0.2152127334506286,-0.0118378989114275,0.7916666666666674,0.75,0.0241461660644499,0.1296491869570551,0.0108512713291176,0.1032936943649393,0.0,0.5733333333333335,0.6,False,,0.35323572979548107
rb_002,window_median,0.05,quarter_rank,12,5,residual_correlation,Ridge,1.0,0.9,0.001,20.0,smooth_80_20,linear,2.0,0.55,pure_stagewise_score,30,prev_70_30,buffer,-0.059447038492525,0.1794648716788633,0.0916983623979265,0.9285969929289682,0.8152569495676124,0.2783202021292537,2.7997872890288127,0.1866244529942944,0.2290558920783791,-0.0062745714285838,0.7833333333333341,0.75,0.0314413047963602,0.1716744656926421,0.0182864802777799,0.1447573471487812,0.0,0.5466666666666669,0.6,False,,0.37547581306622574
rb_002,window_median,0.05,quarter_rank,12,5,residual_correlation,Ridge,1.0,0.9,0.001,20.0,smooth_80_20,linear,2.0,0.55,pure_stagewise_score,50,prev_70_30,none,-0.059447038492525,0.1794648716788633,0.0916983623979265,0.9285969929289682,0.8152569495676124,0.3806062457448276,3.855022914290807,0.2523501650809558,0.6435225336653584,0.0,0.7750000000000006,0.75,0.0218321796544502,0.1189793654966177,0.0080673543376353,0.0978461732063477,0.0,0.5200000000000002,0.8,False,,0.539393061839667
rb_002,window_median,0.05,quarter_rank,12,5,residual_correlation,Ridge,1.0,0.9,0.001,20.0,smooth_80_20,linear,2.0,0.55,pure_stagewise_score,20,trailing2_60_40,none,-0.059447038492525,0.1794648716788633,0.0916983623979265,0.9285969929289682,0.8152569495676124,0.3127142875911972,2.949823075322798,0.1962542757627126,0.4047324733513354,-0.0052382820625115,0.8500000000000004,0.5,0.1603494972599117,0.8877871883934156,0.1372713317283679,1.010315363709984,0.0,0.6700000000000003,0.8,False,,0.37931929056930763
rb_002,window_median,0.05,quarter_rank,12,5,residual_correlation,Ridge,1.0,0.9,0.001,20.0,smooth_80_20,linear,2.0,0.55,pure_stagewise_score,20,trailing2_60_40,buffer,-0.059447038492525,0.1794648716788633,0.0916983623979265,0.9285969929289682,0.8152569495676124,0.3117836244007477,2.7051744418814354,0.1871446887007455,0.4375929848695893,-0.0115604757356593,0.8375000000000004,0.5,0.1192031068582988,0.7161017490722216,0.0996743564656577,0.9648360420357038,0.0,0.5800000000000003,0.8,False,,0.3821786335389074
rb_002,window_median,0.05,quarter_rank,12,5,residual_correlation,Ridge,1.0,0.9,0.001,20.0,smooth_80_20,linear,2.0,0.55,pure_stagewise_score,30,trailing2_60_40,none,-0.059447038492525,0.1794648716788633,0.0916983623979265,0.9285969929289682,0.8152569495676124,0.278037312262172,2.831056471768844,0.1880378026820877,0.2245173938290682,0.0,0.8333333333333343,0.5,0.0770948355892251,0.4332060752880423,0.0608660100466772,0.4938440578813775,0.0,0.5866666666666669,0.8,False,,0.3463599056353506
rb_002,window_median,0.05,quarter_rank,12,5,residual_correlation,Ridge,1.0,0.9,0.001,20.0,smooth_80_20,linear,2.0,0.55,pure_stagewise_score,30,trailing2_60_40,buffer,-0.059447038492525,0.1794648716788633,0.0916983623979265,0.9285969929289682,0.8152569495676124,0.278160772168144,2.5495078285706847,0.1756537888933779,0.2498015762229738,0.0,0.8000000000000008,0.5,0.1122057370235354,0.6722335383949969,0.0934198733713989,0.8673845751425723,0.0,0.5000000000000001,0.8,False,,0.36300777293218556
rb_002,window_median,0.05,quarter_rank,12,5,residual_correlation,Ridge,1.0,0.9,0.001,20.0,smooth_80_20,linear,2.0,0.55,pure_stagewise_score,50,trailing2_60_40,none,-0.059447038492525,0.1794648716788633,0.0916983623979265,0.9285969929289682,0.8152569495676124,0.3255183147276395,2.4448133551319007,0.1873505814418357,0.5192449838145488,0.0,0.8000000000000005,0.5,0.0723184705434709,0.4703748361678772,0.0564745387249705,0.5962825496315467,0.0,0.4600000000000002,0.8,False,,0.4340967109326802
rb_002,window_median,0.05,quarter_rank,12,5,residual_correlation,Ridge,1.0,0.9,0.001,20.0,smooth_80_20,linear,2.0,0.55,pure_promethee_score,20,none,none,-0.059447038492525,0.1794648716788633,0.0916983623979265,0.9285969929289682,0.8152569495676124,-0.2221168816986868,-0.8540473384861231,-0.3913920861708642,-1.1394845465137284,-0.2219175404457358,0.325,0.25,-0.2015659817286004,-2.498962752971269,-0.2290325854878082,-2.2255001182363308,-0.1575652261608686,0.38,0.0,False,,-0.31067007398452395
rb_002,window_median,0.05,quarter_rank,12,5,residual_correlation,Ridge,1.0,0.9,0.001,20.0,smooth_80_20,linear,2.0,0.55,pure_promethee_score,20,none,buffer,-0.059447038492525,0.1794648716788633,0.0916983623979265,0.9285969929289682,0.8152569495676124,-0.1132901209821432,-0.3607041607795931,-0.2666399283857844,-0.5617124408125821,-0.2069388424890337,0.125,0.25,-0.1673347198647152,-2.2354036603884,-0.1883931186260673,-1.5978688077762393,-0.1256291787888798,0.26,0.0,False,,0.08055922803266598
rb_002,window_median,0.05,quarter_rank,12,5,residual_correlation,Ridge,1.0,0.9,0.001,20.0,smooth_80_20,linear,2.0,0.55,pure_promethee_score,30,none,none,-0.059447038492525,0.1794648716788633,0.0916983623979265,0.9285969929289682,0.8152569495676124,-0.0853235832102525,-0.2980241474738578,-0.2364963999397888,-0.5875099535179041,-0.1992585743733916,0.2,0.25,-0.1986288158179971,-2.394651544032889,-0.2252848314421027,-1.988897789277708,-0.1618037064264748,0.3199999999999999,0.0,False,,0.05756579748016166
rb_002,window_median,0.05,quarter_rank,12,5,residual_correlation,Ridge,1.0,0.9,0.001,20.0,smooth_80_20,linear,2.0,0.55,pure_promethee_score,30,none,buffer,-0.059447038492525,0.1794648716788633,0.0916983623979265,0.9285969929289682,0.8152569495676124,-0.1256680773706453,-0.4202555616779234,-0.289641018627746,-0.6704822007043894,-0.2172195005335326,0.0916666666666666,0.25,-0.2196779552555983,-2.5428055973293646,-0.2510647954059217,-2.5990778667192296,-0.1752981344461401,0.2333333333333333,0.0,False,,0.050143803818435834
rb_002,window_median,0.05,quarter_rank,12,5,residual_correlation,Ridge,1.0,0.9,0.001,20.0,smooth_80_20,linear,2.0,0.55,pure_promethee_score,50,none,none,-0.059447038492525,0.1794648716788633,0.0916983623979265,0.9285969929289682,0.8152569495676124,-0.0664539199329898,-0.2292114133866709,-0.2228286668000308,-0.5447514715499447,-0.2020568442759178,0.165,0.25,-0.2077026154910263,-1.8857140917400208,-0.2386026522499239,-4.037540285389633,-0.1459093854552798,0.244,0.0,False,,0.10157756909377534
rb_002,window_median,0.05,quarter_rank,12,5,residual_correlation,Ridge,1.0,0.9,0.001,20.0,smooth_80_20,linear,2.0,0.55,pure_promethee_score,20,prev_70_30,none,-0.059447038492525,0.1794648716788633,0.0916983623979265,0.9285969929289682,0.8152569495676124,-0.185820666471816,-0.66038395636441,-0.3407455892118283,-0.8470149798413512,-0.2153111376498171,0.25,0.25,-0.198817165343477,-2.379359164636881,-0.2251816154504273,-1.869901540628176,-0.143659235118248,0.31,0.0,False,,-0.14272904844528878
rb_002,window_median,0.05,quarter_rank,12,5,residual_correlation,Ridge,1.0,0.9,0.001,20.0,smooth_80_20,linear,2.0,0.55,pure_promethee_score,20,prev_70_30,buffer,-0.059447038492525,0.1794648716788633,0.0916983623979265,0.9285969929289682,0.8152569495676124,-0.0834186490209536,-0.2969056380817357,-0.2360570439401326,-0.6081563343009883,-0.1959295566366393,0.0875,0.25,-0.1996536841172218,-2.7241377557388224,-0.2256659312395806,-1.803819130996031,-0.1604506772327368,0.15,0.0,False,,0.13181340202245317
rb_002,window_median,0.05,quarter_rank,12,5,residual_correlation,Ridge,1.0,0.9,0.001,20.0,smooth_80_20,linear,2.0,0.55,pure_promethee_score,30,prev_70_30,none,-0.059447038492525,0.1794648716788633,0.0916983623979265,0.9285969929289682,0.8152569495676124,-0.1089437373284576,-0.3645969292219628,-0.2616713514002287,-0.6005950633825529,-0.2078168861638031,0.1333333333333333,0.25,-0.217869370923128,-2.5794971374140045,-0.24847553993094,-2.3135727224024305,-0.1788233043286955,0.24,0.0,False,,0.07025466567688976
rb_002,window_median,0.05,quarter_rank,12,5,residual_correlation,Ridge,1.0,0.9,0.001,20.0,smooth_80_20,linear,2.0,0.55,pure_promethee_score,30,prev_70_30,buffer,-0.059447038492525,0.1794648716788633,0.0916983623979265,0.9285969929289682,0.8152569495676124,-0.1105873364590579,-0.3392433082516961,-0.2619385897548741,-0.5186248993083177,-0.2171283526980285,0.075,0.25,-0.2213929480225114,-2.504548537685152,-0.253401395022385,-2.8300125771428184,-0.1713985983311489,0.1666666666666666,0.0,False,,0.12123867844338554
rb_002,window_median,0.05,quarter_rank,12,5,residual_correlation,Ridge,1.0,0.9,0.001,20.0,smooth_80_20,linear,2.0,0.55,pure_promethee_score,50,prev_70_30,none,-0.059447038492525,0.1794648716788633,0.0916983623979265,0.9285969929289682,0.8152569495676124,-0.0580906509744743,-0.1808302753380019,-0.2061095429324737,-0.4197463588996614,-0.2063725026388099,0.135,0.25,-0.2102930266753275,-1.952769725923941,-0.2415132040227778,-3.88888497713293,-0.1489706225374367,0.176,0.0,False,,0.16235650713426047
rb_002,window_median,0.05,quarter_rank,12,5,residual_correlation,Ridge,1.0,0.9,0.001,20.0,smooth_80_20,linear,2.0,0.55,pure_promethee_score,20,trailing2_60_40,none,-0.059447038492525,0.1794648716788633,0.0916983623979265,0.9285969929289682,0.8152569495676124,-0.1849590899937727,-0.6091426621901276,-0.3485633065924605,-0.7759025940286104,-0.225161873683948,0.2375,0.25,-0.2305211639563156,-2.815367088429402,-0.2628620485587398,-2.081539994647681,-0.1777196191750025,0.2299999999999999,0.0,False,,-0.1325994617858728
rb_002,window_median,0.05,quarter_rank,12,5,residual_correlation,Ridge,1.0,0.9,0.001,20.0,smooth_80_20,linear,2.0,0.55,pure_promethee_score,20,trailing2_60_40,buffer,-0.059447038492525,0.1794648716788633,0.0916983623979265,0.9285969929289682,0.8152569495676124,-0.1254079427208424,-0.411150571934419,-0.2935666004699383,-0.6585141420495055,-0.2180968799178152,0.1,0.25,-0.2033136534509271,-2.519964211704017,-0.2298615591297075,-1.7242616494420977,-0.1638778996296267,0.1,0.0,False,,0.04290134387238681
rb_002,window_median,0.05,quarter_rank,12,5,residual_correlation,Ridge,1.0,0.9,0.001,20.0,smooth_80_20,linear,2.0,0.55,pure_promethee_score,30,trailing2_60_40,none,-0.059447038492525,0.1794648716788633,0.0916983623979265,0.9285969929289682,0.8152569495676124,-0.094641828309524,-0.3210027880376741,-0.2521806845793658,-0.5963562555790074,-0.2082661912198782,0.1333333333333333,0.25,-0.209250405404892,-2.3105538311831006,-0.239073073032697,-2.858481468122225,-0.1544501183298369,0.2066666666666666,0.0,False,,0.0797378880710666
rb_002,window_median,0.05,quarter_rank,12,5,residual_correlation,Ridge,1.0,0.9,0.001,20.0,smooth_80_20,linear,2.0,0.55,pure_promethee_score,30,trailing2_60_40,buffer,-0.059447038492525,0.1794648716788633,0.0916983623979265,0.9285969929289682,0.8152569495676124,-0.1247175363559788,-0.3976035601333547,-0.2749695677775594,-0.5797259797269769,-0.214504680600416,0.075,0.25,-0.2200907917428013,-2.363224530446144,-0.2521249951118242,-3.0146685715056933,-0.1630224870424864,0.1266666666666666,0.0,False,,0.09728045605907132
rb_002,window_median,0.05,quarter_rank,12,5,residual_correlation,Ridge,1.0,0.9,0.001,20.0,smooth_80_20,linear,2.0,0.55,pure_promethee_score,50,trailing2_60_40,none,-0.059447038492525,0.1794648716788633,0.0916983623979265,0.9285969929289682,0.8152569495676124,-0.0594790503281238,-0.1774596510618759,-0.2176135288291727,-0.4055309077473872,-0.2153621577782909,0.105,0.25,-0.2025931472805027,-1.7308242196949235,-0.2330648083150983,-5.736738734957012,-0.1277817062669696,0.152,0.0,False,,0.16878439529017183
rb_002,window_median,0.05,quarter_rank,12,5,residual_correlation,Ridge,1.0,0.9,0.001,20.0,smooth_80_20,linear,2.0,0.55,hybrid_score_70_30,20,none,none,-0.059447038492525,0.1794648716788633,0.0916983623979265,0.9285969929289682,0.8152569495676124,0.126334092330439,0.7844586234998,0.1146315588315272,-0.1219677260766345,-0.0502862292112766,0.8875000000000004,0.5,0.0143798608541223,0.0638447380920442,0.0002967858367336,0.0671003499436451,-0.0224921284627153,0.4100000000000001,0.6,False,,0.12854449831000997
rb_002,window_median,0.05,quarter_rank,12,5,residual_correlation,Ridge,1.0,0.9,0.001,20.0,smooth_80_20,linear,2.0,0.55,hybrid_score_70_30,20,none,buffer,-0.059447038492525,0.1794648716788633,0.0916983623979265,0.9285969929289682,0.8152569495676124,0.1439832026187761,0.7625801282157827,0.1062066502964324,-0.084784535086323,-0.0555161114561185,0.8000000000000004,0.5,0.0060473690005764,0.0272267853500713,-0.0076027491101923,0.0251117761518874,-0.0274829511171101,0.33,0.6,False,,0.1845157857373143
rb_002,window_median,0.05,quarter_rank,12,5,residual_correlation,Ridge,1.0,0.9,0.001,20.0,smooth_80_20,linear,2.0,0.55,hybrid_score_70_30,30,none,none,-0.059447038492525,0.1794648716788633,0.0916983623979265,0.9285969929289682,0.8152569495676124,0.2647579035430443,1.464274593521109,0.2294372879249832,0.1243124720311701,-0.0288141889891554,0.8166666666666675,0.75,0.0083086205034943,0.0412918222457859,-0.0058598117579578,0.0217152507531286,-0.0329380904831239,0.4000000000000002,0.6,False,,0.35363260850114814
rb_002,window_median,0.05,quarter_rank,12,5,residual_correlation,Ridge,1.0,0.9,0.001,20.0,smooth_80_20,linear,2.0,0.55,hybrid_score_70_30,30,none,buffer,-0.059447038492525,0.1794648716788633,0.0916983623979265,0.9285969929289682,0.8152569495676124,0.1814378493308981,1.0722881293678566,0.1390404815193558,-0.0217220075839345,-0.0474790390213915,0.733333333333334,0.5,0.0001705680577155,0.0008684466896498,-0.0135397450922338,-0.0293885843174075,-0.0334207605659234,0.3600000000000002,0.6,False,,0.2799724157994899
rb_002,window_median,0.05,quarter_rank,12,5,residual_correlation,Ridge,1.0,0.9,0.001,20.0,smooth_80_20,linear,2.0,0.55,hybrid_score_70_30,50,none,none,-0.059447038492525,0.1794648716788633,0.0916983623979265,0.9285969929289682,0.8152569495676124,0.1272748168566331,0.6279109695760579,0.0791999080828346,-0.1121410068105938,-0.09429283501408,0.7000000000000004,0.5,-0.023022320331132,-0.1249083148798785,-0.0375642772479196,-0.2155884816262138,-0.0219224207314497,0.3720000000000001,0.4,False,,0.19363754715407264
rb_002,window_median,0.05,quarter_rank,12,5,residual_correlation,Ridge,1.0,0.9,0.001,20.0,smooth_80_20,linear,2.0,0.55,hybrid_score_70_30,20,prev_70_30,none,-0.059447038492525,0.1794648716788633,0.0916983623979265,0.9285969929289682,0.8152569495676124,-0.0127821279894474,-0.0512044333881418,-0.0837777626294685,-0.3596733437877596,-0.1408126841714322,0.6375000000000003,0.25,0.0444294541739027,0.202918618546547,0.0296953304555206,0.2083302572014687,-0.0149710399847176,0.4000000000000001,0.6,False,,-0.004046171083140079
rb_002,window_median,0.05,quarter_rank,12,5,residual_correlation,Ridge,1.0,0.9,0.001,20.0,smooth_80_20,linear,2.0,0.55,hybrid_score_70_30,20,prev_70_30,buffer,-0.059447038492525,0.1794648716788633,0.0916983623979265,0.9285969929289682,0.8152569495676124,-0.0456761779614145,-0.1774274809704522,-0.0897556665160299,-0.3796626345803909,-0.1344205209065901,0.5625000000000002,0.25,0.0020107788123369,0.0100192466685595,-0.0111358733443255,-0.0130225438393577,-0.0184639672931354,0.3700000000000001,0.4,False,,0.041143634555605775
rb_002,window_median,0.05,quarter_rank,12,5,residual_correlation,Ridge,1.0,0.9,0.001,20.0,smooth_80_20,linear,2.0,0.55,hybrid_score_70_30,30,prev_70_30,none,-0.059447038492525,0.1794648716788633,0.0916983623979265,0.9285969929289682,0.8152569495676124,-0.0375777324240634,-0.1347688687476806,-0.0890494517300368,-0.3441631481391038,-0.1640116548807878,0.6000000000000003,0.25,0.0012460599636421,0.0062169296648341,-0.0127923722000561,-0.0193784202153256,-0.0302139294376364,0.4133333333333335,0.6,False,,0.003578617599179948
rb_002,window_median,0.05,quarter_rank,12,5,residual_correlation,Ridge,1.0,0.9,0.001,20.0,smooth_80_20,linear,2.0,0.55,hybrid_score_70_30,30,prev_70_30,buffer,-0.059447038492525,0.1794648716788633,0.0916983623979265,0.9285969929289682,0.8152569495676124,-0.031358663984626,-0.1100090983535105,-0.0849626660636171,-0.3274530276408337,-0.160309072314876,0.5583333333333336,0.25,0.0043760543318882,0.0218680210890337,-0.0089106164227089,-0.0010979863721067,-0.0273736073403233,0.3400000000000001,0.6,False,,0.04191220050693084
rb_002,window_median,0.05,quarter_rank,12,5,residual_correlation,Ridge,1.0,0.9,0.001,20.0,smooth_80_20,linear,2.0,0.55,hybrid_score_70_30,50,prev_70_30,none,-0.059447038492525,0.1794648716788633,0.0916983623979265,0.9285969929289682,0.8152569495676124,-0.0068881637795074,-0.0268939292097609,-0.0659175947660143,-0.3255067584994415,-0.1507742520468284,0.5250000000000002,0.25,-0.042047645584143,-0.2066985023531977,-0.0563526064075635,-0.257006935686495,-0.040535701785176,0.3360000000000001,0.4,False,,0.0893582411159627
rb_002,window_median,0.05,quarter_rank,12,5,residual_correlation,Ridge,1.0,0.9,0.001,20.0,smooth_80_20,linear,2.0,0.55,hybrid_score_70_30,20,trailing2_60_40,none,-0.059447038492525,0.1794648716788633,0.0916983623979265,0.9285969929289682,0.8152569495676124,-0.0562076667012366,-0.2219126493235192,-0.1789771112149662,-0.5481532612604691,-0.1676144887899091,0.7250000000000003,0.25,0.0236271272239021,0.1093734382499537,0.0101970835202259,0.0981150686855803,-0.0149710399847176,0.3600000000000001,0.4,False,,-0.21295655546725922
rb_002,window_median,0.05,quarter_rank,12,5,residual_correlation,Ridge,1.0,0.9,0.001,20.0,smooth_80_20,linear,2.0,0.55,hybrid_score_70_30,20,trailing2_60_40,buffer,-0.059447038492525,0.1794648716788633,0.0916983623979265,0.9285969929289682,0.8152569495676124,-0.099629017666472,-0.4257342872233071,-0.1859933046401902,-0.6035857514365357,-0.1376875438225711,0.5500000000000002,0.25,0.0079041454858239,0.0391450466993984,-0.0053770803569943,0.0179337160078901,-0.0198831699553868,0.2799999999999999,0.4,False,,-0.09246834652582382
rb_002,window_median,0.05,quarter_rank,12,5,residual_correlation,Ridge,1.0,0.9,0.001,20.0,smooth_80_20,linear,2.0,0.55,hybrid_score_70_30,30,trailing2_60_40,none,-0.059447038492525,0.1794648716788633,0.0916983623979265,0.9285969929289682,0.8152569495676124,-0.0434455436225549,-0.1736741482386344,-0.1218443778061525,-0.4313773787113525,-0.1322811691534544,0.566666666666667,0.25,-0.0187238691189891,-0.098211281151961,-0.0323844186867948,-0.1491793326122555,-0.0236298499367729,0.3266666666666667,0.4,False,,-0.0016526125177327433
rb_002,window_median,0.05,quarter_rank,12,5,residual_correlation,Ridge,1.0,0.9,0.001,20.0,smooth_80_20,linear,2.0,0.55,hybrid_score_70_30,30,trailing2_60_40,buffer,-0.059447038492525,0.1794648716788633,0.0916983623979265,0.9285969929289682,0.8152569495676124,-0.0520014626749901,-0.2093937699719386,-0.135737092035344,-0.461709656407199,-0.1336210255327341,0.5250000000000002,0.25,-0.0076015495414647,-0.0378469981930727,-0.0211870603098093,-0.0665681820256584,-0.0284090703707602,0.2533333333333333,0.4,False,,0.0058632099850246255
rb_002,window_median,0.05,quarter_rank,12,5,residual_correlation,Ridge,1.0,0.9,0.001,20.0,smooth_80_20,linear,2.0,0.55,hybrid_score_70_30,50,trailing2_60_40,none,-0.059447038492525,0.1794648716788633,0.0916983623979265,0.9285969929289682,0.8152569495676124,-0.0387811487193648,-0.1428914010922909,-0.1233372433029611,-0.3927645111886,-0.1440193655433489,0.4650000000000002,0.25,-0.0189937939693161,-0.0943481248834719,-0.0327244520740398,-0.1313657712609815,-0.018614366554991,0.2880000000000001,0.4,False,,0.06611711829151098
rb_002,window_median,0.05,quarter_rank,12,5,residual_correlation,Ridge,1.0,0.9,0.001,20.0,smooth_80_20,linear,2.0,0.55,hybrid_score_50_50,20,none,none,-0.059447038492525,0.1794648716788633,0.0916983623979265,0.9285969929289682,0.8152569495676124,0.4804718248958004,1.919554524008152,0.5120967387082613,0.3270297447348088,-0.0669633304946948,0.9500000000000004,0.75,-0.0111904804610358,-0.0505923715088546,-0.0237226664264951,-0.0535021630123574,-0.0360198863435478,0.4400000000000001,0.6,False,,0.5455502335124174
rb_002,window_median,0.05,quarter_rank,12,5,residual_correlation,Ridge,1.0,0.9,0.001,20.0,smooth_80_20,linear,2.0,0.55,hybrid_score_50_50,20,none,buffer,-0.059447038492525,0.1794648716788633,0.0916983623979265,0.9285969929289682,0.8152569495676124,0.4953184592074859,2.050393254012058,0.5159405294330743,0.348079951341471,-0.0576065470702529,0.9375000000000004,0.75,-0.0236569670891461,-0.1025233186628166,-0.034629277358594,-0.0883469577406848,-0.0633593882797591,0.3700000000000001,0.6,False,,0.5688649797257929
rb_002,window_median,0.05,quarter_rank,12,5,residual_correlation,Ridge,1.0,0.9,0.001,20.0,smooth_80_20,linear,2.0,0.55,hybrid_score_50_50,30,none,none,-0.059447038492525,0.1794648716788633,0.0916983623979265,0.9285969929289682,0.8152569495676124,0.4255920969521001,1.85338879691863,0.4659680263402759,0.2776402130305709,-0.0657920395151638,0.941666666666668,0.75,0.0152747219497713,0.0731170089598344,0.002657744534656,0.0571113406523844,-0.0382410931825494,0.4666666666666669,0.6,False,,0.4979549670390151
rb_002,window_median,0.05,quarter_rank,12,5,residual_correlation,Ridge,1.0,0.9,0.001,20.0,smooth_80_20,linear,2.0,0.55,hybrid_score_50_50,30,none,buffer,-0.059447038492525,0.1794648716788633,0.0916983623979265,0.9285969929289682,0.8152569495676124,0.4200792283187138,1.8481432386417205,0.4625890970174376,0.2718103107721886,-0.0657920395151637,0.9250000000000012,0.75,-0.0038991604871284,-0.0185744245764942,-0.0158188845473322,-0.0312735999299653,-0.0534559729608005,0.3666666666666669,0.6,False,,0.504777036178812
rb_002,window_median,0.05,quarter_rank,12,5,residual_correlation,Ridge,1.0,0.9,0.001,20.0,smooth_80_20,linear,2.0,0.55,hybrid_score_50_50,50,none,none,-0.059447038492525,0.1794648716788633,0.0916983623979265,0.9285969929289682,0.8152569495676124,0.439992482737064,3.048352677547469,0.4235057865073759,0.3543088106662294,0.0,0.9000000000000006,0.75,-0.0041985200458206,-0.0241835059962773,-0.0182351801355703,-0.099594505398585,-0.0241265791523873,0.4360000000000002,0.4,False,,0.5498690458952974
rb_002,window_median,0.05,quarter_rank,12,5,residual_correlation,Ridge,1.0,0.9,0.001,20.0,smooth_80_20,linear,2.0,0.55,hybrid_score_50_50,20,prev_70_30,none,-0.059447038492525,0.1794648716788633,0.0916983623979265,0.9285969929289682,0.8152569495676124,0.2337952896287654,0.969774058391868,0.2968031911941538,0.0657341654992005,-0.1034462102854673,0.9375000000000006,0.75,-0.0134929052480973,-0.0627499558556492,-0.025720628492351,-0.0699786617366099,-0.056753536363158,0.38,0.6,False,,0.2692188065958422
rb_002,window_median,0.05,quarter_rank,12,5,residual_correlation,Ridge,1.0,0.9,0.001,20.0,smooth_80_20,linear,2.0,0.55,hybrid_score_50_50,20,prev_70_30,buffer,-0.059447038492525,0.1794648716788633,0.0916983623979265,0.9285969929289682,0.8152569495676124,0.2406790560028162,1.0759006514883958,0.2951707775189178,0.0726308069715726,-0.0917436379820244,0.8750000000000004,0.75,0.0248694735867918,0.1264524027325451,0.0112443283882493,0.1051556932711988,-0.0429612335813485,0.31,0.6,False,,0.3197393137806486
rb_002,window_median,0.05,quarter_rank,12,5,residual_correlation,Ridge,1.0,0.9,0.001,20.0,smooth_80_20,linear,2.0,0.55,hybrid_score_50_50,30,prev_70_30,none,-0.059447038492525,0.1794648716788633,0.0916983623979265,0.9285969929289682,0.8152569495676124,0.2093064486521574,1.097098280350327,0.2682382745232864,0.0272850599630759,-0.0792710855451841,0.8666666666666677,0.75,0.0106790242321248,0.0476836707067117,-0.0018135020577981,0.0429089009209335,-0.0562110570078575,0.3666666666666666,0.6,False,,0.29888866753852056
rb_002,window_median,0.05,quarter_rank,12,5,residual_correlation,Ridge,1.0,0.9,0.001,20.0,smooth_80_20,linear,2.0,0.55,hybrid_score_50_50,30,prev_70_30,buffer,-0.059447038492525,0.1794648716788633,0.0916983623979265,0.9285969929289682,0.8152569495676124,0.1630860261862228,0.8794526071556623,0.1891873364474337,-0.0405120534711596,-0.0702420621829124,0.7916666666666674,0.5,0.0052395405688119,0.0234851851622844,-0.0074564582553355,0.0195056131553845,-0.0564739102521538,0.3266666666666666,0.6,False,,0.2670966267717123
rb_002,window_median,0.05,quarter_rank,12,5,residual_correlation,Ridge,1.0,0.9,0.001,20.0,smooth_80_20,linear,2.0,0.55,hybrid_score_50_50,50,prev_70_30,none,-0.059447038492525,0.1794648716788633,0.0916983623979265,0.9285969929289682,0.8152569495676124,0.1710399723375175,1.356870227474405,0.1593599547892104,-0.0507148117663877,-6.515148761099265e-05,0.7300000000000004,0.5,-0.0292102799919219,-0.1452914573329812,-0.0430119034834651,-0.1870787923939698,-0.0384932287144121,0.3360000000000001,0.4,False,,0.3280033591286872
rb_002,window_median,0.05,quarter_rank,12,5,residual_correlation,Ridge,1.0,0.9,0.001,20.0,smooth_80_20,linear,2.0,0.55,hybrid_score_50_50,20,trailing2_60_40,none,-0.059447038492525,0.1794648716788633,0.0916983623979265,0.9285969929289682,0.8152569495676124,0.0625227041671836,1.551205687317181,0.0621977077567957,-0.3059397873325125,-0.0007592520620778,0.8625000000000005,0.25,0.0043549736143235,0.0190554278315707,-0.0077670308547621,0.0209282551189226,-0.0429612335813485,0.34,0.6,False,,0.0902460305413939
rb_002,window_median,0.05,quarter_rank,12,5,residual_correlation,Ridge,1.0,0.9,0.001,20.0,smooth_80_20,linear,2.0,0.55,hybrid_score_50_50,20,trailing2_60_40,buffer,-0.059447038492525,0.1794648716788633,0.0916983623979265,0.9285969929289682,0.8152569495676124,0.0078500952773508,0.1774711622277456,0.003409343642855,-0.4433562481932867,-0.0307574713133761,0.6625000000000003,0.25,0.0264970330648863,0.1244354523737348,0.0135683939702157,0.1131334399912274,-0.0258631175119994,0.2,0.6,False,,0.11896274358275823
rb_002,window_median,0.05,quarter_rank,12,5,residual_correlation,Ridge,1.0,0.9,0.001,20.0,smooth_80_20,linear,2.0,0.55,hybrid_score_50_50,30,trailing2_60_40,none,-0.059447038492525,0.1794648716788633,0.0916983623979265,0.9285969929289682,0.8152569495676124,0.0060629593551435,0.0647263321654635,0.0151321500065709,-0.3905527617747099,-0.0355051790440004,0.7000000000000005,0.5,0.0339017234072873,0.1639918001180192,0.0197597513592521,0.1504923457926099,-0.0506466882293876,0.2733333333333333,0.6,False,,0.11298548706173785
rb_002,window_median,0.05,quarter_rank,12,5,residual_correlation,Ridge,1.0,0.9,0.001,20.0,smooth_80_20,linear,2.0,0.55,hybrid_score_50_50,30,trailing2_60_40,buffer,-0.059447038492525,0.1794648716788633,0.0916983623979265,0.9285969929289682,0.8152569495676124,0.026249031861885,0.2620585445251679,0.0289826907290321,-0.3520495920426094,-0.0244212076183083,0.6750000000000004,0.5,0.0277134474946068,0.1393471235829823,0.0137637834339534,0.1195669091619201,-0.0431684792955538,0.2066666666666667,0.6,False,,0.1592015002770346
rb_002,window_median,0.05,quarter_rank,12,5,residual_correlation,Ridge,1.0,0.9,0.001,20.0,smooth_80_20,linear,2.0,0.55,hybrid_score_50_50,50,trailing2_60_40,none,-0.059447038492525,0.1794648716788633,0.0916983623979265,0.9285969929289682,0.8152569495676124,0.0544075276737614,0.5484774747331391,0.0143588189077841,-0.3658278271377478,-0.0418624510378854,0.7050000000000003,0.5,-0.0156615426299097,-0.0825269833490812,-0.0292929986043821,-0.1325685949843487,-0.0372486268928713,0.256,0.4,False,,0.10993895301399241
rb_002,window_median,0.05,quarter_rank,12,5,residual_correlation,Ridge,1.0,0.9,0.001,20.0,smooth_80_20,linear,2.0,0.55,hybrid_score_30_70,20,none,none,-0.059447038492525,0.1794648716788633,0.0916983623979265,0.9285969929289682,0.8152569495676124,0.6205775784811074,3.657337804653807,0.5242200941091093,0.6201318092194529,0.0,0.9500000000000004,0.75,-0.0036521484195086,-0.0171318271166864,-0.0149449934428053,-0.0252094093612011,-0.0434271311899675,0.5300000000000001,0.6,False,,0.6693498313804325
rb_002,window_median,0.05,quarter_rank,12,5,residual_correlation,Ridge,1.0,0.9,0.001,20.0,smooth_80_20,linear,2.0,0.55,hybrid_score_30_70,20,none,buffer,-0.059447038492525,0.1794648716788633,0.0916983623979265,0.9285969929289682,0.8152569495676124,0.6245927565394149,3.6577384088407743,0.5356578518309523,0.6083139532410111,0.0,0.9375000000000004,0.75,-0.0012000365750842,-0.0056366840837719,-0.0120626427501994,-0.0143234207498738,-0.0423022685405384,0.44,0.6,False,,0.6858352695749333
rb_002,window_median,0.05,quarter_rank,12,5,residual_correlation,Ridge,1.0,0.9,0.001,20.0,smooth_80_20,linear,2.0,0.55,hybrid_score_30_70,30,none,none,-0.059447038492525,0.1794648716788633,0.0916983623979265,0.9285969929289682,0.8152569495676124,0.5074392672298937,3.508368021857417,0.4311626561355479,0.5094782544552575,0.0,0.9250000000000012,0.75,0.0006711762524436,0.0033459731697289,-0.0107815873234115,-0.0169243288053664,-0.0282949950937698,0.4866666666666669,0.6,False,,0.5747536447146391
rb_002,window_median,0.05,quarter_rank,12,5,residual_correlation,Ridge,1.0,0.9,0.001,20.0,smooth_80_20,linear,2.0,0.55,hybrid_score_30_70,30,none,buffer,-0.059447038492525,0.1794648716788633,0.0916983623979265,0.9285969929289682,0.8152569495676124,0.5074392672298937,3.508368021857417,0.4311626561355479,0.5094782544552575,0.0,0.9250000000000012,0.75,-0.0259174515646474,-0.1285903535099478,-0.0381378090473621,-0.1473066635854826,-0.0475000348224671,0.4066666666666669,0.6,False,,0.5747536447146391
rb_002,window_median,0.05,quarter_rank,12,5,residual_correlation,Ridge,1.0,0.9,0.001,20.0,smooth_80_20,linear,2.0,0.55,hybrid_score_30_70,50,none,none,-0.059447038492525,0.1794648716788633,0.0916983623979265,0.9285969929289682,0.8152569495676124,0.4536007343649206,3.253518314593038,0.400810096762153,0.4158496712683561,0.0,0.8900000000000006,0.75,0.0078105348327801,0.0396700780725168,-0.0049634228007139,0.0123687834379159,-0.0466851333855361,0.4680000000000002,0.4,False,,0.5492108875759456
rb_002,window_median,0.05,quarter_rank,12,5,residual_correlation,Ridge,1.0,0.9,0.001,20.0,smooth_80_20,linear,2.0,0.55,hybrid_score_30_70,20,prev_70_30,none,-0.059447038492525,0.1794648716788633,0.0916983623979265,0.9285969929289682,0.8152569495676124,0.3033472678020512,5.50552960204175,0.2504588641942216,0.2276802625993371,0.0,0.8500000000000004,0.75,-0.0164372699852426,-0.0744421144097791,-0.0287126117715552,-0.0763928569921475,-0.0428024723916691,0.4400000000000001,0.6,False,,0.3940114111866483
rb_002,window_median,0.05,quarter_rank,12,5,residual_correlation,Ridge,1.0,0.9,0.001,20.0,smooth_80_20,linear,2.0,0.55,hybrid_score_30_70,20,prev_70_30,buffer,-0.059447038492525,0.1794648716788633,0.0916983623979265,0.9285969929289682,0.8152569495676124,0.3033472678020512,5.50552960204175,0.2504588641942216,0.2276802625993371,0.0,0.8500000000000004,0.75,-0.0337274687423028,-0.1533103145147938,-0.0450940961623652,-0.1442861126309644,-0.068629139605127,0.3600000000000001,0.6,False,,0.3940114111866483
rb_002,window_median,0.05,quarter_rank,12,5,residual_correlation,Ridge,1.0,0.9,0.001,20.0,smooth_80_20,linear,2.0,0.55,hybrid_score_30_70,30,prev_70_30,none,-0.059447038492525,0.1794648716788633,0.0916983623979265,0.9285969929289682,0.8152569495676124,0.3150912795142073,4.674638642761897,0.2750397529231568,0.2298240469996763,0.0,0.8583333333333344,0.75,-0.0078565795408352,-0.0385207209972861,-0.020759368861824,-0.0599654919616029,-0.0410144874586345,0.3733333333333333,0.6,False,,0.41177922266784794
rb_002,window_median,0.05,quarter_rank,12,5,residual_correlation,Ridge,1.0,0.9,0.001,20.0,smooth_80_20,linear,2.0,0.55,hybrid_score_30_70,30,prev_70_30,buffer,-0.059447038492525,0.1794648716788633,0.0916983623979265,0.9285969929289682,0.8152569495676124,0.3226495610891851,5.067128538872634,0.277491242765927,0.2504405029224091,0.0,0.850000000000001,0.75,-0.0225694521546826,-0.1200816471691566,-0.0351919801936362,-0.1597405784544276,-0.0521781932806812,0.3133333333333333,0.6,False,,0.42430822578600413
rb_002,window_median,0.05,quarter_rank,12,5,residual_correlation,Ridge,1.0,0.9,0.001,20.0,smooth_80_20,linear,2.0,0.55,hybrid_score_30_70,50,prev_70_30,none,-0.059447038492525,0.1794648716788633,0.0916983623979265,0.9285969929289682,0.8152569495676124,0.2230816264018191,3.373104042932399,0.1837263411267481,0.0466791052022135,0.0,0.8500000000000005,0.75,-0.0104783569775679,-0.0533346823693309,-0.0239540039042393,-0.0883168909878749,-0.045634351729444,0.3440000000000001,0.6,False,,0.29134329794244507
rb_002,window_median,0.05,quarter_rank,12,5,residual_correlation,Ridge,1.0,0.9,0.001,20.0,smooth_80_20,linear,2.0,0.55,hybrid_score_30_70,20,trailing2_60_40,none,-0.059447038492525,0.1794648716788633,0.0916983623979265,0.9285969929289682,0.8152569495676124,0.1124562329554201,5.284089424712978,0.1003083970750852,-0.207267817441066,0.0,0.8375000000000004,0.25,0.0102115282798695,0.0533438273814799,-0.0033175915585908,0.0220774532125321,-0.0565513249051284,0.35,0.6,False,,0.16527712687496768
rb_002,window_median,0.05,quarter_rank,12,5,residual_correlation,Ridge,1.0,0.9,0.001,20.0,smooth_80_20,linear,2.0,0.55,hybrid_score_30_70,20,trailing2_60_40,buffer,-0.059447038492525,0.1794648716788633,0.0916983623979265,0.9285969929289682,0.8152569495676124,0.1231522485674165,7.571839596448632,0.1183898002937468,-0.1749933765971279,0.0,0.8250000000000004,0.25,0.0134347437523381,0.0688852919717046,0.0017958371028238,0.0367978066721667,-0.0600298113652369,0.29,0.6,False,,0.19780702145183582
rb_002,window_median,0.05,quarter_rank,12,5,residual_correlation,Ridge,1.0,0.9,0.001,20.0,smooth_80_20,linear,2.0,0.55,hybrid_score_30_70,30,trailing2_60_40,none,-0.059447038492525,0.1794648716788633,0.0916983623979265,0.9285969929289682,0.8152569495676124,0.1784482768431963,1.6672079380538611,0.1496642450904038,-0.0447387468335155,0.0,0.875000000000001,0.5,0.0052870643686784,0.0280141791693287,-0.0084893411659655,-0.0077429684692582,-0.0361180048893756,0.2866666666666667,0.6,False,,0.22224177714918097
rb_002,window_median,0.05,quarter_rank,12,5,residual_correlation,Ridge,1.0,0.9,0.001,20.0,smooth_80_20,linear,2.0,0.55,hybrid_score_30_70,30,trailing2_60_40,buffer,-0.059447038492525,0.1794648716788633,0.0916983623979265,0.9285969929289682,0.8152569495676124,0.1517115386800669,1.299088600509256,0.1265678051075131,-0.0972835934407558,-0.0070018396054547,0.8583333333333343,0.5,0.0210184126569474,0.1068048656661857,0.0065487720834913,0.0927955896049488,-0.0358242770749407,0.24,0.6,False,,0.19532206160360543
rb_002,window_median,0.05,quarter_rank,12,5,residual_correlation,Ridge,1.0,0.9,0.001,20.0,smooth_80_20,linear,2.0,0.55,hybrid_score_30_70,50,trailing2_60_40,none,-0.059447038492525,0.1794648716788633,0.0916983623979265,0.9285969929289682,0.8152569495676124,0.2232600934093629,2.571017809056304,0.1403950501814624,0.0685364995091239,-0.0017246160084631,0.8700000000000006,0.5,0.00353926759505,0.0181801278140675,-0.0094194931025583,-0.0114244416295601,-0.0442678905091923,0.2800000000000001,0.4,False,,0.24106742247981602
rb_001,window_median,0.05,quarter_rank,12,5,residual_correlation,OLS,1.0,0.9,0.001,20.0,smooth_80_20,linear,2.0,0.55,pure_stagewise_score,20,none,none,-0.0594479188233886,0.1794682482504289,0.0917094940433002,0.9285426884368316,0.8153783903428956,1.0152375367945838,5.419568271156504,0.6398403670946543,2.292278705381624,0.0,0.9375000000000004,1.0,-0.0080874368852401,-0.0413081039144903,-0.0206223771919473,-0.0703924061527925,0.0,0.6100000000000001,0.6,False,,1.1590985670614573
rb_001,window_median,0.05,quarter_rank,12,5,residual_correlation,OLS,1.0,0.9,0.001,20.0,smooth_80_20,linear,2.0,0.55,pure_stagewise_score,20,none,buffer,-0.0594479188233886,0.1794682482504289,0.0917094940433002,0.9285426884368316,0.8153783903428956,0.9739611476614378,4.814677213868772,0.6054344297355162,2.1665663142327825,0.0,0.8625000000000004,1.0,-0.0005851064104576,-0.0029515816338796,-0.0130803605615651,-0.0263081866697867,0.0,0.5600000000000003,0.8,False,,1.1496711083145839
rb_001,window_median,0.05,quarter_rank,12,5,residual_correlation,OLS,1.0,0.9,0.001,20.0,smooth_80_20,linear,2.0,0.55,pure_stagewise_score,30,none,none,-0.0594479188233886,0.1794682482504289,0.0917094940433002,0.9285426884368316,0.8153783903428956,0.8066342734427605,5.209270932311029,0.5386665048606785,1.6562465263266932,0.0,0.8833333333333344,1.0,0.0122811362830059,0.0635313221935132,-0.0012674415965176,0.0395434692936003,0.0,0.6066666666666669,0.6,False,,0.9593231984717325
rb_001,window_median,0.05,quarter_rank,12,5,residual_correlation,OLS,1.0,0.9,0.001,20.0,smooth_80_20,linear,2.0,0.55,pure_stagewise_score,30,none,buffer,-0.0594479188233886,0.1794682482504289,0.0917094940433002,0.9285426884368316,0.8153783903428956,0.8134222565511231,5.113397261053786,0.5339063723995354,1.821914936700159,0.0,0.8500000000000009,1.0,0.0072951952999551,0.0381023313553891,-0.0062913105676995,0.0087629309570674,0.0,0.5800000000000003,0.6,False,,1.0144362535335065
rb_001,window_median,0.05,quarter_rank,12,5,residual_correlation,OLS,1.0,0.9,0.001,20.0,smooth_80_20,linear,2.0,0.55,pure_stagewise_score,50,none,none,-0.0594479188233886,0.1794682482504289,0.0917094940433002,0.9285426884368316,0.8153783903428956,0.6331771384302192,6.067884146253302,0.4511777649642583,1.1806446165902424,0.0,0.8500000000000005,0.75,0.0176694855675605,0.1003625183496493,0.0040677021480856,0.0654083173855799,0.0,0.5800000000000003,0.6,False,,0.7940489630871067
rb_001,window_median,0.05,quarter_rank,12,5,residual_correlation,OLS,1.0,0.9,0.001,20.0,smooth_80_20,linear,2.0,0.55,pure_stagewise_score,20,prev_70_30,none,-0.0594479188233886,0.1794682482504289,0.0917094940433002,0.9285426884368316,0.8153783903428956,0.3851771779680997,4.84250705650661,0.2805679431416491,0.5158647641448747,0.0,0.8500000000000004,0.75,0.0217063709675646,0.1082831389688379,0.0097431448747286,0.0858914630959338,0.0,0.6500000000000002,0.6,False,,0.4864431270322278
rb_001,window_median,0.05,quarter_rank,12,5,residual_correlation,OLS,1.0,0.9,0.001,20.0,smooth_80_20,linear,2.0,0.55,pure_stagewise_score,20,prev_70_30,buffer,-0.0594479188233886,0.1794682482504289,0.0917094940433002,0.9285426884368316,0.8153783903428956,0.3853215817058817,4.850265782908471,0.2807669227179105,0.5159287825230732,0.0,0.8125000000000003,0.75,0.0642694759228541,0.3549308131947757,0.0502866563116606,0.322117151479525,0.0,0.5700000000000002,0.8,False,,0.5120133887235075
rb_001,window_median,0.05,quarter_rank,12,5,residual_correlation,OLS,1.0,0.9,0.001,20.0,smooth_80_20,linear,2.0,0.55,pure_stagewise_score,30,prev_70_30,none,-0.0594479188233886,0.1794682482504289,0.0917094940433002,0.9285426884368316,0.8153783903428956,0.2711635835021106,2.5903494602778934,0.1763283947419873,0.2152127334506286,-0.0118378989114275,0.7916666666666674,0.75,0.0241461660644499,0.1296491869570551,0.0108512713291176,0.1032936943649393,0.0,0.5733333333333335,0.6,False,,0.35321940975955585
rb_001,window_median,0.05,quarter_rank,12,5,residual_correlation,OLS,1.0,0.9,0.001,20.0,smooth_80_20,linear,2.0,0.55,pure_stagewise_score,30,prev_70_30,buffer,-0.0594479188233886,0.1794682482504289,0.0917094940433002,0.9285426884368316,0.8153783903428956,0.2783202021292537,2.7997872890288127,0.1866244529942944,0.2290558920783791,-0.0062745714285838,0.7833333333333341,0.75,0.0314413047963602,0.1716744656926421,0.0182864802777799,0.1447573471487812,0.0,0.5466666666666669,0.6,False,,0.3754594930303005
rb_001,window_median,0.05,quarter_rank,12,5,residual_correlation,OLS,1.0,0.9,0.001,20.0,smooth_80_20,linear,2.0,0.55,pure_stagewise_score,50,prev_70_30,none,-0.0594479188233886,0.1794682482504289,0.0917094940433002,0.9285426884368316,0.8153783903428956,0.3806062457448276,3.855022914290807,0.2523501650809558,0.6435225336653584,0.0,0.7750000000000006,0.75,0.0218321796544502,0.1189793654966177,0.0080673543376353,0.0978461732063478,0.0,0.5200000000000002,0.8,False,,0.5393767418037417
rb_001,window_median,0.05,quarter_rank,12,5,residual_correlation,OLS,1.0,0.9,0.001,20.0,smooth_80_20,linear,2.0,0.55,pure_stagewise_score,20,trailing2_60_40,none,-0.0594479188233886,0.1794682482504289,0.0917094940433002,0.9285426884368316,0.8153783903428956,0.3127142875911972,2.949823075322798,0.1962542757627126,0.4047324733513354,-0.0052382820625115,0.8500000000000004,0.5,0.1603494972599117,0.8877871883934156,0.1372713317283679,1.010315363709984,0.0,0.6700000000000003,0.8,False,,0.3793029705333824
rb_001,window_median,0.05,quarter_rank,12,5,residual_correlation,OLS,1.0,0.9,0.001,20.0,smooth_80_20,linear,2.0,0.55,pure_stagewise_score,20,trailing2_60_40,buffer,-0.0594479188233886,0.1794682482504289,0.0917094940433002,0.9285426884368316,0.8153783903428956,0.3117836244007477,2.7051744418814354,0.1871446887007455,0.4375929848695893,-0.0115604757356593,0.8375000000000004,0.5,0.1192031068582988,0.7161017490722216,0.0996743564656577,0.9648360420357038,0.0,0.5800000000000003,0.8,False,,0.3821623135029822
rb_001,window_median,0.05,quarter_rank,12,5,residual_correlation,OLS,1.0,0.9,0.001,20.0,smooth_80_20,linear,2.0,0.55,pure_stagewise_score,30,trailing2_60_40,none,-0.0594479188233886,0.1794682482504289,0.0917094940433002,0.9285426884368316,0.8153783903428956,0.278037312262172,2.831056471768844,0.1880378026820877,0.2245173938290682,0.0,0.8333333333333343,0.5,0.0770948355892251,0.4332060752880423,0.0608660100466772,0.4938440578813775,0.0,0.5866666666666669,0.8,False,,0.34634358559942535
rb_001,window_median,0.05,quarter_rank,12,5,residual_correlation,OLS,1.0,0.9,0.001,20.0,smooth_80_20,linear,2.0,0.55,pure_stagewise_score,30,trailing2_60_40,buffer,-0.0594479188233886,0.1794682482504289,0.0917094940433002,0.9285426884368316,0.8153783903428956,0.278160772168144,2.5495078285706847,0.1756537888933779,0.2498015762229738,0.0,0.8000000000000008,0.5,0.1122057370235354,0.6722335383949969,0.0934198733713989,0.8673845751425723,0.0,0.5000000000000001,0.8,False,,0.36299145289626034
rb_001,window_median,0.05,quarter_rank,12,5,residual_correlation,OLS,1.0,0.9,0.001,20.0,smooth_80_20,linear,2.0,0.55,pure_stagewise_score,50,trailing2_60_40,none,-0.0594479188233886,0.1794682482504289,0.0917094940433002,0.9285426884368316,0.8153783903428956,0.3255183147276395,2.4448133551319007,0.1873505814418357,0.5192449838145488,0.0,0.8000000000000005,0.5,0.0723184705434709,0.4703748361678772,0.0564745387249705,0.5962825496315467,0.0,0.4600000000000002,0.8,False,,0.434080390896755
rb_001,window_median,0.05,quarter_rank,12,5,residual_correlation,OLS,1.0,0.9,0.001,20.0,smooth_80_20,linear,2.0,0.55,pure_promethee_score,20,none,none,-0.0594479188233886,0.1794682482504289,0.0917094940433002,0.9285426884368316,0.8153783903428956,-0.2221168816986868,-0.8540473384861231,-0.3913920861708642,-1.1394845465137284,-0.2219175404457358,0.325,0.25,-0.2015659817286004,-2.498962752971269,-0.2290325854878082,-2.2255001182363308,-0.1575652261608686,0.38,0.0,False,,-0.3106863940204493
rb_001,window_median,0.05,quarter_rank,12,5,residual_correlation,OLS,1.0,0.9,0.001,20.0,smooth_80_20,linear,2.0,0.55,pure_promethee_score,20,none,buffer,-0.0594479188233886,0.1794682482504289,0.0917094940433002,0.9285426884368316,0.8153783903428956,-0.1132901209821432,-0.3607041607795931,-0.2666399283857844,-0.5617124408125821,-0.2069388424890337,0.125,0.25,-0.1673347198647152,-2.2354036603884,-0.1883931186260673,-1.5978688077762393,-0.1256291787888798,0.26,0.0,False,,0.08054290799674076
rb_001,window_median,0.05,quarter_rank,12,5,residual_correlation,OLS,1.0,0.9,0.001,20.0,smooth_80_20,linear,2.0,0.55,pure_promethee_score,30,none,none,-0.0594479188233886,0.1794682482504289,0.0917094940433002,0.9285426884368316,0.8153783903428956,-0.0853235832102525,-0.2980241474738578,-0.2364963999397888,-0.5875099535179041,-0.1992585743733916,0.2,0.25,-0.1986288158179971,-2.394651544032889,-0.2252848314421027,-1.988897789277708,-0.1618037064264748,0.3199999999999999,0.0,False,,0.05754947744423644
rb_001,window_median,0.05,quarter_rank,12,5,residual_correlation,OLS,1.0,0.9,0.001,20.0,smooth_80_20,linear,2.0,0.55,pure_promethee_score,30,none,buffer,-0.0594479188233886,0.1794682482504289,0.0917094940433002,0.9285426884368316,0.8153783903428956,-0.1256680773706453,-0.4202555616779234,-0.289641018627746,-0.6704822007043894,-0.2172195005335326,0.0916666666666666,0.25,-0.2196779552555983,-2.5428055973293646,-0.2510647954059217,-2.5990778667192296,-0.1752981344461401,0.2333333333333333,0.0,False,,0.05012748378251061
rb_001,window_median,0.05,quarter_rank,12,5,residual_correlation,OLS,1.0,0.9,0.001,20.0,smooth_80_20,linear,2.0,0.55,pure_promethee_score,50,none,none,-0.0594479188233886,0.1794682482504289,0.0917094940433002,0.9285426884368316,0.8153783903428956,-0.0664539199329898,-0.2292114133866709,-0.2228286668000308,-0.5447514715499447,-0.2020568442759178,0.165,0.25,-0.2077026154910263,-1.8857140917400208,-0.2386026522499239,-4.037540285389633,-0.1459093854552798,0.244,0.0,False,,0.10156124905785012
rb_001,window_median,0.05,quarter_rank,12,5,residual_correlation,OLS,1.0,0.9,0.001,20.0,smooth_80_20,linear,2.0,0.55,pure_promethee_score,20,prev_70_30,none,-0.0594479188233886,0.1794682482504289,0.0917094940433002,0.9285426884368316,0.8153783903428956,-0.185820666471816,-0.66038395636441,-0.3407455892118283,-0.8470149798413512,-0.2153111376498171,0.25,0.25,-0.198817165343477,-2.379359164636881,-0.2251816154504273,-1.869901540628176,-0.143659235118248,0.31,0.0,False,,-0.142745368481214
rb_001,window_median,0.05,quarter_rank,12,5,residual_correlation,OLS,1.0,0.9,0.001,20.0,smooth_80_20,linear,2.0,0.55,pure_promethee_score,20,prev_70_30,buffer,-0.0594479188233886,0.1794682482504289,0.0917094940433002,0.9285426884368316,0.8153783903428956,-0.0834186490209536,-0.2969056380817357,-0.2360570439401326,-0.6081563343009883,-0.1959295566366393,0.0875,0.25,-0.1996536841172218,-2.7241377557388224,-0.2256659312395806,-1.803819130996031,-0.1604506772327368,0.15,0.0,False,,0.13179708198652795
rb_001,window_median,0.05,quarter_rank,12,5,residual_correlation,OLS,1.0,0.9,0.001,20.0,smooth_80_20,linear,2.0,0.55,pure_promethee_score,30,prev_70_30,none,-0.0594479188233886,0.1794682482504289,0.0917094940433002,0.9285426884368316,0.8153783903428956,-0.1089437373284576,-0.3645969292219628,-0.2616713514002287,-0.6005950633825529,-0.2078168861638031,0.1333333333333333,0.25,-0.217869370923128,-2.5794971374140045,-0.24847553993094,-2.3135727224024305,-0.1788233043286955,0.24,0.0,False,,0.07023834564096454
rb_001,window_median,0.05,quarter_rank,12,5,residual_correlation,OLS,1.0,0.9,0.001,20.0,smooth_80_20,linear,2.0,0.55,pure_promethee_score,30,prev_70_30,buffer,-0.0594479188233886,0.1794682482504289,0.0917094940433002,0.9285426884368316,0.8153783903428956,-0.1105873364590579,-0.3392433082516961,-0.2619385897548741,-0.5186248993083177,-0.2171283526980285,0.075,0.25,-0.2213929480225114,-2.504548537685152,-0.253401395022385,-2.8300125771428184,-0.1713985983311489,0.1666666666666666,0.0,False,,0.12122235840746032
rb_001,window_median,0.05,quarter_rank,12,5,residual_correlation,OLS,1.0,0.9,0.001,20.0,smooth_80_20,linear,2.0,0.55,pure_promethee_score,50,prev_70_30,none,-0.0594479188233886,0.1794682482504289,0.0917094940433002,0.9285426884368316,0.8153783903428956,-0.0580906509744743,-0.1808302753380019,-0.2061095429324737,-0.4197463588996614,-0.2063725026388099,0.135,0.25,-0.2102930266753275,-1.952769725923941,-0.2415132040227778,-3.88888497713293,-0.1489706225374367,0.176,0.0,False,,0.16234018709833525
rb_001,window_median,0.05,quarter_rank,12,5,residual_correlation,OLS,1.0,0.9,0.001,20.0,smooth_80_20,linear,2.0,0.55,pure_promethee_score,20,trailing2_60_40,none,-0.0594479188233886,0.1794682482504289,0.0917094940433002,0.9285426884368316,0.8153783903428956,-0.1849590899937727,-0.6091426621901276,-0.3485633065924605,-0.7759025940286104,-0.225161873683948,0.2375,0.25,-0.2305211639563156,-2.815367088429402,-0.2628620485587398,-2.081539994647681,-0.1777196191750025,0.2299999999999999,0.0,False,,-0.13261578182179803
rb_001,window_median,0.05,quarter_rank,12,5,residual_correlation,OLS,1.0,0.9,0.001,20.0,smooth_80_20,linear,2.0,0.55,pure_promethee_score,20,trailing2_60_40,buffer,-0.0594479188233886,0.1794682482504289,0.0917094940433002,0.9285426884368316,0.8153783903428956,-0.1254079427208424,-0.411150571934419,-0.2935666004699383,-0.6585141420495055,-0.2180968799178152,0.1,0.25,-0.2033136534509271,-2.519964211704017,-0.2298615591297075,-1.7242616494420977,-0.1638778996296267,0.1,0.0,False,,0.04288502383646159
rb_001,window_median,0.05,quarter_rank,12,5,residual_correlation,OLS,1.0,0.9,0.001,20.0,smooth_80_20,linear,2.0,0.55,pure_promethee_score,30,trailing2_60_40,none,-0.0594479188233886,0.1794682482504289,0.0917094940433002,0.9285426884368316,0.8153783903428956,-0.094641828309524,-0.3210027880376741,-0.2521806845793658,-0.5963562555790074,-0.2082661912198782,0.1333333333333333,0.25,-0.209250405404892,-2.3105538311831006,-0.239073073032697,-2.858481468122225,-0.1544501183298369,0.2066666666666666,0.0,False,,0.07972156803514138
rb_001,window_median,0.05,quarter_rank,12,5,residual_correlation,OLS,1.0,0.9,0.001,20.0,smooth_80_20,linear,2.0,0.55,pure_promethee_score,30,trailing2_60_40,buffer,-0.0594479188233886,0.1794682482504289,0.0917094940433002,0.9285426884368316,0.8153783903428956,-0.1247175363559788,-0.3976035601333547,-0.2749695677775594,-0.5797259797269769,-0.214504680600416,0.075,0.25,-0.2200907917428013,-2.363224530446144,-0.2521249951118242,-3.0146685715056933,-0.1630224870424864,0.1266666666666666,0.0,False,,0.0972641360231461
rb_001,window_median,0.05,quarter_rank,12,5,residual_correlation,OLS,1.0,0.9,0.001,20.0,smooth_80_20,linear,2.0,0.55,pure_promethee_score,50,trailing2_60_40,none,-0.0594479188233886,0.1794682482504289,0.0917094940433002,0.9285426884368316,0.8153783903428956,-0.0594790503281238,-0.1774596510618759,-0.2176135288291727,-0.4055309077473872,-0.2153621577782909,0.105,0.25,-0.2025931472805027,-1.7308242196949235,-0.2330648083150983,-5.736738734957012,-0.1277817062669696,0.152,0.0,False,,0.1687680752542466
rb_001,window_median,0.05,quarter_rank,12,5,residual_correlation,OLS,1.0,0.9,0.001,20.0,smooth_80_20,linear,2.0,0.55,hybrid_score_70_30,20,none,none,-0.0594479188233886,0.1794682482504289,0.0917094940433002,0.9285426884368316,0.8153783903428956,0.126334092330439,0.7844586234998,0.1146315588315272,-0.1219677260766345,-0.0502862292112766,0.8875000000000004,0.5,0.0143798608541223,0.0638447380920442,0.0002967858367336,0.0671003499436451,-0.0224921284627153,0.4100000000000001,0.6,False,,0.12852817827408475
rb_001,window_median,0.05,quarter_rank,12,5,residual_correlation,OLS,1.0,0.9,0.001,20.0,smooth_80_20,linear,2.0,0.55,hybrid_score_70_30,20,none,buffer,-0.0594479188233886,0.1794682482504289,0.0917094940433002,0.9285426884368316,0.8153783903428956,0.1439832026187761,0.7625801282157827,0.1062066502964324,-0.084784535086323,-0.0555161114561185,0.8000000000000004,0.5,0.0060473690005764,0.0272267853500713,-0.0076027491101923,0.0251117761518874,-0.0274829511171101,0.33,0.6,False,,0.1844994657013891
rb_001,window_median,0.05,quarter_rank,12,5,residual_correlation,OLS,1.0,0.9,0.001,20.0,smooth_80_20,linear,2.0,0.55,hybrid_score_70_30,30,none,none,-0.0594479188233886,0.1794682482504289,0.0917094940433002,0.9285426884368316,0.8153783903428956,0.2647579035430443,1.464274593521109,0.2294372879249832,0.1243124720311701,-0.0288141889891554,0.8166666666666675,0.75,0.0083086205034943,0.0412918222457859,-0.0058598117579578,0.0217152507531286,-0.0329380904831239,0.4000000000000002,0.6,False,,0.3536162884652229
rb_001,window_median,0.05,quarter_rank,12,5,residual_correlation,OLS,1.0,0.9,0.001,20.0,smooth_80_20,linear,2.0,0.55,hybrid_score_70_30,30,none,buffer,-0.0594479188233886,0.1794682482504289,0.0917094940433002,0.9285426884368316,0.8153783903428956,0.1814378493308981,1.0722881293678566,0.1390404815193558,-0.0217220075839345,-0.0474790390213915,0.733333333333334,0.5,0.0001705680577155,0.0008684466896498,-0.0135397450922338,-0.0293885843174075,-0.0334207605659234,0.3600000000000002,0.6,False,,0.27995609576356467
rb_001,window_median,0.05,quarter_rank,12,5,residual_correlation,OLS,1.0,0.9,0.001,20.0,smooth_80_20,linear,2.0,0.55,hybrid_score_70_30,50,none,none,-0.0594479188233886,0.1794682482504289,0.0917094940433002,0.9285426884368316,0.8153783903428956,0.1272748168566331,0.6279109695760579,0.0791999080828346,-0.1121410068105938,-0.09429283501408,0.7000000000000004,0.5,-0.023022320331132,-0.1249083148798785,-0.0375642772479196,-0.2155884816262138,-0.0219224207314497,0.3720000000000001,0.4,False,,0.19362122711814742
rb_001,window_median,0.05,quarter_rank,12,5,residual_correlation,OLS,1.0,0.9,0.001,20.0,smooth_80_20,linear,2.0,0.55,hybrid_score_70_30,20,prev_70_30,none,-0.0594479188233886,0.1794682482504289,0.0917094940433002,0.9285426884368316,0.8153783903428956,-0.0127821279894474,-0.0512044333881418,-0.0837777626294685,-0.3596733437877596,-0.1408126841714322,0.6375000000000003,0.25,0.0444294541739027,0.202918618546547,0.0296953304555206,0.2083302572014687,-0.0149710399847176,0.4000000000000001,0.6,False,,-0.004062491119065301
rb_001,window_median,0.05,quarter_rank,12,5,residual_correlation,OLS,1.0,0.9,0.001,20.0,smooth_80_20,linear,2.0,0.55,hybrid_score_70_30,20,prev_70_30,buffer,-0.0594479188233886,0.1794682482504289,0.0917094940433002,0.9285426884368316,0.8153783903428956,-0.0456761779614145,-0.1774274809704522,-0.0897556665160299,-0.3796626345803909,-0.1344205209065901,0.5625000000000002,0.25,0.0020107788123369,0.0100192466685595,-0.0111358733443255,-0.0130225438393577,-0.0184639672931354,0.3700000000000001,0.4,False,,0.041127314519680554
rb_001,window_median,0.05,quarter_rank,12,5,residual_correlation,OLS,1.0,0.9,0.001,20.0,smooth_80_20,linear,2.0,0.55,hybrid_score_70_30,30,prev_70_30,none,-0.0594479188233886,0.1794682482504289,0.0917094940433002,0.9285426884368316,0.8153783903428956,-0.0375777324240634,-0.1347688687476806,-0.0890494517300368,-0.3441631481391038,-0.1640116548807878,0.6000000000000003,0.25,0.0012460599636421,0.0062169296648341,-0.0127923722000561,-0.0193784202153256,-0.0302139294376364,0.4133333333333335,0.6,False,,0.0035622975632547266
rb_001,window_median,0.05,quarter_rank,12,5,residual_correlation,OLS,1.0,0.9,0.001,20.0,smooth_80_20,linear,2.0,0.55,hybrid_score_70_30,30,prev_70_30,buffer,-0.0594479188233886,0.1794682482504289,0.0917094940433002,0.9285426884368316,0.8153783903428956,-0.031358663984626,-0.1100090983535105,-0.0849626660636171,-0.3274530276408337,-0.160309072314876,0.5583333333333336,0.25,0.0043760543318882,0.0218680210890337,-0.0089106164227089,-0.0010979863721067,-0.0273736073403233,0.3400000000000001,0.6,False,,0.04189588047100562
rb_001,window_median,0.05,quarter_rank,12,5,residual_correlation,OLS,1.0,0.9,0.001,20.0,smooth_80_20,linear,2.0,0.55,hybrid_score_70_30,50,prev_70_30,none,-0.0594479188233886,0.1794682482504289,0.0917094940433002,0.9285426884368316,0.8153783903428956,-0.0068881637795074,-0.0268939292097609,-0.0659175947660143,-0.3255067584994415,-0.1507742520468284,0.5250000000000002,0.25,-0.042047645584143,-0.2066985023531977,-0.0563526064075635,-0.257006935686495,-0.040535701785176,0.3360000000000001,0.4,False,,0.08934192108003748
rb_001,window_median,0.05,quarter_rank,12,5,residual_correlation,OLS,1.0,0.9,0.001,20.0,smooth_80_20,linear,2.0,0.55,hybrid_score_70_30,20,trailing2_60_40,none,-0.0594479188233886,0.1794682482504289,0.0917094940433002,0.9285426884368316,0.8153783903428956,-0.0562076667012366,-0.2219126493235192,-0.1789771112149662,-0.5481532612604691,-0.1676144887899091,0.7250000000000003,0.25,0.0236271272239021,0.1093734382499537,0.0101970835202259,0.0981150686855803,-0.0149710399847176,0.3600000000000001,0.4,False,,-0.21297287550318444
rb_001,window_median,0.05,quarter_rank,12,5,residual_correlation,OLS,1.0,0.9,0.001,20.0,smooth_80_20,linear,2.0,0.55,hybrid_score_70_30,20,trailing2_60_40,buffer,-0.0594479188233886,0.1794682482504289,0.0917094940433002,0.9285426884368316,0.8153783903428956,-0.099629017666472,-0.4257342872233071,-0.1859933046401902,-0.6035857514365357,-0.1376875438225711,0.5500000000000002,0.25,0.0079041454858239,0.0391450466993984,-0.0053770803569943,0.0179337160078901,-0.0198831699553868,0.2799999999999999,0.4,False,,-0.09248466656174904
rb_001,window_median,0.05,quarter_rank,12,5,residual_correlation,OLS,1.0,0.9,0.001,20.0,smooth_80_20,linear,2.0,0.55,hybrid_score_70_30,30,trailing2_60_40,none,-0.0594479188233886,0.1794682482504289,0.0917094940433002,0.9285426884368316,0.8153783903428956,-0.0434455436225549,-0.1736741482386344,-0.1218443778061525,-0.4313773787113525,-0.1322811691534544,0.566666666666667,0.25,-0.0187238691189891,-0.098211281151961,-0.0323844186867948,-0.1491793326122555,-0.0236298499367729,0.3266666666666667,0.4,False,,-0.0016689325536579647
rb_001,window_median,0.05,quarter_rank,12,5,residual_correlation,OLS,1.0,0.9,0.001,20.0,smooth_80_20,linear,2.0,0.55,hybrid_score_70_30,30,trailing2_60_40,buffer,-0.0594479188233886,0.1794682482504289,0.0917094940433002,0.9285426884368316,0.8153783903428956,-0.0520014626749901,-0.2093937699719386,-0.135737092035344,-0.461709656407199,-0.1336210255327341,0.5250000000000002,0.25,-0.0076015495414647,-0.0378469981930727,-0.0211870603098093,-0.0665681820256584,-0.0284090703707602,0.2533333333333333,0.4,False,,0.005846889949099404
rb_001,window_median,0.05,quarter_rank,12,5,residual_correlation,OLS,1.0,0.9,0.001,20.0,smooth_80_20,linear,2.0,0.55,hybrid_score_70_30,50,trailing2_60_40,none,-0.0594479188233886,0.1794682482504289,0.0917094940433002,0.9285426884368316,0.8153783903428956,-0.0387811487193648,-0.1428914010922909,-0.1233372433029611,-0.3927645111886,-0.1440193655433489,0.4650000000000002,0.25,-0.0189937939693161,-0.0943481248834719,-0.0327244520740398,-0.1313657712609815,-0.018614366554991,0.2880000000000001,0.4,False,,0.06610079825558576
rb_001,window_median,0.05,quarter_rank,12,5,residual_correlation,OLS,1.0,0.9,0.001,20.0,smooth_80_20,linear,2.0,0.55,hybrid_score_50_50,20,none,none,-0.0594479188233886,0.1794682482504289,0.0917094940433002,0.9285426884368316,0.8153783903428956,0.4804718248958004,1.919554524008152,0.5120967387082613,0.3270297447348088,-0.0669633304946948,0.9500000000000004,0.75,-0.0111904804610358,-0.0505923715088546,-0.0237226664264951,-0.0535021630123574,-0.0360198863435478,0.4400000000000001,0.6,False,,0.545533913476492
rb_001,window_median,0.05,quarter_rank,12,5,residual_correlation,OLS,1.0,0.9,0.001,20.0,smooth_80_20,linear,2.0,0.55,hybrid_score_50_50,20,none,buffer,-0.0594479188233886,0.1794682482504289,0.0917094940433002,0.9285426884368316,0.8153783903428956,0.4953184592074859,2.050393254012058,0.5159405294330743,0.348079951341471,-0.0576065470702529,0.9375000000000004,0.75,-0.0236569670891461,-0.1025233186628166,-0.034629277358594,-0.0883469577406848,-0.0633593882797591,0.3700000000000001,0.6,False,,0.5688486596898675
rb_001,window_median,0.05,quarter_rank,12,5,residual_correlation,OLS,1.0,0.9,0.001,20.0,smooth_80_20,linear,2.0,0.55,hybrid_score_50_50,30,none,none,-0.0594479188233886,0.1794682482504289,0.0917094940433002,0.9285426884368316,0.8153783903428956,0.4255920969521001,1.85338879691863,0.4659680263402759,0.2776402130305709,-0.0657920395151638,0.941666666666668,0.75,0.0152747219497713,0.0731170089598344,0.002657744534656,0.0571113406523844,-0.0382410931825494,0.4666666666666669,0.6,False,,0.4979386470030899
rb_001,window_median,0.05,quarter_rank,12,5,residual_correlation,OLS,1.0,0.9,0.001,20.0,smooth_80_20,linear,2.0,0.55,hybrid_score_50_50,30,none,buffer,-0.0594479188233886,0.1794682482504289,0.0917094940433002,0.9285426884368316,0.8153783903428956,0.4200792283187138,1.8481432386417205,0.4625890970174376,0.2718103107721886,-0.0657920395151637,0.9250000000000012,0.75,-0.0038991604871284,-0.0185744245764942,-0.0158188845473322,-0.0312735999299653,-0.0534559729608005,0.3666666666666669,0.6,False,,0.5047607161428866
rb_001,window_median,0.05,quarter_rank,12,5,residual_correlation,OLS,1.0,0.9,0.001,20.0,smooth_80_20,linear,2.0,0.55,hybrid_score_50_50,50,none,none,-0.0594479188233886,0.1794682482504289,0.0917094940433002,0.9285426884368316,0.8153783903428956,0.439992482737064,3.048352677547469,0.4235057865073759,0.3543088106662294,0.0,0.9000000000000006,0.75,-0.0041985200458206,-0.0241835059962773,-0.0182351801355703,-0.099594505398585,-0.0241265791523873,0.4360000000000002,0.4,False,,0.5498527258593722
rb_001,window_median,0.05,quarter_rank,12,5,residual_correlation,OLS,1.0,0.9,0.001,20.0,smooth_80_20,linear,2.0,0.55,hybrid_score_50_50,20,prev_70_30,none,-0.0594479188233886,0.1794682482504289,0.0917094940433002,0.9285426884368316,0.8153783903428956,0.2337952896287654,0.969774058391868,0.2968031911941538,0.0657341654992005,-0.1034462102854673,0.9375000000000006,0.75,-0.0134929052480973,-0.0627499558556492,-0.025720628492351,-0.0699786617366099,-0.056753536363158,0.38,0.6,False,,0.26920248655991696
rb_001,window_median,0.05,quarter_rank,12,5,residual_correlation,OLS,1.0,0.9,0.001,20.0,smooth_80_20,linear,2.0,0.55,hybrid_score_50_50,20,prev_70_30,buffer,-0.0594479188233886,0.1794682482504289,0.0917094940433002,0.9285426884368316,0.8153783903428956,0.2406790560028162,1.0759006514883958,0.2951707775189178,0.0726308069715726,-0.0917436379820244,0.8750000000000004,0.75,0.0248694735867918,0.1264524027325451,0.0112443283882493,0.1051556932711988,-0.0429612335813485,0.31,0.6,False,,0.3197229937447234
rb_001,window_median,0.05,quarter_rank,12,5,residual_correlation,OLS,1.0,0.9,0.001,20.0,smooth_80_20,linear,2.0,0.55,hybrid_score_50_50,30,prev_70_30,none,-0.0594479188233886,0.1794682482504289,0.0917094940433002,0.9285426884368316,0.8153783903428956,0.2093064486521574,1.097098280350327,0.2682382745232864,0.0272850599630759,-0.0792710855451841,0.8666666666666677,0.75,0.0106790242321248,0.0476836707067117,-0.0018135020577981,0.0429089009209335,-0.0562110570078575,0.3666666666666666,0.6,False,,0.29887234750259534
rb_001,window_median,0.05,quarter_rank,12,5,residual_correlation,OLS,1.0,0.9,0.001,20.0,smooth_80_20,linear,2.0,0.55,hybrid_score_50_50,30,prev_70_30,buffer,-0.0594479188233886,0.1794682482504289,0.0917094940433002,0.9285426884368316,0.8153783903428956,0.1630860261862228,0.8794526071556623,0.1891873364474337,-0.0405120534711596,-0.0702420621829124,0.7916666666666674,0.5,0.0052395405688119,0.0234851851622844,-0.0074564582553355,0.0195056131553845,-0.0564739102521538,0.3266666666666666,0.6,False,,0.2670803067357871
rb_001,window_median,0.05,quarter_rank,12,5,residual_correlation,OLS,1.0,0.9,0.001,20.0,smooth_80_20,linear,2.0,0.55,hybrid_score_50_50,50,prev_70_30,none,-0.0594479188233886,0.1794682482504289,0.0917094940433002,0.9285426884368316,0.8153783903428956,0.1710399723375175,1.356870227474405,0.1593599547892104,-0.0507148117663877,-6.515148761099265e-05,0.7300000000000004,0.5,-0.0292102799919219,-0.1452914573329812,-0.0430119034834651,-0.1870787923939698,-0.0384932287144121,0.3360000000000001,0.4,False,,0.327987039092762
rb_001,window_median,0.05,quarter_rank,12,5,residual_correlation,OLS,1.0,0.9,0.001,20.0,smooth_80_20,linear,2.0,0.55,hybrid_score_50_50,20,trailing2_60_40,none,-0.0594479188233886,0.1794682482504289,0.0917094940433002,0.9285426884368316,0.8153783903428956,0.0625227041671836,1.551205687317181,0.0621977077567957,-0.3059397873325125,-0.0007592520620778,0.8625000000000005,0.25,0.0043549736143235,0.0190554278315707,-0.0077670308547621,0.0209282551189226,-0.0429612335813485,0.34,0.6,False,,0.09022971050546869
rb_001,window_median,0.05,quarter_rank,12,5,residual_correlation,OLS,1.0,0.9,0.001,20.0,smooth_80_20,linear,2.0,0.55,hybrid_score_50_50,20,trailing2_60_40,buffer,-0.0594479188233886,0.1794682482504289,0.0917094940433002,0.9285426884368316,0.8153783903428956,0.0078500952773508,0.1774711622277456,0.003409343642855,-0.4433562481932867,-0.0307574713133761,0.6625000000000003,0.25,0.0264970330648863,0.1244354523737348,0.0135683939702157,0.1131334399912274,-0.0258631175119994,0.2,0.6,False,,0.118946423546833
rb_001,window_median,0.05,quarter_rank,12,5,residual_correlation,OLS,1.0,0.9,0.001,20.0,smooth_80_20,linear,2.0,0.55,hybrid_score_50_50,30,trailing2_60_40,none,-0.0594479188233886,0.1794682482504289,0.0917094940433002,0.9285426884368316,0.8153783903428956,0.0060629593551435,0.0647263321654635,0.0151321500065709,-0.3905527617747099,-0.0355051790440004,0.7000000000000005,0.5,0.0339017234072873,0.1639918001180193,0.0197597513592521,0.1504923457926098,-0.0506466882293876,0.2733333333333333,0.6,False,,0.11296916702581263
rb_001,window_median,0.05,quarter_rank,12,5,residual_correlation,OLS,1.0,0.9,0.001,20.0,smooth_80_20,linear,2.0,0.55,hybrid_score_50_50,30,trailing2_60_40,buffer,-0.0594479188233886,0.1794682482504289,0.0917094940433002,0.9285426884368316,0.8153783903428956,0.026249031861885,0.2620585445251679,0.0289826907290321,-0.3520495920426094,-0.0244212076183083,0.6750000000000004,0.5,0.0277134474946068,0.1393471235829823,0.0137637834339534,0.1195669091619201,-0.0431684792955538,0.2066666666666667,0.6,False,,0.1591851802411094
rb_001,window_median,0.05,quarter_rank,12,5,residual_correlation,OLS,1.0,0.9,0.001,20.0,smooth_80_20,linear,2.0,0.55,hybrid_score_50_50,50,trailing2_60_40,none,-0.0594479188233886,0.1794682482504289,0.0917094940433002,0.9285426884368316,0.8153783903428956,0.0544075276737614,0.5484774747331391,0.0143588189077841,-0.365827827137748,-0.0418624510378854,0.7050000000000003,0.5,-0.0156615426299097,-0.0825269833490812,-0.0292929986043821,-0.1325685949843487,-0.0372486268928713,0.256,0.4,False,,0.10992263297806713
rb_001,window_median,0.05,quarter_rank,12,5,residual_correlation,OLS,1.0,0.9,0.001,20.0,smooth_80_20,linear,2.0,0.55,hybrid_score_30_70,20,none,none,-0.0594479188233886,0.1794682482504289,0.0917094940433002,0.9285426884368316,0.8153783903428956,0.6205775784811074,3.657337804653807,0.5242200941091093,0.6201318092194529,0.0,0.9500000000000004,0.75,-0.0036521484195086,-0.0171318271166864,-0.0149449934428053,-0.0252094093612011,-0.0434271311899675,0.5300000000000001,0.6,False,,0.6693335113445071
rb_001,window_median,0.05,quarter_rank,12,5,residual_correlation,OLS,1.0,0.9,0.001,20.0,smooth_80_20,linear,2.0,0.55,hybrid_score_30_70,20,none,buffer,-0.0594479188233886,0.1794682482504289,0.0917094940433002,0.9285426884368316,0.8153783903428956,0.6245927565394149,3.657738408840775,0.5356578518309524,0.6083139532410111,0.0,0.9375000000000004,0.75,-0.0012000365750842,-0.0056366840837719,-0.0120626427501994,-0.0143234207498738,-0.0423022685405384,0.44,0.6,False,,0.6858189495390082
rb_001,window_median,0.05,quarter_rank,12,5,residual_correlation,OLS,1.0,0.9,0.001,20.0,smooth_80_20,linear,2.0,0.55,hybrid_score_30_70,30,none,none,-0.0594479188233886,0.1794682482504289,0.0917094940433002,0.9285426884368316,0.8153783903428956,0.5074392672298937,3.508368021857417,0.4311626561355479,0.5094782544552575,0.0,0.9250000000000012,0.75,0.0006711762524436,0.0033459731697289,-0.0107815873234115,-0.0169243288053664,-0.0282949950937698,0.4866666666666669,0.6,False,,0.574737324678714
rb_001,window_median,0.05,quarter_rank,12,5,residual_correlation,OLS,1.0,0.9,0.001,20.0,smooth_80_20,linear,2.0,0.55,hybrid_score_30_70,30,none,buffer,-0.0594479188233886,0.1794682482504289,0.0917094940433002,0.9285426884368316,0.8153783903428956,0.5074392672298937,3.508368021857417,0.4311626561355479,0.5094782544552575,0.0,0.9250000000000012,0.75,-0.0259174515646474,-0.1285903535099478,-0.0381378090473621,-0.1473066635854826,-0.0475000348224671,0.4066666666666669,0.6,False,,0.574737324678714
rb_001,window_median,0.05,quarter_rank,12,5,residual_correlation,OLS,1.0,0.9,0.001,20.0,smooth_80_20,linear,2.0,0.55,hybrid_score_30_70,50,none,none,-0.0594479188233886,0.1794682482504289,0.0917094940433002,0.9285426884368316,0.8153783903428956,0.4536007343649206,3.253518314593038,0.400810096762153,0.4158496712683561,0.0,0.8900000000000006,0.75,0.0078105348327801,0.0396700780725168,-0.0049634228007139,0.0123687834379159,-0.0466851333855361,0.4680000000000002,0.4,False,,0.5491945675400204
rb_001,window_median,0.05,quarter_rank,12,5,residual_correlation,OLS,1.0,0.9,0.001,20.0,smooth_80_20,linear,2.0,0.55,hybrid_score_30_70,20,prev_70_30,none,-0.0594479188233886,0.1794682482504289,0.0917094940433002,0.9285426884368316,0.8153783903428956,0.3033472678020512,5.50552960204175,0.2504588641942216,0.2276802625993371,0.0,0.8500000000000004,0.75,-0.0164372699852426,-0.0744421144097791,-0.0287126117715552,-0.0763928569921475,-0.0428024723916691,0.4400000000000001,0.6,False,,0.39399509115072306
rb_001,window_median,0.05,quarter_rank,12,5,residual_correlation,OLS,1.0,0.9,0.001,20.0,smooth_80_20,linear,2.0,0.55,hybrid_score_30_70,20,prev_70_30,buffer,-0.0594479188233886,0.1794682482504289,0.0917094940433002,0.9285426884368316,0.8153783903428956,0.3033472678020512,5.50552960204175,0.2504588641942216,0.2276802625993371,0.0,0.8500000000000004,0.75,-0.0337274687423028,-0.1533103145147938,-0.0450940961623652,-0.1442861126309644,-0.068629139605127,0.3600000000000001,0.6,False,,0.39399509115072306
rb_001,window_median,0.05,quarter_rank,12,5,residual_correlation,OLS,1.0,0.9,0.001,20.0,smooth_80_20,linear,2.0,0.55,hybrid_score_30_70,30,prev_70_30,none,-0.0594479188233886,0.1794682482504289,0.0917094940433002,0.9285426884368316,0.8153783903428956,0.3150912795142073,4.674638642761897,0.2750397529231568,0.2298240469996763,0.0,0.8583333333333344,0.75,-0.0078565795408352,-0.0385207209972861,-0.020759368861824,-0.0599654919616029,-0.0410144874586345,0.3733333333333333,0.6,False,,0.4117629026319227
rb_001,window_median,0.05,quarter_rank,12,5,residual_correlation,OLS,1.0,0.9,0.001,20.0,smooth_80_20,linear,2.0,0.55,hybrid_score_30_70,30,prev_70_30,buffer,-0.0594479188233886,0.1794682482504289,0.0917094940433002,0.9285426884368316,0.8153783903428956,0.3226495610891851,5.067128538872634,0.277491242765927,0.2504405029224091,0.0,0.850000000000001,0.75,-0.0225694521546826,-0.1200816471691566,-0.0351919801936362,-0.1597405784544276,-0.0521781932806812,0.3133333333333333,0.6,False,,0.4242919057500789
rb_001,window_median,0.05,quarter_rank,12,5,residual_correlation,OLS,1.0,0.9,0.001,20.0,smooth_80_20,linear,2.0,0.55,hybrid_score_30_70,50,prev_70_30,none,-0.0594479188233886,0.1794682482504289,0.0917094940433002,0.9285426884368316,0.8153783903428956,0.2230816264018191,3.373104042932399,0.1837263411267481,0.0466791052022135,0.0,0.8500000000000005,0.75,-0.0104783569775679,-0.053334682369331,-0.0239540039042393,-0.0883168909878749,-0.045634351729444,0.3440000000000001,0.6,False,,0.29132697790651985
rb_001,window_median,0.05,quarter_rank,12,5,residual_correlation,OLS,1.0,0.9,0.001,20.0,smooth_80_20,linear,2.0,0.55,hybrid_score_30_70,20,trailing2_60_40,none,-0.0594479188233886,0.1794682482504289,0.0917094940433002,0.9285426884368316,0.8153783903428956,0.1124562329554201,5.284089424712978,0.1003083970750852,-0.207267817441066,0.0,0.8375000000000004,0.25,0.0057857693109839,0.0303333483514785,-0.007961029314677,-0.0039014052103362,-0.0565513249051284,0.36,0.6,False,,0.16526080683904246
rb_001,window_median,0.05,quarter_rank,12,5,residual_correlation,OLS,1.0,0.9,0.001,20.0,smooth_80_20,linear,2.0,0.55,hybrid_score_30_70,20,trailing2_60_40,buffer,-0.0594479188233886,0.1794682482504289,0.0917094940433002,0.9285426884368316,0.8153783903428956,0.1231522485674165,7.571839596448632,0.1183898002937468,-0.1749933765971279,0.0,0.8250000000000004,0.25,0.0134347437523381,0.0688852919717046,0.0017958371028238,0.0367978066721667,-0.0600298113652369,0.29,0.6,False,,0.1977907014159106
rb_001,window_median,0.05,quarter_rank,12,5,residual_correlation,OLS,1.0,0.9,0.001,20.0,smooth_80_20,linear,2.0,0.55,hybrid_score_30_70,30,trailing2_60_40,none,-0.0594479188233886,0.1794682482504289,0.0917094940433002,0.9285426884368316,0.8153783903428956,0.1784482768431963,1.6672079380538611,0.1496642450904038,-0.0447387468335154,0.0,0.875000000000001,0.5,0.0052870643686784,0.0280141791693287,-0.0084893411659655,-0.0077429684692582,-0.0361180048893756,0.2866666666666667,0.6,False,,0.22222545711325575
rb_001,window_median,0.05,quarter_rank,12,5,residual_correlation,OLS,1.0,0.9,0.001,20.0,smooth_80_20,linear,2.0,0.55,hybrid_score_30_70,30,trailing2_60_40,buffer,-0.0594479188233886,0.1794682482504289,0.0917094940433002,0.9285426884368316,0.8153783903428956,0.1517115386800669,1.299088600509256,0.1265678051075131,-0.0972835934407558,-0.0070018396054547,0.8583333333333343,0.5,0.0161306969369707,0.0826408333651149,0.0017753440397847,0.0628913531796519,-0.0358242770749407,0.2466666666666666,0.6,False,,0.1953057415676802
rb_001,window_median,0.05,quarter_rank,12,5,residual_correlation,OLS,1.0,0.9,0.001,20.0,smooth_80_20,linear,2.0,0.55,hybrid_score_30_70,50,trailing2_60_40,none,-0.0594479188233886,0.1794682482504289,0.0917094940433002,0.9285426884368316,0.8153783903428956,0.2232600934093629,2.571017809056304,0.1403950501814624,0.0685364995091239,-0.0017246160084631,0.8700000000000006,0.5,0.00353926759505,0.0181801278140675,-0.0094194931025583,-0.0114244416295601,-0.0442678905091923,0.2800000000000001,0.4,False,,0.2410511024438908
rb_004,window_median,0.05,quarter_rank,12,5,residual_correlation,Ridge,10.0,0.9,0.001,20.0,smooth_80_20,linear,2.0,0.55,pure_stagewise_score,20,none,none,-0.0594800475526373,0.1794584884133928,0.0917053004580457,0.9286200263316688,0.8150593034987612,1.0152375367945838,5.419568271156504,0.6398403670946543,2.292278705381624,0.0,0.9375000000000004,1.0,-0.0080874368852401,-0.0413081039144903,-0.0206223771919473,-0.0703924061527925,0.0,0.6100000000000001,0.6,False,,1.1590998891853392
rb_004,window_median,0.05,quarter_rank,12,5,residual_correlation,Ridge,10.0,0.9,0.001,20.0,smooth_80_20,linear,2.0,0.55,pure_stagewise_score,20,none,buffer,-0.0594800475526373,0.1794584884133928,0.0917053004580457,0.9286200263316688,0.8150593034987612,0.9739611476614378,4.814677213868772,0.6054344297355162,2.1665663142327825,0.0,0.8625000000000004,1.0,-0.0005851064104576,-0.0029515816338796,-0.0130803605615651,-0.0263081866697867,0.0,0.5600000000000003,0.8,False,,1.1496724304384658
rb_004,window_median,0.05,quarter_rank,12,5,residual_correlation,Ridge,10.0,0.9,0.001,20.0,smooth_80_20,linear,2.0,0.55,pure_stagewise_score,30,none,none,-0.0594800475526373,0.1794584884133928,0.0917053004580457,0.9286200263316688,0.8150593034987612,0.8066342734427605,5.209270932311029,0.5386665048606785,1.6562465263266932,0.0,0.8833333333333344,1.0,0.0122811362830059,0.0635313221935132,-0.0012674415965176,0.0395434692936003,0.0,0.6066666666666669,0.6,False,,0.9593245205956147
rb_004,window_median,0.05,quarter_rank,12,5,residual_correlation,Ridge,10.0,0.9,0.001,20.0,smooth_80_20,linear,2.0,0.55,pure_stagewise_score,30,none,buffer,-0.0594800475526373,0.1794584884133928,0.0917053004580457,0.9286200263316688,0.8150593034987612,0.8134222565511231,5.113397261053786,0.5339063723995354,1.821914936700159,0.0,0.8500000000000009,1.0,0.0072951952999551,0.0381023313553891,-0.0062913105676995,0.0087629309570674,0.0,0.5800000000000003,0.6,False,,1.0144375756573887
rb_004,window_median,0.05,quarter_rank,12,5,residual_correlation,Ridge,10.0,0.9,0.001,20.0,smooth_80_20,linear,2.0,0.55,pure_stagewise_score,50,none,none,-0.0594800475526373,0.1794584884133928,0.0917053004580457,0.9286200263316688,0.8150593034987612,0.6331771384302192,6.067884146253302,0.4511777649642583,1.1806446165902424,0.0,0.8500000000000005,0.75,0.0176694855675605,0.1003625183496493,0.0040677021480856,0.06540831738558,0.0,0.5800000000000003,0.6,False,,0.7940502852109889
rb_004,window_median,0.05,quarter_rank,12,5,residual_correlation,Ridge,10.0,0.9,0.001,20.0,smooth_80_20,linear,2.0,0.55,pure_stagewise_score,20,prev_70_30,none,-0.0594800475526373,0.1794584884133928,0.0917053004580457,0.9286200263316688,0.8150593034987612,0.3601534967974611,4.490294985437019,0.2608247963741693,0.4477422789592213,0.0,0.8500000000000004,0.75,0.0217063709675646,0.1082831389688379,0.0097431448747286,0.0858914630959338,0.0,0.6500000000000002,0.6,False,,0.45281488798567593
rb_004,window_median,0.05,quarter_rank,12,5,residual_correlation,Ridge,10.0,0.9,0.001,20.0,smooth_80_20,linear,2.0,0.55,pure_stagewise_score,20,prev_70_30,buffer,-0.0594800475526373,0.1794584884133928,0.0917053004580457,0.9286200263316688,0.8150593034987612,0.3602952918342397,4.496987769302843,0.2610237759504307,0.447831924969191,0.0,0.8125000000000003,0.75,0.0642694759228541,0.3549308131947757,0.0502866563116606,0.322117151479525,0.0,0.5700000000000002,0.8,False,,0.47839087351584086
rb_004,window_median,0.05,quarter_rank,12,5,residual_correlation,Ridge,10.0,0.9,0.001,20.0,smooth_80_20,linear,2.0,0.55,pure_stagewise_score,30,prev_70_30,none,-0.0594800475526373,0.1794584884133928,0.0917053004580457,0.9286200263316688,0.8150593034987612,0.2711635835021106,2.5903494602778934,0.1763283947419873,0.2152127334506286,-0.0118378989114275,0.7916666666666674,0.75,0.0241461660644499,0.1296491869570551,0.0108512713291176,0.1032936943649393,0.0,0.5733333333333335,0.6,False,,0.353220731883438
rb_004,window_median,0.05,quarter_rank,12,5,residual_correlation,Ridge,10.0,0.9,0.001,20.0,smooth_80_20,linear,2.0,0.55,pure_stagewise_score,30,prev_70_30,buffer,-0.0594800475526373,0.1794584884133928,0.0917053004580457,0.9286200263316688,0.8150593034987612,0.2783202021292537,2.7997872890288127,0.1866244529942944,0.2290558920783791,-0.0062745714285838,0.7833333333333341,0.75,0.0344763132167733,0.1875184543537883,0.0214034462122932,0.1594568164897709,0.0,0.5466666666666669,0.6,False,,0.37546081515418267
rb_004,window_median,0.05,quarter_rank,12,5,residual_correlation,Ridge,10.0,0.9,0.001,20.0,smooth_80_20,linear,2.0,0.55,pure_stagewise_score,50,prev_70_30,none,-0.0594800475526373,0.1794584884133928,0.0917053004580457,0.9286200263316688,0.8150593034987612,0.3806062457448276,3.855022914290807,0.2523501650809559,0.6435225336653586,0.0,0.7750000000000006,0.75,0.0218321796544502,0.1189793654966177,0.0080673543376353,0.0978461732063477,0.0,0.5200000000000002,0.8,False,,0.5393780639276241
rb_004,window_median,0.05,quarter_rank,12,5,residual_correlation,Ridge,10.0,0.9,0.001,20.0,smooth_80_20,linear,2.0,0.55,pure_stagewise_score,20,trailing2_60_40,none,-0.0594800475526373,0.1794584884133928,0.0917053004580457,0.9286200263316688,0.8150593034987612,0.3127142875911972,2.949823075322798,0.1962542757627126,0.4047324733513353,-0.0052382820625115,0.8500000000000004,0.5,0.1603494972599117,0.8877871883934156,0.1372713317283679,1.010315363709984,0.0,0.6700000000000003,0.8,False,,0.3793042926572645
rb_004,window_median,0.05,quarter_rank,12,5,residual_correlation,Ridge,10.0,0.9,0.001,20.0,smooth_80_20,linear,2.0,0.55,pure_stagewise_score,20,trailing2_60_40,buffer,-0.0594800475526373,0.1794584884133928,0.0917053004580457,0.9286200263316688,0.8150593034987612,0.3201739709289259,2.931956961112129,0.1988451817135759,0.4474741047047113,-0.0052382820625114,0.8500000000000004,0.5,0.1192031068582988,0.7161017490722216,0.0996743564656577,0.9648360420357038,0.0,0.5800000000000003,0.8,False,,0.39126704798026923
rb_004,window_median,0.05,quarter_rank,12,5,residual_correlation,Ridge,10.0,0.9,0.001,20.0,smooth_80_20,linear,2.0,0.55,pure_stagewise_score,30,trailing2_60_40,none,-0.0594800475526373,0.1794584884133928,0.0917053004580457,0.9286200263316688,0.8150593034987612,0.2798819247354582,2.8799535344781995,0.190741093010099,0.2276361776256341,0.0,0.8416666666666676,0.5,0.0770948355892251,0.4332060752880423,0.0608660100466772,0.4938440578813775,0.0,0.5866666666666669,0.8,False,,0.34392500480799226
rb_004,window_median,0.05,quarter_rank,12,5,residual_correlation,Ridge,10.0,0.9,0.001,20.0,smooth_80_20,linear,2.0,0.55,pure_stagewise_score,30,trailing2_60_40,buffer,-0.0594800475526373,0.1794584884133928,0.0917053004580457,0.9286200263316688,0.8150593034987612,0.278160772168144,2.549507828570684,0.1756537888933779,0.2498015762229738,0.0,0.8000000000000008,0.5,0.1122057370235354,0.6722335383949969,0.0934198733713989,0.8673845751425723,0.0,0.5000000000000001,0.8,False,,0.3629927750201425
rb_004,window_median,0.05,quarter_rank,12,5,residual_correlation,Ridge,10.0,0.9,0.001,20.0,smooth_80_20,linear,2.0,0.55,pure_stagewise_score,50,trailing2_60_40,none,-0.0594800475526373,0.1794584884133928,0.0917053004580457,0.9286200263316688,0.8150593034987612,0.3202512821555867,2.460200571116588,0.1854880588458348,0.4882764950492802,0.0,0.8000000000000005,0.5,0.0710847133979073,0.4630886834706951,0.0553435340637416,0.5791426758254462,0.0,0.4640000000000002,0.6,False,,0.425427817699768
rb_004,window_median,0.05,quarter_rank,12,5,residual_correlation,Ridge,10.0,0.9,0.001,20.0,smooth_80_20,linear,2.0,0.55,pure_promethee_score,20,none,none,-0.0594800475526373,0.1794584884133928,0.0917053004580457,0.9286200263316688,0.8150593034987612,-0.2221168816986868,-0.8540473384861231,-0.3913920861708642,-1.1394845465137284,-0.2219175404457358,0.325,0.25,-0.2015659817286004,-2.498962752971269,-0.2290325854878082,-2.2255001182363308,-0.1575652261608686,0.38,0.0,False,,-0.31068507189656713
rb_004,window_median,0.05,quarter_rank,12,5,residual_correlation,Ridge,10.0,0.9,0.001,20.0,smooth_80_20,linear,2.0,0.55,pure_promethee_score,20,none,buffer,-0.0594800475526373,0.1794584884133928,0.0917053004580457,0.9286200263316688,0.8150593034987612,-0.1132901209821432,-0.3607041607795931,-0.2666399283857844,-0.5617124408125821,-0.2069388424890337,0.125,0.25,-0.1673347198647152,-2.2354036603884,-0.1883931186260673,-1.5978688077762393,-0.1256291787888798,0.26,0.0,False,,0.08054423012062291
rb_004,window_median,0.05,quarter_rank,12,5,residual_correlation,Ridge,10.0,0.9,0.001,20.0,smooth_80_20,linear,2.0,0.55,pure_promethee_score,30,none,none,-0.0594800475526373,0.1794584884133928,0.0917053004580457,0.9286200263316688,0.8150593034987612,-0.0853235832102525,-0.2980241474738578,-0.2364963999397888,-0.5875099535179041,-0.1992585743733916,0.2,0.25,-0.1986288158179971,-2.394651544032889,-0.2252848314421027,-1.988897789277708,-0.1618037064264748,0.3199999999999999,0.0,False,,0.057550799568118594
rb_004,window_median,0.05,quarter_rank,12,5,residual_correlation,Ridge,10.0,0.9,0.001,20.0,smooth_80_20,linear,2.0,0.55,pure_promethee_score,30,none,buffer,-0.0594800475526373,0.1794584884133928,0.0917053004580457,0.9286200263316688,0.8150593034987612,-0.1256680773706453,-0.4202555616779234,-0.289641018627746,-0.6704822007043894,-0.2172195005335326,0.0916666666666666,0.25,-0.2196779552555983,-2.5428055973293646,-0.2510647954059217,-2.5990778667192296,-0.1752981344461401,0.2333333333333333,0.0,False,,0.050128805906392765
rb_004,window_median,0.05,quarter_rank,12,5,residual_correlation,Ridge,10.0,0.9,0.001,20.0,smooth_80_20,linear,2.0,0.55,pure_promethee_score,50,none,none,-0.0594800475526373,0.1794584884133928,0.0917053004580457,0.9286200263316688,0.8150593034987612,-0.0664539199329898,-0.2292114133866709,-0.2228286668000308,-0.5447514715499447,-0.2020568442759178,0.165,0.25,-0.2077026154910263,-1.8857140917400208,-0.2386026522499239,-4.037540285389633,-0.1459093854552798,0.244,0.0,False,,0.10156257118173227
rb_004,window_median,0.05,quarter_rank,12,5,residual_correlation,Ridge,10.0,0.9,0.001,20.0,smooth_80_20,linear,2.0,0.55,pure_promethee_score,20,prev_70_30,none,-0.0594800475526373,0.1794584884133928,0.0917053004580457,0.9286200263316688,0.8150593034987612,-0.185820666471816,-0.66038395636441,-0.3407455892118283,-0.8470149798413512,-0.2153111376498171,0.25,0.25,-0.198817165343477,-2.379359164636881,-0.2251816154504273,-1.869901540628176,-0.143659235118248,0.31,0.0,False,,-0.14274404635733184
rb_004,window_median,0.05,quarter_rank,12,5,residual_correlation,Ridge,10.0,0.9,0.001,20.0,smooth_80_20,linear,2.0,0.55,pure_promethee_score,20,prev_70_30,buffer,-0.0594800475526373,0.1794584884133928,0.0917053004580457,0.9286200263316688,0.8150593034987612,-0.0834186490209536,-0.2969056380817357,-0.2360570439401326,-0.6081563343009883,-0.1959295566366393,0.0875,0.25,-0.1996536841172218,-2.7241377557388224,-0.2256659312395806,-1.803819130996031,-0.1604506772327368,0.15,0.0,False,,0.1317984041104101
rb_004,window_median,0.05,quarter_rank,12,5,residual_correlation,Ridge,10.0,0.9,0.001,20.0,smooth_80_20,linear,2.0,0.55,pure_promethee_score,30,prev_70_30,none,-0.0594800475526373,0.1794584884133928,0.0917053004580457,0.9286200263316688,0.8150593034987612,-0.1089437373284576,-0.3645969292219628,-0.2616713514002287,-0.6005950633825529,-0.2078168861638031,0.1333333333333333,0.25,-0.217869370923128,-2.5794971374140045,-0.24847553993094,-2.3135727224024305,-0.1788233043286955,0.24,0.0,False,,0.07023966776484669
rb_004,window_median,0.05,quarter_rank,12,5,residual_correlation,Ridge,10.0,0.9,0.001,20.0,smooth_80_20,linear,2.0,0.55,pure_promethee_score,30,prev_70_30,buffer,-0.0594800475526373,0.1794584884133928,0.0917053004580457,0.9286200263316688,0.8150593034987612,-0.1105873364590579,-0.3392433082516961,-0.2619385897548741,-0.5186248993083177,-0.2171283526980285,0.075,0.25,-0.2213929480225114,-2.504548537685152,-0.253401395022385,-2.8300125771428184,-0.1713985983311489,0.1666666666666666,0.0,False,,0.12122368053134247
rb_004,window_median,0.05,quarter_rank,12,5,residual_correlation,Ridge,10.0,0.9,0.001,20.0,smooth_80_20,linear,2.0,0.55,pure_promethee_score,50,prev_70_30,none,-0.0594800475526373,0.1794584884133928,0.0917053004580457,0.9286200263316688,0.8150593034987612,-0.0580906509744743,-0.1808302753380019,-0.2061095429324737,-0.4197463588996614,-0.2063725026388099,0.135,0.25,-0.2102930266753275,-1.952769725923941,-0.2415132040227778,-3.88888497713293,-0.1489706225374367,0.176,0.0,False,,0.1623415092222174
rb_004,window_median,0.05,quarter_rank,12,5,residual_correlation,Ridge,10.0,0.9,0.001,20.0,smooth_80_20,linear,2.0,0.55,pure_promethee_score,20,trailing2_60_40,none,-0.0594800475526373,0.1794584884133928,0.0917053004580457,0.9286200263316688,0.8150593034987612,-0.1849590899937727,-0.6091426621901276,-0.3485633065924605,-0.7759025940286104,-0.225161873683948,0.2375,0.25,-0.2305211639563156,-2.815367088429402,-0.2628620485587398,-2.081539994647681,-0.1777196191750025,0.2299999999999999,0.0,False,,-0.13261445969791588
rb_004,window_median,0.05,quarter_rank,12,5,residual_correlation,Ridge,10.0,0.9,0.001,20.0,smooth_80_20,linear,2.0,0.55,pure_promethee_score,20,trailing2_60_40,buffer,-0.0594800475526373,0.1794584884133928,0.0917053004580457,0.9286200263316688,0.8150593034987612,-0.1254079427208424,-0.411150571934419,-0.2935666004699383,-0.6585141420495055,-0.2180968799178152,0.1,0.25,-0.2033136534509271,-2.519964211704017,-0.2298615591297075,-1.7242616494420977,-0.1638778996296267,0.1,0.0,False,,0.04288634596034374
rb_004,window_median,0.05,quarter_rank,12,5,residual_correlation,Ridge,10.0,0.9,0.001,20.0,smooth_80_20,linear,2.0,0.55,pure_promethee_score,30,trailing2_60_40,none,-0.0594800475526373,0.1794584884133928,0.0917053004580457,0.9286200263316688,0.8150593034987612,-0.094641828309524,-0.3210027880376741,-0.2521806845793658,-0.5963562555790074,-0.2082661912198782,0.1333333333333333,0.25,-0.209250405404892,-2.3105538311831006,-0.239073073032697,-2.858481468122225,-0.1544501183298369,0.2066666666666666,0.0,False,,0.07972289015902354
rb_004,window_median,0.05,quarter_rank,12,5,residual_correlation,Ridge,10.0,0.9,0.001,20.0,smooth_80_20,linear,2.0,0.55,pure_promethee_score,30,trailing2_60_40,buffer,-0.0594800475526373,0.1794584884133928,0.0917053004580457,0.9286200263316688,0.8150593034987612,-0.1247175363559788,-0.3976035601333547,-0.2749695677775594,-0.5797259797269769,-0.214504680600416,0.075,0.25,-0.2200907917428013,-2.363224530446144,-0.2521249951118242,-3.0146685715056933,-0.1630224870424864,0.1266666666666666,0.0,False,,0.09726545814702825
rb_004,window_median,0.05,quarter_rank,12,5,residual_correlation,Ridge,10.0,0.9,0.001,20.0,smooth_80_20,linear,2.0,0.55,pure_promethee_score,50,trailing2_60_40,none,-0.0594800475526373,0.1794584884133928,0.0917053004580457,0.9286200263316688,0.8150593034987612,-0.0594790503281238,-0.1774596510618759,-0.2176135288291727,-0.4055309077473872,-0.2153621577782909,0.105,0.25,-0.2025931472805027,-1.7308242196949235,-0.2330648083150983,-5.736738734957012,-0.1277817062669696,0.152,0.0,False,,0.16876939737812877
rb_004,window_median,0.05,quarter_rank,12,5,residual_correlation,Ridge,10.0,0.9,0.001,20.0,smooth_80_20,linear,2.0,0.55,hybrid_score_70_30,20,none,none,-0.0594800475526373,0.1794584884133928,0.0917053004580457,0.9286200263316688,0.8150593034987612,0.126334092330439,0.7844586234998,0.1146315588315272,-0.1219677260766345,-0.0502862292112766,0.8875000000000004,0.5,0.0143798608541223,0.0638447380920442,0.0002967858367336,0.0671003499436451,-0.0224921284627153,0.4100000000000001,0.6,False,,0.1285295003979669
rb_004,window_median,0.05,quarter_rank,12,5,residual_correlation,Ridge,10.0,0.9,0.001,20.0,smooth_80_20,linear,2.0,0.55,hybrid_score_70_30,20,none,buffer,-0.0594800475526373,0.1794584884133928,0.0917053004580457,0.9286200263316688,0.8150593034987612,0.1439832026187761,0.7625801282157827,0.1062066502964324,-0.084784535086323,-0.0555161114561185,0.8000000000000004,0.5,0.0060473690005764,0.0272267853500713,-0.0076027491101923,0.0251117761518874,-0.0274829511171101,0.33,0.6,False,,0.18450078782527124
rb_004,window_median,0.05,quarter_rank,12,5,residual_correlation,Ridge,10.0,0.9,0.001,20.0,smooth_80_20,linear,2.0,0.55,hybrid_score_70_30,30,none,none,-0.0594800475526373,0.1794584884133928,0.0917053004580457,0.9286200263316688,0.8150593034987612,0.2647579035430443,1.464274593521109,0.2294372879249832,0.1243124720311701,-0.0288141889891554,0.8166666666666675,0.75,0.0083086205034943,0.0412918222457859,-0.0058598117579578,0.0217152507531286,-0.0329380904831239,0.4000000000000002,0.6,False,,0.35361761058910507
rb_004,window_median,0.05,quarter_rank,12,5,residual_correlation,Ridge,10.0,0.9,0.001,20.0,smooth_80_20,linear,2.0,0.55,hybrid_score_70_30,30,none,buffer,-0.0594800475526373,0.1794584884133928,0.0917053004580457,0.9286200263316688,0.8150593034987612,0.1814378493308981,1.0722881293678566,0.1390404815193558,-0.0217220075839345,-0.0474790390213915,0.733333333333334,0.5,0.0001705680577155,0.0008684466896498,-0.0135397450922338,-0.0293885843174075,-0.0334207605659234,0.3600000000000002,0.6,False,,0.2799574178874468
rb_004,window_median,0.05,quarter_rank,12,5,residual_correlation,Ridge,10.0,0.9,0.001,20.0,smooth_80_20,linear,2.0,0.55,hybrid_score_70_30,50,none,none,-0.0594800475526373,0.1794584884133928,0.0917053004580457,0.9286200263316688,0.8150593034987612,0.1272748168566331,0.6279109695760579,0.0791999080828346,-0.1121410068105938,-0.09429283501408,0.7000000000000004,0.5,-0.023022320331132,-0.1249083148798785,-0.0375642772479196,-0.2155884816262138,-0.0219224207314497,0.3720000000000001,0.4,False,,0.19362254924202957
rb_004,window_median,0.05,quarter_rank,12,5,residual_correlation,Ridge,10.0,0.9,0.001,20.0,smooth_80_20,linear,2.0,0.55,hybrid_score_70_30,20,prev_70_30,none,-0.0594800475526373,0.1794584884133928,0.0917053004580457,0.9286200263316688,0.8150593034987612,-0.0077266433801157,-0.0302875168785595,-0.0777599269865195,-0.3403153250865003,-0.1408126841714322,0.6250000000000002,0.25,0.0444294541739027,0.202918618546547,0.0296953304555206,0.2083302572014687,-0.0149710399847176,0.4000000000000001,0.6,False,,0.014332067057935216
rb_004,window_median,0.05,quarter_rank,12,5,residual_correlation,Ridge,10.0,0.9,0.001,20.0,smooth_80_20,linear,2.0,0.55,hybrid_score_70_30,20,prev_70_30,buffer,-0.0594800475526373,0.1794584884133928,0.0917053004580457,0.9286200263316688,0.8150593034987612,-0.0456761779614145,-0.1774274809704522,-0.0897556665160299,-0.3796626345803909,-0.1344205209065901,0.5625000000000002,0.25,0.0020107788123369,0.0100192466685595,-0.0111358733443255,-0.0130225438393577,-0.0184639672931354,0.3700000000000001,0.4,False,,0.041128636643562706
rb_004,window_median,0.05,quarter_rank,12,5,residual_correlation,Ridge,10.0,0.9,0.001,20.0,smooth_80_20,linear,2.0,0.55,hybrid_score_70_30,30,prev_70_30,none,-0.0594800475526373,0.1794584884133928,0.0917053004580457,0.9286200263316688,0.8150593034987612,-0.0375777324240634,-0.1347688687476806,-0.0890494517300369,-0.3441631481391038,-0.1640116548807878,0.6000000000000003,0.25,0.0012460599636421,0.0062169296648341,-0.0127923722000561,-0.0193784202153256,-0.0302139294376364,0.4133333333333335,0.6,False,,0.003563619687136768
rb_004,window_median,0.05,quarter_rank,12,5,residual_correlation,Ridge,10.0,0.9,0.001,20.0,smooth_80_20,linear,2.0,0.55,hybrid_score_70_30,30,prev_70_30,buffer,-0.0594800475526373,0.1794584884133928,0.0917053004580457,0.9286200263316688,0.8150593034987612,-0.0185028056962052,-0.0665257930848438,-0.0636424339297593,-0.3071201590735404,-0.149164650565543,0.5500000000000002,0.25,0.0043760543318882,0.0218680210890337,-0.0089106164227089,-0.0010979863721067,-0.0273736073403233,0.3400000000000001,0.6,False,,0.07978874148017936
rb_004,window_median,0.05,quarter_rank,12,5,residual_correlation,Ridge,10.0,0.9,0.001,20.0,smooth_80_20,linear,2.0,0.55,hybrid_score_70_30,50,prev_70_30,none,-0.0594800475526373,0.1794584884133928,0.0917053004580457,0.9286200263316688,0.8150593034987612,-0.0068881637795074,-0.0268939292097609,-0.0659175947660143,-0.3255067584994415,-0.1507742520468284,0.5250000000000002,0.25,-0.042047645584143,-0.2066985023531977,-0.0563526064075635,-0.257006935686495,-0.040535701785176,0.3360000000000001,0.4,False,,0.08934324320391963
rb_004,window_median,0.05,quarter_rank,12,5,residual_correlation,Ridge,10.0,0.9,0.001,20.0,smooth_80_20,linear,2.0,0.55,hybrid_score_70_30,20,trailing2_60_40,none,-0.0594800475526373,0.1794584884133928,0.0917053004580457,0.9286200263316688,0.8150593034987612,-0.0562076667012366,-0.2219126493235192,-0.1789771112149662,-0.5481532612604691,-0.1676144887899091,0.7250000000000003,0.25,0.0236271272239021,0.1093734382499537,0.0101970835202259,0.0981150686855803,-0.0149710399847176,0.3600000000000001,0.4,False,,-0.2129715533793023
rb_004,window_median,0.05,quarter_rank,12,5,residual_correlation,Ridge,10.0,0.9,0.001,20.0,smooth_80_20,linear,2.0,0.55,hybrid_score_70_30,20,trailing2_60_40,buffer,-0.0594800475526373,0.1794584884133928,0.0917053004580457,0.9286200263316688,0.8150593034987612,-0.1237484987668985,-0.4949882386864319,-0.228744424525675,-0.6611520292579792,-0.1607874986162378,0.5625000000000002,0.25,0.0079041454858239,0.0391450466993984,-0.0053770803569944,0.01793371600789,-0.0198831699553868,0.2799999999999999,0.4,False,,-0.1698950242757286
rb_004,window_median,0.05,quarter_rank,12,5,residual_correlation,Ridge,10.0,0.9,0.001,20.0,smooth_80_20,linear,2.0,0.55,hybrid_score_70_30,30,trailing2_60_40,none,-0.0594800475526373,0.1794584884133928,0.0917053004580457,0.9286200263316688,0.8150593034987612,-0.0533186751584192,-0.2080310681170331,-0.1384196478196015,-0.4506823328300456,-0.1412373786990549,0.5750000000000003,0.25,-0.0187238691189891,-0.098211281151961,-0.0323844186867948,-0.1491793326122554,-0.0236298499367729,0.3266666666666667,0.4,False,,-0.03336709614243076
rb_004,window_median,0.05,quarter_rank,12,5,residual_correlation,Ridge,10.0,0.9,0.001,20.0,smooth_80_20,linear,2.0,0.55,hybrid_score_70_30,30,trailing2_60_40,buffer,-0.0594800475526373,0.1794584884133928,0.0917053004580457,0.9286200263316688,0.8150593034987612,-0.0511669515311139,-0.2064620327280052,-0.1343256314886561,-0.4599805014264471,-0.1328583630595903,0.5250000000000002,0.25,-0.0075385386144752,-0.0375427211391043,-0.0211252068763268,-0.0663048064731195,-0.0284090703707602,0.2533333333333333,0.4,False,,0.008086519537391944
rb_004,window_median,0.05,quarter_rank,12,5,residual_correlation,Ridge,10.0,0.9,0.001,20.0,smooth_80_20,linear,2.0,0.55,hybrid_score_70_30,50,trailing2_60_40,none,-0.0594800475526373,0.1794584884133928,0.0917053004580457,0.9286200263316688,0.8150593034987612,-0.0387811487193648,-0.1428914010922909,-0.123337243302961,-0.3927645111886,-0.1440193655433489,0.4650000000000002,0.25,-0.0189387703038219,-0.0940967237373261,-0.0326706577749065,-0.1311664901968511,-0.018614366554991,0.2920000000000001,0.4,False,,0.06610212037946805
rb_004,window_median,0.05,quarter_rank,12,5,residual_correlation,Ridge,10.0,0.9,0.001,20.0,smooth_80_20,linear,2.0,0.55,hybrid_score_50_50,20,none,none,-0.0594800475526373,0.1794584884133928,0.0917053004580457,0.9286200263316688,0.8150593034987612,0.4804718248958004,1.919554524008152,0.5120967387082613,0.3270297447348088,-0.0669633304946948,0.9500000000000004,0.75,-0.0111904804610358,-0.0505923715088546,-0.0237226664264951,-0.0535021630123574,-0.0360198863435478,0.4400000000000001,0.6,False,,0.5455352356003742
rb_004,window_median,0.05,quarter_rank,12,5,residual_correlation,Ridge,10.0,0.9,0.001,20.0,smooth_80_20,linear,2.0,0.55,hybrid_score_50_50,20,none,buffer,-0.0594800475526373,0.1794584884133928,0.0917053004580457,0.9286200263316688,0.8150593034987612,0.4953184592074859,2.050393254012058,0.5159405294330743,0.348079951341471,-0.0576065470702529,0.9375000000000004,0.75,-0.0236569670891461,-0.1025233186628166,-0.034629277358594,-0.0883469577406848,-0.0633593882797591,0.3700000000000001,0.6,False,,0.5688499818137497
rb_004,window_median,0.05,quarter_rank,12,5,residual_correlation,Ridge,10.0,0.9,0.001,20.0,smooth_80_20,linear,2.0,0.55,hybrid_score_50_50,30,none,none,-0.0594800475526373,0.1794584884133928,0.0917053004580457,0.9286200263316688,0.8150593034987612,0.4362927950650268,1.8972695140802736,0.4812657816935148,0.2855373726168939,-0.0657920395151638,0.941666666666668,0.75,0.0152747219497713,0.0731170089598344,0.002657744534656,0.0571113406523844,-0.0382410931825494,0.4666666666666669,0.6,False,,0.5139721560697782
rb_004,window_median,0.05,quarter_rank,12,5,residual_correlation,Ridge,10.0,0.9,0.001,20.0,smooth_80_20,linear,2.0,0.55,hybrid_score_50_50,30,none,buffer,-0.0594800475526373,0.1794584884133928,0.0917053004580457,0.9286200263316688,0.8150593034987612,0.4307385460514406,1.89180970426576,0.4778868523706765,0.2797624556492498,-0.0657920395151637,0.9250000000000012,0.75,-0.0038991604871284,-0.0185744245764942,-0.0158188845473322,-0.0312735999299653,-0.0534559729608005,0.3666666666666669,0.6,False,,0.5208065059754317
rb_004,window_median,0.05,quarter_rank,12,5,residual_correlation,Ridge,10.0,0.9,0.001,20.0,smooth_80_20,linear,2.0,0.55,hybrid_score_50_50,50,none,none,-0.0594800475526373,0.1794584884133928,0.0917053004580457,0.9286200263316688,0.8150593034987612,0.439992482737064,3.048352677547469,0.4235057865073759,0.3543088106662294,0.0,0.9000000000000006,0.75,-0.0041985200458206,-0.0241835059962773,-0.0182351801355703,-0.0995945053985849,-0.0241265791523873,0.4360000000000002,0.4,False,,0.5498540479832543
rb_004,window_median,0.05,quarter_rank,12,5,residual_correlation,Ridge,10.0,0.9,0.001,20.0,smooth_80_20,linear,2.0,0.55,hybrid_score_50_50,20,prev_70_30,none,-0.0594800475526373,0.1794584884133928,0.0917053004580457,0.9286200263316688,0.8150593034987612,0.2337952896287654,0.969774058391868,0.2968031911941538,0.0657341654992005,-0.1034462102854673,0.9375000000000006,0.75,-0.0134929052480973,-0.0627499558556492,-0.025720628492351,-0.0699786617366099,-0.056753536363158,0.38,0.6,False,,0.2692038086837991
rb_004,window_median,0.05,quarter_rank,12,5,residual_correlation,Ridge,10.0,0.9,0.001,20.0,smooth_80_20,linear,2.0,0.55,hybrid_score_50_50,20,prev_70_30,buffer,-0.0594800475526373,0.1794584884133928,0.0917053004580457,0.9286200263316688,0.8150593034987612,0.2406790560028162,1.0759006514883958,0.2951707775189178,0.0726308069715726,-0.0917436379820244,0.8750000000000004,0.75,0.0248694735867918,0.1264524027325451,0.0112443283882493,0.1051556932711988,-0.0429612335813485,0.31,0.6,False,,0.31972431586860556
rb_004,window_median,0.05,quarter_rank,12,5,residual_correlation,Ridge,10.0,0.9,0.001,20.0,smooth_80_20,linear,2.0,0.55,hybrid_score_50_50,30,prev_70_30,none,-0.0594800475526373,0.1794584884133928,0.0917053004580457,0.9286200263316688,0.8150593034987612,0.2093064486521574,1.097098280350327,0.2682382745232864,0.0272850599630758,-0.0792710855451841,0.8666666666666677,0.75,0.0106790242321248,0.0476836707067117,-0.0018135020577981,0.0429089009209335,-0.0562110570078575,0.3666666666666666,0.6,False,,0.29887366962647743
rb_004,window_median,0.05,quarter_rank,12,5,residual_correlation,Ridge,10.0,0.9,0.001,20.0,smooth_80_20,linear,2.0,0.55,hybrid_score_50_50,30,prev_70_30,buffer,-0.0594800475526373,0.1794584884133928,0.0917053004580457,0.9286200263316688,0.8150593034987612,0.1630860261862228,0.8794526071556624,0.1891873364474336,-0.0405120534711596,-0.0702420621829124,0.7916666666666674,0.5,0.0009226948226244,0.0041087499810872,-0.011564934991653,0.0017408524931168,-0.0615359721811843,0.3266666666666667,0.6,False,,0.26708162885966913
rb_004,window_median,0.05,quarter_rank,12,5,residual_correlation,Ridge,10.0,0.9,0.001,20.0,smooth_80_20,linear,2.0,0.55,hybrid_score_50_50,50,prev_70_30,none,-0.0594800475526373,0.1794584884133928,0.0917053004580457,0.9286200263316688,0.8150593034987612,0.1510052417904783,1.2993314295097889,0.1440207538645259,-0.0913002909118605,-0.0058107234905709,0.7300000000000004,0.5,-0.0292102799919219,-0.1452914573329812,-0.0430119034834651,-0.1870787923939698,-0.0384932287144121,0.3320000000000001,0.4,False,,0.3005815519521565
rb_004,window_median,0.05,quarter_rank,12,5,residual_correlation,Ridge,10.0,0.9,0.001,20.0,smooth_80_20,linear,2.0,0.55,hybrid_score_50_50,20,trailing2_60_40,none,-0.0594800475526373,0.1794584884133928,0.0917053004580457,0.9286200263316688,0.8150593034987612,0.0614017277730734,1.5083246895132725,0.0602368418505757,-0.3097524756564679,-0.0007592520620778,0.8625000000000005,0.25,0.0043549736143235,0.0190554278315707,-0.0077670308547621,0.0209282551189226,-0.0429612335813485,0.34,0.6,False,,0.08755056125159322
rb_004,window_median,0.05,quarter_rank,12,5,residual_correlation,Ridge,10.0,0.9,0.001,20.0,smooth_80_20,linear,2.0,0.55,hybrid_score_50_50,20,trailing2_60_40,buffer,-0.0594800475526373,0.1794584884133928,0.0917053004580457,0.9286200263316688,0.8150593034987612,0.0078500952773508,0.1774711622277456,0.003409343642855,-0.4433562481932867,-0.0307574713133761,0.6625000000000003,0.25,0.0294629278816045,0.1399343494081249,0.0163575891326568,0.1272271869422415,-0.0258631175119994,0.2,0.6,False,,0.11894774567071516
rb_004,window_median,0.05,quarter_rank,12,5,residual_correlation,Ridge,10.0,0.9,0.001,20.0,smooth_80_20,linear,2.0,0.55,hybrid_score_50_50,30,trailing2_60_40,none,-0.0594800475526373,0.1794584884133928,0.0917053004580457,0.9286200263316688,0.8150593034987612,0.0060629593551435,0.0647263321654635,0.0151321500065709,-0.3905527617747099,-0.0355051790440004,0.7000000000000005,0.5,0.0343198655564094,0.1662575311861736,0.020162299097596,0.1526311993377607,-0.0506466882293876,0.2733333333333333,0.6,False,,0.11297048914969478
rb_004,window_median,0.05,quarter_rank,12,5,residual_correlation,Ridge,10.0,0.9,0.001,20.0,smooth_80_20,linear,2.0,0.55,hybrid_score_50_50,30,trailing2_60_40,buffer,-0.0594800475526373,0.1794584884133928,0.0917053004580457,0.9286200263316688,0.8150593034987612,0.026249031861885,0.2620585445251679,0.0289826907290321,-0.3520495920426094,-0.0244212076183083,0.6750000000000004,0.5,0.0277134474946068,0.1393471235829823,0.0137637834339534,0.1195669091619201,-0.0431684792955538,0.2066666666666667,0.6,False,,0.15918650236499154
rb_004,window_median,0.05,quarter_rank,12,5,residual_correlation,Ridge,10.0,0.9,0.001,20.0,smooth_80_20,linear,2.0,0.55,hybrid_score_50_50,50,trailing2_60_40,none,-0.0594800475526373,0.1794584884133928,0.0917053004580457,0.9286200263316688,0.8150593034987612,0.0467374915215881,0.4470216591445014,0.0014599051447381,-0.3942220720095445,-0.0488321941840744,0.7000000000000004,0.5,-0.0156615426299098,-0.0825269833490818,-0.0292929986043821,-0.1325685949843488,-0.0372486268928713,0.256,0.4,False,,0.09003907074228826
rb_004,window_median,0.05,quarter_rank,12,5,residual_correlation,Ridge,10.0,0.9,0.001,20.0,smooth_80_20,linear,2.0,0.55,hybrid_score_30_70,20,none,none,-0.0594800475526373,0.1794584884133928,0.0917053004580457,0.9286200263316688,0.8150593034987612,0.6205775784811074,3.657337804653807,0.5242200941091093,0.6201318092194529,0.0,0.9500000000000004,0.75,-0.0036521484195086,-0.0171318271166864,-0.0149449934428053,-0.0252094093612011,-0.0434271311899675,0.5300000000000001,0.6,False,,0.6693348334683893
rb_004,window_median,0.05,quarter_rank,12,5,residual_correlation,Ridge,10.0,0.9,0.001,20.0,smooth_80_20,linear,2.0,0.55,hybrid_score_30_70,20,none,buffer,-0.0594800475526373,0.1794584884133928,0.0917053004580457,0.9286200263316688,0.8150593034987612,0.6245927565394149,3.657738408840775,0.5356578518309524,0.6083139532410111,0.0,0.9375000000000004,0.75,-0.0012000365750842,-0.0056366840837719,-0.0120626427501994,-0.0143234207498738,-0.0423022685405384,0.44,0.6,False,,0.6858202716628904
rb_004,window_median,0.05,quarter_rank,12,5,residual_correlation,Ridge,10.0,0.9,0.001,20.0,smooth_80_20,linear,2.0,0.55,hybrid_score_30_70,30,none,none,-0.0594800475526373,0.1794584884133928,0.0917053004580457,0.9286200263316688,0.8150593034987612,0.5074392672298937,3.508368021857417,0.4311626561355479,0.5094782544552575,0.0,0.9250000000000012,0.75,0.0006711762524436,0.0033459731697289,-0.0107815873234115,-0.0169243288053664,-0.0282949950937698,0.4866666666666669,0.6,False,,0.5747386468025961
rb_004,window_median,0.05,quarter_rank,12,5,residual_correlation,Ridge,10.0,0.9,0.001,20.0,smooth_80_20,linear,2.0,0.55,hybrid_score_30_70,30,none,buffer,-0.0594800475526373,0.1794584884133928,0.0917053004580457,0.9286200263316688,0.8150593034987612,0.5074392672298937,3.508368021857417,0.4311626561355479,0.5094782544552575,0.0,0.9250000000000012,0.75,-0.0259174515646474,-0.1285903535099478,-0.0381378090473621,-0.1473066635854826,-0.0475000348224671,0.4066666666666669,0.6,False,,0.5747386468025961
rb_004,window_median,0.05,quarter_rank,12,5,residual_correlation,Ridge,10.0,0.9,0.001,20.0,smooth_80_20,linear,2.0,0.55,hybrid_score_30_70,50,none,none,-0.0594800475526373,0.1794584884133928,0.0917053004580457,0.9286200263316688,0.8150593034987612,0.4536007343649206,3.253518314593038,0.400810096762153,0.4158496712683561,0.0,0.8900000000000006,0.75,0.0078105348327801,0.0396700780725168,-0.0049634228007139,0.0123687834379159,-0.0466851333855361,0.4680000000000002,0.4,False,,0.5491958896639025
rb_004,window_median,0.05,quarter_rank,12,5,residual_correlation,Ridge,10.0,0.9,0.001,20.0,smooth_80_20,linear,2.0,0.55,hybrid_score_30_70,20,prev_70_30,none,-0.0594800475526373,0.1794584884133928,0.0917053004580457,0.9286200263316688,0.8150593034987612,0.3033472678020512,5.50552960204175,0.2504588641942216,0.2276802625993371,0.0,0.8500000000000004,0.75,-0.008430304353089,-0.0372937115090495,-0.0208671412319829,-0.0357530184573068,-0.0428024723916691,0.4400000000000001,0.6,False,,0.3939964132746052
rb_004,window_median,0.05,quarter_rank,12,5,residual_correlation,Ridge,10.0,0.9,0.001,20.0,smooth_80_20,linear,2.0,0.55,hybrid_score_30_70,20,prev_70_30,buffer,-0.0594800475526373,0.1794584884133928,0.0917053004580457,0.9286200263316688,0.8150593034987612,0.3008743990204705,5.595808128303779,0.2489276521802121,0.2217670389636879,0.0,0.8250000000000004,0.75,-0.0337274687423028,-0.1533103145147938,-0.0450940961623652,-0.1442861126309644,-0.068629139605127,0.3600000000000001,0.6,False,,0.4081611198318478
rb_004,window_median,0.05,quarter_rank,12,5,residual_correlation,Ridge,10.0,0.9,0.001,20.0,smooth_80_20,linear,2.0,0.55,hybrid_score_30_70,30,prev_70_30,none,-0.0594800475526373,0.1794584884133928,0.0917053004580457,0.9286200263316688,0.8150593034987612,0.3150912795142073,4.674638642761897,0.2750397529231568,0.2298240469996763,0.0,0.8583333333333344,0.75,-0.0078565795408352,-0.0385207209972861,-0.020759368861824,-0.0599654919616029,-0.0410144874586345,0.3733333333333333,0.6,False,,0.4117642247558049
rb_004,window_median,0.05,quarter_rank,12,5,residual_correlation,Ridge,10.0,0.9,0.001,20.0,smooth_80_20,linear,2.0,0.55,hybrid_score_30_70,30,prev_70_30,buffer,-0.0594800475526373,0.1794584884133928,0.0917053004580457,0.9286200263316688,0.8150593034987612,0.3226495610891851,5.067128538872634,0.277491242765927,0.2504405029224091,0.0,0.850000000000001,0.75,-0.0185788608590099,-0.0981093547415105,-0.0308009382257513,-0.1309071375795654,-0.0521781932806812,0.3133333333333333,0.6,False,,0.42429322787396107
rb_004,window_median,0.05,quarter_rank,12,5,residual_correlation,Ridge,10.0,0.9,0.001,20.0,smooth_80_20,linear,2.0,0.55,hybrid_score_30_70,50,prev_70_30,none,-0.0594800475526373,0.1794584884133928,0.0917053004580457,0.9286200263316688,0.8150593034987612,0.221831677636064,3.320860447824108,0.1817958804835366,0.0441159302611703,0.0,0.8600000000000005,0.75,-0.0104783569775679,-0.053334682369331,-0.0239540039042393,-0.0883168909878749,-0.045634351729444,0.3440000000000001,0.6,False,,0.2821898294785808
rb_004,window_median,0.05,quarter_rank,12,5,residual_correlation,Ridge,10.0,0.9,0.001,20.0,smooth_80_20,linear,2.0,0.55,hybrid_score_30_70,20,trailing2_60_40,none,-0.0594800475526373,0.1794584884133928,0.0917053004580457,0.9286200263316688,0.8150593034987612,0.1124562329554201,5.284089424712978,0.1003083970750852,-0.207267817441066,0.0,0.8375000000000004,0.25,0.0102115282798695,0.0533438273814799,-0.0033175915585908,0.0220774532125321,-0.0565513249051284,0.35,0.6,False,,0.1652621289629246
rb_004,window_median,0.05,quarter_rank,12,5,residual_correlation,Ridge,10.0,0.9,0.001,20.0,smooth_80_20,linear,2.0,0.55,hybrid_score_30_70,20,trailing2_60_40,buffer,-0.0594800475526373,0.1794584884133928,0.0917053004580457,0.9286200263316688,0.8150593034987612,0.1231522485674165,7.571839596448632,0.1183898002937468,-0.1749933765971279,0.0,0.8250000000000004,0.25,0.0134347437523381,0.0688852919717046,0.0017958371028238,0.0367978066721667,-0.0600298113652369,0.29,0.6,False,,0.19779202353979275
rb_004,window_median,0.05,quarter_rank,12,5,residual_correlation,Ridge,10.0,0.9,0.001,20.0,smooth_80_20,linear,2.0,0.55,hybrid_score_30_70,30,trailing2_60_40,none,-0.0594800475526373,0.1794584884133928,0.0917053004580457,0.9286200263316688,0.8150593034987612,0.1784482768431963,1.6672079380538611,0.1496642450904038,-0.0447387468335155,0.0,0.875000000000001,0.5,0.0052870643686784,0.0280141791693287,-0.0084893411659655,-0.0077429684692582,-0.0361180048893756,0.2866666666666667,0.6,False,,0.2222267792371379
rb_004,window_median,0.05,quarter_rank,12,5,residual_correlation,Ridge,10.0,0.9,0.001,20.0,smooth_80_20,linear,2.0,0.55,hybrid_score_30_70,30,trailing2_60_40,buffer,-0.0594800475526373,0.1794584884133928,0.0917053004580457,0.9286200263316688,0.8150593034987612,0.1517115386800669,1.299088600509256,0.1265678051075131,-0.0972835934407558,-0.0070018396054547,0.8583333333333343,0.5,0.0210184126569474,0.1068048656661857,0.0065487720834913,0.0927955896049488,-0.0358242770749407,0.24,0.6,False,,0.19530706369156237
rb_004,window_median,0.05,quarter_rank,12,5,residual_correlation,Ridge,10.0,0.9,0.001,20.0,smooth_80_20,linear,2.0,0.55,hybrid_score_30_70,50,trailing2_60_40,none,-0.0594800475526373,0.1794584884133928,0.0917053004580457,0.9286200263316688,0.8150593034987612,0.2232600934093631,2.5710178090563063,0.1403950501814624,0.068536499509124,-0.0017246160084631,0.8700000000000006,0.5,0.0019723776398492,0.0101560250938941,-0.0111044288331784,-0.0205159821710998,-0.0442678905091923,0.2800000000000001,0.4,False,,0.24105242456777295
rb_005,window_median,0.05,quarter_rank,12,5,residual_correlation,Ridge,30.0,0.9,0.001,20.0,smooth_80_20,linear,2.0,0.55,pure_stagewise_score,20,none,none,-0.0595529153044328,0.1704977821565076,0.091742551537303,0.8600685948392159,0.8149687933772964,0.9464560884471362,6.046959951271695,0.6071479012325036,2.586730281293561,0.0,0.9250000000000004,1.0,-0.0080874368852401,-0.0413081039144903,-0.0206223771919473,-0.0703924061527925,0.0,0.6100000000000001,0.6,False,,1.1236838840521384
rb_005,window_median,0.05,quarter_rank,12,5,residual_correlation,Ridge,30.0,0.9,0.001,20.0,smooth_80_20,linear,2.0,0.55,pure_stagewise_score,20,none,buffer,-0.0595529153044328,0.1704977821565076,0.091742551537303,0.8600685948392159,0.8149687933772964,0.9065884909702062,5.264228099083356,0.5727419638733656,2.4900692844570105,0.0,0.8500000000000004,1.0,-0.0005851064104576,-0.0029515816338796,-0.0130803605615651,-0.0263081866697867,0.0,0.5600000000000003,0.8,False,,1.1207449491734713
rb_005,window_median,0.05,quarter_rank,12,5,residual_correlation,Ridge,30.0,0.9,0.001,20.0,smooth_80_20,linear,2.0,0.55,pure_stagewise_score,30,none,none,-0.0595529153044328,0.1704977821565076,0.091742551537303,0.8600685948392159,0.8149687933772964,0.7118181895027851,5.582217722861836,0.485370160474304,1.5372191153139934,0.0,0.875000000000001,1.0,0.0122811362830059,0.0635313221935132,-0.0012674415965176,0.0395434692936004,0.0,0.6066666666666669,0.6,False,,0.8095230841365811
rb_005,window_median,0.05,quarter_rank,12,5,residual_correlation,Ridge,30.0,0.9,0.001,20.0,smooth_80_20,linear,2.0,0.55,pure_stagewise_score,30,none,buffer,-0.0595529153044328,0.1704977821565076,0.091742551537303,0.8600685948392159,0.8149687933772964,0.7126608808469064,5.611029813942154,0.4863286167961332,1.5360363117833953,0.0,0.8500000000000009,1.0,0.0072951952999551,0.0381023313553891,-0.0062913105676995,0.0087629309570675,0.0,0.5800000000000003,0.6,False,,0.8270664539965977
rb_005,window_median,0.05,quarter_rank,12,5,residual_correlation,Ridge,30.0,0.9,0.001,20.0,smooth_80_20,linear,2.0,0.55,pure_stagewise_score,50,none,none,-0.0595529153044328,0.1704977821565076,0.091742551537303,0.8600685948392159,0.8149687933772964,0.6279785081331559,5.478345120056202,0.4396224733886418,1.221436040047707,0.0,0.8600000000000005,0.75,0.0176694855675605,0.1003625183496493,0.0040677021480856,0.06540831738558,0.0,0.5800000000000003,0.6,False,,0.7064728537503399
rb_005,window_median,0.05,quarter_rank,12,5,residual_correlation,Ridge,30.0,0.9,0.001,20.0,smooth_80_20,linear,2.0,0.55,pure_stagewise_score,20,prev_70_30,none,-0.0595529153044328,0.1704977821565076,0.091742551537303,0.8600685948392159,0.8149687933772964,0.2285165847805743,3.598222552980373,0.1815796670787534,0.0615952685816804,0.0,0.8375000000000004,0.5,0.0217063709675646,0.1082831389688379,0.0097431448747286,0.0858914630959338,0.0,0.6500000000000002,0.6,False,,0.2219694677766049
rb_005,window_median,0.05,quarter_rank,12,5,residual_correlation,Ridge,30.0,0.9,0.001,20.0,smooth_80_20,linear,2.0,0.55,pure_stagewise_score,20,prev_70_30,buffer,-0.0595529153044328,0.1704977821565076,0.091742551537303,0.8600685948392159,0.8149687933772964,0.2337264755374466,3.792599386700064,0.1896740358705231,0.0721518046089447,0.0,0.8125000000000003,0.5,0.0642694759228541,0.3549308131947757,0.0502866563116606,0.322117151479525,0.0,0.5700000000000002,0.8,False,,0.24879052083164147
rb_005,window_median,0.05,quarter_rank,12,5,residual_correlation,Ridge,30.0,0.9,0.001,20.0,smooth_80_20,linear,2.0,0.55,pure_stagewise_score,30,prev_70_30,none,-0.0595529153044328,0.1704977821565076,0.091742551537303,0.8600685948392159,0.8149687933772964,0.2925130196703807,1.846265071344392,0.1679838999385608,0.2921551024164396,-0.0118378989114276,0.8083333333333341,0.75,0.0241461660644499,0.1296491869570551,0.0108512713291176,0.1032936943649393,0.0,0.5800000000000003,0.6,False,,0.27220194036204
rb_005,window_median,0.05,quarter_rank,12,5,residual_correlation,Ridge,30.0,0.9,0.001,20.0,smooth_80_20,linear,2.0,0.55,pure_stagewise_score,30,prev_70_30,buffer,-0.0595529153044328,0.1704977821565076,0.091742551537303,0.8600685948392159,0.8149687933772964,0.3419119872163494,2.0922224803395864,0.209936975606939,0.4124119235496815,0.0,0.7583333333333341,0.75,0.0344763132167733,0.1875184543537883,0.0214034462122932,0.1594568164897709,0.0,0.5533333333333335,0.6,False,,0.380331949361863
rb_005,window_median,0.05,quarter_rank,12,5,residual_correlation,Ridge,30.0,0.9,0.001,20.0,smooth_80_20,linear,2.0,0.55,pure_stagewise_score,50,prev_70_30,none,-0.0595529153044328,0.1704977821565076,0.091742551537303,0.8600685948392159,0.8149687933772964,0.4061272955294288,3.657291976167933,0.2602885053950343,0.8376710813629338,0.0,0.7850000000000006,0.75,0.0218321796544502,0.1189793654966177,0.0080673543376353,0.0978461732063477,0.0,0.5200000000000002,0.8,False,,0.5042343167824274
rb_005,window_median,0.05,quarter_rank,12,5,residual_correlation,Ridge,30.0,0.9,0.001,20.0,smooth_80_20,linear,2.0,0.55,pure_stagewise_score,20,trailing2_60_40,none,-0.0595529153044328,0.1704977821565076,0.091742551537303,0.8600685948392159,0.8149687933772964,0.3250599335746171,3.2338035474366285,0.2128691073625501,0.4163615280131347,0.0,0.8750000000000004,0.5,0.1622138040455378,0.9056330040437806,0.1389052201644073,1.041917703605132,0.0,0.6700000000000003,0.8,False,,0.30501886156173785
rb_005,window_median,0.05,quarter_rank,12,5,residual_correlation,Ridge,30.0,0.9,0.001,20.0,smooth_80_20,linear,2.0,0.55,pure_stagewise_score,20,trailing2_60_40,buffer,-0.0595529153044328,0.1704977821565076,0.091742551537303,0.8600685948392159,0.8149687933772964,0.3729773631786559,3.3877045913959445,0.2378547037675906,0.6665352230694229,0.0,0.8375000000000004,0.5,0.1159634962686855,0.6972958799449634,0.0966219287495441,0.9574279910477131,0.0,0.5800000000000002,0.8,False,,0.4095689656419669
rb_005,window_median,0.05,quarter_rank,12,5,residual_correlation,Ridge,30.0,0.9,0.001,20.0,smooth_80_20,linear,2.0,0.55,pure_stagewise_score,30,trailing2_60_40,none,-0.0595529153044328,0.1704977821565076,0.091742551537303,0.8600685948392159,0.8149687933772964,0.2844102007689801,2.997499384640618,0.1803625984811629,0.2876879270357316,0.0,0.850000000000001,0.5,0.0783593932983968,0.4400222903143809,0.0620991516825001,0.4990009067225094,0.0,0.5866666666666669,0.8,False,,0.26287448120126805
rb_005,window_median,0.05,quarter_rank,12,5,residual_correlation,Ridge,30.0,0.9,0.001,20.0,smooth_80_20,linear,2.0,0.55,pure_stagewise_score,30,trailing2_60_40,buffer,-0.0595529153044328,0.1704977821565076,0.091742551537303,0.8600685948392159,0.8149687933772964,0.2951252966606084,2.5100763022644204,0.1684438194187893,0.406492059573165,-0.0009356234647481,0.8083333333333341,0.5,0.1093509814543909,0.6458715900635067,0.0908092419457355,0.8131514064767432,0.0,0.4933333333333334,0.8,False,,0.3058243877697929
rb_005,window_median,0.05,quarter_rank,12,5,residual_correlation,Ridge,30.0,0.9,0.001,20.0,smooth_80_20,linear,2.0,0.55,pure_stagewise_score,50,trailing2_60_40,none,-0.0595529153044328,0.1704977821565076,0.091742551537303,0.8600685948392159,0.8149687933772964,0.3304966826171156,2.3584387769967874,0.1857323064427877,0.5659981842546106,0.0,0.7950000000000004,0.5,0.0627166634736122,0.4113140986796345,0.0471145777492506,0.5577143214108752,0.0,0.4640000000000002,0.6,False,,0.367252336887387
rb_005,window_median,0.05,quarter_rank,12,5,residual_correlation,Ridge,30.0,0.9,0.001,20.0,smooth_80_20,linear,2.0,0.55,pure_promethee_score,20,none,none,-0.0595529153044328,0.1704977821565076,0.091742551537303,0.8600685948392159,0.8149687933772964,-0.2221168816986868,-0.8540473384861231,-0.3913920861708642,-1.1394845465137284,-0.2219175404457358,0.325,0.25,-0.2015659817286004,-2.498962752971269,-0.2290325854878082,-2.2255001182363308,-0.1575652261608686,0.38,0.0,False,,-0.3898299397675966
rb_005,window_median,0.05,quarter_rank,12,5,residual_correlation,Ridge,30.0,0.9,0.001,20.0,smooth_80_20,linear,2.0,0.55,pure_promethee_score,20,none,buffer,-0.0595529153044328,0.1704977821565076,0.091742551537303,0.8600685948392159,0.8149687933772964,-0.1132901209821432,-0.3607041607795931,-0.2666399283857844,-0.5617124408125821,-0.2069388424890337,0.125,0.25,-0.1673347198647152,-2.2354036603884,-0.1883931186260673,-1.5978688077762393,-0.1256291787888798,0.26,0.0,False,,0.001399362249593375
rb_005,window_median,0.05,quarter_rank,12,5,residual_correlation,Ridge,30.0,0.9,0.001,20.0,smooth_80_20,linear,2.0,0.55,pure_promethee_score,30,none,none,-0.0595529153044328,0.1704977821565076,0.091742551537303,0.8600685948392159,0.8149687933772964,-0.0853235832102525,-0.2980241474738578,-0.2364963999397888,-0.5875099535179041,-0.1992585743733916,0.2,0.25,-0.1986288158179971,-2.394651544032889,-0.2252848314421027,-1.988897789277708,-0.1618037064264748,0.3199999999999999,0.0,False,,-0.021594068302910996
rb_005,window_median,0.05,quarter_rank,12,5,residual_correlation,Ridge,30.0,0.9,0.001,20.0,smooth_80_20,linear,2.0,0.55,pure_promethee_score,30,none,buffer,-0.0595529153044328,0.1704977821565076,0.091742551537303,0.8600685948392159,0.8149687933772964,-0.1201895470556939,-0.3994373593553372,-0.2869687306813743,-0.6595015348773342,-0.2172195005335326,0.0916666666666666,0.25,-0.2196779552555983,-2.5428055973293646,-0.2510647954059217,-2.5990778667192296,-0.1752981344461401,0.2333333333333333,0.0,False,,-0.024071097558989923
rb_005,window_median,0.05,quarter_rank,12,5,residual_correlation,Ridge,30.0,0.9,0.001,20.0,smooth_80_20,linear,2.0,0.55,pure_promethee_score,50,none,none,-0.0595529153044328,0.1704977821565076,0.091742551537303,0.8600685948392159,0.8149687933772964,-0.0687933226616681,-0.2376796282594909,-0.223892222461872,-0.5484713857204621,-0.2020568442759178,0.165,0.25,-0.2077026154910263,-1.8857140917400208,-0.2386026522499239,-4.037540285389633,-0.1459093854552798,0.244,0.0,False,,0.020594883852447746
rb_005,window_median,0.05,quarter_rank,12,5,residual_correlation,Ridge,30.0,0.9,0.001,20.0,smooth_80_20,linear,2.0,0.55,pure_promethee_score,20,prev_70_30,none,-0.0595529153044328,0.1704977821565076,0.091742551537303,0.8600685948392159,0.8149687933772964,-0.1862197389896982,-0.6621456841069402,-0.3409509042192441,-0.8477318970302663,-0.2153111376498171,0.25,0.25,-0.198817165343477,-2.379359164636881,-0.2251816154504273,-1.869901540628176,-0.143659235118248,0.31,0.0,False,,-0.2222405346588272
rb_005,window_median,0.05,quarter_rank,12,5,residual_correlation,Ridge,30.0,0.9,0.001,20.0,smooth_80_20,linear,2.0,0.55,pure_promethee_score,20,prev_70_30,buffer,-0.0595529153044328,0.1704977821565076,0.091742551537303,0.8600685948392159,0.8149687933772964,-0.0834186490209536,-0.2969056380817357,-0.2360570439401326,-0.6081563343009883,-0.1959295566366393,0.0875,0.25,-0.1996536841172218,-2.7241377557388224,-0.2256659312395806,-1.803819130996031,-0.1604506772327368,0.15,0.0,False,,0.05265353623938056
rb_005,window_median,0.05,quarter_rank,12,5,residual_correlation,Ridge,30.0,0.9,0.001,20.0,smooth_80_20,linear,2.0,0.55,pure_promethee_score,30,prev_70_30,none,-0.0595529153044328,0.1704977821565076,0.091742551537303,0.8600685948392159,0.8149687933772964,-0.1089437373284576,-0.3645969292219628,-0.2616713514002287,-0.6005950633825529,-0.2078168861638031,0.1333333333333333,0.25,-0.217869370923128,-2.5794971374140045,-0.24847553993094,-2.3135727224024305,-0.1788233043286955,0.24,0.0,False,,-0.008905200106182842
rb_005,window_median,0.05,quarter_rank,12,5,residual_correlation,Ridge,30.0,0.9,0.001,20.0,smooth_80_20,linear,2.0,0.55,pure_promethee_score,30,prev_70_30,buffer,-0.0595529153044328,0.1704977821565076,0.091742551537303,0.8600685948392159,0.8149687933772964,-0.1080528818980087,-0.3329189403746211,-0.2582787731198221,-0.5153692092848101,-0.2152554327716976,0.075,0.25,-0.2213929480225114,-2.504548537685152,-0.253401395022385,-2.8300125771428184,-0.1713985983311489,0.1666666666666666,0.0,False,,0.04753487276201261
rb_005,window_median,0.05,quarter_rank,12,5,residual_correlation,Ridge,30.0,0.9,0.001,20.0,smooth_80_20,linear,2.0,0.55,pure_promethee_score,50,prev_70_30,none,-0.0595529153044328,0.1704977821565076,0.091742551537303,0.8600685948392159,0.8149687933772964,-0.0591559990324662,-0.1837170046765998,-0.2077707948049751,-0.421059924351172,-0.2072701362741034,0.14,0.25,-0.2102930266753275,-1.952769725923941,-0.2415132040227778,-3.88888497713293,-0.1489706225374367,0.176,0.0,False,,0.07734066377970493
rb_005,window_median,0.05,quarter_rank,12,5,residual_correlation,Ridge,30.0,0.9,0.001,20.0,smooth_80_20,linear,2.0,0.55,pure_promethee_score,20,trailing2_60_40,none,-0.0595529153044328,0.1704977821565076,0.091742551537303,0.8600685948392159,0.8149687933772964,-0.1805283913588536,-0.590919276300095,-0.3462559844383734,-0.7660491327925659,-0.225161873683948,0.225,0.25,-0.2305211639563156,-2.815367088429402,-0.2628620485587398,-2.081539994647681,-0.1777196191750025,0.2299999999999999,0.0,False,,-0.19894973685492903
rb_005,window_median,0.05,quarter_rank,12,5,residual_correlation,Ridge,30.0,0.9,0.001,20.0,smooth_80_20,linear,2.0,0.55,pure_promethee_score,20,trailing2_60_40,buffer,-0.0595529153044328,0.1704977821565076,0.091742551537303,0.8600685948392159,0.8149687933772964,-0.1254079427208424,-0.411150571934419,-0.2935666004699383,-0.6585141420495055,-0.2180968799178152,0.1,0.25,-0.2033136534509271,-2.519964211704017,-0.2298615591297075,-1.7242616494420977,-0.1638778996296267,0.1,0.0,False,,-0.03625852191068579
rb_005,window_median,0.05,quarter_rank,12,5,residual_correlation,Ridge,30.0,0.9,0.001,20.0,smooth_80_20,linear,2.0,0.55,pure_promethee_score,30,trailing2_60_40,none,-0.0595529153044328,0.1704977821565076,0.091742551537303,0.8600685948392159,0.8149687933772964,-0.094641828309524,-0.3210027880376741,-0.2521806845793658,-0.5963562555790074,-0.2082661912198782,0.1333333333333333,0.25,-0.209250405404892,-2.3105538311831006,-0.239073073032697,-2.858481468122225,-0.1544501183298369,0.2066666666666666,0.0,False,,0.0005780222879940011
rb_005,window_median,0.05,quarter_rank,12,5,residual_correlation,Ridge,30.0,0.9,0.001,20.0,smooth_80_20,linear,2.0,0.55,pure_promethee_score,30,trailing2_60_40,buffer,-0.0595529153044328,0.1704977821565076,0.091742551537303,0.8600685948392159,0.8149687933772964,-0.1359490638958147,-0.4202312407052006,-0.2954431213401165,-0.5923438076997374,-0.2259793181133492,0.075,0.25,-0.2200907917428013,-2.363224530446144,-0.2521249951118242,-3.0146685715056933,-0.1630224870424864,0.1266666666666666,0.0,False,,-0.011852167493035984
rb_005,window_median,0.05,quarter_rank,12,5,residual_correlation,Ridge,30.0,0.9,0.001,20.0,smooth_80_20,linear,2.0,0.55,pure_promethee_score,50,trailing2_60_40,none,-0.0595529153044328,0.1704977821565076,0.091742551537303,0.8600685948392159,0.8149687933772964,-0.0656473190627823,-0.194478434785369,-0.2248396059624021,-0.4137780787261408,-0.2187425542827907,0.0999999999999999,0.25,-0.2025931472805027,-1.7308242196949235,-0.2330648083150983,-5.736738734957012,-0.1277817062669696,0.152,0.0,False,,0.08205135683555306
rb_005,window_median,0.05,quarter_rank,12,5,residual_correlation,Ridge,30.0,0.9,0.001,20.0,smooth_80_20,linear,2.0,0.55,hybrid_score_70_30,20,none,none,-0.0595529153044328,0.1704977821565076,0.091742551537303,0.8600685948392159,0.8149687933772964,0.019757785606395,0.1060047300903588,0.0424592432086801,-0.2770297756550996,-0.0502862292112767,0.8875000000000004,0.5,0.0143798608541223,0.0638447380920442,0.0002967858367336,0.0671003499436451,-0.0224921284627153,0.4100000000000001,0.6,False,,-0.052563829212888366
rb_005,window_median,0.05,quarter_rank,12,5,residual_correlation,Ridge,30.0,0.9,0.001,20.0,smooth_80_20,linear,2.0,0.55,hybrid_score_70_30,20,none,buffer,-0.0595529153044328,0.1704977821565076,0.091742551537303,0.8600685948392159,0.8149687933772964,0.0376828773621482,0.175441499691757,0.0337704462645688,-0.2425664093379522,-0.0502704212945734,0.7750000000000004,0.5,0.0060473690005764,0.0272267853500713,-0.0076027491101923,0.0251117761518874,-0.0274829511171101,0.33,0.6,False,,0.02315152334146099
rb_005,window_median,0.05,quarter_rank,12,5,residual_correlation,Ridge,30.0,0.9,0.001,20.0,smooth_80_20,linear,2.0,0.55,hybrid_score_70_30,30,none,none,-0.0595529153044328,0.1704977821565076,0.091742551537303,0.8600685948392159,0.8149687933772964,0.1960289900775822,1.2472913490360338,0.1840032942576471,0.0027762046006834,-0.0288141889891555,0.7916666666666675,0.5,0.0083086205034943,0.0412918222457859,-0.0058598117579578,0.0217152507531286,-0.0329380904831239,0.4000000000000002,0.6,False,,0.22186485255456406
rb_005,window_median,0.05,quarter_rank,12,5,residual_correlation,Ridge,30.0,0.9,0.001,20.0,smooth_80_20,linear,2.0,0.55,hybrid_score_70_30,30,none,buffer,-0.0595529153044328,0.1704977821565076,0.091742551537303,0.8600685948392159,0.8149687933772964,0.1306392287388116,0.8083820735853028,0.1060776272582518,-0.1192997984737115,-0.0462956213311062,0.7250000000000006,0.5,0.0019670387989521,0.0099462343857002,-0.0117950555270328,-0.0176958428513572,-0.0334207605659234,0.3600000000000003,0.6,False,,0.1547430676262641
rb_005,window_median,0.05,quarter_rank,12,5,residual_correlation,Ridge,30.0,0.9,0.001,20.0,smooth_80_20,linear,2.0,0.55,hybrid_score_70_30,50,none,none,-0.0595529153044328,0.1704977821565076,0.091742551537303,0.8600685948392159,0.8149687933772964,0.1188101864688284,0.6024176450796387,0.0701272055993626,-0.1327347715899052,-0.0892087934090466,0.6700000000000004,0.5,-0.023022320331132,-0.1249083148798785,-0.0375642772479196,-0.2155884816262138,-0.0219224207314497,0.3720000000000001,0.4,False,,0.1252827784061143
rb_005,window_median,0.05,quarter_rank,12,5,residual_correlation,Ridge,30.0,0.9,0.001,20.0,smooth_80_20,linear,2.0,0.55,hybrid_score_70_30,20,prev_70_30,none,-0.0595529153044328,0.1704977821565076,0.091742551537303,0.8600685948392159,0.8149687933772964,-0.0676028583898924,-0.2558971196044253,-0.1078788216969313,-0.4053119504874353,-0.141133150451257,0.6375000000000003,0.25,0.0444294541739027,0.202918618546547,0.0296953304555206,0.2083302572014687,-0.0149710399847176,0.4000000000000001,0.6,False,,-0.11610364315454957
rb_005,window_median,0.05,quarter_rank,12,5,residual_correlation,Ridge,30.0,0.9,0.001,20.0,smooth_80_20,linear,2.0,0.55,hybrid_score_70_30,20,prev_70_30,buffer,-0.0595529153044328,0.1704977821565076,0.091742551537303,0.8600685948392159,0.8149687933772964,-0.0553236394368925,-0.2108221351174544,-0.0961502867223137,-0.3866346056651236,-0.1246295700749904,0.5625000000000002,0.25,0.0020107788123369,0.0100192466685595,-0.0111358733443255,-0.0130225438393577,-0.0184639672931354,0.3700000000000001,0.4,False,,-0.03866148848600139
rb_005,window_median,0.05,quarter_rank,12,5,residual_correlation,Ridge,30.0,0.9,0.001,20.0,smooth_80_20,linear,2.0,0.55,hybrid_score_70_30,30,prev_70_30,none,-0.0595529153044328,0.1704977821565076,0.091742551537303,0.8600685948392159,0.8149687933772964,-0.06051132711362,-0.2128790029373435,-0.1077016595186405,-0.3726406656894135,-0.1590019204981168,0.6000000000000002,0.25,0.0012460599636421,0.0062169296648341,-0.0127923722000561,-0.0193784202153256,-0.0302139294376364,0.4133333333333335,0.6,False,,-0.09582035368955379
rb_005,window_median,0.05,quarter_rank,12,5,residual_correlation,Ridge,30.0,0.9,0.001,20.0,smooth_80_20,linear,2.0,0.55,hybrid_score_70_30,30,prev_70_30,buffer,-0.0595529153044328,0.1704977821565076,0.091742551537303,0.8600685948392159,0.8149687933772964,-0.0841948092456231,-0.2818430839888525,-0.1195613429752291,-0.3828011591447449,-0.1565565306455475,0.5500000000000002,0.25,0.0043760543318882,0.0218680210890337,-0.0089106164227089,-0.0010979863721067,-0.0273736073403233,0.3400000000000001,0.6,False,,-0.07360674549550227
rb_005,window_median,0.05,quarter_rank,12,5,residual_correlation,Ridge,30.0,0.9,0.001,20.0,smooth_80_20,linear,2.0,0.55,hybrid_score_70_30,50,prev_70_30,none,-0.0595529153044328,0.1704977821565076,0.091742551537303,0.8600685948392159,0.8149687933772964,0.0089747577359757,0.035077918687845,-0.0655433192791296,-0.3114971789114288,-0.1355298527257502,0.5300000000000002,0.25,-0.042047645584143,-0.2066985023531976,-0.0563526064075635,-0.2570069356864951,-0.040535701785176,0.3360000000000001,0.4,False,,0.020999966334305203
rb_005,window_median,0.05,quarter_rank,12,5,residual_correlation,Ridge,30.0,0.9,0.001,20.0,smooth_80_20,linear,2.0,0.55,hybrid_score_70_30,20,trailing2_60_40,none,-0.0595529153044328,0.1704977821565076,0.091742551537303,0.8600685948392159,0.8149687933772964,-0.0890894941561862,-0.3379858275935478,-0.2116601718436475,-0.5915081239368563,-0.1732286399862096,0.6875000000000002,0.25,0.0236271272239021,0.1093734382499537,0.0101970835202259,0.0981150686855803,-0.0149710399847176,0.3600000000000001,0.4,False,,-0.3108559007323686
rb_005,window_median,0.05,quarter_rank,12,5,residual_correlation,Ridge,30.0,0.9,0.001,20.0,smooth_80_20,linear,2.0,0.55,hybrid_score_70_30,20,trailing2_60_40,buffer,-0.0595529153044328,0.1704977821565076,0.091742551537303,0.8600685948392159,0.8149687933772964,-0.1047871137245362,-0.4222061581745266,-0.2218026747419998,-0.6630519944462481,-0.1682099988592595,0.5500000000000002,0.25,0.0079041454858239,0.0391450466993984,-0.0053770803569944,0.01793371600789,-0.0198831699553868,0.2799999999999999,0.4,False,,-0.2397456687974739
rb_005,window_median,0.05,quarter_rank,12,5,residual_correlation,Ridge,30.0,0.9,0.001,20.0,smooth_80_20,linear,2.0,0.55,hybrid_score_70_30,30,trailing2_60_40,none,-0.0595529153044328,0.1704977821565076,0.091742551537303,0.8600685948392159,0.8149687933772964,-0.039153243803741,-0.154736339270956,-0.1222764619624556,-0.4246149374412732,-0.1327509825544309,0.5833333333333336,0.25,-0.0187238691189891,-0.098211281151961,-0.0323844186867948,-0.1491793326122554,-0.0236298499367729,0.3266666666666667,0.4,False,,-0.09131079507074184
rb_005,window_median,0.05,quarter_rank,12,5,residual_correlation,Ridge,30.0,0.9,0.001,20.0,smooth_80_20,linear,2.0,0.55,hybrid_score_70_30,30,trailing2_60_40,buffer,-0.0595529153044328,0.1704977821565076,0.091742551537303,0.8600685948392159,0.8149687933772964,-0.0500120606406785,-0.2006646692880782,-0.1340340180623077,-0.4562124548986803,-0.1322811691534544,0.5083333333333335,0.25,-0.0075385386144752,-0.0375427211391043,-0.0211252068763268,-0.0663048064731195,-0.0284090703707602,0.2533333333333333,0.4,False,,-0.05826368985567362
rb_005,window_median,0.05,quarter_rank,12,5,residual_correlation,Ridge,30.0,0.9,0.001,20.0,smooth_80_20,linear,2.0,0.55,hybrid_score_70_30,50,trailing2_60_40,none,-0.0595529153044328,0.1704977821565076,0.091742551537303,0.8600685948392159,0.8149687933772964,-0.0380549415440263,-0.1386652748289409,-0.1179119864685688,-0.3804723683288631,-0.1408094820655757,0.4650000000000002,0.25,-0.0189387703038219,-0.0940967237373261,-0.0326706577749065,-0.1311664901968511,-0.018614366554991,0.2960000000000001,0.4,False,,-0.002982825767228754
rb_005,window_median,0.05,quarter_rank,12,5,residual_correlation,Ridge,30.0,0.9,0.001,20.0,smooth_80_20,linear,2.0,0.55,hybrid_score_50_50,20,none,none,-0.0595529153044328,0.1704977821565076,0.091742551537303,0.8600685948392159,0.8149687933772964,0.3393525404996669,1.530414601497751,0.4281401058722076,0.1745178752122504,-0.0669633304946946,0.9375000000000004,0.5,-0.0111904804610358,-0.0505923715088546,-0.0237226664264951,-0.0535021630123574,-0.0360198863435478,0.4400000000000001,0.6,False,,0.3624769080193739
rb_005,window_median,0.05,quarter_rank,12,5,residual_correlation,Ridge,30.0,0.9,0.001,20.0,smooth_80_20,linear,2.0,0.55,hybrid_score_50_50,20,none,buffer,-0.0595529153044328,0.1704977821565076,0.091742551537303,0.8600685948392159,0.8149687933772964,0.3393525404996669,1.530414601497751,0.4281401058722076,0.1745178752122504,-0.0669633304946946,0.9375000000000004,0.5,-0.0236569670891461,-0.1025233186628166,-0.034629277358594,-0.0883469577406848,-0.0633593882797591,0.3700000000000001,0.6,False,,0.3624769080193739
rb_005,window_median,0.05,quarter_rank,12,5,residual_correlation,Ridge,30.0,0.9,0.001,20.0,smooth_80_20,linear,2.0,0.55,hybrid_score_50_50,30,none,none,-0.0595529153044328,0.1704977821565076,0.091742551537303,0.8600685948392159,0.8149687933772964,0.3881161878511612,1.8033783378218355,0.4429984153115808,0.2367712283489831,-0.0657920395151637,0.9333333333333346,0.75,0.0152747219497713,0.0731170089598344,0.002657744534656,0.0571113406523844,-0.0382410931825494,0.4666666666666669,0.6,False,,0.3938810127818351
rb_005,window_median,0.05,quarter_rank,12,5,residual_correlation,Ridge,30.0,0.9,0.001,20.0,smooth_80_20,linear,2.0,0.55,hybrid_score_50_50,30,none,buffer,-0.0595529153044328,0.1704977821565076,0.091742551537303,0.8600685948392159,0.8149687933772964,0.4106162392075734,2.046187409789841,0.4492190458971686,0.2689731949840422,-0.0506494114898996,0.9250000000000012,0.75,0.0012007531542168,0.0057276507775706,-0.0108874411139215,-0.0085539019707015,-0.0488906074269798,0.3733333333333336,0.6,False,,0.4231478699404145
rb_005,window_median,0.05,quarter_rank,12,5,residual_correlation,Ridge,30.0,0.9,0.001,20.0,smooth_80_20,linear,2.0,0.55,hybrid_score_50_50,50,none,none,-0.0595529153044328,0.1704977821565076,0.091742551537303,0.8600685948392159,0.8149687933772964,0.4343503684016971,3.2058652711720206,0.4175682697083749,0.3513866003588456,0.0,0.8700000000000006,0.75,-0.0041985200458206,-0.0241835059962773,-0.0182351801355703,-0.0995945053985849,-0.0241265791523873,0.4360000000000002,0.4,False,,0.484814826073905
rb_005,window_median,0.05,quarter_rank,12,5,residual_correlation,Ridge,30.0,0.9,0.001,20.0,smooth_80_20,linear,2.0,0.55,hybrid_score_50_50,20,prev_70_30,none,-0.0595529153044328,0.1704977821565076,0.091742551537303,0.8600685948392159,0.8149687933772964,0.2456933925217386,1.4658199924048405,0.2676782908963486,0.0779666271413952,-0.0383491227757955,0.9000000000000005,0.5,-0.0134929052480973,-0.0627499558556492,-0.025720628492351,-0.0699786617366099,-0.056753536363158,0.38,0.6,False,,0.2367143261378352
rb_005,window_median,0.05,quarter_rank,12,5,residual_correlation,Ridge,30.0,0.9,0.001,20.0,smooth_80_20,linear,2.0,0.55,hybrid_score_50_50,20,prev_70_30,buffer,-0.0595529153044328,0.1704977821565076,0.091742551537303,0.8600685948392159,0.8149687933772964,0.216900361472734,1.3568396596591887,0.2578918933804232,0.0334029604980981,-0.0445456651871796,0.8000000000000004,0.5,0.0281952511229515,0.1427319293672916,0.014743220841368,0.1202561049048547,-0.0429612335813485,0.32,0.6,False,,0.28093577285322263
rb_005,window_median,0.05,quarter_rank,12,5,residual_correlation,Ridge,30.0,0.9,0.001,20.0,smooth_80_20,linear,2.0,0.55,hybrid_score_50_50,30,prev_70_30,none,-0.0595529153044328,0.1704977821565076,0.091742551537303,0.8600685948392159,0.8149687933772964,0.1858264031225724,1.2375519969053717,0.2378341567266683,-0.0136584338678083,-0.0445267845537752,0.8416666666666676,0.5,0.0118595945329111,0.0529710184767626,-0.0004707801004746,0.0475066713120728,-0.0562110570078576,0.38,0.6,False,,0.22354066537649395
rb_005,window_median,0.05,quarter_rank,12,5,residual_correlation,Ridge,30.0,0.9,0.001,20.0,smooth_80_20,linear,2.0,0.55,hybrid_score_50_50,30,prev_70_30,buffer,-0.0595529153044328,0.1704977821565076,0.091742551537303,0.8600685948392159,0.8149687933772964,0.1454489043911515,0.9579728259601404,0.1643316481845856,-0.0813250688056845,-0.0396274321431106,0.7916666666666674,0.5,-0.0004389415101498,-0.0019504350210333,-0.0128599289257688,-0.0037052386312669,-0.063131536647758,0.3266666666666666,0.6,False,,0.1771389746706936
rb_005,window_median,0.05,quarter_rank,12,5,residual_correlation,Ridge,30.0,0.9,0.001,20.0,smooth_80_20,linear,2.0,0.55,hybrid_score_50_50,50,prev_70_30,none,-0.0595529153044328,0.1704977821565076,0.091742551537303,0.8600685948392159,0.8149687933772964,0.1415713730751902,1.0950945708769757,0.1356338508733413,-0.1046290598873724,0.0,0.7450000000000006,0.5,-0.0292102799919219,-0.1452914573329812,-0.0430119034834651,-0.1870787923939699,-0.0384932287144121,0.3360000000000001,0.4,False,,0.20456994961243455
rb_005,window_median,0.05,quarter_rank,12,5,residual_correlation,Ridge,30.0,0.9,0.001,20.0,smooth_80_20,linear,2.0,0.55,hybrid_score_50_50,20,trailing2_60_40,none,-0.0595529153044328,0.1704977821565076,0.091742551537303,0.8600685948392159,0.8149687933772964,0.0597769585580343,1.2819656610777477,0.0524974273727414,-0.3216340031252249,0.0,0.8250000000000004,0.25,0.0043549736143235,0.0190554278315707,-0.0077670308547621,0.0209282551189226,-0.0429612335813485,0.34,0.6,False,,0.024436960039514965
rb_005,window_median,0.05,quarter_rank,12,5,residual_correlation,Ridge,30.0,0.9,0.001,20.0,smooth_80_20,linear,2.0,0.55,hybrid_score_50_50,20,trailing2_60_40,buffer,-0.0595529153044328,0.1704977821565076,0.091742551537303,0.8600685948392159,0.8149687933772964,0.0379352056096584,0.6142585994923333,0.0143136846305217,-0.4034246005671,-0.0172632423268009,0.6625000000000002,0.25,0.0294629278816045,0.1399343494081249,0.0163575891326568,0.1272271869422415,-0.0258631175119994,0.21,0.6,False,,0.06836913893512728
rb_005,window_median,0.05,quarter_rank,12,5,residual_correlation,Ridge,30.0,0.9,0.001,20.0,smooth_80_20,linear,2.0,0.55,hybrid_score_50_50,30,trailing2_60_40,none,-0.0595529153044328,0.1704977821565076,0.091742551537303,0.8600685948392159,0.8149687933772964,0.0541307306672504,0.6243772744007884,0.0363200017069579,-0.3314282417030663,-0.0244369158256685,0.7166666666666672,0.5,0.0251944660664658,0.1229722598682088,0.0106972646275632,0.111846810373325,-0.0506466882293876,0.2733333333333333,0.6,False,,0.06329059401690355
rb_005,window_median,0.05,quarter_rank,12,5,residual_correlation,Ridge,30.0,0.9,0.001,20.0,smooth_80_20,linear,2.0,0.55,hybrid_score_50_50,30,trailing2_60_40,buffer,-0.0595529153044328,0.1704977821565076,0.091742551537303,0.8600685948392159,0.8149687933772964,0.0567435625728207,0.646196237977136,0.0320888956965224,-0.3368699215186769,-0.026924188584812,0.6916666666666671,0.5,0.0121385652291678,0.0576382817766214,-0.0013125869298493,0.0441273080879244,-0.0431684792955538,0.2066666666666667,0.6,False,,0.07329557163297848
rb_005,window_median,0.05,quarter_rank,12,5,residual_correlation,Ridge,30.0,0.9,0.001,20.0,smooth_80_20,linear,2.0,0.55,hybrid_score_50_50,50,trailing2_60_40,none,-0.0595529153044328,0.1704977821565076,0.091742551537303,0.8600685948392159,0.8149687933772964,0.0763455810936795,0.7988547312538764,0.0579864656717618,-0.2726443391755689,-0.0076251850032387,0.6950000000000003,0.5,-0.0141166804026836,-0.0745284971697426,-0.0277597661705243,-0.1244055533809946,-0.0353595283218172,0.256,0.4,False,,0.12309372670932697
rb_005,window_median,0.05,quarter_rank,12,5,residual_correlation,Ridge,30.0,0.9,0.001,20.0,smooth_80_20,linear,2.0,0.55,hybrid_score_30_70,20,none,none,-0.0595529153044328,0.1704977821565076,0.091742551537303,0.8600685948392159,0.8149687933772964,0.4799110307536942,3.800174070639918,0.441077165207089,0.4315218145578743,0.0,0.9625000000000004,0.5,-0.0036521484195086,-0.0171318271166864,-0.0149449934428053,-0.025209409361201,-0.0434271311899675,0.5300000000000001,0.6,False,,0.46205948880792913
rb_005,window_median,0.05,quarter_rank,12,5,residual_correlation,Ridge,30.0,0.9,0.001,20.0,smooth_80_20,linear,2.0,0.55,hybrid_score_30_70,20,none,buffer,-0.0595529153044328,0.1704977821565076,0.091742551537303,0.8600685948392159,0.8149687933772964,0.4885833777590447,3.887520365277768,0.4539354434858251,0.4352196983800172,0.0,0.9375000000000004,0.5,-0.0012000365750842,-0.0056366840837719,-0.0120626427501994,-0.0143234207498737,-0.0423022685405384,0.44,0.6,False,,0.4917920375418865
rb_005,window_median,0.05,quarter_rank,12,5,residual_correlation,Ridge,30.0,0.9,0.001,20.0,smooth_80_20,linear,2.0,0.55,hybrid_score_30_70,30,none,none,-0.0595529153044328,0.1704977821565076,0.091742551537303,0.8600685948392159,0.8149687933772964,0.5270253489286194,4.319554630969707,0.4323096152935347,0.5916915126707821,0.0,0.9083333333333344,0.75,-0.0011666733593977,-0.0058365352005743,-0.0127874660306146,-0.0265957798618526,-0.0282949950937698,0.4866666666666669,0.6,False,,0.5263013156279915
rb_005,window_median,0.05,quarter_rank,12,5,residual_correlation,Ridge,30.0,0.9,0.001,20.0,smooth_80_20,linear,2.0,0.55,hybrid_score_30_70,30,none,buffer,-0.0595529153044328,0.1704977821565076,0.091742551537303,0.8600685948392159,0.8149687933772964,0.5181847255232614,4.115700521112617,0.4297982444038505,0.5631766296115853,0.0,0.9083333333333344,0.75,-0.0248998864631617,-0.1233125412680101,-0.0370080351603293,-0.140646938640324,-0.0475000348224671,0.4000000000000002,0.6,False,,0.5175902363193378
rb_005,window_median,0.05,quarter_rank,12,5,residual_correlation,Ridge,30.0,0.9,0.001,20.0,smooth_80_20,linear,2.0,0.55,hybrid_score_30_70,50,none,none,-0.0595529153044328,0.1704977821565076,0.091742551537303,0.8600685948392159,0.8149687933772964,0.4254972653887552,3.1109163426434194,0.3861764470375834,0.3657884359618089,0.0,0.8850000000000007,0.75,0.0078105348327801,0.0396700780725168,-0.0049634228007139,0.0123687834379159,-0.0466851333855361,0.4680000000000002,0.4,False,,0.4486037760365821
rb_005,window_median,0.05,quarter_rank,12,5,residual_correlation,Ridge,30.0,0.9,0.001,20.0,smooth_80_20,linear,2.0,0.55,hybrid_score_30_70,20,prev_70_30,none,-0.0595529153044328,0.1704977821565076,0.091742551537303,0.8600685948392159,0.8149687933772964,0.3403399497308994,6.637266644235459,0.2606772881248028,0.3594568012086813,0.0,0.8750000000000004,0.5,-0.008430304353089,-0.0372937115090495,-0.0208671412319829,-0.0357530184573068,-0.0428024723916691,0.4400000000000001,0.6,False,,0.3369006133516057
rb_005,window_median,0.05,quarter_rank,12,5,residual_correlation,Ridge,30.0,0.9,0.001,20.0,smooth_80_20,linear,2.0,0.55,hybrid_score_30_70,20,prev_70_30,buffer,-0.0595529153044328,0.1704977821565076,0.091742551537303,0.8600685948392159,0.8149687933772964,0.3357808349383426,6.689873715753329,0.2594715313838387,0.3411492726354346,0.0,0.8625000000000005,0.5,-0.0337274687423028,-0.1533103145147938,-0.0450940961623652,-0.1442861126309644,-0.068629139605127,0.3600000000000001,0.6,False,,0.34014386144532927
rb_005,window_median,0.05,quarter_rank,12,5,residual_correlation,Ridge,30.0,0.9,0.001,20.0,smooth_80_20,linear,2.0,0.55,hybrid_score_30_70,30,prev_70_30,none,-0.0595529153044328,0.1704977821565076,0.091742551537303,0.8600685948392159,0.8149687933772964,0.3072677544973059,5.762822483826507,0.2542903943017717,0.2357336307839858,0.0,0.8416666666666677,0.5,-0.0113922175041233,-0.0561522358344732,-0.024279316704738,-0.0793269262697276,-0.0410144874586345,0.3799999999999999,0.6,False,,0.32586180705882073
rb_005,window_median,0.05,quarter_rank,12,5,residual_correlation,Ridge,30.0,0.9,0.001,20.0,smooth_80_20,linear,2.0,0.55,hybrid_score_30_70,30,prev_70_30,buffer,-0.0595529153044328,0.1704977821565076,0.091742551537303,0.8600685948392159,0.8149687933772964,0.3029460767469687,5.859606506274054,0.2528911618165403,0.2234648665225446,0.0,0.825000000000001,0.5,-0.0225694521546826,-0.1200816471691566,-0.0351919801936362,-0.1597405784544276,-0.0521781932806812,0.3133333333333333,0.6,False,,0.33309226469811415
rb_005,window_median,0.05,quarter_rank,12,5,residual_correlation,Ridge,30.0,0.9,0.001,20.0,smooth_80_20,linear,2.0,0.55,hybrid_score_30_70,50,prev_70_30,none,-0.0595529153044328,0.1704977821565076,0.091742551537303,0.8600685948392159,0.8149687933772964,0.1797704990765378,5.075093821123907,0.1519073652675823,-0.0558006240324638,0.0,0.8300000000000005,0.5,-0.0070477139172248,-0.0362629982139152,-0.0206158156914961,-0.0730950590371822,-0.0389915243883418,0.3440000000000001,0.6,False,,0.17314791155963735
rb_005,window_median,0.05,quarter_rank,12,5,residual_correlation,Ridge,30.0,0.9,0.001,20.0,smooth_80_20,linear,2.0,0.55,hybrid_score_30_70,20,trailing2_60_40,none,-0.0595529153044328,0.1704977821565076,0.091742551537303,0.8600685948392159,0.8149687933772964,0.2596556193409027,3.274110243139259,0.1925137075569747,0.1487774305736822,0.0,0.8875000000000004,0.5,0.0172472787252448,0.089459885829715,0.0040746767639828,0.0599918114723552,-0.0565513249051284,0.35,0.6,False,,0.21781242441479273
rb_005,window_median,0.05,quarter_rank,12,5,residual_correlation,Ridge,30.0,0.9,0.001,20.0,smooth_80_20,linear,2.0,0.55,hybrid_score_30_70,20,trailing2_60_40,buffer,-0.0595529153044328,0.1704977821565076,0.091742551537303,0.8600685948392159,0.8149687933772964,0.2971478813304733,3.775854953126808,0.2193797941868422,0.2518469321023341,0.0,0.8125000000000003,0.5,0.0134347437523381,0.0688852919717046,0.0017958371028238,0.0367978066721667,-0.0600298113652369,0.29,0.6,False,,0.3166316657273943
rb_005,window_median,0.05,quarter_rank,12,5,residual_correlation,Ridge,30.0,0.9,0.001,20.0,smooth_80_20,linear,2.0,0.55,hybrid_score_30_70,30,trailing2_60_40,none,-0.0595529153044328,0.1704977821565076,0.091742551537303,0.8600685948392159,0.8149687933772964,0.2211248404977952,2.2157889980598675,0.1673077987692793,0.048531154700035,0.0,0.850000000000001,0.5,0.0052870643686784,0.0280141791693287,-0.0084893411659655,-0.0077429684692582,-0.0361180048893756,0.2866666666666667,0.6,False,,0.19728332542876154
rb_005,window_median,0.05,quarter_rank,12,5,residual_correlation,Ridge,30.0,0.9,0.001,20.0,smooth_80_20,linear,2.0,0.55,hybrid_score_30_70,30,trailing2_60_40,buffer,-0.0595529153044328,0.1704977821565076,0.091742551537303,0.8600685948392159,0.8149687933772964,0.1974074670747867,1.8608234509675587,0.1475115536982167,-0.0057210067746638,-0.0015554140028209,0.8166666666666675,0.5,0.0204682647843712,0.103783459322726,0.0060163144823747,0.0896075884073203,-0.0358242770749407,0.2333333333333333,0.6,False,,0.18816119215253407
rb_005,window_median,0.05,quarter_rank,12,5,residual_correlation,Ridge,30.0,0.9,0.001,20.0,smooth_80_20,linear,2.0,0.55,hybrid_score_30_70,50,trailing2_60_40,none,-0.0595529153044328,0.1704977821565076,0.091742551537303,0.8600685948392159,0.8149687933772964,0.1620069536609383,2.010122048702076,0.114176776279672,-0.100287928461916,-0.0028438612480906,0.8700000000000006,0.5,0.0019723776398492,0.0101560250938941,-0.0111044288331784,-0.0205159821710999,-0.0442678905091923,0.2800000000000001,0.4,False,,0.09896110611261183
rb_018,window_median,0.05,quarter_rank,12,6,residual_correlation,Ridge,3.0,0.9,0.001,20.0,smooth_80_20,linear,2.0,0.55,pure_stagewise_score,20,none,none,-0.0725035372491518,0.1543553468241593,0.0717572494237452,0.8940894236611044,0.5382541169726168,0.9421028955951232,4.47105004628782,0.5751265946441126,2.2196699896335867,0.0,0.9625000000000004,1.0,-0.01377193577296,-0.0691754847104967,-0.0265202804554084,-0.0974971907504854,0.0,0.6800000000000003,0.6,False,,0.9345869817727575
rb_018,window_median,0.05,quarter_rank,12,6,residual_correlation,Ridge,3.0,0.9,0.001,20.0,smooth_80_20,linear,2.0,0.55,pure_stagewise_score,20,none,buffer,-0.0725035372491518,0.1543553468241593,0.0717572494237452,0.8940894236611044,0.5382541169726168,0.9421028955951232,4.47105004628782,0.5751265946441126,2.2196699896335867,0.0,0.9625000000000004,1.0,-0.0203333760304827,-0.102576247305822,-0.0334911099604259,-0.1390634390974456,0.0,0.6200000000000002,0.6,False,,0.9345869817727575
rb_018,window_median,0.05,quarter_rank,12,6,residual_correlation,Ridge,3.0,0.9,0.001,20.0,smooth_80_20,linear,2.0,0.55,pure_stagewise_score,30,none,none,-0.0725035372491518,0.1543553468241593,0.0717572494237452,0.8940894236611044,0.5382541169726168,0.8467543022229151,5.92867690112137,0.5513120525716033,2.383038102265787,0.0,0.966666666666668,1.0,0.0298407406767435,0.1646569412512588,0.0155205240431757,0.1536970303064228,0.0,0.646666666666667,0.6,False,,0.9460436429686387
rb_018,window_median,0.05,quarter_rank,12,6,residual_correlation,Ridge,3.0,0.9,0.001,20.0,smooth_80_20,linear,2.0,0.55,pure_stagewise_score,30,none,buffer,-0.0725035372491518,0.1543553468241593,0.0717572494237452,0.8940894236611044,0.5382541169726168,0.8467543022229151,5.92867690112137,0.5513120525716033,2.383038102265787,0.0,0.966666666666668,1.0,0.0209694116284981,0.1196331977958656,0.0069238403417244,0.0931351136339297,0.0,0.6133333333333336,0.6,False,,0.9460436429686387
rb_018,window_median,0.05,quarter_rank,12,6,residual_correlation,Ridge,3.0,0.9,0.001,20.0,smooth_80_20,linear,2.0,0.55,pure_stagewise_score,50,none,none,-0.0725035372491518,0.1543553468241593,0.0717572494237452,0.8940894236611044,0.5382541169726168,0.6688519156299133,5.510302112776728,0.4405182249406479,2.048257624456252,0.0,0.9650000000000007,1.0,0.0292580099062995,0.1595758918003364,0.015203954263731,0.1386586681913724,0.0,0.6240000000000004,0.6,False,,0.7690605826643441
rb_018,window_median,0.05,quarter_rank,12,6,residual_correlation,Ridge,3.0,0.9,0.001,20.0,smooth_80_20,linear,2.0,0.55,pure_stagewise_score,20,prev_70_30,none,-0.0725035372491518,0.1543553468241593,0.0717572494237452,0.8940894236611044,0.5382541169726168,0.4013948156839588,4.845853570280767,0.3079847243236848,0.4857152854192962,0.0,0.9375000000000004,0.75,0.0144193638141156,0.0786639662233733,0.0024159300113356,0.0416858076741778,0.0,0.6700000000000003,0.4,False,,0.31506188592699436
rb_018,window_median,0.05,quarter_rank,12,6,residual_correlation,Ridge,3.0,0.9,0.001,20.0,smooth_80_20,linear,2.0,0.55,pure_stagewise_score,20,prev_70_30,buffer,-0.0725035372491518,0.1543553468241593,0.0717572494237452,0.8940894236611044,0.5382541169726168,0.4034378272723269,4.99705055745586,0.3113564338011658,0.4857583715043213,0.0,0.8875000000000004,0.75,0.0265299376374938,0.1397191389772015,0.0139578153808501,0.1115888117352048,0.0,0.6300000000000002,0.6,False,,0.35204350358114767
rb_018,window_median,0.05,quarter_rank,12,6,residual_correlation,Ridge,3.0,0.9,0.001,20.0,smooth_80_20,linear,2.0,0.55,pure_stagewise_score,30,prev_70_30,none,-0.0725035372491518,0.1543553468241593,0.0717572494237452,0.8940894236611044,0.5382541169726168,0.4341717633305679,4.584299387263467,0.2965827230160472,0.8030663799597562,0.0,0.8916666666666677,0.75,0.0171665281981927,0.0858914562589736,0.0041678500991472,0.0682818601410862,0.0,0.6600000000000004,0.6,False,,0.40631456677046984
rb_018,window_median,0.05,quarter_rank,12,6,residual_correlation,Ridge,3.0,0.9,0.001,20.0,smooth_80_20,linear,2.0,0.55,pure_stagewise_score,30,prev_70_30,buffer,-0.0725035372491518,0.1543553468241593,0.0717572494237452,0.8940894236611044,0.5382541169726168,0.4348759978678556,4.614543861113914,0.2975181176623189,0.8022573615664554,0.0,0.8833333333333344,0.75,0.0314390691217818,0.1558586391641329,0.0184204722292191,0.140874660369333,0.0,0.6400000000000003,0.6,False,,0.4126441889879561
rb_018,window_median,0.05,quarter_rank,12,6,residual_correlation,Ridge,3.0,0.9,0.001,20.0,smooth_80_20,linear,2.0,0.55,pure_stagewise_score,50,prev_70_30,none,-0.0725035372491518,0.1543553468241593,0.0717572494237452,0.8940894236611044,0.5382541169726168,0.2712270969959571,3.416623239964514,0.1788253487338343,0.2259508453722918,0.0,0.8600000000000005,0.5,0.0118422518610963,0.0643659781851924,-0.0018827576959393,0.0300985818986828,0.0,0.6040000000000003,0.6,False,,0.18900816955493474
rb_018,window_median,0.05,quarter_rank,12,6,residual_correlation,Ridge,3.0,0.9,0.001,20.0,smooth_80_20,linear,2.0,0.55,pure_stagewise_score,20,trailing2_60_40,none,-0.0725035372491518,0.1543553468241593,0.0717572494237452,0.8940894236611044,0.5382541169726168,0.3429886729569447,4.81775484288953,0.2557920056552739,0.3768450041525654,0.0,0.9500000000000004,0.5,0.1471908617416601,0.8167635277451244,0.1270938779670801,0.771689239504506,0.0,0.7100000000000002,0.8,False,,0.23360858774821025
rb_018,window_median,0.05,quarter_rank,12,6,residual_correlation,Ridge,3.0,0.9,0.001,20.0,smooth_80_20,linear,2.0,0.55,pure_stagewise_score,20,trailing2_60_40,buffer,-0.0725035372491518,0.1543553468241593,0.0717572494237452,0.8940894236611044,0.5382541169726168,0.3218162565551898,4.483216125301024,0.233190004149638,0.3394060893749551,0.0,0.9250000000000004,0.5,0.1047067329372446,0.5717191718714754,0.0883518635905997,0.5356342558107742,0.0,0.6300000000000002,0.8,False,,0.22107918775732918
rb_018,window_median,0.05,quarter_rank,12,6,residual_correlation,Ridge,3.0,0.9,0.001,20.0,smooth_80_20,linear,2.0,0.55,pure_stagewise_score,30,trailing2_60_40,none,-0.0725035372491518,0.1543553468241593,0.0717572494237452,0.8940894236611044,0.5382541169726168,0.3319840374567604,3.6834355533601553,0.2296218838893922,0.396534134881462,0.0,0.9250000000000012,0.75,0.1220735872653331,0.808015070523557,0.1033581273063505,0.955585995159716,0.0,0.6533333333333339,0.8,False,,0.23051050507742757
rb_018,window_median,0.05,quarter_rank,12,6,residual_correlation,Ridge,3.0,0.9,0.001,20.0,smooth_80_20,linear,2.0,0.55,pure_stagewise_score,30,trailing2_60_40,buffer,-0.0725035372491518,0.1543553468241593,0.0717572494237452,0.8940894236611044,0.5382541169726168,0.3274810675044706,3.5061188107577514,0.2233006507490776,0.3913391851655264,0.0,0.916666666666668,0.75,0.1147193651049245,0.7691382878288265,0.0969003310321235,0.8517981542913404,0.0,0.6000000000000004,0.8,False,,0.22909220873352124
rb_018,window_median,0.05,quarter_rank,12,6,residual_correlation,Ridge,3.0,0.9,0.001,20.0,smooth_80_20,linear,2.0,0.55,pure_stagewise_score,50,trailing2_60_40,none,-0.0725035372491518,0.1543553468241593,0.0717572494237452,0.8940894236611044,0.5382541169726168,0.3381701368215926,2.882420008675202,0.2049616552222844,0.5645731406215171,-0.0046589805859477,0.9150000000000004,0.75,0.0808189796741534,0.5367737623918092,0.0655514994041819,0.5339649336445067,0.0,0.5640000000000004,0.6,False,,0.24853394694999204
rb_018,window_median,0.05,quarter_rank,12,6,residual_correlation,Ridge,3.0,0.9,0.001,20.0,smooth_80_20,linear,2.0,0.55,pure_promethee_score,20,none,none,-0.0725035372491518,0.1543553468241593,0.0717572494237452,0.8940894236611044,0.5382541169726168,-0.1765077783394765,-0.6580283387819391,-0.3598132475512404,-1.1016224549929494,-0.2219175404457358,0.3125,0.25,-0.2042942905542105,-2.5010169049854625,-0.2316083035708078,-1.9000512589986127,-0.1700879409288181,0.5000000000000001,0.0,False,,-0.3953411720971053
rb_018,window_median,0.05,quarter_rank,12,6,residual_correlation,Ridge,3.0,0.9,0.001,20.0,smooth_80_20,linear,2.0,0.55,pure_promethee_score,20,none,buffer,-0.0725035372491518,0.1543553468241593,0.0717572494237452,0.8940894236611044,0.5382541169726168,-0.0960006220755796,-0.3072062297940749,-0.2636386870898903,-0.5631401550580879,-0.2089559155823507,0.1374999999999999,0.25,-0.154298232294113,-1.745436841177953,-0.1732314581541776,-1.270934540456488,-0.1171453581794635,0.34,0.2,False,,-0.057871929687115686
rb_018,window_median,0.05,quarter_rank,12,6,residual_correlation,Ridge,3.0,0.9,0.001,20.0,smooth_80_20,linear,2.0,0.55,pure_promethee_score,30,none,none,-0.0725035372491518,0.1543553468241593,0.0717572494237452,0.8940894236611044,0.5382541169726168,-0.0670899243113857,-0.2281378469823821,-0.2273027898430611,-0.5421185128268932,-0.2033566459273594,0.2416666666666666,0.25,-0.2095575176107976,-2.342508345150291,-0.2388748247590737,-2.3235539334760915,-0.1665210631956488,0.3999999999999999,0.0,False,,-0.08582678996813409
rb_018,window_median,0.05,quarter_rank,12,6,residual_correlation,Ridge,3.0,0.9,0.001,20.0,smooth_80_20,linear,2.0,0.55,pure_promethee_score,30,none,buffer,-0.0725035372491518,0.1543553468241593,0.0717572494237452,0.8940894236611044,0.5382541169726168,-0.1035404490674128,-0.3369730604433988,-0.2725362857757822,-0.6029601831384916,-0.2172195005335326,0.1166666666666666,0.25,-0.2028892331619687,-2.132319330672304,-0.2318565880086638,-2.9904818320733284,-0.1496314399865437,0.3133333333333333,0.0,False,,-0.06677338790529105
rb_018,window_median,0.05,quarter_rank,12,6,residual_correlation,Ridge,3.0,0.9,0.001,20.0,smooth_80_20,linear,2.0,0.55,pure_promethee_score,50,none,none,-0.0725035372491518,0.1543553468241593,0.0717572494237452,0.8940894236611044,0.5382541169726168,-0.0329938695071141,-0.1109397049331071,-0.1948986476668996,-0.4533958282721648,-0.2020568442759178,0.175,0.25,-0.2094077555559645,-1.891360262193544,-0.2407061979822791,-4.242145808726452,-0.1491153169575998,0.3440000000000001,0.0,False,,0.010228544422327027
rb_018,window_median,0.05,quarter_rank,12,6,residual_correlation,Ridge,3.0,0.9,0.001,20.0,smooth_80_20,linear,2.0,0.55,pure_promethee_score,20,prev_70_30,none,-0.0725035372491518,0.1543553468241593,0.0717572494237452,0.8940894236611044,0.5382541169726168,-0.1471922446555222,-0.51409803952121,-0.3080761657224254,-0.7648636984658116,-0.2153111376498171,0.2375,0.25,-0.2087830089889975,-2.367469119376093,-0.2374994188902691,-2.1064111641711745,-0.1554810137555801,0.36,0.0,False,,-0.21649111563633716
rb_018,window_median,0.05,quarter_rank,12,6,residual_correlation,Ridge,3.0,0.9,0.001,20.0,smooth_80_20,linear,2.0,0.55,pure_promethee_score,20,prev_70_30,buffer,-0.0725035372491518,0.1543553468241593,0.0717572494237452,0.8940894236611044,0.5382541169726168,-0.0965759357433934,-0.3495022165558677,-0.2614483528763176,-0.71212556849928,-0.2017779213949327,0.075,0.25,-0.188495827433718,-2.3479359046594324,-0.213581376532509,-2.0395720742723937,-0.1434970054900264,0.27,0.0,False,,-0.041779233449387485
rb_018,window_median,0.05,quarter_rank,12,6,residual_correlation,Ridge,3.0,0.9,0.001,20.0,smooth_80_20,linear,2.0,0.55,pure_promethee_score,30,prev_70_30,none,-0.0725035372491518,0.1543553468241593,0.0717572494237452,0.8940894236611044,0.5382541169726168,-0.1051507181653318,-0.3480320265969231,-0.2571491325817093,-0.5791473030783187,-0.2078168861638031,0.15,0.25,-0.2291447611130178,-2.2365012884485127,-0.2637834504322807,-3.641748835540746,-0.1761949997197506,0.3333333333333333,0.0,False,,-0.06305103355933445
rb_018,window_median,0.05,quarter_rank,12,6,residual_correlation,Ridge,3.0,0.9,0.001,20.0,smooth_80_20,linear,2.0,0.55,pure_promethee_score,30,prev_70_30,buffer,-0.0725035372491518,0.1543553468241593,0.0717572494237452,0.8940894236611044,0.5382541169726168,-0.0924188623737438,-0.2869250228072995,-0.2443783922503578,-0.4935794740966884,-0.2115367412281129,0.0833333333333333,0.25,-0.2211443898702096,-2.340062853709301,-0.2535804312767422,-3.153600496566746,-0.1703587510322889,0.2466666666666666,0.0,False,,0.010462051895027871
rb_018,window_median,0.05,quarter_rank,12,6,residual_correlation,Ridge,3.0,0.9,0.001,20.0,smooth_80_20,linear,2.0,0.55,pure_promethee_score,50,prev_70_30,none,-0.0725035372491518,0.1543553468241593,0.0717572494237452,0.8940894236611044,0.5382541169726168,-0.0544423948626779,-0.1687805713050335,-0.2052103764952299,-0.4134225249945292,-0.2063725026388099,0.14,0.25,-0.1948840313744215,-1.7872558254878257,-0.2233040523663155,-3.457139416042469,-0.133059420383474,0.244,0.0,False,,0.03018667769160005
rb_018,window_median,0.05,quarter_rank,12,6,residual_correlation,Ridge,3.0,0.9,0.001,20.0,smooth_80_20,linear,2.0,0.55,pure_promethee_score,20,trailing2_60_40,none,-0.0725035372491518,0.1543553468241593,0.0717572494237452,0.8940894236611044,0.5382541169726168,-0.1468987836829317,-0.5019094904661469,-0.3121361921008825,-0.7510337732978517,-0.2195838363685709,0.2249999999999999,0.25,-0.2275069706533304,-2.842645745048002,-0.2593509494052999,-2.1502275504148427,-0.1693836870678362,0.2799999999999999,0.0,False,,-0.21173303258653675
rb_018,window_median,0.05,quarter_rank,12,6,residual_correlation,Ridge,3.0,0.9,0.001,20.0,smooth_80_20,linear,2.0,0.55,pure_promethee_score,20,trailing2_60_40,buffer,-0.0725035372491518,0.1543553468241593,0.0717572494237452,0.8940894236611044,0.5382541169726168,-0.0892457280497696,-0.2960599021090179,-0.2560407231311843,-0.5859929379426039,-0.2116293569875177,0.0875,0.25,-0.2180548492432737,-2.8543830653610804,-0.2476552015689614,-1.9722255623935605,-0.170213350468532,0.19,0.0,False,,-0.023939720443564863
rb_018,window_median,0.05,quarter_rank,12,6,residual_correlation,Ridge,3.0,0.9,0.001,20.0,smooth_80_20,linear,2.0,0.55,pure_promethee_score,30,trailing2_60_40,none,-0.0725035372491518,0.1543553468241593,0.0717572494237452,0.8940894236611044,0.5382541169726168,-0.0932211377069581,-0.3096068641590113,-0.2484618992293201,-0.5645673372548214,-0.2082661912198781,0.1416666666666666,0.25,-0.2225842159835528,-2.477310579087898,-0.2550194919131325,-3.070908770426433,-0.1640349380487181,0.24,0.0,False,,-0.046369661499309
rb_018,window_median,0.05,quarter_rank,12,6,residual_correlation,Ridge,3.0,0.9,0.001,20.0,smooth_80_20,linear,2.0,0.55,pure_promethee_score,30,trailing2_60_40,buffer,-0.0725035372491518,0.1543553468241593,0.0717572494237452,0.8940894236611044,0.5382541169726168,-0.0836076454291153,-0.2518599057263996,-0.2361364939394787,-0.4524765411332374,-0.2129345716486723,0.0916666666666666,0.25,-0.2378445030032312,-2.8124202357668446,-0.2730263008301675,-2.849532190736765,-0.1838787338006486,0.1533333333333333,0.0,False,,0.020709987825581477
rb_018,window_median,0.05,quarter_rank,12,6,residual_correlation,Ridge,3.0,0.9,0.001,20.0,smooth_80_20,linear,2.0,0.55,pure_promethee_score,50,trailing2_60_40,none,-0.0725035372491518,0.1543553468241593,0.0717572494237452,0.8940894236611044,0.5382541169726168,-0.0636204397340043,-0.190371923328826,-0.2193962499475026,-0.4126532067501308,-0.2153621577782909,0.1149999999999999,0.25,-0.2077561781742678,-1.676138135281117,-0.2395925349372454,-7.538271497656726,-0.1277915666100129,0.196,0.0,False,,0.027727278226638535
rb_018,window_median,0.05,quarter_rank,12,6,residual_correlation,Ridge,3.0,0.9,0.001,20.0,smooth_80_20,linear,2.0,0.55,hybrid_score_70_30,20,none,none,-0.0725035372491518,0.1543553468241593,0.0717572494237452,0.8940894236611044,0.5382541169726168,0.0074569598843308,0.0227861382005396,-0.1416256408993534,-0.2777611475133315,-0.2257494827328522,0.8625000000000004,0.5,0.0100706927352649,0.0484702602022995,-0.0041141314883284,0.037437445389435,-0.0178739897472355,0.4800000000000001,0.6,False,,-0.3826187426961351
rb_018,window_median,0.05,quarter_rank,12,6,residual_correlation,Ridge,3.0,0.9,0.001,20.0,smooth_80_20,linear,2.0,0.55,hybrid_score_70_30,20,none,buffer,-0.0725035372491518,0.1543553468241593,0.0717572494237452,0.8940894236611044,0.5382541169726168,0.055300030235216,0.1707112869516106,-0.1204629131815538,-0.2094625598007862,-0.2002988029875797,0.8000000000000003,0.5,-0.0208978484976063,-0.1020951161472429,-0.0336439538492774,-0.1221939072607812,-0.0254183382794422,0.4000000000000001,0.4,False,,-0.28746768004574197
rb_018,window_median,0.05,quarter_rank,12,6,residual_correlation,Ridge,3.0,0.9,0.001,20.0,smooth_80_20,linear,2.0,0.55,hybrid_score_70_30,30,none,none,-0.0725035372491518,0.1543553468241593,0.0717572494237452,0.8940894236611044,0.5382541169726168,0.0582879342024191,0.1931546294861417,-0.0831089897339973,-0.2085626040843884,-0.1867428056445107,0.8083333333333341,0.5,0.0094561063092271,0.0469565512300793,-0.0047340902959308,0.0285026643280268,-0.0186163400014787,0.4466666666666669,0.4,False,,-0.24854366968072372
rb_018,window_median,0.05,quarter_rank,12,6,residual_correlation,Ridge,3.0,0.9,0.001,20.0,smooth_80_20,linear,2.0,0.55,hybrid_score_70_30,30,none,buffer,-0.0725035372491518,0.1543553468241593,0.0717572494237452,0.8940894236611044,0.5382541169726168,0.0386007320692649,0.1271378554214369,-0.0874412615466905,-0.2333418556858217,-0.1872690093596803,0.7166666666666673,0.25,-0.0137173820038879,-0.0662379106334028,-0.0276839619947036,-0.0927106750592621,-0.037089858719134,0.4066666666666669,0.4,False,,-0.19647187211951686
rb_018,window_median,0.05,quarter_rank,12,6,residual_correlation,Ridge,3.0,0.9,0.001,20.0,smooth_80_20,linear,2.0,0.55,hybrid_score_70_30,50,none,none,-0.0725035372491518,0.1543553468241593,0.0717572494237452,0.8940894236611044,0.5382541169726168,0.0489613851168997,0.1905512229900983,-0.0542939755965328,-0.2581268935278043,-0.1575537340018155,0.7250000000000003,0.25,-0.0399712268683901,-0.2130017416515124,-0.0546131383628605,-0.3124196618875812,-0.0263607172117098,0.4080000000000002,0.4,False,,-0.15585933726043838
rb_018,window_median,0.05,quarter_rank,12,6,residual_correlation,Ridge,3.0,0.9,0.001,20.0,smooth_80_20,linear,2.0,0.55,hybrid_score_70_30,20,prev_70_30,none,-0.0725035372491518,0.1543553468241593,0.0717572494237452,0.8940894236611044,0.5382541169726168,-0.0617959829612463,-0.1917448506969289,-0.1376121206576511,-0.3481463242852939,-0.1805750674955268,0.6625000000000002,0.25,-0.0005670422861776,-0.0029380404224332,-0.0145180133275371,-0.0392966194709018,-0.0203613436644507,0.4800000000000001,0.4,False,,-0.22756066050267648
rb_018,window_median,0.05,quarter_rank,12,6,residual_correlation,Ridge,3.0,0.9,0.001,20.0,smooth_80_20,linear,2.0,0.55,hybrid_score_70_30,20,prev_70_30,buffer,-0.0725035372491518,0.1543553468241593,0.0717572494237452,0.8940894236611044,0.5382541169726168,-0.0569009678482291,-0.1688905759346451,-0.1311101114820399,-0.3204184866017622,-0.1729444084797265,0.6125000000000003,0.25,-0.0021199791991148,-0.0108993340521861,-0.0146643008195209,-0.0405560708662319,-0.010682043798716,0.4200000000000001,0.4,False,,-0.17611703383659158
rb_018,window_median,0.05,quarter_rank,12,6,residual_correlation,Ridge,3.0,0.9,0.001,20.0,smooth_80_20,linear,2.0,0.55,hybrid_score_70_30,30,prev_70_30,none,-0.0725035372491518,0.1543553468241593,0.0717572494237452,0.8940894236611044,0.5382541169726168,-0.0142784637969147,-0.0438537590373036,-0.1288118310295218,-0.2917746716203789,-0.2174206463796449,0.6166666666666671,0.25,-0.0013643695444842,-0.0063640812112676,-0.0153152401336199,-0.0188001459532869,-0.0288442450237039,0.4466666666666669,0.4,False,,-0.20163075280201168
rb_018,window_median,0.05,quarter_rank,12,6,residual_correlation,Ridge,3.0,0.9,0.001,20.0,smooth_80_20,linear,2.0,0.55,hybrid_score_70_30,30,prev_70_30,buffer,-0.0725035372491518,0.1543553468241593,0.0717572494237452,0.8940894236611044,0.5382541169726168,-0.0343132274980972,-0.105406808258113,-0.1482297768537063,-0.3271542410231934,-0.2198862154975269,0.5916666666666671,0.25,-0.0111946353923736,-0.0520493179636486,-0.0248020455748545,-0.0658077209655305,-0.034800456265122,0.3733333333333335,0.4,False,,-0.21246198473903258
rb_018,window_median,0.05,quarter_rank,12,6,residual_correlation,Ridge,3.0,0.9,0.001,20.0,smooth_80_20,linear,2.0,0.55,hybrid_score_70_30,50,prev_70_30,none,-0.0725035372491518,0.1543553468241593,0.0717572494237452,0.8940894236611044,0.5382541169726168,-0.0906886886346292,-0.3477408127952145,-0.1993371585899933,-0.5670374344176956,-0.1966946691963325,0.5800000000000003,0.25,-0.0428372895170298,-0.2241838118731228,-0.0570774314608111,-0.3011512937770307,-0.0303329639709437,0.3760000000000001,0.4,False,,-0.28952688774744695
rb_018,window_median,0.05,quarter_rank,12,6,residual_correlation,Ridge,3.0,0.9,0.001,20.0,smooth_80_20,linear,2.0,0.55,hybrid_score_70_30,20,trailing2_60_40,none,-0.0725035372491518,0.1543553468241593,0.0717572494237452,0.8940894236611044,0.5382541169726168,-0.0693744144512784,-0.2504820781213074,-0.1979313242385839,-0.5214222095592761,-0.1837948759172721,0.7500000000000003,0.25,0.0048712799915695,0.0235303070871406,-0.0078046726343901,0.0047663671101263,-0.0184639672931354,0.4200000000000001,0.4,False,,-0.3839804149829187
rb_018,window_median,0.05,quarter_rank,12,6,residual_correlation,Ridge,3.0,0.9,0.001,20.0,smooth_80_20,linear,2.0,0.55,hybrid_score_70_30,20,trailing2_60_40,buffer,-0.0725035372491518,0.1543553468241593,0.0717572494237452,0.8940894236611044,0.5382541169726168,-0.0805399451452327,-0.2892673491900405,-0.2003606390140803,-0.5222687825386348,-0.1785293193193985,0.6375000000000003,0.25,-0.0095306540789801,-0.0463731580091319,-0.0216951378956974,-0.0627665735391209,-0.0239789455377207,0.37,0.4,False,,-0.30662619363212734
rb_018,window_median,0.05,quarter_rank,12,6,residual_correlation,Ridge,3.0,0.9,0.001,20.0,smooth_80_20,linear,2.0,0.55,hybrid_score_70_30,30,trailing2_60_40,none,-0.0725035372491518,0.1543553468241593,0.0717572494237452,0.8940894236611044,0.5382541169726168,-0.08950247521072,-0.2945548350003814,-0.2221545574435587,-0.5001163300936943,-0.1974845998642014,0.6500000000000005,0.25,0.0018777792496293,0.0090020468129745,-0.0117386578372372,-0.0083867043940931,-0.0234221338503684,0.3933333333333335,0.4,False,,-0.34377514262224484
rb_018,window_median,0.05,quarter_rank,12,6,residual_correlation,Ridge,3.0,0.9,0.001,20.0,smooth_80_20,linear,2.0,0.55,hybrid_score_70_30,30,trailing2_60_40,buffer,-0.0725035372491518,0.1543553468241593,0.0717572494237452,0.8940894236611044,0.5382541169726168,-0.087257071416824,-0.2840104535584459,-0.2043655958633483,-0.4627083497504384,-0.185707749805096,0.5916666666666671,0.25,0.0309383427609915,0.1558657757147794,0.0164411945792239,0.1428310256167958,-0.0185426579961266,0.3333333333333334,0.4,False,,-0.271092272269727
rb_018,window_median,0.05,quarter_rank,12,6,residual_correlation,Ridge,3.0,0.9,0.001,20.0,smooth_80_20,linear,2.0,0.55,hybrid_score_70_30,50,trailing2_60_40,none,-0.0725035372491518,0.1543553468241593,0.0717572494237452,0.8940894236611044,0.5382541169726168,-0.0627090538892299,-0.2013670272034569,-0.187755048574474,-0.4177741978402928,-0.1887126975450186,0.5750000000000003,0.25,-0.0383825371875412,-0.1986338388171502,-0.0525891276434038,-0.2701797423717665,-0.0168806464176589,0.324,0.4,False,,-0.2363982219383421
rb_018,window_median,0.05,quarter_rank,12,6,residual_correlation,Ridge,3.0,0.9,0.001,20.0,smooth_80_20,linear,2.0,0.55,hybrid_score_50_50,20,none,none,-0.0725035372491518,0.1543553468241593,0.0717572494237452,0.8940894236611044,0.5382541169726168,0.2936011112731491,1.4340262383561102,0.3099196242037222,0.1452595184954404,-0.0614397745619359,0.9875000000000004,0.75,-0.0369959809672891,-0.1673248136562922,-0.0495224937908257,-0.1665205121361284,-0.0576783517686696,0.5200000000000001,0.6,False,,0.16385035989393182
rb_018,window_median,0.05,quarter_rank,12,6,residual_correlation,Ridge,3.0,0.9,0.001,20.0,smooth_80_20,linear,2.0,0.55,hybrid_score_50_50,20,none,buffer,-0.0725035372491518,0.1543553468241593,0.0717572494237452,0.8940894236611044,0.5382541169726168,0.2944220361177547,1.441630707941648,0.310164304119471,0.1464900954057895,-0.0608441601947974,0.9625000000000004,0.75,-0.0153454348703224,-0.0680761257126624,-0.0265546546961124,-0.0622100510309975,-0.0571282709411991,0.4300000000000001,0.6,False,,0.1816853057610947
rb_018,window_median,0.05,quarter_rank,12,6,residual_correlation,Ridge,3.0,0.9,0.001,20.0,smooth_80_20,linear,2.0,0.55,hybrid_score_50_50,30,none,none,-0.0725035372491518,0.1543553468241593,0.0717572494237452,0.8940894236611044,0.5382541169726168,0.3214138049784922,1.4352907144062743,0.2885125387046683,0.1990727969927571,-0.0430627671593627,0.9583333333333346,0.75,0.0127791085901853,0.0566582529855648,0.0004471047409924,0.0532260537568774,-0.0327836910015231,0.5133333333333335,0.4,False,,0.1885415248530306
rb_018,window_median,0.05,quarter_rank,12,6,residual_correlation,Ridge,3.0,0.9,0.001,20.0,smooth_80_20,linear,2.0,0.55,hybrid_score_50_50,30,none,buffer,-0.0725035372491518,0.1543553468241593,0.0717572494237452,0.8940894236611044,0.5382541169726168,0.306833818071913,1.402844084490044,0.279898545750349,0.1779565478865129,-0.0451343139815034,0.941666666666668,0.75,0.0177639105089668,0.0789804465423165,0.005329599521789,0.0744447637243355,-0.0297822030159429,0.4333333333333335,0.6,False,,0.18561178318101773
rb_018,window_median,0.05,quarter_rank,12,6,residual_correlation,Ridge,3.0,0.9,0.001,20.0,smooth_80_20,linear,2.0,0.55,hybrid_score_50_50,50,none,none,-0.0725035372491518,0.1543553468241593,0.0717572494237452,0.8940894236611044,0.5382541169726168,0.2807687015279396,1.3515674182282122,0.2429766234987454,0.1479432661960467,-0.0433820372951516,0.9350000000000008,0.75,-0.00528847548597,-0.0284911776946985,-0.0195080933725892,-0.0837547761080021,-0.0286858674000975,0.4720000000000002,0.4,False,,0.15021186403184664
rb_018,window_median,0.05,quarter_rank,12,6,residual_correlation,Ridge,3.0,0.9,0.001,20.0,smooth_80_20,linear,2.0,0.55,hybrid_score_50_50,20,prev_70_30,none,-0.0725035372491518,0.1543553468241593,0.0717572494237452,0.8940894236611044,0.5382541169726168,0.265272581686198,1.036856960766121,0.3030757893603187,0.1071200969203416,-0.09195310100022,0.9500000000000004,0.75,-0.008309326625016,-0.0410341501258017,-0.020599050304771,-0.0610434742039856,-0.0591117968474357,0.5500000000000002,0.6,False,,0.15288942965436572
rb_018,window_median,0.05,quarter_rank,12,6,residual_correlation,Ridge,3.0,0.9,0.001,20.0,smooth_80_20,linear,2.0,0.55,hybrid_score_50_50,20,prev_70_30,buffer,-0.0725035372491518,0.1543553468241593,0.0717572494237452,0.8940894236611044,0.5382541169726168,0.2549937009739003,0.9733804267698766,0.3000453669717473,0.0947362723471226,-0.0993299349655557,0.9250000000000004,0.75,0.0234602857334631,0.1083823733082331,0.0101454264995853,0.0974999522794619,-0.0448204574362982,0.4600000000000001,0.6,False,,0.15902982877894026
rb_018,window_median,0.05,quarter_rank,12,6,residual_correlation,Ridge,3.0,0.9,0.001,20.0,smooth_80_20,linear,2.0,0.55,hybrid_score_50_50,30,prev_70_30,none,-0.0725035372491518,0.1543553468241593,0.0717572494237452,0.8940894236611044,0.5382541169726168,0.1874825310853487,0.8558445330158894,0.1941347880222668,0.0036659665204393,-0.078302135482961,0.916666666666668,0.5,0.0239140644685522,0.1097200057903206,0.0108359145073398,0.1009602864655692,-0.0340705042765657,0.506666666666667,0.6,False,,0.0603114446021053
rb_018,window_median,0.05,quarter_rank,12,6,residual_correlation,Ridge,3.0,0.9,0.001,20.0,smooth_80_20,linear,2.0,0.55,hybrid_score_50_50,30,prev_70_30,buffer,-0.0725035372491518,0.1543553468241593,0.0717572494237452,0.8940894236611044,0.5382541169726168,0.1433034477400665,0.6641182058720666,0.1661864038480346,-0.0607925621629305,-0.0928900202419407,0.875000000000001,0.5,-0.0065027827017067,-0.0308457779082526,-0.0199356574543088,-0.0468383374398553,-0.0321113164273967,0.4000000000000002,0.6,False,,0.03779124916333132
rb_018,window_median,0.05,quarter_rank,12,6,residual_correlation,Ridge,3.0,0.9,0.001,20.0,smooth_80_20,linear,2.0,0.55,hybrid_score_50_50,50,prev_70_30,none,-0.0725035372491518,0.1543553468241593,0.0717572494237452,0.8940894236611044,0.5382541169726168,0.097654077962179,0.6401897129646675,0.0548853899980791,-0.2082863378575209,-0.0555538728598193,0.8100000000000005,0.5,-0.0479272550179146,-0.2361302540228071,-0.0618358837970379,-0.2781638706684707,-0.0402027637321258,0.4120000000000002,0.4,False,,-0.02876593381015431
rb_018,window_median,0.05,quarter_rank,12,6,residual_correlation,Ridge,3.0,0.9,0.001,20.0,smooth_80_20,linear,2.0,0.55,hybrid_score_50_50,20,trailing2_60_40,none,-0.0725035372491518,0.1543553468241593,0.0717572494237452,0.8940894236611044,0.5382541169726168,0.1867985730080983,1.0367588522812332,0.175809999806224,-0.0082127180160701,-0.013277142941914,0.8875000000000004,0.5,0.0122939796296956,0.0608922276907977,-0.0007173185834965,0.0372095257029984,-0.0406506678204963,0.4900000000000001,0.4,False,,0.10596658274111781
rb_018,window_median,0.05,quarter_rank,12,6,residual_correlation,Ridge,3.0,0.9,0.001,20.0,smooth_80_20,linear,2.0,0.55,hybrid_score_50_50,20,trailing2_60_40,buffer,-0.0725035372491518,0.1543553468241593,0.0717572494237452,0.8940894236611044,0.5382541169726168,0.1780313534387567,0.9793148054737706,0.1700492095192986,-0.0222097457003556,-0.0126408252448054,0.8500000000000004,0.5,0.0124099642649482,0.0597458576634806,-0.0001279677979014,0.0397708193479421,-0.0542797115205746,0.3900000000000001,0.4,False,,0.12328450715431202
rb_018,window_median,0.05,quarter_rank,12,6,residual_correlation,Ridge,3.0,0.9,0.001,20.0,smooth_80_20,linear,2.0,0.55,hybrid_score_50_50,30,trailing2_60_40,none,-0.0725035372491518,0.1543553468241593,0.0717572494237452,0.8940894236611044,0.5382541169726168,0.0766838977559021,0.4194787627918242,0.0674508128837386,-0.2005761370397062,-0.0486603534699414,0.8333333333333343,0.5,0.0033419669749392,0.0164225341762875,-0.0099565994457641,-0.0051088884284758,-0.0411557722063925,0.4333333333333335,0.4,False,,-0.026268632338246112
rb_018,window_median,0.05,quarter_rank,12,6,residual_correlation,Ridge,3.0,0.9,0.001,20.0,smooth_80_20,linear,2.0,0.55,hybrid_score_50_50,30,trailing2_60_40,buffer,-0.0725035372491518,0.1543553468241593,0.0717572494237452,0.8940894236611044,0.5382541169726168,0.0826024168092025,0.4397856580196672,0.0734308516228008,-0.1862260886512495,-0.0486603534699414,0.8083333333333342,0.5,0.0140624390994545,0.0677265870388184,0.0005610832123872,0.0498588775619353,-0.0464836262710058,0.3800000000000001,0.4,False,,-0.0005723709420466395
rb_018,window_median,0.05,quarter_rank,12,6,residual_correlation,Ridge,3.0,0.9,0.001,20.0,smooth_80_20,linear,2.0,0.55,hybrid_score_50_50,50,trailing2_60_40,none,-0.0725035372491518,0.1543553468241593,0.0717572494237452,0.8940894236611044,0.5382541169726168,0.0779413003469027,0.4319661321929581,0.0362949760942835,-0.2255368724673946,-0.0676617498007863,0.8050000000000004,0.5,-0.0102684282047885,-0.0515257441632606,-0.0236604739271806,-0.0822748343998988,-0.0315838431633231,0.3880000000000001,0.4,False,,-0.05507897597765938
rb_018,window_median,0.05,quarter_rank,12,6,residual_correlation,Ridge,3.0,0.9,0.001,20.0,smooth_80_20,linear,2.0,0.55,hybrid_score_30_70,20,none,none,-0.0725035372491518,0.1543553468241593,0.0717572494237452,0.8940894236611044,0.5382541169726168,0.4793530334364368,2.509482691796876,0.3724946746741059,0.491603646431784,0.0,0.9875000000000004,0.75,-0.0221883786757856,-0.1033742439817536,-0.0333540444409639,-0.1029127874001419,-0.0434271311899675,0.5800000000000002,0.4,False,,0.342719007296271
rb_018,window_median,0.05,quarter_rank,12,6,residual_correlation,Ridge,3.0,0.9,0.001,20.0,smooth_80_20,linear,2.0,0.55,hybrid_score_30_70,20,none,buffer,-0.0725035372491518,0.1543553468241593,0.0717572494237452,0.8940894236611044,0.5382541169726168,0.4793530334364368,2.509482691796876,0.3724946746741059,0.491603646431784,0.0,0.9875000000000004,0.75,-0.0101668405488876,-0.0473873617474759,-0.0209543602325147,-0.0504599824225191,-0.0361276227194617,0.5100000000000001,0.6,False,,0.342719007296271
rb_018,window_median,0.05,quarter_rank,12,6,residual_correlation,Ridge,3.0,0.9,0.001,20.0,smooth_80_20,linear,2.0,0.55,hybrid_score_30_70,30,none,none,-0.0725035372491518,0.1543553468241593,0.0717572494237452,0.8940894236611044,0.5382541169726168,0.4154859063565155,2.3040295524916,0.354450389631327,0.3574566237450755,0.0,0.9750000000000012,0.75,-0.0034400256746124,-0.0154680047527672,-0.0150162990918135,-0.0168482635304784,-0.0418328214501924,0.5666666666666669,0.6,False,,0.3043844424569445
rb_018,window_median,0.05,quarter_rank,12,6,residual_correlation,Ridge,3.0,0.9,0.001,20.0,smooth_80_20,linear,2.0,0.55,hybrid_score_30_70,30,none,buffer,-0.0725035372491518,0.1543553468241593,0.0717572494237452,0.8940894236611044,0.5382541169726168,0.4129140666356155,2.273964933713064,0.3537034758585347,0.3514560582309596,-0.0011295627275325,0.966666666666668,0.75,-0.0174643855672361,-0.0798474633035338,-0.0295819661560945,-0.0826010973148869,-0.0473219668233071,0.4866666666666669,0.6,False,,0.3071921455349243
rb_018,window_median,0.05,quarter_rank,12,6,residual_correlation,Ridge,3.0,0.9,0.001,20.0,smooth_80_20,linear,2.0,0.55,hybrid_score_30_70,50,none,none,-0.0725035372491518,0.1543553468241593,0.0717572494237452,0.8940894236611044,0.5382541169726168,0.3523644785610851,2.550423096920231,0.3013617887912048,0.2814302959748015,0.0,0.9700000000000006,0.75,-0.0055700400317038,-0.0304945376948362,-0.017849754355716,-0.0718853618808534,-0.0471142218436195,0.5240000000000002,0.4,False,,0.24127063074599717
rb_018,window_median,0.05,quarter_rank,12,6,residual_correlation,Ridge,3.0,0.9,0.001,20.0,smooth_80_20,linear,2.0,0.55,hybrid_score_30_70,20,prev_70_30,none,-0.0725035372491518,0.1543553468241593,0.0717572494237452,0.8940894236611044,0.5382541169726168,0.397924578285733,2.8779621079140467,0.3479118680681102,0.3437448875965628,0.0,0.9500000000000004,0.75,0.0205459407780257,0.1026471965963611,0.0072912593545036,0.0815779835113492,-0.0380903580248166,0.6100000000000002,0.6,False,,0.3121370066777871
rb_018,window_median,0.05,quarter_rank,12,6,residual_correlation,Ridge,3.0,0.9,0.001,20.0,smooth_80_20,linear,2.0,0.55,hybrid_score_30_70,20,prev_70_30,buffer,-0.0725035372491518,0.1543553468241593,0.0717572494237452,0.8940894236611044,0.5382541169726168,0.3842097169381251,2.6611573763200216,0.3437663810359412,0.311251600836084,0.0,0.9500000000000004,0.75,0.0292796173204166,0.1395324809288058,0.0162337604260508,0.1176607081891322,-0.0632193966572149,0.5300000000000001,0.6,False,,0.3010132071645074
rb_018,window_median,0.05,quarter_rank,12,6,residual_correlation,Ridge,3.0,0.9,0.001,20.0,smooth_80_20,linear,2.0,0.55,hybrid_score_30_70,30,prev_70_30,none,-0.0725035372491518,0.1543553468241593,0.0717572494237452,0.8940894236611044,0.5382541169726168,0.3125743564182484,2.1238943930448486,0.2613144882694052,0.2168609688682747,0.0,0.9500000000000012,0.75,0.0118050257750101,0.0581215381927694,-0.0012536229495247,0.0379398283151923,-0.046550545133826,0.5133333333333335,0.6,False,,0.2030276123367755
rb_018,window_median,0.05,quarter_rank,12,6,residual_correlation,Ridge,3.0,0.9,0.001,20.0,smooth_80_20,linear,2.0,0.55,hybrid_score_30_70,30,prev_70_30,buffer,-0.0725035372491518,0.1543553468241593,0.0717572494237452,0.8940894236611044,0.5382541169726168,0.3075796162477771,2.117185338003137,0.2581683581994571,0.2075749332174035,0.0,0.9333333333333346,0.75,0.0041718125122374,0.0210881123448128,-0.0081996310687976,-0.0045585220330039,-0.0463216253884695,0.4666666666666669,0.6,False,,0.20929490100812492
rb_018,window_median,0.05,quarter_rank,12,6,residual_correlation,Ridge,3.0,0.9,0.001,20.0,smooth_80_20,linear,2.0,0.55,hybrid_score_30_70,50,prev_70_30,none,-0.0725035372491518,0.1543553468241593,0.0717572494237452,0.8940894236611044,0.5382541169726168,0.2166614378270852,2.031837002485478,0.1752777087038831,0.036448588579281,0.0,0.9450000000000008,0.75,-0.0156989178229176,-0.076332704203064,-0.0287376484153133,-0.0981354487667625,-0.0443640909518772,0.4960000000000003,0.6,False,,0.0858684240766872
rb_018,window_median,0.05,quarter_rank,12,6,residual_correlation,Ridge,3.0,0.9,0.001,20.0,smooth_80_20,linear,2.0,0.55,hybrid_score_30_70,20,trailing2_60_40,none,-0.0725035372491518,0.1543553468241593,0.0717572494237452,0.8940894236611044,0.5382541169726168,0.1339064520556598,1.2968874978704283,0.172707180557993,-0.1100563980989847,-0.0364048666913013,0.9750000000000004,0.5,0.0317174648427196,0.1561775448306396,0.0171543211892333,0.1529578080815028,-0.0300319314930872,0.5800000000000002,0.6,False,,0.0048858636585585175
rb_018,window_median,0.05,quarter_rank,12,6,residual_correlation,Ridge,3.0,0.9,0.001,20.0,smooth_80_20,linear,2.0,0.55,hybrid_score_30_70,20,trailing2_60_40,buffer,-0.0725035372491518,0.1543553468241593,0.0717572494237452,0.8940894236611044,0.5382541169726168,0.1339064520556598,1.2968874978704283,0.172707180557993,-0.1100563980989847,-0.0364048666913013,0.9750000000000004,0.5,0.0153101661963448,0.0750180019387681,0.0030116932700433,0.0529190577151883,-0.0508708846276096,0.4800000000000001,0.6,False,,0.0048858636585585175
rb_018,window_median,0.05,quarter_rank,12,6,residual_correlation,Ridge,3.0,0.9,0.001,20.0,smooth_80_20,linear,2.0,0.55,hybrid_score_30_70,30,trailing2_60_40,none,-0.0725035372491518,0.1543553468241593,0.0717572494237452,0.8940894236611044,0.5382541169726168,0.2643828397577654,1.9404046562793469,0.2090100428748519,0.138465300573853,-0.0039505464061874,0.9750000000000012,0.75,0.0286208114724351,0.1473956283567284,0.0142819929584135,0.1344324990767532,-0.0322164495706214,0.5000000000000003,0.6,False,,0.11704521801418645
rb_018,window_median,0.05,quarter_rank,12,6,residual_correlation,Ridge,3.0,0.9,0.001,20.0,smooth_80_20,linear,2.0,0.55,hybrid_score_30_70,30,trailing2_60_40,buffer,-0.0725035372491518,0.1543553468241593,0.0717572494237452,0.8940894236611044,0.5382541169726168,0.2643828397577654,1.9404046562793469,0.2090100428748519,0.138465300573853,-0.0039505464061874,0.966666666666668,0.75,0.0055257565017963,0.0260603555579785,-0.0082515809992672,0.0145744832122726,-0.0377963581677713,0.4066666666666668,0.6,False,,0.12268307867544964
rb_018,window_median,0.05,quarter_rank,12,6,residual_correlation,Ridge,3.0,0.9,0.001,20.0,smooth_80_20,linear,2.0,0.55,hybrid_score_30_70,50,trailing2_60_40,none,-0.0725035372491518,0.1543553468241593,0.0717572494237452,0.8940894236611044,0.5382541169726168,0.2293398418199803,1.5901018193178322,0.176866785650731,0.0686985170384671,-0.0154706496435809,0.9750000000000008,0.75,0.0227254021410896,0.1134173520838657,0.0095459565371808,0.0928231579424077,-0.0316862751619372,0.4200000000000002,0.6,False,,0.06339205570542367
rb_019,window_median,0.05,quarter_rank,12,6,residual_correlation,Ridge,10.0,0.9,0.001,20.0,smooth_80_20,linear,2.0,0.55,pure_stagewise_score,20,none,none,-0.0725176495578603,0.1543468633381849,0.0717463571520783,0.8941302550108278,0.5381080037498028,0.9421028955951232,4.47105004628782,0.5751265946441126,2.2196699896335867,0.0,0.9625000000000004,1.0,-0.01377193577296,-0.0691754847104967,-0.0265202804554084,-0.0974971907504854,0.0,0.6800000000000003,0.6,False,,0.9345729337763136
rb_019,window_median,0.05,quarter_rank,12,6,residual_correlation,Ridge,10.0,0.9,0.001,20.0,smooth_80_20,linear,2.0,0.55,pure_stagewise_score,20,none,buffer,-0.0725176495578603,0.1543468633381849,0.0717463571520783,0.8941302550108278,0.5381080037498028,0.9421028955951232,4.47105004628782,0.5751265946441126,2.2196699896335867,0.0,0.9625000000000004,1.0,-0.0203333760304827,-0.102576247305822,-0.0334911099604259,-0.1390634390974456,0.0,0.6200000000000002,0.6,False,,0.9345729337763136
rb_019,window_median,0.05,quarter_rank,12,6,residual_correlation,Ridge,10.0,0.9,0.001,20.0,smooth_80_20,linear,2.0,0.55,pure_stagewise_score,30,none,none,-0.0725176495578603,0.1543468633381849,0.0717463571520783,0.8941302550108278,0.5381080037498028,0.8467543022229151,5.92867690112137,0.5513120525716033,2.383038102265787,0.0,0.966666666666668,1.0,0.0298407406767435,0.1646569412512588,0.0155205240431757,0.1536970303064228,0.0,0.646666666666667,0.6,False,,0.9460295949721951
rb_019,window_median,0.05,quarter_rank,12,6,residual_correlation,Ridge,10.0,0.9,0.001,20.0,smooth_80_20,linear,2.0,0.55,pure_stagewise_score,30,none,buffer,-0.0725176495578603,0.1543468633381849,0.0717463571520783,0.8941302550108278,0.5381080037498028,0.8467543022229151,5.92867690112137,0.5513120525716033,2.383038102265787,0.0,0.966666666666668,1.0,0.0209694116284981,0.1196331977958656,0.0069238403417244,0.0931351136339297,0.0,0.6133333333333336,0.6,False,,0.9460295949721951
rb_019,window_median,0.05,quarter_rank,12,6,residual_correlation,Ridge,10.0,0.9,0.001,20.0,smooth_80_20,linear,2.0,0.55,pure_stagewise_score,50,none,none,-0.0725176495578603,0.1543468633381849,0.0717463571520783,0.8941302550108278,0.5381080037498028,0.6688519156299133,5.510302112776728,0.4405182249406479,2.048257624456252,0.0,0.9650000000000007,1.0,0.0292580099062995,0.1595758918003364,0.015203954263731,0.1386586681913724,0.0,0.6240000000000004,0.6,False,,0.7690465346679003
rb_019,window_median,0.05,quarter_rank,12,6,residual_correlation,Ridge,10.0,0.9,0.001,20.0,smooth_80_20,linear,2.0,0.55,pure_stagewise_score,20,prev_70_30,none,-0.0725176495578603,0.1543468633381849,0.0717463571520783,0.8941302550108278,0.5381080037498028,0.4013948156839588,4.845853570280767,0.3079847243236848,0.4857152854192962,0.0,0.9375000000000004,0.75,0.0144193638141156,0.0786639662233733,0.0024159300113356,0.0416858076741778,0.0,0.6700000000000003,0.4,False,,0.3150478379305506
rb_019,window_median,0.05,quarter_rank,12,6,residual_correlation,Ridge,10.0,0.9,0.001,20.0,smooth_80_20,linear,2.0,0.55,pure_stagewise_score,20,prev_70_30,buffer,-0.0725176495578603,0.1543468633381849,0.0717463571520783,0.8941302550108278,0.5381080037498028,0.4034378272723269,4.99705055745586,0.3113564338011658,0.4857583715043213,0.0,0.8875000000000004,0.75,0.0265299376374938,0.1397191389772015,0.0139578153808501,0.1115888117352048,0.0,0.6300000000000002,0.6,False,,0.3520294555847039
rb_019,window_median,0.05,quarter_rank,12,6,residual_correlation,Ridge,10.0,0.9,0.001,20.0,smooth_80_20,linear,2.0,0.55,pure_stagewise_score,30,prev_70_30,none,-0.0725176495578603,0.1543468633381849,0.0717463571520783,0.8941302550108278,0.5381080037498028,0.4341717633305679,4.584299387263467,0.2965827230160472,0.8030663799597562,0.0,0.8916666666666677,0.75,0.0171665281981927,0.0858914562589736,0.0041678500991472,0.0682818601410862,0.0,0.6600000000000004,0.6,False,,0.40630051877402606
rb_019,window_median,0.05,quarter_rank,12,6,residual_correlation,Ridge,10.0,0.9,0.001,20.0,smooth_80_20,linear,2.0,0.55,pure_stagewise_score,30,prev_70_30,buffer,-0.0725176495578603,0.1543468633381849,0.0717463571520783,0.8941302550108278,0.5381080037498028,0.4348759978678556,4.614543861113914,0.2975181176623189,0.8022573615664554,0.0,0.8833333333333344,0.75,0.0314390691217818,0.1558586391641329,0.0184204722292191,0.140874660369333,0.0,0.6400000000000003,0.6,False,,0.4126301409915123
rb_019,window_median,0.05,quarter_rank,12,6,residual_correlation,Ridge,10.0,0.9,0.001,20.0,smooth_80_20,linear,2.0,0.55,pure_stagewise_score,50,prev_70_30,none,-0.0725176495578603,0.1543468633381849,0.0717463571520783,0.8941302550108278,0.5381080037498028,0.2712270969959571,3.416623239964514,0.1788253487338343,0.2259508453722918,0.0,0.8600000000000005,0.5,0.0172723041606339,0.0963089185862862,0.0033828309853991,0.0634119583623728,0.0,0.6040000000000003,0.6,False,,0.18899412155849096
rb_019,window_median,0.05,quarter_rank,12,6,residual_correlation,Ridge,10.0,0.9,0.001,20.0,smooth_80_20,linear,2.0,0.55,pure_stagewise_score,20,trailing2_60_40,none,-0.0725176495578603,0.1543468633381849,0.0717463571520783,0.8941302550108278,0.5381080037498028,0.3429886729569447,4.81775484288953,0.2557920056552739,0.3768450041525654,0.0,0.9500000000000004,0.5,0.1471908617416601,0.8167635277451244,0.1270938779670801,0.771689239504506,0.0,0.7100000000000002,0.8,False,,0.23359453975176647
rb_019,window_median,0.05,quarter_rank,12,6,residual_correlation,Ridge,10.0,0.9,0.001,20.0,smooth_80_20,linear,2.0,0.55,pure_stagewise_score,20,trailing2_60_40,buffer,-0.0725176495578603,0.1543468633381849,0.0717463571520783,0.8941302550108278,0.5381080037498028,0.3218162565551898,4.483216125301024,0.233190004149638,0.3394060893749551,0.0,0.9250000000000004,0.5,0.1047067329372446,0.5717191718714754,0.0883518635905997,0.5356342558107742,0.0,0.6300000000000002,0.8,False,,0.2210651397608854
rb_019,window_median,0.05,quarter_rank,12,6,residual_correlation,Ridge,10.0,0.9,0.001,20.0,smooth_80_20,linear,2.0,0.55,pure_stagewise_score,30,trailing2_60_40,none,-0.0725176495578603,0.1543468633381849,0.0717463571520783,0.8941302550108278,0.5381080037498028,0.3319840374567604,3.6834355533601553,0.2296218838893922,0.396534134881462,0.0,0.9250000000000012,0.75,0.1220735872653331,0.808015070523557,0.1033581273063505,0.955585995159716,0.0,0.6533333333333339,0.8,False,,0.2304964570809838
rb_019,window_median,0.05,quarter_rank,12,6,residual_correlation,Ridge,10.0,0.9,0.001,20.0,smooth_80_20,linear,2.0,0.55,pure_stagewise_score,30,trailing2_60_40,buffer,-0.0725176495578603,0.1543468633381849,0.0717463571520783,0.8941302550108278,0.5381080037498028,0.3274810675044706,3.5061188107577514,0.2233006507490776,0.3913391851655264,0.0,0.916666666666668,0.75,0.1147193651049245,0.7691382878288265,0.0969003310321235,0.8517981542913404,0.0,0.6000000000000004,0.8,False,,0.22907816073707746
rb_019,window_median,0.05,quarter_rank,12,6,residual_correlation,Ridge,10.0,0.9,0.001,20.0,smooth_80_20,linear,2.0,0.55,pure_stagewise_score,50,trailing2_60_40,none,-0.0725176495578603,0.1543468633381849,0.0717463571520783,0.8941302550108278,0.5381080037498028,0.3381701368215926,2.882420008675202,0.2049616552222844,0.5645731406215171,-0.0046589805859477,0.9150000000000004,0.75,0.0808189796741534,0.5367737623918092,0.0655514994041819,0.5339649336445067,0.0,0.5640000000000004,0.6,False,,0.24851989895354826
rb_019,window_median,0.05,quarter_rank,12,6,residual_correlation,Ridge,10.0,0.9,0.001,20.0,smooth_80_20,linear,2.0,0.55,pure_promethee_score,20,none,none,-0.0725176495578603,0.1543468633381849,0.0717463571520783,0.8941302550108278,0.5381080037498028,-0.1765077783394765,-0.6580283387819391,-0.3598132475512404,-1.1016224549929494,-0.2219175404457358,0.3125,0.25,-0.2042942905542105,-2.5010169049854625,-0.2316083035708078,-1.9000512589986127,-0.1700879409288181,0.5000000000000001,0.0,False,,-0.3953552200935492
rb_019,window_median,0.05,quarter_rank,12,6,residual_correlation,Ridge,10.0,0.9,0.001,20.0,smooth_80_20,linear,2.0,0.55,pure_promethee_score,20,none,buffer,-0.0725176495578603,0.1543468633381849,0.0717463571520783,0.8941302550108278,0.5381080037498028,-0.0960006220755796,-0.3072062297940749,-0.2636386870898903,-0.5631401550580879,-0.2089559155823507,0.1374999999999999,0.25,-0.154298232294113,-1.745436841177953,-0.1732314581541776,-1.270934540456488,-0.1171453581794635,0.34,0.2,False,,-0.057885977683559464
rb_019,window_median,0.05,quarter_rank,12,6,residual_correlation,Ridge,10.0,0.9,0.001,20.0,smooth_80_20,linear,2.0,0.55,pure_promethee_score,30,none,none,-0.0725176495578603,0.1543468633381849,0.0717463571520783,0.8941302550108278,0.5381080037498028,-0.0670899243113857,-0.2281378469823821,-0.2273027898430611,-0.5421185128268932,-0.2033566459273594,0.2416666666666666,0.25,-0.2095575176107976,-2.342508345150291,-0.2388748247590737,-2.3235539334760915,-0.1665210631956488,0.3999999999999999,0.0,False,,-0.08584083796457787
rb_019,window_median,0.05,quarter_rank,12,6,residual_correlation,Ridge,10.0,0.9,0.001,20.0,smooth_80_20,linear,2.0,0.55,pure_promethee_score,30,none,buffer,-0.0725176495578603,0.1543468633381849,0.0717463571520783,0.8941302550108278,0.5381080037498028,-0.1035404490674128,-0.3369730604433988,-0.2725362857757822,-0.6029601831384916,-0.2172195005335326,0.1166666666666666,0.25,-0.2028892331619687,-2.132319330672304,-0.2318565880086638,-2.9904818320733284,-0.1496314399865437,0.3133333333333333,0.0,False,,-0.06678743590173483
rb_019,window_median,0.05,quarter_rank,12,6,residual_correlation,Ridge,10.0,0.9,0.001,20.0,smooth_80_20,linear,2.0,0.55,pure_promethee_score,50,none,none,-0.0725176495578603,0.1543468633381849,0.0717463571520783,0.8941302550108278,0.5381080037498028,-0.0329938695071141,-0.1109397049331071,-0.1948986476668996,-0.4533958282721648,-0.2020568442759178,0.175,0.25,-0.2094077555559645,-1.891360262193544,-0.2407061979822791,-4.242145808726452,-0.1491153169575998,0.3440000000000001,0.0,False,,0.010214496425883249
rb_019,window_median,0.05,quarter_rank,12,6,residual_correlation,Ridge,10.0,0.9,0.001,20.0,smooth_80_20,linear,2.0,0.55,pure_promethee_score,20,prev_70_30,none,-0.0725176495578603,0.1543468633381849,0.0717463571520783,0.8941302550108278,0.5381080037498028,-0.1471922446555222,-0.51409803952121,-0.3080761657224254,-0.7648636984658116,-0.2153111376498171,0.2375,0.25,-0.2087830089889975,-2.367469119376093,-0.2374994188902691,-2.1064111641711745,-0.1554810137555801,0.36,0.0,False,,-0.21650516363278094
rb_019,window_median,0.05,quarter_rank,12,6,residual_correlation,Ridge,10.0,0.9,0.001,20.0,smooth_80_20,linear,2.0,0.55,pure_promethee_score,20,prev_70_30,buffer,-0.0725176495578603,0.1543468633381849,0.0717463571520783,0.8941302550108278,0.5381080037498028,-0.0965759357433934,-0.3495022165558677,-0.2614483528763176,-0.71212556849928,-0.2017779213949327,0.075,0.25,-0.188495827433718,-2.3479359046594324,-0.213581376532509,-2.0395720742723937,-0.1434970054900264,0.27,0.0,False,,-0.04179328144583126
rb_019,window_median,0.05,quarter_rank,12,6,residual_correlation,Ridge,10.0,0.9,0.001,20.0,smooth_80_20,linear,2.0,0.55,pure_promethee_score,30,prev_70_30,none,-0.0725176495578603,0.1543468633381849,0.0717463571520783,0.8941302550108278,0.5381080037498028,-0.1051507181653318,-0.3480320265969231,-0.2571491325817093,-0.5791473030783187,-0.2078168861638031,0.15,0.25,-0.2291447611130178,-2.2365012884485127,-0.2637834504322807,-3.641748835540746,-0.1761949997197506,0.3333333333333333,0.0,False,,-0.06306508155577822
rb_019,window_median,0.05,quarter_rank,12,6,residual_correlation,Ridge,10.0,0.9,0.001,20.0,smooth_80_20,linear,2.0,0.55,pure_promethee_score,30,prev_70_30,buffer,-0.0725176495578603,0.1543468633381849,0.0717463571520783,0.8941302550108278,0.5381080037498028,-0.0924188623737438,-0.2869250228072995,-0.2443783922503578,-0.4935794740966884,-0.2115367412281129,0.0833333333333333,0.25,-0.2211443898702096,-2.340062853709301,-0.2535804312767422,-3.153600496566746,-0.1703587510322889,0.2466666666666666,0.0,False,,0.010448003898584093
rb_019,window_median,0.05,quarter_rank,12,6,residual_correlation,Ridge,10.0,0.9,0.001,20.0,smooth_80_20,linear,2.0,0.55,pure_promethee_score,50,prev_70_30,none,-0.0725176495578603,0.1543468633381849,0.0717463571520783,0.8941302550108278,0.5381080037498028,-0.0544423948626779,-0.1687805713050335,-0.2052103764952299,-0.4134225249945292,-0.2063725026388099,0.14,0.25,-0.1948840313744215,-1.7872558254878257,-0.2233040523663155,-3.457139416042469,-0.133059420383474,0.244,0.0,False,,0.030172629695156272
rb_019,window_median,0.05,quarter_rank,12,6,residual_correlation,Ridge,10.0,0.9,0.001,20.0,smooth_80_20,linear,2.0,0.55,pure_promethee_score,20,trailing2_60_40,none,-0.0725176495578603,0.1543468633381849,0.0717463571520783,0.8941302550108278,0.5381080037498028,-0.1468987836829317,-0.5019094904661469,-0.3121361921008825,-0.7510337732978517,-0.2195838363685709,0.2249999999999999,0.25,-0.2275069706533304,-2.842645745048002,-0.2593509494052999,-2.1502275504148427,-0.1693836870678362,0.2799999999999999,0.0,False,,-0.21174708058298053
rb_019,window_median,0.05,quarter_rank,12,6,residual_correlation,Ridge,10.0,0.9,0.001,20.0,smooth_80_20,linear,2.0,0.55,pure_promethee_score,20,trailing2_60_40,buffer,-0.0725176495578603,0.1543468633381849,0.0717463571520783,0.8941302550108278,0.5381080037498028,-0.0892457280497696,-0.2960599021090179,-0.2560407231311843,-0.5859929379426039,-0.2116293569875177,0.0875,0.25,-0.2180548492432737,-2.8543830653610804,-0.2476552015689614,-1.9722255623935605,-0.170213350468532,0.19,0.0,False,,-0.02395376844000864
rb_019,window_median,0.05,quarter_rank,12,6,residual_correlation,Ridge,10.0,0.9,0.001,20.0,smooth_80_20,linear,2.0,0.55,pure_promethee_score,30,trailing2_60_40,none,-0.0725176495578603,0.1543468633381849,0.0717463571520783,0.8941302550108278,0.5381080037498028,-0.0932211377069581,-0.3096068641590113,-0.2484618992293201,-0.5645673372548214,-0.2082661912198781,0.1416666666666666,0.25,-0.2225842159835528,-2.477310579087898,-0.2550194919131325,-3.070908770426433,-0.1640349380487181,0.24,0.0,False,,-0.04638370949575278
rb_019,window_median,0.05,quarter_rank,12,6,residual_correlation,Ridge,10.0,0.9,0.001,20.0,smooth_80_20,linear,2.0,0.55,pure_promethee_score,30,trailing2_60_40,buffer,-0.0725176495578603,0.1543468633381849,0.0717463571520783,0.8941302550108278,0.5381080037498028,-0.0836076454291153,-0.2518599057263996,-0.2361364939394787,-0.4524765411332374,-0.2129345716486723,0.0916666666666666,0.25,-0.2378445030032312,-2.8124202357668446,-0.2730263008301675,-2.849532190736765,-0.1838787338006486,0.1533333333333333,0.0,False,,0.0206959398291377
rb_019,window_median,0.05,quarter_rank,12,6,residual_correlation,Ridge,10.0,0.9,0.001,20.0,smooth_80_20,linear,2.0,0.55,pure_promethee_score,50,trailing2_60_40,none,-0.0725176495578603,0.1543468633381849,0.0717463571520783,0.8941302550108278,0.5381080037498028,-0.0636204397340043,-0.190371923328826,-0.2193962499475026,-0.4126532067501308,-0.2153621577782909,0.1149999999999999,0.25,-0.2077561781742678,-1.676138135281117,-0.2395925349372454,-7.538271497656726,-0.1277915666100129,0.196,0.0,False,,0.027713230230194758
rb_019,window_median,0.05,quarter_rank,12,6,residual_correlation,Ridge,10.0,0.9,0.001,20.0,smooth_80_20,linear,2.0,0.55,hybrid_score_70_30,20,none,none,-0.0725176495578603,0.1543468633381849,0.0717463571520783,0.8941302550108278,0.5381080037498028,0.0074569598843308,0.0227861382005396,-0.1416256408993534,-0.2777611475133315,-0.2257494827328522,0.8625000000000004,0.5,0.0100706927352649,0.0484702602022995,-0.0041141314883284,0.037437445389435,-0.0178739897472355,0.4800000000000001,0.6,False,,-0.3826327906925789
rb_019,window_median,0.05,quarter_rank,12,6,residual_correlation,Ridge,10.0,0.9,0.001,20.0,smooth_80_20,linear,2.0,0.55,hybrid_score_70_30,20,none,buffer,-0.0725176495578603,0.1543468633381849,0.0717463571520783,0.8941302550108278,0.5381080037498028,0.055300030235216,0.1707112869516106,-0.1204629131815538,-0.2094625598007862,-0.2002988029875797,0.8000000000000003,0.5,-0.0208978484976063,-0.1020951161472429,-0.0336439538492774,-0.1221939072607813,-0.0254183382794422,0.4000000000000001,0.4,False,,-0.28748172804218575
rb_019,window_median,0.05,quarter_rank,12,6,residual_correlation,Ridge,10.0,0.9,0.001,20.0,smooth_80_20,linear,2.0,0.55,hybrid_score_70_30,30,none,none,-0.0725176495578603,0.1543468633381849,0.0717463571520783,0.8941302550108278,0.5381080037498028,0.0582879342024191,0.1931546294861417,-0.0831089897339973,-0.2085626040843884,-0.1867428056445107,0.8083333333333341,0.5,0.0094561063092271,0.0469565512300793,-0.0047340902959308,0.0285026643280268,-0.0186163400014787,0.4466666666666669,0.4,False,,-0.2485577176771675
rb_019,window_median,0.05,quarter_rank,12,6,residual_correlation,Ridge,10.0,0.9,0.001,20.0,smooth_80_20,linear,2.0,0.55,hybrid_score_70_30,30,none,buffer,-0.0725176495578603,0.1543468633381849,0.0717463571520783,0.8941302550108278,0.5381080037498028,0.0386007320692649,0.1271378554214369,-0.0874412615466905,-0.2333418556858217,-0.1872690093596803,0.7166666666666673,0.25,-0.0097325756926723,-0.0470155190246937,-0.023580356120267,-0.0708731070146836,-0.0345321805857408,0.4066666666666669,0.4,False,,-0.19648592011596064
rb_019,window_median,0.05,quarter_rank,12,6,residual_correlation,Ridge,10.0,0.9,0.001,20.0,smooth_80_20,linear,2.0,0.55,hybrid_score_70_30,50,none,none,-0.0725176495578603,0.1543468633381849,0.0717463571520783,0.8941302550108278,0.5381080037498028,0.0489613851168997,0.1905512229900983,-0.0542939755965328,-0.2581268935278043,-0.1575537340018155,0.7250000000000003,0.25,-0.0399712268683901,-0.2130017416515124,-0.0546131383628605,-0.3124196618875809,-0.0263607172117098,0.4080000000000002,0.4,False,,-0.15587338525688216
rb_019,window_median,0.05,quarter_rank,12,6,residual_correlation,Ridge,10.0,0.9,0.001,20.0,smooth_80_20,linear,2.0,0.55,hybrid_score_70_30,20,prev_70_30,none,-0.0725176495578603,0.1543468633381849,0.0717463571520783,0.8941302550108278,0.5381080037498028,-0.0617959829612463,-0.1917448506969289,-0.1376121206576511,-0.3481463242852939,-0.1805750674955268,0.6625000000000002,0.25,-0.0005670422861776,-0.0029380404224332,-0.0145180133275371,-0.0392966194709018,-0.0203613436644507,0.4800000000000001,0.4,False,,-0.22757470849912026
rb_019,window_median,0.05,quarter_rank,12,6,residual_correlation,Ridge,10.0,0.9,0.001,20.0,smooth_80_20,linear,2.0,0.55,hybrid_score_70_30,20,prev_70_30,buffer,-0.0725176495578603,0.1543468633381849,0.0717463571520783,0.8941302550108278,0.5381080037498028,-0.0569009678482291,-0.1688905759346451,-0.1311101114820399,-0.3204184866017622,-0.1729444084797265,0.6125000000000003,0.25,-0.0021199791991148,-0.0108993340521861,-0.0146643008195209,-0.0405560708662319,-0.010682043798716,0.4200000000000001,0.4,False,,-0.17613108183303536
rb_019,window_median,0.05,quarter_rank,12,6,residual_correlation,Ridge,10.0,0.9,0.001,20.0,smooth_80_20,linear,2.0,0.55,hybrid_score_70_30,30,prev_70_30,none,-0.0725176495578603,0.1543468633381849,0.0717463571520783,0.8941302550108278,0.5381080037498028,-0.0142784637969147,-0.0438537590373036,-0.1288118310295218,-0.2917746716203789,-0.2174206463796449,0.6166666666666671,0.25,-0.0013643695444842,-0.0063640812112676,-0.0153152401336199,-0.0188001459532868,-0.0288442450237039,0.4466666666666669,0.4,False,,-0.20164480079845545
rb_019,window_median,0.05,quarter_rank,12,6,residual_correlation,Ridge,10.0,0.9,0.001,20.0,smooth_80_20,linear,2.0,0.55,hybrid_score_70_30,30,prev_70_30,buffer,-0.0725176495578603,0.1543468633381849,0.0717463571520783,0.8941302550108278,0.5381080037498028,-0.0343132274980972,-0.105406808258113,-0.1482297768537063,-0.3271542410231934,-0.2198862154975269,0.5916666666666671,0.25,-0.0111946353923736,-0.0520493179636486,-0.0248020455748545,-0.0658077209655304,-0.034800456265122,0.3733333333333335,0.4,False,,-0.21247603273547636
rb_019,window_median,0.05,quarter_rank,12,6,residual_correlation,Ridge,10.0,0.9,0.001,20.0,smooth_80_20,linear,2.0,0.55,hybrid_score_70_30,50,prev_70_30,none,-0.0725176495578603,0.1543468633381849,0.0717463571520783,0.8941302550108278,0.5381080037498028,-0.0898964960614243,-0.3447503425486352,-0.1989883865105395,-0.5664932684411509,-0.1959948290985304,0.5800000000000003,0.25,-0.0428372895170298,-0.2241838118731228,-0.0570774314608111,-0.3011512937770307,-0.0303329639709437,0.3760000000000001,0.4,False,,-0.2886025930346891
rb_019,window_median,0.05,quarter_rank,12,6,residual_correlation,Ridge,10.0,0.9,0.001,20.0,smooth_80_20,linear,2.0,0.55,hybrid_score_70_30,20,trailing2_60_40,none,-0.0725176495578603,0.1543468633381849,0.0717463571520783,0.8941302550108278,0.5381080037498028,-0.0693744144512784,-0.2504820781213074,-0.1979313242385839,-0.5214222095592761,-0.1837948759172721,0.7500000000000003,0.25,-0.0097517274029093,-0.0502718924939373,-0.0222860191791603,-0.0804813043697348,-0.0184639672931354,0.41,0.4,False,,-0.38399446297936246
rb_019,window_median,0.05,quarter_rank,12,6,residual_correlation,Ridge,10.0,0.9,0.001,20.0,smooth_80_20,linear,2.0,0.55,hybrid_score_70_30,20,trailing2_60_40,buffer,-0.0725176495578603,0.1543468633381849,0.0717463571520783,0.8941302550108278,0.5381080037498028,-0.0805399451452327,-0.2892673491900405,-0.2003606390140803,-0.5222687825386348,-0.1785293193193985,0.6375000000000003,0.25,-0.0095306540789801,-0.0463731580091319,-0.0216951378956974,-0.0627665735391209,-0.0239789455377207,0.37,0.4,False,,-0.3066402416285711
rb_019,window_median,0.05,quarter_rank,12,6,residual_correlation,Ridge,10.0,0.9,0.001,20.0,smooth_80_20,linear,2.0,0.55,hybrid_score_70_30,30,trailing2_60_40,none,-0.0725176495578603,0.1543468633381849,0.0717463571520783,0.8941302550108278,0.5381080037498028,-0.08950247521072,-0.2945548350003814,-0.2221545574435587,-0.5001163300936943,-0.1974845998642014,0.6500000000000005,0.25,0.0018777792496293,0.0090020468129745,-0.0117386578372371,-0.0083867043940931,-0.0234221338503684,0.3933333333333335,0.4,False,,-0.3437891906186886
rb_019,window_median,0.05,quarter_rank,12,6,residual_correlation,Ridge,10.0,0.9,0.001,20.0,smooth_80_20,linear,2.0,0.55,hybrid_score_70_30,30,trailing2_60_40,buffer,-0.0725176495578603,0.1543468633381849,0.0717463571520783,0.8941302550108278,0.5381080037498028,-0.087257071416824,-0.2840104535584459,-0.2043655958633483,-0.4627083497504384,-0.185707749805096,0.5916666666666671,0.25,0.0288932898139766,0.1458135798521945,0.0143236391501541,0.1331251042219132,-0.0185426579961266,0.3266666666666667,0.4,False,,-0.27110632026617076
rb_019,window_median,0.05,quarter_rank,12,6,residual_correlation,Ridge,10.0,0.9,0.001,20.0,smooth_80_20,linear,2.0,0.55,hybrid_score_70_30,50,trailing2_60_40,none,-0.0725176495578603,0.1543468633381849,0.0717463571520783,0.8941302550108278,0.5381080037498028,-0.0627090538892299,-0.2013670272034569,-0.187755048574474,-0.4177741978402928,-0.1887126975450186,0.5750000000000003,0.25,-0.0383825371875412,-0.1986338388171502,-0.0525891276434038,-0.2701797423717665,-0.0168806464176589,0.324,0.4,False,,-0.23641226993478587
rb_019,window_median,0.05,quarter_rank,12,6,residual_correlation,Ridge,10.0,0.9,0.001,20.0,smooth_80_20,linear,2.0,0.55,hybrid_score_50_50,20,none,none,-0.0725176495578603,0.1543468633381849,0.0717463571520783,0.8941302550108278,0.5381080037498028,0.2936011112731491,1.4340262383561102,0.3099196242037222,0.1452595184954404,-0.0614397745619359,0.9875000000000004,0.75,-0.0369959809672891,-0.1673248136562922,-0.0495224937908257,-0.1665205121361284,-0.0576783517686696,0.5200000000000001,0.6,False,,0.16383631189748804
rb_019,window_median,0.05,quarter_rank,12,6,residual_correlation,Ridge,10.0,0.9,0.001,20.0,smooth_80_20,linear,2.0,0.55,hybrid_score_50_50,20,none,buffer,-0.0725176495578603,0.1543468633381849,0.0717463571520783,0.8941302550108278,0.5381080037498028,0.2944220361177547,1.441630707941648,0.310164304119471,0.1464900954057895,-0.0608441601947974,0.9625000000000004,0.75,-0.0153454348703224,-0.0680761257126624,-0.0265546546961124,-0.0622100510309975,-0.0571282709411991,0.4300000000000001,0.6,False,,0.18167125776465093
rb_019,window_median,0.05,quarter_rank,12,6,residual_correlation,Ridge,10.0,0.9,0.001,20.0,smooth_80_20,linear,2.0,0.55,hybrid_score_50_50,30,none,none,-0.0725176495578603,0.1543468633381849,0.0717463571520783,0.8941302550108278,0.5381080037498028,0.3214138049784922,1.4352907144062743,0.2885125387046683,0.1990727969927571,-0.0430627671593627,0.9583333333333346,0.75,0.0127791085901853,0.0566582529855648,0.0004471047409924,0.0532260537568774,-0.0327836910015231,0.5133333333333335,0.4,False,,0.18852747685658683
rb_019,window_median,0.05,quarter_rank,12,6,residual_correlation,Ridge,10.0,0.9,0.001,20.0,smooth_80_20,linear,2.0,0.55,hybrid_score_50_50,30,none,buffer,-0.0725176495578603,0.1543468633381849,0.0717463571520783,0.8941302550108278,0.5381080037498028,0.306833818071913,1.402844084490044,0.279898545750349,0.1779565478865129,-0.0451343139815034,0.941666666666668,0.75,0.0177639105089668,0.0789804465423165,0.005329599521789,0.0744447637243355,-0.0297822030159429,0.4333333333333335,0.6,False,,0.18559773518457395
rb_019,window_median,0.05,quarter_rank,12,6,residual_correlation,Ridge,10.0,0.9,0.001,20.0,smooth_80_20,linear,2.0,0.55,hybrid_score_50_50,50,none,none,-0.0725176495578603,0.1543468633381849,0.0717463571520783,0.8941302550108278,0.5381080037498028,0.2807687015279396,1.3515674182282122,0.2429766234987454,0.1479432661960467,-0.0433820372951516,0.9350000000000008,0.75,-0.00528847548597,-0.0284911776946985,-0.0195080933725892,-0.0837547761080021,-0.0286858674000975,0.4720000000000002,0.4,False,,0.15019781603540286
rb_019,window_median,0.05,quarter_rank,12,6,residual_correlation,Ridge,10.0,0.9,0.001,20.0,smooth_80_20,linear,2.0,0.55,hybrid_score_50_50,20,prev_70_30,none,-0.0725176495578603,0.1543468633381849,0.0717463571520783,0.8941302550108278,0.5381080037498028,0.265272581686198,1.036856960766121,0.3030757893603187,0.1071200969203416,-0.09195310100022,0.9500000000000004,0.75,-0.008309326625016,-0.0410341501258017,-0.020599050304771,-0.0610434742039856,-0.0591117968474357,0.5500000000000002,0.6,False,,0.15287538165792194
rb_019,window_median,0.05,quarter_rank,12,6,residual_correlation,Ridge,10.0,0.9,0.001,20.0,smooth_80_20,linear,2.0,0.55,hybrid_score_50_50,20,prev_70_30,buffer,-0.0725176495578603,0.1543468633381849,0.0717463571520783,0.8941302550108278,0.5381080037498028,0.2549937009739003,0.9733804267698766,0.3000453669717473,0.0947362723471226,-0.0993299349655557,0.9250000000000004,0.75,0.0234602857334631,0.1083823733082331,0.0101454264995853,0.0974999522794619,-0.0448204574362982,0.4600000000000001,0.6,False,,0.15901578078249648
rb_019,window_median,0.05,quarter_rank,12,6,residual_correlation,Ridge,10.0,0.9,0.001,20.0,smooth_80_20,linear,2.0,0.55,hybrid_score_50_50,30,prev_70_30,none,-0.0725176495578603,0.1543468633381849,0.0717463571520783,0.8941302550108278,0.5381080037498028,0.1874825310853487,0.8558445330158894,0.1941347880222668,0.0036659665204393,-0.078302135482961,0.916666666666668,0.5,0.0239140644685522,0.1097200057903206,0.0108359145073398,0.1009602864655692,-0.0340705042765657,0.506666666666667,0.6,False,,0.060297396605661524
rb_019,window_median,0.05,quarter_rank,12,6,residual_correlation,Ridge,10.0,0.9,0.001,20.0,smooth_80_20,linear,2.0,0.55,hybrid_score_50_50,30,prev_70_30,buffer,-0.0725176495578603,0.1543468633381849,0.0717463571520783,0.8941302550108278,0.5381080037498028,0.1433034477400665,0.6641182058720666,0.1661864038480346,-0.0607925621629305,-0.0928900202419407,0.875000000000001,0.5,-0.0065027827017067,-0.0308457779082526,-0.0199356574543088,-0.0468383374398553,-0.0321113164273967,0.4000000000000002,0.6,False,,0.03777720116688754
rb_019,window_median,0.05,quarter_rank,12,6,residual_correlation,Ridge,10.0,0.9,0.001,20.0,smooth_80_20,linear,2.0,0.55,hybrid_score_50_50,50,prev_70_30,none,-0.0725176495578603,0.1543468633381849,0.0717463571520783,0.8941302550108278,0.5381080037498028,0.097654077962179,0.6401897129646676,0.0548853899980791,-0.2082863378575209,-0.0555538728598193,0.8100000000000005,0.5,-0.0479272550179146,-0.2361302540228071,-0.0618358837970379,-0.2781638706684707,-0.0402027637321258,0.4120000000000002,0.4,False,,-0.028779981806598087
rb_019,window_median,0.05,quarter_rank,12,6,residual_correlation,Ridge,10.0,0.9,0.001,20.0,smooth_80_20,linear,2.0,0.55,hybrid_score_50_50,20,trailing2_60_40,none,-0.0725176495578603,0.1543468633381849,0.0717463571520783,0.8941302550108278,0.5381080037498028,0.1867985730080983,1.0367588522812332,0.175809999806224,-0.0082127180160701,-0.013277142941914,0.8875000000000004,0.5,0.0122939796296956,0.0608922276907977,-0.0007173185834965,0.0372095257029984,-0.0406506678204963,0.4900000000000001,0.4,False,,0.10595253474467403
rb_019,window_median,0.05,quarter_rank,12,6,residual_correlation,Ridge,10.0,0.9,0.001,20.0,smooth_80_20,linear,2.0,0.55,hybrid_score_50_50,20,trailing2_60_40,buffer,-0.0725176495578603,0.1543468633381849,0.0717463571520783,0.8941302550108278,0.5381080037498028,0.1780313534387567,0.9793148054737706,0.1700492095192986,-0.0222097457003556,-0.0126408252448054,0.8500000000000004,0.5,0.0124099642649482,0.0597458576634806,-0.0001279677979014,0.0397708193479421,-0.0542797115205746,0.3900000000000001,0.4,False,,0.12327045915786825
rb_019,window_median,0.05,quarter_rank,12,6,residual_correlation,Ridge,10.0,0.9,0.001,20.0,smooth_80_20,linear,2.0,0.55,hybrid_score_50_50,30,trailing2_60_40,none,-0.0725176495578603,0.1543468633381849,0.0717463571520783,0.8941302550108278,0.5381080037498028,0.0856503922159692,0.4771466545887938,0.0822864106226483,-0.1826695206300665,-0.0407377109115886,0.8250000000000008,0.5,0.0033419669749392,0.0164225341762875,-0.0099565994457641,-0.0051088884284759,-0.0411557722063925,0.4333333333333335,0.4,False,,0.0027560002939250074
rb_019,window_median,0.05,quarter_rank,12,6,residual_correlation,Ridge,10.0,0.9,0.001,20.0,smooth_80_20,linear,2.0,0.55,hybrid_score_50_50,30,trailing2_60_40,buffer,-0.0725176495578603,0.1543468633381849,0.0717463571520783,0.8941302550108278,0.5381080037498028,0.0909783451128938,0.4948712338138517,0.0875834080375512,-0.1703829430755567,-0.0407377109115887,0.8000000000000008,0.5,0.0098723772568409,0.0468513617904045,-0.0035240829524008,0.0315199876542969,-0.0464836262710058,0.3866666666666668,0.4,False,,0.02735431277500109
rb_019,window_median,0.05,quarter_rank,12,6,residual_correlation,Ridge,10.0,0.9,0.001,20.0,smooth_80_20,linear,2.0,0.55,hybrid_score_50_50,50,trailing2_60_40,none,-0.0725176495578603,0.1543468633381849,0.0717463571520783,0.8941302550108278,0.5381080037498028,0.0779413003469027,0.4319661321929581,0.0362949760942835,-0.2255368724673946,-0.0676617498007863,0.8050000000000004,0.5,-0.0102684282047885,-0.0515257441632606,-0.0236604739271806,-0.0822748343998988,-0.0315838431633231,0.3880000000000001,0.4,False,,-0.05509302397410316
rb_019,window_median,0.05,quarter_rank,12,6,residual_correlation,Ridge,10.0,0.9,0.001,20.0,smooth_80_20,linear,2.0,0.55,hybrid_score_30_70,20,none,none,-0.0725176495578603,0.1543468633381849,0.0717463571520783,0.8941302550108278,0.5381080037498028,0.4793530334364368,2.509482691796876,0.3724946746741059,0.491603646431784,0.0,0.9875000000000004,0.75,-0.0221883786757856,-0.1033742439817536,-0.0333540444409639,-0.1029127874001419,-0.0434271311899675,0.5800000000000002,0.4,False,,0.34270495929982725
rb_019,window_median,0.05,quarter_rank,12,6,residual_correlation,Ridge,10.0,0.9,0.001,20.0,smooth_80_20,linear,2.0,0.55,hybrid_score_30_70,20,none,buffer,-0.0725176495578603,0.1543468633381849,0.0717463571520783,0.8941302550108278,0.5381080037498028,0.4793530334364368,2.509482691796876,0.3724946746741059,0.491603646431784,0.0,0.9875000000000004,0.75,-0.0101668405488876,-0.0473873617474759,-0.0209543602325147,-0.0504599824225191,-0.0361276227194617,0.5100000000000001,0.6,False,,0.34270495929982725
rb_019,window_median,0.05,quarter_rank,12,6,residual_correlation,Ridge,10.0,0.9,0.001,20.0,smooth_80_20,linear,2.0,0.55,hybrid_score_30_70,30,none,none,-0.0725176495578603,0.1543468633381849,0.0717463571520783,0.8941302550108278,0.5381080037498028,0.4152612269400053,2.301835652705792,0.3541471399001316,0.3572333033492623,0.0,0.9750000000000012,0.75,-0.0034400256746124,-0.0154680047527672,-0.0150162990918135,-0.0168482635304784,-0.0418328214501924,0.5666666666666669,0.6,False,,0.3040376722933895
rb_019,window_median,0.05,quarter_rank,12,6,residual_correlation,Ridge,10.0,0.9,0.001,20.0,smooth_80_20,linear,2.0,0.55,hybrid_score_30_70,30,none,buffer,-0.0725176495578603,0.1543468633381849,0.0717463571520783,0.8941302550108278,0.5381080037498028,0.4126897954460222,2.271813951118346,0.3534002261273393,0.3512325751826727,-0.0011295627275325,0.966666666666668,0.75,-0.0174643855672361,-0.0798474633035338,-0.0295819661560945,-0.0826010973148869,-0.0473219668233071,0.4866666666666669,0.6,False,,0.30684533904352745
rb_019,window_median,0.05,quarter_rank,12,6,residual_correlation,Ridge,10.0,0.9,0.001,20.0,smooth_80_20,linear,2.0,0.55,hybrid_score_30_70,50,none,none,-0.0725176495578603,0.1543468633381849,0.0717463571520783,0.8941302550108278,0.5381080037498028,0.3523644785610851,2.550423096920231,0.3013617887912048,0.2814302959748015,0.0,0.9700000000000006,0.75,-0.0055700400317038,-0.0304945376948362,-0.017849754355716,-0.0718853618808535,-0.0471142218436195,0.5240000000000002,0.4,False,,0.2412565827495534
rb_019,window_median,0.05,quarter_rank,12,6,residual_correlation,Ridge,10.0,0.9,0.001,20.0,smooth_80_20,linear,2.0,0.55,hybrid_score_30_70,20,prev_70_30,none,-0.0725176495578603,0.1543468633381849,0.0717463571520783,0.8941302550108278,0.5381080037498028,0.397924578285733,2.8779621079140467,0.3479118680681102,0.3437448875965628,0.0,0.9500000000000004,0.75,0.0205459407780257,0.1026471965963611,0.0072912593545036,0.0815779835113492,-0.0380903580248166,0.6100000000000002,0.6,False,,0.3121229586813433
rb_019,window_median,0.05,quarter_rank,12,6,residual_correlation,Ridge,10.0,0.9,0.001,20.0,smooth_80_20,linear,2.0,0.55,hybrid_score_30_70,20,prev_70_30,buffer,-0.0725176495578603,0.1543468633381849,0.0717463571520783,0.8941302550108278,0.5381080037498028,0.3842097169381251,2.6611573763200216,0.3437663810359412,0.311251600836084,0.0,0.9500000000000004,0.75,0.0292796173204166,0.1395324809288058,0.0162337604260508,0.1176607081891322,-0.0632193966572149,0.5300000000000001,0.6,False,,0.30099915916806363
rb_019,window_median,0.05,quarter_rank,12,6,residual_correlation,Ridge,10.0,0.9,0.001,20.0,smooth_80_20,linear,2.0,0.55,hybrid_score_30_70,30,prev_70_30,none,-0.0725176495578603,0.1543468633381849,0.0717463571520783,0.8941302550108278,0.5381080037498028,0.3125743564182484,2.1238943930448486,0.2613144882694052,0.2168609688682747,0.0,0.9500000000000012,0.75,0.0118050257750101,0.0581215381927694,-0.0012536229495247,0.0379398283151923,-0.046550545133826,0.5133333333333335,0.6,False,,0.20301356434033171
rb_019,window_median,0.05,quarter_rank,12,6,residual_correlation,Ridge,10.0,0.9,0.001,20.0,smooth_80_20,linear,2.0,0.55,hybrid_score_30_70,30,prev_70_30,buffer,-0.0725176495578603,0.1543468633381849,0.0717463571520783,0.8941302550108278,0.5381080037498028,0.3075796162477771,2.117185338003137,0.2581683581994571,0.2075749332174035,0.0,0.9333333333333346,0.75,0.0041718125122374,0.0210881123448128,-0.0081996310687975,-0.0045585220330039,-0.0463216253884695,0.4666666666666669,0.6,False,,0.20928085301168114
rb_019,window_median,0.05,quarter_rank,12,6,residual_correlation,Ridge,10.0,0.9,0.001,20.0,smooth_80_20,linear,2.0,0.55,hybrid_score_30_70,50,prev_70_30,none,-0.0725176495578603,0.1543468633381849,0.0717463571520783,0.8941302550108278,0.5381080037498028,0.2166614378270852,2.031837002485478,0.1752777087038831,0.036448588579281,0.0,0.9450000000000008,0.75,-0.0156989178229176,-0.076332704203064,-0.0287376484153133,-0.0981354487667624,-0.0443640909518772,0.4960000000000003,0.6,False,,0.08585437608024342
rb_019,window_median,0.05,quarter_rank,12,6,residual_correlation,Ridge,10.0,0.9,0.001,20.0,smooth_80_20,linear,2.0,0.55,hybrid_score_30_70,20,trailing2_60_40,none,-0.0725176495578603,0.1543468633381849,0.0717463571520783,0.8941302550108278,0.5381080037498028,0.1339064520556598,1.2968874978704283,0.172707180557993,-0.1100563980989847,-0.0364048666913013,0.9750000000000004,0.5,0.0317174648427196,0.1561775448306396,0.0171543211892333,0.1529578080815028,-0.0300319314930872,0.5800000000000002,0.6,False,,0.00487181566211474
rb_019,window_median,0.05,quarter_rank,12,6,residual_correlation,Ridge,10.0,0.9,0.001,20.0,smooth_80_20,linear,2.0,0.55,hybrid_score_30_70,20,trailing2_60_40,buffer,-0.0725176495578603,0.1543468633381849,0.0717463571520783,0.8941302550108278,0.5381080037498028,0.1339064520556598,1.2968874978704283,0.172707180557993,-0.1100563980989847,-0.0364048666913013,0.9750000000000004,0.5,0.0153101661963448,0.0750180019387681,0.0030116932700433,0.0529190577151883,-0.0508708846276096,0.4800000000000001,0.6,False,,0.00487181566211474
rb_019,window_median,0.05,quarter_rank,12,6,residual_correlation,Ridge,10.0,0.9,0.001,20.0,smooth_80_20,linear,2.0,0.55,hybrid_score_30_70,30,trailing2_60_40,none,-0.0725176495578603,0.1543468633381849,0.0717463571520783,0.8941302550108278,0.5381080037498028,0.2643828397577654,1.9404046562793469,0.2090100428748519,0.138465300573853,-0.0039505464061874,0.9750000000000012,0.75,0.0286208114724351,0.1473956283567284,0.0142819929584135,0.1344324990767532,-0.0322164495706214,0.5000000000000003,0.6,False,,0.11703117001774267
rb_019,window_median,0.05,quarter_rank,12,6,residual_correlation,Ridge,10.0,0.9,0.001,20.0,smooth_80_20,linear,2.0,0.55,hybrid_score_30_70,30,trailing2_60_40,buffer,-0.0725176495578603,0.1543468633381849,0.0717463571520783,0.8941302550108278,0.5381080037498028,0.2643828397577654,1.9404046562793469,0.2090100428748519,0.138465300573853,-0.0039505464061874,0.966666666666668,0.75,0.0028744367233413,0.0134235997507791,-0.0108040674514727,0.0030924757441459,-0.0377963581677713,0.4200000000000002,0.6,False,,0.12266903067900586
rb_019,window_median,0.05,quarter_rank,12,6,residual_correlation,Ridge,10.0,0.9,0.001,20.0,smooth_80_20,linear,2.0,0.55,hybrid_score_30_70,50,trailing2_60_40,none,-0.0725176495578603,0.1543468633381849,0.0717463571520783,0.8941302550108278,0.5381080037498028,0.2269918577734293,1.5605247052997409,0.1733867137389564,0.0644909601967823,-0.0173510566143466,0.9750000000000008,0.75,0.0227254021410896,0.1134173520838657,0.0095459565371808,0.0928231579424077,-0.0316862751619372,0.4200000000000002,0.6,False,,0.05787174328501589
rb_016,window_median,0.05,quarter_rank,12,6,residual_correlation,OLS,1.0,0.9,0.001,20.0,smooth_80_20,linear,2.0,0.55,pure_stagewise_score,20,none,none,-0.0724926329673625,0.1543525110306136,0.0717600765932016,0.8940378830176984,0.538336432069931,0.9421028955951232,4.47105004628782,0.5751265946441126,2.2196699896335867,0.0,0.9625000000000004,1.0,-0.01377193577296,-0.0691754847104967,-0.0265202804554084,-0.0974971907504854,0.0,0.6800000000000003,0.6,False,,0.9345447489795546
rb_016,window_median,0.05,quarter_rank,12,6,residual_correlation,OLS,1.0,0.9,0.001,20.0,smooth_80_20,linear,2.0,0.55,pure_stagewise_score,20,none,buffer,-0.0724926329673625,0.1543525110306136,0.0717600765932016,0.8940378830176984,0.538336432069931,0.9421028955951232,4.47105004628782,0.5751265946441126,2.2196699896335867,0.0,0.9625000000000004,1.0,-0.0203333760304827,-0.102576247305822,-0.0334911099604259,-0.1390634390974456,0.0,0.6200000000000002,0.6,False,,0.9345447489795546
rb_016,window_median,0.05,quarter_rank,12,6,residual_correlation,OLS,1.0,0.9,0.001,20.0,smooth_80_20,linear,2.0,0.55,pure_stagewise_score,30,none,none,-0.0724926329673625,0.1543525110306136,0.0717600765932016,0.8940378830176984,0.538336432069931,0.8467543022229151,5.92867690112137,0.5513120525716033,2.383038102265787,0.0,0.966666666666668,1.0,0.0298407406767435,0.1646569412512588,0.0155205240431757,0.1536970303064228,0.0,0.646666666666667,0.6,False,,0.9460014101754362
rb_016,window_median,0.05,quarter_rank,12,6,residual_correlation,OLS,1.0,0.9,0.001,20.0,smooth_80_20,linear,2.0,0.55,pure_stagewise_score,30,none,buffer,-0.0724926329673625,0.1543525110306136,0.0717600765932016,0.8940378830176984,0.538336432069931,0.8467543022229151,5.92867690112137,0.5513120525716033,2.383038102265787,0.0,0.966666666666668,1.0,0.0209694116284981,0.1196331977958656,0.0069238403417244,0.0931351136339297,0.0,0.6133333333333336,0.6,False,,0.9460014101754362
rb_016,window_median,0.05,quarter_rank,12,6,residual_correlation,OLS,1.0,0.9,0.001,20.0,smooth_80_20,linear,2.0,0.55,pure_stagewise_score,50,none,none,-0.0724926329673625,0.1543525110306136,0.0717600765932016,0.8940378830176984,0.538336432069931,0.6688519156299133,5.510302112776728,0.4405182249406479,2.048257624456252,0.0,0.9650000000000007,1.0,0.0292580099062995,0.1595758918003364,0.015203954263731,0.1386586681913724,0.0,0.6240000000000004,0.6,False,,0.7690183498711414
rb_016,window_median,0.05,quarter_rank,12,6,residual_correlation,OLS,1.0,0.9,0.001,20.0,smooth_80_20,linear,2.0,0.55,pure_stagewise_score,20,prev_70_30,none,-0.0724926329673625,0.1543525110306136,0.0717600765932016,0.8940378830176984,0.538336432069931,0.4013948156839588,4.845853570280767,0.3079847243236848,0.4857152854192962,0.0,0.9375000000000004,0.75,0.0144193638141156,0.0786639662233733,0.0024159300113356,0.0416858076741778,0.0,0.6700000000000003,0.4,False,,0.31501965313379166
rb_016,window_median,0.05,quarter_rank,12,6,residual_correlation,OLS,1.0,0.9,0.001,20.0,smooth_80_20,linear,2.0,0.55,pure_stagewise_score,20,prev_70_30,buffer,-0.0724926329673625,0.1543525110306136,0.0717600765932016,0.8940378830176984,0.538336432069931,0.4034378272723269,4.99705055745586,0.3113564338011658,0.4857583715043213,0.0,0.8875000000000004,0.75,0.0265299376374938,0.1397191389772015,0.0139578153808501,0.1115888117352048,0.0,0.6300000000000002,0.6,False,,0.35200127078794496
rb_016,window_median,0.05,quarter_rank,12,6,residual_correlation,OLS,1.0,0.9,0.001,20.0,smooth_80_20,linear,2.0,0.55,pure_stagewise_score,30,prev_70_30,none,-0.0724926329673625,0.1543525110306136,0.0717600765932016,0.8940378830176984,0.538336432069931,0.4341717633305679,4.584299387263467,0.2965827230160472,0.8030663799597562,0.0,0.8916666666666677,0.75,0.0171665281981927,0.0858914562589736,0.0041678500991472,0.0682818601410862,0.0,0.6600000000000004,0.6,False,,0.40627233397726714
rb_016,window_median,0.05,quarter_rank,12,6,residual_correlation,OLS,1.0,0.9,0.001,20.0,smooth_80_20,linear,2.0,0.55,pure_stagewise_score,30,prev_70_30,buffer,-0.0724926329673625,0.1543525110306136,0.0717600765932016,0.8940378830176984,0.538336432069931,0.4348759978678556,4.614543861113914,0.2975181176623189,0.8022573615664554,0.0,0.8833333333333344,0.75,0.0145281398784324,0.0730214020716775,0.0010497231626833,0.0566684820659218,0.0,0.6333333333333336,0.6,False,,0.41260195619475337
rb_016,window_median,0.05,quarter_rank,12,6,residual_correlation,OLS,1.0,0.9,0.001,20.0,smooth_80_20,linear,2.0,0.55,pure_stagewise_score,50,prev_70_30,none,-0.0724926329673625,0.1543525110306136,0.0717600765932016,0.8940378830176984,0.538336432069931,0.2712270969959571,3.416623239964514,0.1788253487338343,0.2259508453722918,0.0,0.8600000000000005,0.5,0.0172723041606339,0.0963089185862861,0.0033828309853991,0.0634119583623727,0.0,0.6040000000000003,0.6,False,,0.18896593676173204
rb_016,window_median,0.05,quarter_rank,12,6,residual_correlation,OLS,1.0,0.9,0.001,20.0,smooth_80_20,linear,2.0,0.55,pure_stagewise_score,20,trailing2_60_40,none,-0.0724926329673625,0.1543525110306136,0.0717600765932016,0.8940378830176984,0.538336432069931,0.3429886729569447,4.81775484288953,0.2557920056552739,0.3768450041525654,0.0,0.9500000000000004,0.5,0.1471908617416601,0.8167635277451244,0.1270938779670801,0.771689239504506,0.0,0.7100000000000002,0.8,False,,0.23356635495500755
rb_016,window_median,0.05,quarter_rank,12,6,residual_correlation,OLS,1.0,0.9,0.001,20.0,smooth_80_20,linear,2.0,0.55,pure_stagewise_score,20,trailing2_60_40,buffer,-0.0724926329673625,0.1543525110306136,0.0717600765932016,0.8940378830176984,0.538336432069931,0.3218162565551898,4.483216125301024,0.233190004149638,0.3394060893749551,0.0,0.9250000000000004,0.5,0.1047067329372446,0.5717191718714754,0.0883518635905997,0.5356342558107742,0.0,0.6300000000000002,0.8,False,,0.22103695496412648
rb_016,window_median,0.05,quarter_rank,12,6,residual_correlation,OLS,1.0,0.9,0.001,20.0,smooth_80_20,linear,2.0,0.55,pure_stagewise_score,30,trailing2_60_40,none,-0.0724926329673625,0.1543525110306136,0.0717600765932016,0.8940378830176984,0.538336432069931,0.3319840374567604,3.6834355533601553,0.2296218838893922,0.396534134881462,0.0,0.9250000000000012,0.75,0.1220735872653331,0.808015070523557,0.1033581273063505,0.955585995159716,0.0,0.6533333333333339,0.8,False,,0.23046827228422487
rb_016,window_median,0.05,quarter_rank,12,6,residual_correlation,OLS,1.0,0.9,0.001,20.0,smooth_80_20,linear,2.0,0.55,pure_stagewise_score,30,trailing2_60_40,buffer,-0.0724926329673625,0.1543525110306136,0.0717600765932016,0.8940378830176984,0.538336432069931,0.3274810675044706,3.5061188107577514,0.2233006507490776,0.3913391851655264,0.0,0.916666666666668,0.75,0.1147193651049245,0.7691382878288265,0.0969003310321235,0.8517981542913404,0.0,0.6000000000000004,0.8,False,,0.22904997594031853
rb_016,window_median,0.05,quarter_rank,12,6,residual_correlation,OLS,1.0,0.9,0.001,20.0,smooth_80_20,linear,2.0,0.55,pure_stagewise_score,50,trailing2_60_40,none,-0.0724926329673625,0.1543525110306136,0.0717600765932016,0.8940378830176984,0.538336432069931,0.3381701368215926,2.882420008675202,0.2049616552222844,0.5645731406215171,-0.0046589805859477,0.9150000000000004,0.75,0.0808189796741534,0.5367737623918092,0.0655514994041819,0.5339649336445067,0.0,0.5640000000000004,0.6,False,,0.24849171415678933
rb_016,window_median,0.05,quarter_rank,12,6,residual_correlation,OLS,1.0,0.9,0.001,20.0,smooth_80_20,linear,2.0,0.55,pure_promethee_score,20,none,none,-0.0724926329673625,0.1543525110306136,0.0717600765932016,0.8940378830176984,0.538336432069931,-0.1765077783394765,-0.6580283387819391,-0.3598132475512404,-1.1016224549929494,-0.2219175404457358,0.3125,0.25,-0.2042942905542105,-2.5010169049854625,-0.2316083035708078,-1.9000512589986127,-0.1700879409288181,0.5000000000000001,0.0,False,,-0.3953834048903081
rb_016,window_median,0.05,quarter_rank,12,6,residual_correlation,OLS,1.0,0.9,0.001,20.0,smooth_80_20,linear,2.0,0.55,pure_promethee_score,20,none,buffer,-0.0724926329673625,0.1543525110306136,0.0717600765932016,0.8940378830176984,0.538336432069931,-0.0960006220755796,-0.3072062297940749,-0.2636386870898903,-0.5631401550580879,-0.2089559155823507,0.1374999999999999,0.25,-0.154298232294113,-1.745436841177953,-0.1732314581541776,-1.270934540456488,-0.1171453581794635,0.34,0.2,False,,-0.05791416248031839
rb_016,window_median,0.05,quarter_rank,12,6,residual_correlation,OLS,1.0,0.9,0.001,20.0,smooth_80_20,linear,2.0,0.55,pure_promethee_score,30,none,none,-0.0724926329673625,0.1543525110306136,0.0717600765932016,0.8940378830176984,0.538336432069931,-0.0670899243113857,-0.2281378469823821,-0.2273027898430611,-0.5421185128268932,-0.2033566459273594,0.2416666666666666,0.25,-0.2095575176107976,-2.342508345150291,-0.2388748247590737,-2.3235539334760915,-0.1665210631956488,0.3999999999999999,0.0,False,,-0.08586902276133679
rb_016,window_median,0.05,quarter_rank,12,6,residual_correlation,OLS,1.0,0.9,0.001,20.0,smooth_80_20,linear,2.0,0.55,pure_promethee_score,30,none,buffer,-0.0724926329673625,0.1543525110306136,0.0717600765932016,0.8940378830176984,0.538336432069931,-0.1035404490674128,-0.3369730604433988,-0.2725362857757822,-0.6029601831384916,-0.2172195005335326,0.1166666666666666,0.25,-0.2028892331619687,-2.132319330672304,-0.2318565880086638,-2.9904818320733284,-0.1496314399865437,0.3133333333333333,0.0,False,,-0.06681562069849376
rb_016,window_median,0.05,quarter_rank,12,6,residual_correlation,OLS,1.0,0.9,0.001,20.0,smooth_80_20,linear,2.0,0.55,pure_promethee_score,50,none,none,-0.0724926329673625,0.1543525110306136,0.0717600765932016,0.8940378830176984,0.538336432069931,-0.0329938695071141,-0.1109397049331071,-0.1948986476668996,-0.4533958282721648,-0.2020568442759178,0.175,0.25,-0.2094077555559645,-1.891360262193544,-0.2407061979822791,-4.242145808726452,-0.1491153169575998,0.3440000000000001,0.0,False,,0.010186311629124326
rb_016,window_median,0.05,quarter_rank,12,6,residual_correlation,OLS,1.0,0.9,0.001,20.0,smooth_80_20,linear,2.0,0.55,pure_promethee_score,20,prev_70_30,none,-0.0724926329673625,0.1543525110306136,0.0717600765932016,0.8940378830176984,0.538336432069931,-0.1471922446555222,-0.51409803952121,-0.3080761657224254,-0.7648636984658116,-0.2153111376498171,0.2375,0.25,-0.2087830089889975,-2.367469119376093,-0.2374994188902691,-2.1064111641711745,-0.1554810137555801,0.36,0.0,False,,-0.21653334842953986
rb_016,window_median,0.05,quarter_rank,12,6,residual_correlation,OLS,1.0,0.9,0.001,20.0,smooth_80_20,linear,2.0,0.55,pure_promethee_score,20,prev_70_30,buffer,-0.0724926329673625,0.1543525110306136,0.0717600765932016,0.8940378830176984,0.538336432069931,-0.0965759357433934,-0.3495022165558677,-0.2614483528763176,-0.71212556849928,-0.2017779213949327,0.075,0.25,-0.188495827433718,-2.3479359046594324,-0.213581376532509,-2.0395720742723937,-0.1434970054900264,0.27,0.0,False,,-0.041821466242590186
rb_016,window_median,0.05,quarter_rank,12,6,residual_correlation,OLS,1.0,0.9,0.001,20.0,smooth_80_20,linear,2.0,0.55,pure_promethee_score,30,prev_70_30,none,-0.0724926329673625,0.1543525110306136,0.0717600765932016,0.8940378830176984,0.538336432069931,-0.1051507181653318,-0.3480320265969231,-0.2571491325817093,-0.5791473030783187,-0.2078168861638031,0.15,0.25,-0.2291447611130178,-2.2365012884485127,-0.2637834504322807,-3.641748835540746,-0.1761949997197506,0.3333333333333333,0.0,False,,-0.06309326635253715
rb_016,window_median,0.05,quarter_rank,12,6,residual_correlation,OLS,1.0,0.9,0.001,20.0,smooth_80_20,linear,2.0,0.55,pure_promethee_score,30,prev_70_30,buffer,-0.0724926329673625,0.1543525110306136,0.0717600765932016,0.8940378830176984,0.538336432069931,-0.0924188623737438,-0.2869250228072995,-0.2443783922503578,-0.4935794740966884,-0.2115367412281129,0.0833333333333333,0.25,-0.2211443898702096,-2.340062853709301,-0.2535804312767422,-3.153600496566746,-0.1703587510322889,0.2466666666666666,0.0,False,,0.01041981910182517
rb_016,window_median,0.05,quarter_rank,12,6,residual_correlation,OLS,1.0,0.9,0.001,20.0,smooth_80_20,linear,2.0,0.55,pure_promethee_score,50,prev_70_30,none,-0.0724926329673625,0.1543525110306136,0.0717600765932016,0.8940378830176984,0.538336432069931,-0.0544423948626779,-0.1687805713050335,-0.2052103764952299,-0.4134225249945292,-0.2063725026388099,0.14,0.25,-0.1948840313744215,-1.7872558254878257,-0.2233040523663155,-3.457139416042469,-0.133059420383474,0.244,0.0,False,,0.03014444489839735
rb_016,window_median,0.05,quarter_rank,12,6,residual_correlation,OLS,1.0,0.9,0.001,20.0,smooth_80_20,linear,2.0,0.55,pure_promethee_score,20,trailing2_60_40,none,-0.0724926329673625,0.1543525110306136,0.0717600765932016,0.8940378830176984,0.538336432069931,-0.1468987836829317,-0.5019094904661469,-0.3121361921008825,-0.7510337732978517,-0.2195838363685709,0.2249999999999999,0.25,-0.2275069706533304,-2.842645745048002,-0.2593509494052999,-2.1502275504148427,-0.1693836870678362,0.2799999999999999,0.0,False,,-0.21177526537973945
rb_016,window_median,0.05,quarter_rank,12,6,residual_correlation,OLS,1.0,0.9,0.001,20.0,smooth_80_20,linear,2.0,0.55,pure_promethee_score,20,trailing2_60_40,buffer,-0.0724926329673625,0.1543525110306136,0.0717600765932016,0.8940378830176984,0.538336432069931,-0.0892457280497696,-0.2960599021090179,-0.2560407231311843,-0.5859929379426039,-0.2116293569875177,0.0875,0.25,-0.2180548492432737,-2.8543830653610804,-0.2476552015689614,-1.9722255623935605,-0.170213350468532,0.19,0.0,False,,-0.023981953236767564
rb_016,window_median,0.05,quarter_rank,12,6,residual_correlation,OLS,1.0,0.9,0.001,20.0,smooth_80_20,linear,2.0,0.55,pure_promethee_score,30,trailing2_60_40,none,-0.0724926329673625,0.1543525110306136,0.0717600765932016,0.8940378830176984,0.538336432069931,-0.0932211377069581,-0.3096068641590113,-0.2484618992293201,-0.5645673372548214,-0.2082661912198781,0.1416666666666666,0.25,-0.2225842159835528,-2.477310579087898,-0.2550194919131325,-3.070908770426433,-0.1640349380487181,0.24,0.0,False,,-0.046411894292511705
rb_016,window_median,0.05,quarter_rank,12,6,residual_correlation,OLS,1.0,0.9,0.001,20.0,smooth_80_20,linear,2.0,0.55,pure_promethee_score,30,trailing2_60_40,buffer,-0.0724926329673625,0.1543525110306136,0.0717600765932016,0.8940378830176984,0.538336432069931,-0.0836076454291153,-0.2518599057263996,-0.2361364939394787,-0.4524765411332374,-0.2129345716486723,0.0916666666666666,0.25,-0.2378445030032312,-2.8124202357668446,-0.2730263008301675,-2.849532190736765,-0.1838787338006486,0.1533333333333333,0.0,False,,0.020667755032378776
rb_016,window_median,0.05,quarter_rank,12,6,residual_correlation,OLS,1.0,0.9,0.001,20.0,smooth_80_20,linear,2.0,0.55,pure_promethee_score,50,trailing2_60_40,none,-0.0724926329673625,0.1543525110306136,0.0717600765932016,0.8940378830176984,0.538336432069931,-0.0636204397340043,-0.190371923328826,-0.2193962499475026,-0.4126532067501308,-0.2153621577782909,0.1149999999999999,0.25,-0.2077561781742678,-1.676138135281117,-0.2395925349372454,-7.538271497656726,-0.1277915666100129,0.196,0.0,False,,0.027685045433435834
rb_016,window_median,0.05,quarter_rank,12,6,residual_correlation,OLS,1.0,0.9,0.001,20.0,smooth_80_20,linear,2.0,0.55,hybrid_score_70_30,20,none,none,-0.0724926329673625,0.1543525110306136,0.0717600765932016,0.8940378830176984,0.538336432069931,0.0074569598843308,0.0227861382005396,-0.1416256408993534,-0.2777611475133315,-0.2257494827328522,0.8625000000000004,0.5,0.0100706927352649,0.0484702602022995,-0.0041141314883284,0.037437445389435,-0.0178739897472355,0.4800000000000001,0.6,False,,-0.3826609754893378
rb_016,window_median,0.05,quarter_rank,12,6,residual_correlation,OLS,1.0,0.9,0.001,20.0,smooth_80_20,linear,2.0,0.55,hybrid_score_70_30,20,none,buffer,-0.0724926329673625,0.1543525110306136,0.0717600765932016,0.8940378830176984,0.538336432069931,0.055300030235216,0.1707112869516106,-0.1204629131815538,-0.2094625598007862,-0.2002988029875797,0.8000000000000003,0.5,-0.0208978484976063,-0.1020951161472429,-0.0336439538492774,-0.1221939072607812,-0.0254183382794422,0.4000000000000001,0.4,False,,-0.28750991283894467
rb_016,window_median,0.05,quarter_rank,12,6,residual_correlation,OLS,1.0,0.9,0.001,20.0,smooth_80_20,linear,2.0,0.55,hybrid_score_70_30,30,none,none,-0.0724926329673625,0.1543525110306136,0.0717600765932016,0.8940378830176984,0.538336432069931,0.0582879342024191,0.1931546294861417,-0.0831089897339973,-0.2085626040843884,-0.1867428056445107,0.8083333333333341,0.5,0.0094561063092271,0.0469565512300793,-0.0047340902959308,0.0285026643280268,-0.0186163400014787,0.4466666666666669,0.4,False,,-0.24858590247392642
rb_016,window_median,0.05,quarter_rank,12,6,residual_correlation,OLS,1.0,0.9,0.001,20.0,smooth_80_20,linear,2.0,0.55,hybrid_score_70_30,30,none,buffer,-0.0724926329673625,0.1543525110306136,0.0717600765932016,0.8940378830176984,0.538336432069931,0.0386007320692649,0.1271378554214369,-0.0874412615466905,-0.2333418556858217,-0.1872690093596803,0.7166666666666673,0.25,-0.0137173820038879,-0.0662379106334028,-0.0276839619947036,-0.0927106750592621,-0.037089858719134,0.4066666666666669,0.4,False,,-0.19651410491271956
rb_016,window_median,0.05,quarter_rank,12,6,residual_correlation,OLS,1.0,0.9,0.001,20.0,smooth_80_20,linear,2.0,0.55,hybrid_score_70_30,50,none,none,-0.0724926329673625,0.1543525110306136,0.0717600765932016,0.8940378830176984,0.538336432069931,0.0489613851168997,0.1905512229900983,-0.0542939755965328,-0.2581268935278043,-0.1575537340018155,0.7250000000000003,0.25,-0.0399712268683901,-0.2130017416515124,-0.0546131383628605,-0.3124196618875812,-0.0263607172117098,0.4080000000000002,0.4,False,,-0.15590157005364108
rb_016,window_median,0.05,quarter_rank,12,6,residual_correlation,OLS,1.0,0.9,0.001,20.0,smooth_80_20,linear,2.0,0.55,hybrid_score_70_30,20,prev_70_30,none,-0.0724926329673625,0.1543525110306136,0.0717600765932016,0.8940378830176984,0.538336432069931,-0.0751858088072435,-0.2309930803352038,-0.1474989872936407,-0.36294590363011,-0.1805750674955267,0.6500000000000001,0.25,-0.0005670422861776,-0.0029380404224332,-0.0145180133275371,-0.0392966194709018,-0.0203613436644507,0.4800000000000001,0.4,False,,-0.23167312423880598
rb_016,window_median,0.05,quarter_rank,12,6,residual_correlation,OLS,1.0,0.9,0.001,20.0,smooth_80_20,linear,2.0,0.55,hybrid_score_70_30,20,prev_70_30,buffer,-0.0724926329673625,0.1543525110306136,0.0717600765932016,0.8940378830176984,0.538336432069931,-0.056900967848229,-0.1688905759346448,-0.1311101114820398,-0.3204184866017621,-0.1729444084797264,0.6125000000000003,0.25,-0.0225787797026352,-0.1165339988314091,-0.0359193608998026,-0.1557128188145349,-0.0252551706387973,0.4200000000000001,0.4,False,,-0.1761592666297941
rb_016,window_median,0.05,quarter_rank,12,6,residual_correlation,OLS,1.0,0.9,0.001,20.0,smooth_80_20,linear,2.0,0.55,hybrid_score_70_30,30,prev_70_30,none,-0.0724926329673625,0.1543525110306136,0.0717600765932016,0.8940378830176984,0.538336432069931,-0.0142784637969147,-0.0438537590373036,-0.1288118310295217,-0.2917746716203788,-0.2174206463796449,0.6166666666666671,0.25,-0.0013643695444842,-0.0063640812112676,-0.0153152401336199,-0.0188001459532869,-0.0288442450237039,0.4466666666666669,0.4,False,,-0.20167298559521435
rb_016,window_median,0.05,quarter_rank,12,6,residual_correlation,OLS,1.0,0.9,0.001,20.0,smooth_80_20,linear,2.0,0.55,hybrid_score_70_30,30,prev_70_30,buffer,-0.0724926329673625,0.1543525110306136,0.0717600765932016,0.8940378830176984,0.538336432069931,-0.0259852733230161,-0.0812027956793846,-0.1353605946683758,-0.3167141634635788,-0.2131586180677165,0.5916666666666671,0.25,-0.0111946353923736,-0.0520493179636486,-0.0248020455748545,-0.0658077209655305,-0.034800456265122,0.3733333333333335,0.4,False,,-0.19344440639350546
rb_016,window_median,0.05,quarter_rank,12,6,residual_correlation,OLS,1.0,0.9,0.001,20.0,smooth_80_20,linear,2.0,0.55,hybrid_score_70_30,50,prev_70_30,none,-0.0724926329673625,0.1543525110306136,0.0717600765932016,0.8940378830176984,0.538336432069931,-0.0906886886346292,-0.3477408127952145,-0.1993371585899933,-0.5670374344176958,-0.1966946691963325,0.5800000000000003,0.25,-0.0428372895170298,-0.2241838118731228,-0.0570774314608111,-0.3011512937770307,-0.0303329639709437,0.3760000000000001,0.4,False,,-0.28956912054064976
rb_016,window_median,0.05,quarter_rank,12,6,residual_correlation,OLS,1.0,0.9,0.001,20.0,smooth_80_20,linear,2.0,0.55,hybrid_score_70_30,20,trailing2_60_40,none,-0.0724926329673625,0.1543525110306136,0.0717600765932016,0.8940378830176984,0.538336432069931,-0.0663620019138617,-0.2370727134457934,-0.1941897599531566,-0.5046784087792869,-0.1837948759172721,0.7625000000000003,0.25,0.0048712799915695,0.0235303070871406,-0.0078046726343901,0.0047663671101263,-0.0184639672931354,0.41,0.4,False,,-0.385249973192116
rb_016,window_median,0.05,quarter_rank,12,6,residual_correlation,OLS,1.0,0.9,0.001,20.0,smooth_80_20,linear,2.0,0.55,hybrid_score_70_30,20,trailing2_60_40,buffer,-0.0724926329673625,0.1543525110306136,0.0717600765932016,0.8940378830176984,0.538336432069931,-0.0882526159318612,-0.2908340974007419,-0.2171727699396519,-0.4919856069850082,-0.1953392336612895,0.6250000000000003,0.25,-0.0017040782243228,-0.0085472462817129,-0.0140047304722792,-0.0328294391271918,-0.0239789455377207,0.36,0.4,False,,-0.3189345549733139
rb_016,window_median,0.05,quarter_rank,12,6,residual_correlation,OLS,1.0,0.9,0.001,20.0,smooth_80_20,linear,2.0,0.55,hybrid_score_70_30,30,trailing2_60_40,none,-0.0724926329673625,0.1543525110306136,0.0717600765932016,0.8940378830176984,0.538336432069931,-0.08950247521072,-0.2945548350003814,-0.2221545574435587,-0.5001163300936943,-0.1974845998642014,0.6500000000000005,0.25,0.0018777792496293,0.0090020468129745,-0.0117386578372372,-0.0083867043940931,-0.0234221338503684,0.3933333333333335,0.4,False,,-0.34381737541544755
rb_016,window_median,0.05,quarter_rank,12,6,residual_correlation,OLS,1.0,0.9,0.001,20.0,smooth_80_20,linear,2.0,0.55,hybrid_score_70_30,30,trailing2_60_40,buffer,-0.0724926329673625,0.1543525110306136,0.0717600765932016,0.8940378830176984,0.538336432069931,-0.087257071416824,-0.2840104535584459,-0.2043655958633483,-0.4627083497504384,-0.185707749805096,0.5916666666666671,0.25,0.0309383427609915,0.1558657757147794,0.0164411945792239,0.1428310256167958,-0.0185426579961266,0.3333333333333334,0.4,False,,-0.2711345050629297
rb_016,window_median,0.05,quarter_rank,12,6,residual_correlation,OLS,1.0,0.9,0.001,20.0,smooth_80_20,linear,2.0,0.55,hybrid_score_70_30,50,trailing2_60_40,none,-0.0724926329673625,0.1543525110306136,0.0717600765932016,0.8940378830176984,0.538336432069931,-0.0627090538892299,-0.2013670272034569,-0.187755048574474,-0.4177741978402928,-0.1887126975450186,0.5750000000000003,0.25,-0.0383825371875412,-0.1986338388171503,-0.0525891276434038,-0.2701797423717664,-0.0168806464176589,0.324,0.4,False,,-0.2364404547315448
rb_016,window_median,0.05,quarter_rank,12,6,residual_correlation,OLS,1.0,0.9,0.001,20.0,smooth_80_20,linear,2.0,0.55,hybrid_score_50_50,20,none,none,-0.0724926329673625,0.1543525110306136,0.0717600765932016,0.8940378830176984,0.538336432069931,0.2936011112731491,1.4340262383561102,0.3099196242037222,0.1452595184954404,-0.0614397745619359,0.9875000000000004,0.75,-0.0369959809672891,-0.1673248136562922,-0.0495224937908257,-0.1665205121361284,-0.0576783517686696,0.5200000000000001,0.6,False,,0.16380812710072912
rb_016,window_median,0.05,quarter_rank,12,6,residual_correlation,OLS,1.0,0.9,0.001,20.0,smooth_80_20,linear,2.0,0.55,hybrid_score_50_50,20,none,buffer,-0.0724926329673625,0.1543525110306136,0.0717600765932016,0.8940378830176984,0.538336432069931,0.2944220361177547,1.441630707941648,0.310164304119471,0.1464900954057895,-0.0608441601947974,0.9625000000000004,0.75,-0.0153454348703224,-0.0680761257126624,-0.0265546546961124,-0.0622100510309975,-0.0571282709411991,0.4300000000000001,0.6,False,,0.181643072967892
rb_016,window_median,0.05,quarter_rank,12,6,residual_correlation,OLS,1.0,0.9,0.001,20.0,smooth_80_20,linear,2.0,0.55,hybrid_score_50_50,30,none,none,-0.0724926329673625,0.1543525110306136,0.0717600765932016,0.8940378830176984,0.538336432069931,0.3214138049784922,1.4352907144062743,0.2885125387046683,0.1990727969927571,-0.0430627671593627,0.9583333333333346,0.75,0.0127791085901853,0.0566582529855648,0.0004471047409924,0.0532260537568774,-0.0327836910015231,0.5133333333333335,0.4,False,,0.1884992920598279
rb_016,window_median,0.05,quarter_rank,12,6,residual_correlation,OLS,1.0,0.9,0.001,20.0,smooth_80_20,linear,2.0,0.55,hybrid_score_50_50,30,none,buffer,-0.0724926329673625,0.1543525110306136,0.0717600765932016,0.8940378830176984,0.538336432069931,0.306833818071913,1.402844084490044,0.279898545750349,0.1779565478865129,-0.0451343139815034,0.941666666666668,0.75,0.0177639105089668,0.0789804465423165,0.005329599521789,0.0744447637243355,-0.0297822030159429,0.4333333333333335,0.6,False,,0.18556955038781503
rb_016,window_median,0.05,quarter_rank,12,6,residual_correlation,OLS,1.0,0.9,0.001,20.0,smooth_80_20,linear,2.0,0.55,hybrid_score_50_50,50,none,none,-0.0724926329673625,0.1543525110306136,0.0717600765932016,0.8940378830176984,0.538336432069931,0.2807687015279396,1.3515674182282122,0.2429766234987454,0.1479432661960467,-0.0433820372951516,0.9350000000000008,0.75,-0.00528847548597,-0.0284911776946985,-0.0195080933725892,-0.083754776108002,-0.0286858674000975,0.4720000000000002,0.4,False,,0.15016963123864394
rb_016,window_median,0.05,quarter_rank,12,6,residual_correlation,OLS,1.0,0.9,0.001,20.0,smooth_80_20,linear,2.0,0.55,hybrid_score_50_50,20,prev_70_30,none,-0.0724926329673625,0.1543525110306136,0.0717600765932016,0.8940378830176984,0.538336432069931,0.265272581686198,1.036856960766121,0.3030757893603187,0.1071200969203416,-0.09195310100022,0.9500000000000004,0.75,-0.008309326625016,-0.0410341501258017,-0.020599050304771,-0.0610434742039856,-0.0591117968474357,0.5500000000000002,0.6,False,,0.15284719686116302
rb_016,window_median,0.05,quarter_rank,12,6,residual_correlation,OLS,1.0,0.9,0.001,20.0,smooth_80_20,linear,2.0,0.55,hybrid_score_50_50,20,prev_70_30,buffer,-0.0724926329673625,0.1543525110306136,0.0717600765932016,0.8940378830176984,0.538336432069931,0.2549937009739003,0.9733804267698766,0.3000453669717473,0.0947362723471226,-0.0993299349655557,0.9250000000000004,0.75,0.0234602857334631,0.1083823733082331,0.0101454264995853,0.0974999522794619,-0.0448204574362982,0.4600000000000001,0.6,False,,0.15898759598573756
rb_016,window_median,0.05,quarter_rank,12,6,residual_correlation,OLS,1.0,0.9,0.001,20.0,smooth_80_20,linear,2.0,0.55,hybrid_score_50_50,30,prev_70_30,none,-0.0724926329673625,0.1543525110306136,0.0717600765932016,0.8940378830176984,0.538336432069931,0.1874825310853487,0.8558445330158894,0.1941347880222668,0.0036659665204393,-0.078302135482961,0.916666666666668,0.5,0.0239140644685522,0.1097200057903206,0.0108359145073398,0.1009602864655692,-0.0340705042765657,0.506666666666667,0.6,False,,0.0602692118089026
rb_016,window_median,0.05,quarter_rank,12,6,residual_correlation,OLS,1.0,0.9,0.001,20.0,smooth_80_20,linear,2.0,0.55,hybrid_score_50_50,30,prev_70_30,buffer,-0.0724926329673625,0.1543525110306136,0.0717600765932016,0.8940378830176984,0.538336432069931,0.1433034477400665,0.6641182058720666,0.1661864038480346,-0.0607925621629305,-0.0928900202419407,0.875000000000001,0.5,-0.0163879248454934,-0.0765771553652801,-0.0295072200768126,-0.0898126052893543,-0.0463501246064452,0.4066666666666668,0.6,False,,0.03774901637012862
rb_016,window_median,0.05,quarter_rank,12,6,residual_correlation,OLS,1.0,0.9,0.001,20.0,smooth_80_20,linear,2.0,0.55,hybrid_score_50_50,50,prev_70_30,none,-0.0724926329673625,0.1543525110306136,0.0717600765932016,0.8940378830176984,0.538336432069931,0.097654077962179,0.6401897129646675,0.0548853899980791,-0.2082863378575209,-0.0555538728598193,0.8100000000000005,0.5,-0.0479272550179146,-0.2361302540228071,-0.0618358837970379,-0.2781638706684707,-0.0402027637321258,0.4120000000000002,0.4,False,,-0.02880816660335701
rb_016,window_median,0.05,quarter_rank,12,6,residual_correlation,OLS,1.0,0.9,0.001,20.0,smooth_80_20,linear,2.0,0.55,hybrid_score_50_50,20,trailing2_60_40,none,-0.0724926329673625,0.1543525110306136,0.0717600765932016,0.8940378830176984,0.538336432069931,0.1958640026260196,1.035704529000667,0.1848436870368789,0.0085908206197691,-0.013277142941914,0.8875000000000004,0.5,0.0122939796296956,0.0608922276907977,-0.0007173185834965,0.0372095257029984,-0.0406506678204963,0.4800000000000001,0.4,False,,0.11810317911577956
rb_016,window_median,0.05,quarter_rank,12,6,residual_correlation,OLS,1.0,0.9,0.001,20.0,smooth_80_20,linear,2.0,0.55,hybrid_score_50_50,20,trailing2_60_40,buffer,-0.0724926329673625,0.1543525110306136,0.0717600765932016,0.8940378830176984,0.538336432069931,0.1870298141423583,0.9803885529908488,0.1790828967499535,-0.00524902635316,-0.0126408252448054,0.8500000000000004,0.5,0.0061794467817595,0.0291055115934426,-0.0062072724223417,0.0146893719936908,-0.0542797115205746,0.3800000000000001,0.4,False,,0.13545620927248117
rb_016,window_median,0.05,quarter_rank,12,6,residual_correlation,OLS,1.0,0.9,0.001,20.0,smooth_80_20,linear,2.0,0.55,hybrid_score_50_50,30,trailing2_60_40,none,-0.0724926329673625,0.1543525110306136,0.0717600765932016,0.8940378830176984,0.538336432069931,0.0766838977559021,0.4194787627918242,0.0674508128837386,-0.2005761370397062,-0.0486603534699414,0.8333333333333343,0.5,0.0033419669749392,0.0164225341762875,-0.0099565994457641,-0.0051088884284758,-0.0411557722063925,0.4333333333333335,0.4,False,,-0.026310865131448813
rb_016,window_median,0.05,quarter_rank,12,6,residual_correlation,OLS,1.0,0.9,0.001,20.0,smooth_80_20,linear,2.0,0.55,hybrid_score_50_50,30,trailing2_60_40,buffer,-0.0724926329673625,0.1543525110306136,0.0717600765932016,0.8940378830176984,0.538336432069931,0.0826024168092025,0.4397856580196673,0.0734308516228008,-0.1862260886512495,-0.0486603534699414,0.8083333333333342,0.5,0.0140624390994545,0.0677265870388184,0.0005610832123872,0.0498588775619354,-0.0464836262710058,0.3800000000000001,0.4,False,,-0.0006146037352493406
rb_016,window_median,0.05,quarter_rank,12,6,residual_correlation,OLS,1.0,0.9,0.001,20.0,smooth_80_20,linear,2.0,0.55,hybrid_score_50_50,50,trailing2_60_40,none,-0.0724926329673625,0.1543525110306136,0.0717600765932016,0.8940378830176984,0.538336432069931,0.079776184223514,0.4376529852952608,0.0382555009859277,-0.2198463430478851,-0.0676617498007863,0.8050000000000004,0.5,-0.0102684282047885,-0.0515257441632606,-0.0236604739271806,-0.0822748343998988,-0.0315838431633231,0.3840000000000001,0.4,False,,-0.052021646442840165
rb_016,window_median,0.05,quarter_rank,12,6,residual_correlation,OLS,1.0,0.9,0.001,20.0,smooth_80_20,linear,2.0,0.55,hybrid_score_30_70,20,none,none,-0.0724926329673625,0.1543525110306136,0.0717600765932016,0.8940378830176984,0.538336432069931,0.4657524784994764,2.5755766209546023,0.3641304355858203,0.4782123302295512,0.0,0.9875000000000004,0.75,-0.0221883786757856,-0.1033742439817536,-0.0333540444409639,-0.1029127874001419,-0.0434271311899675,0.5800000000000002,0.4,False,,0.33188445453258153
rb_016,window_median,0.05,quarter_rank,12,6,residual_correlation,OLS,1.0,0.9,0.001,20.0,smooth_80_20,linear,2.0,0.55,hybrid_score_30_70,20,none,buffer,-0.0724926329673625,0.1543525110306136,0.0717600765932016,0.8940378830176984,0.538336432069931,0.4657524784994764,2.5755766209546023,0.3641304355858203,0.4782123302295512,0.0,0.9875000000000004,0.75,-0.0101668405488876,-0.0473873617474759,-0.0209543602325147,-0.0504599824225191,-0.0361276227194617,0.5100000000000001,0.6,False,,0.33188445453258153
rb_016,window_median,0.05,quarter_rank,12,6,residual_correlation,OLS,1.0,0.9,0.001,20.0,smooth_80_20,linear,2.0,0.55,hybrid_score_30_70,30,none,none,-0.0724926329673625,0.1543525110306136,0.0717600765932016,0.8940378830176984,0.538336432069931,0.4154859063565155,2.3040295524916,0.354450389631327,0.3574566237450755,0.0,0.9750000000000012,0.75,-0.0034400256746124,-0.0154680047527672,-0.0150162990918135,-0.0168482635304784,-0.0418328214501924,0.5666666666666669,0.6,False,,0.3043422096637418
rb_016,window_median,0.05,quarter_rank,12,6,residual_correlation,OLS,1.0,0.9,0.001,20.0,smooth_80_20,linear,2.0,0.55,hybrid_score_30_70,30,none,buffer,-0.0724926329673625,0.1543525110306136,0.0717600765932016,0.8940378830176984,0.538336432069931,0.4129140666356155,2.273964933713064,0.3537034758585347,0.3514560582309596,-0.0011295627275325,0.966666666666668,0.75,-0.0174643855672361,-0.0798474633035338,-0.0295819661560945,-0.0826010973148869,-0.0473219668233071,0.4866666666666669,0.6,False,,0.3071499127417216
rb_016,window_median,0.05,quarter_rank,12,6,residual_correlation,OLS,1.0,0.9,0.001,20.0,smooth_80_20,linear,2.0,0.55,hybrid_score_30_70,50,none,none,-0.0724926329673625,0.1543525110306136,0.0717600765932016,0.8940378830176984,0.538336432069931,0.3523644785610851,2.550423096920231,0.3013617887912048,0.2814302959748015,0.0,0.9700000000000006,0.75,-0.0055700400317038,-0.0304945376948362,-0.017849754355716,-0.0718853618808534,-0.0471142218436195,0.5240000000000002,0.4,False,,0.24122839795279447
rb_016,window_median,0.05,quarter_rank,12,6,residual_correlation,OLS,1.0,0.9,0.001,20.0,smooth_80_20,linear,2.0,0.55,hybrid_score_30_70,20,prev_70_30,none,-0.0724926329673625,0.1543525110306136,0.0717600765932016,0.8940378830176984,0.538336432069931,0.397924578285733,2.8779621079140467,0.3479118680681102,0.3437448875965628,0.0,0.9500000000000004,0.75,0.0205459407780257,0.1026471965963611,0.0072912593545036,0.0815779835113491,-0.0380903580248166,0.6100000000000002,0.6,False,,0.3120947738845844
rb_016,window_median,0.05,quarter_rank,12,6,residual_correlation,OLS,1.0,0.9,0.001,20.0,smooth_80_20,linear,2.0,0.55,hybrid_score_30_70,20,prev_70_30,buffer,-0.0724926329673625,0.1543525110306136,0.0717600765932016,0.8940378830176984,0.538336432069931,0.3842097169381251,2.6611573763200216,0.3437663810359412,0.311251600836084,0.0,0.9500000000000004,0.75,0.0292796173204166,0.1395324809288058,0.0162337604260507,0.1176607081891322,-0.0632193966572149,0.5300000000000001,0.6,False,,0.3009709743713047
rb_016,window_median,0.05,quarter_rank,12,6,residual_correlation,OLS,1.0,0.9,0.001,20.0,smooth_80_20,linear,2.0,0.55,hybrid_score_30_70,30,prev_70_30,none,-0.0724926329673625,0.1543525110306136,0.0717600765932016,0.8940378830176984,0.538336432069931,0.3125743564182484,2.1238943930448486,0.2613144882694052,0.2168609688682747,0.0,0.9500000000000012,0.75,0.0118050257750101,0.0581215381927694,-0.0012536229495247,0.0379398283151923,-0.046550545133826,0.5133333333333335,0.6,False,,0.2029853795435728
rb_016,window_median,0.05,quarter_rank,12,6,residual_correlation,OLS,1.0,0.9,0.001,20.0,smooth_80_20,linear,2.0,0.55,hybrid_score_30_70,30,prev_70_30,buffer,-0.0724926329673625,0.1543525110306136,0.0717600765932016,0.8940378830176984,0.538336432069931,0.3075796162477771,2.117185338003137,0.2581683581994571,0.2075749332174035,0.0,0.9333333333333346,0.75,0.0041718125122374,0.0210881123448128,-0.0081996310687975,-0.0045585220330039,-0.0463216253884695,0.4666666666666669,0.6,False,,0.20925266821492222
rb_016,window_median,0.05,quarter_rank,12,6,residual_correlation,OLS,1.0,0.9,0.001,20.0,smooth_80_20,linear,2.0,0.55,hybrid_score_30_70,50,prev_70_30,none,-0.0724926329673625,0.1543525110306136,0.0717600765932016,0.8940378830176984,0.538336432069931,0.2166614378270852,2.031837002485478,0.1752777087038831,0.036448588579281,0.0,0.9450000000000008,0.75,-0.0156989178229176,-0.076332704203064,-0.0287376484153133,-0.0981354487667625,-0.0443640909518772,0.4960000000000003,0.6,False,,0.0858261912834845
rb_016,window_median,0.05,quarter_rank,12,6,residual_correlation,OLS,1.0,0.9,0.001,20.0,smooth_80_20,linear,2.0,0.55,hybrid_score_30_70,20,trailing2_60_40,none,-0.0724926329673625,0.1543525110306136,0.0717600765932016,0.8940378830176984,0.538336432069931,0.1339064520556598,1.2968874978704283,0.172707180557993,-0.1100563980989847,-0.0364048666913013,0.9750000000000004,0.5,0.0317174648427196,0.1561775448306396,0.0171543211892333,0.1529578080815028,-0.0300319314930872,0.5800000000000002,0.6,False,,0.004843630865355816
rb_016,window_median,0.05,quarter_rank,12,6,residual_correlation,OLS,1.0,0.9,0.001,20.0,smooth_80_20,linear,2.0,0.55,hybrid_score_30_70,20,trailing2_60_40,buffer,-0.0724926329673625,0.1543525110306136,0.0717600765932016,0.8940378830176984,0.538336432069931,0.1339064520556598,1.2968874978704283,0.172707180557993,-0.1100563980989847,-0.0364048666913013,0.9750000000000004,0.5,0.0153101661963448,0.0750180019387681,0.0030116932700433,0.0529190577151883,-0.0508708846276096,0.4800000000000001,0.6,False,,0.004843630865355816
rb_016,window_median,0.05,quarter_rank,12,6,residual_correlation,OLS,1.0,0.9,0.001,20.0,smooth_80_20,linear,2.0,0.55,hybrid_score_30_70,30,trailing2_60_40,none,-0.0724926329673625,0.1543525110306136,0.0717600765932016,0.8940378830176984,0.538336432069931,0.2643828397577654,1.9404046562793469,0.2090100428748519,0.138465300573853,-0.0039505464061874,0.9750000000000012,0.75,0.0286208114724351,0.1473956283567284,0.0142819929584135,0.1344324990767532,-0.0322164495706214,0.5000000000000003,0.6,False,,0.11700298522098375
rb_016,window_median,0.05,quarter_rank,12,6,residual_correlation,OLS,1.0,0.9,0.001,20.0,smooth_80_20,linear,2.0,0.55,hybrid_score_30_70,30,trailing2_60_40,buffer,-0.0724926329673625,0.1543525110306136,0.0717600765932016,0.8940378830176984,0.538336432069931,0.2643828397577654,1.9404046562793469,0.2090100428748519,0.138465300573853,-0.0039505464061874,0.966666666666668,0.75,0.0013838126200917,0.0066261691164172,-0.0122999771424134,-0.0093055736499548,-0.0377963581677713,0.4133333333333334,0.6,False,,0.12264084588224694
rb_016,window_median,0.05,quarter_rank,12,6,residual_correlation,OLS,1.0,0.9,0.001,20.0,smooth_80_20,linear,2.0,0.55,hybrid_score_30_70,50,trailing2_60_40,none,-0.0724926329673625,0.1543525110306136,0.0717600765932016,0.8940378830176984,0.538336432069931,0.2318643142537702,1.622290172517154,0.1806084403786605,0.0731795280549438,-0.0134489001478904,0.9750000000000008,0.75,0.0217855016877468,0.1083205671910168,0.0086456808263771,0.0881730358110234,-0.0316862751619372,0.4280000000000002,0.6,False,,0.06926040916308415
