split,score_name,top_k,rankic,annualized_return,alpha,sharpe_ratio,information_ratio,max_drawdown,turnover,excess_win_rate,signal_conversion_comment
valid,pure_stagewise_score,20,0.1794682482504289,1.0152375367945838,0.6398403670946543,5.419568271156504,2.292278705381624,0.0,0.9375000000000004,1.0,positive rankic with robust-selected portfolio metrics; validation only for selection
test,pure_stagewise_score,20,0.0917094940433002,-0.0080874368852401,-0.0206223771919473,-0.0413081039144903,-0.0703924061527925,0.0,0.6100000000000001,0.6,holdout diagnostics only; not used for parameter choice
valid,pure_stagewise_score,20,0.1794682482504289,0.9739611476614378,0.6054344297355162,4.814677213868772,2.1665663142327825,0.0,0.8625000000000004,1.0,positive rankic with robust-selected portfolio metrics; validation only for selection
test,pure_stagewise_score,20,0.0917094940433002,-0.0005851064104576,-0.0130803605615651,-0.0029515816338796,-0.0263081866697867,0.0,0.5600000000000003,0.8,holdout diagnostics only; not used for parameter choice
valid,pure_stagewise_score,30,0.1794682482504289,0.8066342734427605,0.5386665048606785,5.209270932311029,1.6562465263266932,0.0,0.8833333333333344,1.0,positive rankic with robust-selected portfolio metrics; validation only for selection
test,pure_stagewise_score,30,0.0917094940433002,0.0122811362830059,-0.0012674415965176,0.0635313221935132,0.0395434692936003,0.0,0.6066666666666669,0.6,holdout diagnostics only; not used for parameter choice
valid,pure_stagewise_score,30,0.1794682482504289,0.8134222565511231,0.5339063723995354,5.113397261053786,1.821914936700159,0.0,0.8500000000000009,1.0,positive rankic with robust-selected portfolio metrics; validation only for selection
test,pure_stagewise_score,30,0.0917094940433002,0.0072951952999551,-0.0062913105676995,0.0381023313553891,0.0087629309570674,0.0,0.5800000000000003,0.6,holdout diagnostics only; not used for parameter choice
valid,pure_stagewise_score,50,0.1794682482504289,0.6331771384302192,0.4511777649642583,6.067884146253302,1.1806446165902424,0.0,0.8500000000000005,0.75,positive rankic with robust-selected portfolio metrics; validation only for selection
test,pure_stagewise_score,50,0.0917094940433002,0.0176694855675605,0.0040677021480856,0.1003625183496493,0.0654083173855799,0.0,0.5800000000000003,0.6,holdout diagnostics only; not used for parameter choice
valid,pure_stagewise_score,20,0.1794682482504289,0.3851771779680997,0.2805679431416491,4.84250705650661,0.5158647641448747,0.0,0.8500000000000004,0.75,positive rankic with robust-selected portfolio metrics; validation only for selection
test,pure_stagewise_score,20,0.0917094940433002,0.0217063709675646,0.0097431448747286,0.1082831389688379,0.0858914630959338,0.0,0.6500000000000002,0.6,holdout diagnostics only; not used for parameter choice
valid,pure_stagewise_score,20,0.1794682482504289,0.3853215817058817,0.2807669227179105,4.850265782908471,0.5159287825230732,0.0,0.8125000000000003,0.75,positive rankic with robust-selected portfolio metrics; validation only for selection
test,pure_stagewise_score,20,0.0917094940433002,0.0642694759228541,0.0502866563116606,0.3549308131947757,0.322117151479525,0.0,0.5700000000000002,0.8,holdout diagnostics only; not used for parameter choice
valid,pure_stagewise_score,30,0.1794682482504289,0.2711635835021106,0.1763283947419873,2.5903494602778934,0.2152127334506286,-0.0118378989114275,0.7916666666666674,0.75,positive rankic with robust-selected portfolio metrics; validation only for selection
test,pure_stagewise_score,30,0.0917094940433002,0.0241461660644499,0.0108512713291176,0.1296491869570551,0.1032936943649393,0.0,0.5733333333333335,0.6,holdout diagnostics only; not used for parameter choice
valid,pure_stagewise_score,30,0.1794682482504289,0.2783202021292537,0.1866244529942944,2.7997872890288127,0.2290558920783791,-0.0062745714285838,0.7833333333333341,0.75,positive rankic with robust-selected portfolio metrics; validation only for selection
test,pure_stagewise_score,30,0.0917094940433002,0.0314413047963602,0.0182864802777799,0.1716744656926421,0.1447573471487812,0.0,0.5466666666666669,0.6,holdout diagnostics only; not used for parameter choice
valid,pure_stagewise_score,50,0.1794682482504289,0.3806062457448276,0.2523501650809558,3.855022914290807,0.6435225336653584,0.0,0.7750000000000006,0.75,positive rankic with robust-selected portfolio metrics; validation only for selection
test,pure_stagewise_score,50,0.0917094940433002,0.0218321796544502,0.0080673543376353,0.1189793654966177,0.0978461732063478,0.0,0.5200000000000002,0.8,holdout diagnostics only; not used for parameter choice
valid,pure_stagewise_score,20,0.1794682482504289,0.3127142875911972,0.1962542757627126,2.949823075322798,0.4047324733513354,-0.0052382820625115,0.8500000000000004,0.5,positive rankic with robust-selected portfolio metrics; validation only for selection
test,pure_stagewise_score,20,0.0917094940433002,0.1603494972599117,0.1372713317283679,0.8877871883934156,1.010315363709984,0.0,0.6700000000000003,0.8,holdout diagnostics only; not used for parameter choice
valid,pure_stagewise_score,20,0.1794682482504289,0.3117836244007477,0.1871446887007455,2.7051744418814354,0.4375929848695893,-0.0115604757356593,0.8375000000000004,0.5,positive rankic with robust-selected portfolio metrics; validation only for selection
test,pure_stagewise_score,20,0.0917094940433002,0.1192031068582988,0.0996743564656577,0.7161017490722216,0.9648360420357038,0.0,0.5800000000000003,0.8,holdout diagnostics only; not used for parameter choice
valid,pure_stagewise_score,30,0.1794682482504289,0.278037312262172,0.1880378026820877,2.831056471768844,0.2245173938290682,0.0,0.8333333333333343,0.5,positive rankic with robust-selected portfolio metrics; validation only for selection
test,pure_stagewise_score,30,0.0917094940433002,0.0770948355892251,0.0608660100466772,0.4332060752880423,0.4938440578813775,0.0,0.5866666666666669,0.8,holdout diagnostics only; not used for parameter choice
valid,pure_stagewise_score,30,0.1794682482504289,0.278160772168144,0.1756537888933779,2.5495078285706847,0.2498015762229738,0.0,0.8000000000000008,0.5,positive rankic with robust-selected portfolio metrics; validation only for selection
test,pure_stagewise_score,30,0.0917094940433002,0.1122057370235354,0.0934198733713989,0.6722335383949969,0.8673845751425723,0.0,0.5000000000000001,0.8,holdout diagnostics only; not used for parameter choice
valid,pure_stagewise_score,50,0.1794682482504289,0.3255183147276395,0.1873505814418357,2.4448133551319007,0.5192449838145488,0.0,0.8000000000000005,0.5,positive rankic with robust-selected portfolio metrics; validation only for selection
test,pure_stagewise_score,50,0.0917094940433002,0.0723184705434709,0.0564745387249705,0.4703748361678772,0.5962825496315467,0.0,0.4600000000000002,0.8,holdout diagnostics only; not used for parameter choice
valid,pure_stagewise_score,20,0.1794648716788633,1.0152375367945838,0.6398403670946543,5.419568271156504,2.292278705381624,0.0,0.9375000000000004,1.0,positive rankic with robust-selected portfolio metrics; validation only for selection
test,pure_stagewise_score,20,0.0916983623979265,-0.0080874368852401,-0.0206223771919473,-0.0413081039144903,-0.0703924061527925,0.0,0.6100000000000001,0.6,holdout diagnostics only; not used for parameter choice
valid,pure_stagewise_score,20,0.1794648716788633,0.9739611476614378,0.6054344297355162,4.814677213868772,2.1665663142327825,0.0,0.8625000000000004,1.0,positive rankic with robust-selected portfolio metrics; validation only for selection
test,pure_stagewise_score,20,0.0916983623979265,-0.0005851064104576,-0.0130803605615651,-0.0029515816338796,-0.0263081866697867,0.0,0.5600000000000003,0.8,holdout diagnostics only; not used for parameter choice
valid,pure_stagewise_score,30,0.1794648716788633,0.8066342734427605,0.5386665048606785,5.209270932311029,1.6562465263266932,0.0,0.8833333333333344,1.0,positive rankic with robust-selected portfolio metrics; validation only for selection
test,pure_stagewise_score,30,0.0916983623979265,0.0122811362830059,-0.0012674415965176,0.0635313221935132,0.0395434692936003,0.0,0.6066666666666669,0.6,holdout diagnostics only; not used for parameter choice
valid,pure_stagewise_score,30,0.1794648716788633,0.8134222565511231,0.5339063723995354,5.113397261053786,1.821914936700159,0.0,0.8500000000000009,1.0,positive rankic with robust-selected portfolio metrics; validation only for selection
test,pure_stagewise_score,30,0.0916983623979265,0.0072951952999551,-0.0062913105676995,0.0381023313553891,0.0087629309570674,0.0,0.5800000000000003,0.6,holdout diagnostics only; not used for parameter choice
valid,pure_stagewise_score,50,0.1794648716788633,0.6331771384302192,0.4511777649642583,6.067884146253302,1.1806446165902424,0.0,0.8500000000000005,0.75,positive rankic with robust-selected portfolio metrics; validation only for selection
test,pure_stagewise_score,50,0.0916983623979265,0.0176694855675605,0.0040677021480856,0.1003625183496493,0.0654083173855799,0.0,0.5800000000000003,0.6,holdout diagnostics only; not used for parameter choice
valid,pure_stagewise_score,20,0.1794648716788633,0.3601534967974611,0.2608247963741693,4.490294985437019,0.4477422789592213,0.0,0.8500000000000004,0.75,positive rankic with robust-selected portfolio metrics; validation only for selection
test,pure_stagewise_score,20,0.0916983623979265,0.0217063709675646,0.0097431448747286,0.1082831389688379,0.0858914630959338,0.0,0.6500000000000002,0.6,holdout diagnostics only; not used for parameter choice
valid,pure_stagewise_score,20,0.1794648716788633,0.3602952918342397,0.2610237759504307,4.496987769302843,0.447831924969191,0.0,0.8125000000000003,0.75,positive rankic with robust-selected portfolio metrics; validation only for selection
test,pure_stagewise_score,20,0.0916983623979265,0.0642694759228541,0.0502866563116606,0.3549308131947757,0.322117151479525,0.0,0.5700000000000002,0.8,holdout diagnostics only; not used for parameter choice
valid,pure_stagewise_score,30,0.1794648716788633,0.2711635835021106,0.1763283947419873,2.5903494602778934,0.2152127334506286,-0.0118378989114275,0.7916666666666674,0.75,positive rankic with robust-selected portfolio metrics; validation only for selection
test,pure_stagewise_score,30,0.0916983623979265,0.0241461660644499,0.0108512713291176,0.1296491869570551,0.1032936943649393,0.0,0.5733333333333335,0.6,holdout diagnostics only; not used for parameter choice
valid,pure_stagewise_score,30,0.1794648716788633,0.2783202021292537,0.1866244529942944,2.7997872890288127,0.2290558920783791,-0.0062745714285838,0.7833333333333341,0.75,positive rankic with robust-selected portfolio metrics; validation only for selection
test,pure_stagewise_score,30,0.0916983623979265,0.0314413047963602,0.0182864802777799,0.1716744656926421,0.1447573471487812,0.0,0.5466666666666669,0.6,holdout diagnostics only; not used for parameter choice
valid,pure_stagewise_score,50,0.1794648716788633,0.3806062457448276,0.2523501650809558,3.855022914290807,0.6435225336653584,0.0,0.7750000000000006,0.75,positive rankic with robust-selected portfolio metrics; validation only for selection
test,pure_stagewise_score,50,0.0916983623979265,0.0218321796544502,0.0080673543376353,0.1189793654966177,0.0978461732063477,0.0,0.5200000000000002,0.8,holdout diagnostics only; not used for parameter choice
valid,pure_stagewise_score,20,0.1794648716788633,0.3127142875911972,0.1962542757627126,2.949823075322798,0.4047324733513354,-0.0052382820625115,0.8500000000000004,0.5,positive rankic with robust-selected portfolio metrics; validation only for selection
test,pure_stagewise_score,20,0.0916983623979265,0.1603494972599117,0.1372713317283679,0.8877871883934156,1.010315363709984,0.0,0.6700000000000003,0.8,holdout diagnostics only; not used for parameter choice
valid,pure_stagewise_score,20,0.1794648716788633,0.3117836244007477,0.1871446887007455,2.7051744418814354,0.4375929848695893,-0.0115604757356593,0.8375000000000004,0.5,positive rankic with robust-selected portfolio metrics; validation only for selection
test,pure_stagewise_score,20,0.0916983623979265,0.1192031068582988,0.0996743564656577,0.7161017490722216,0.9648360420357038,0.0,0.5800000000000003,0.8,holdout diagnostics only; not used for parameter choice
valid,pure_stagewise_score,30,0.1794648716788633,0.278037312262172,0.1880378026820877,2.831056471768844,0.2245173938290682,0.0,0.8333333333333343,0.5,positive rankic with robust-selected portfolio metrics; validation only for selection
test,pure_stagewise_score,30,0.0916983623979265,0.0770948355892251,0.0608660100466772,0.4332060752880423,0.4938440578813775,0.0,0.5866666666666669,0.8,holdout diagnostics only; not used for parameter choice
valid,pure_stagewise_score,30,0.1794648716788633,0.278160772168144,0.1756537888933779,2.5495078285706847,0.2498015762229738,0.0,0.8000000000000008,0.5,positive rankic with robust-selected portfolio metrics; validation only for selection
test,pure_stagewise_score,30,0.0916983623979265,0.1122057370235354,0.0934198733713989,0.6722335383949969,0.8673845751425723,0.0,0.5000000000000001,0.8,holdout diagnostics only; not used for parameter choice
valid,pure_stagewise_score,50,0.1794648716788633,0.3255183147276395,0.1873505814418357,2.4448133551319007,0.5192449838145488,0.0,0.8000000000000005,0.5,positive rankic with robust-selected portfolio metrics; validation only for selection
test,pure_stagewise_score,50,0.0916983623979265,0.0723184705434709,0.0564745387249705,0.4703748361678772,0.5962825496315467,0.0,0.4600000000000002,0.8,holdout diagnostics only; not used for parameter choice
valid,pure_stagewise_score,20,0.1794658721814976,1.0152375367945838,0.6398403670946543,5.419568271156504,2.292278705381624,0.0,0.9375000000000004,1.0,positive rankic with robust-selected portfolio metrics; validation only for selection
test,pure_stagewise_score,20,0.0917103264447994,-0.0080874368852401,-0.0206223771919473,-0.0413081039144903,-0.0703924061527925,0.0,0.6100000000000001,0.6,holdout diagnostics only; not used for parameter choice
valid,pure_stagewise_score,20,0.1794658721814976,0.9739611476614378,0.6054344297355162,4.814677213868772,2.1665663142327825,0.0,0.8625000000000004,1.0,positive rankic with robust-selected portfolio metrics; validation only for selection
test,pure_stagewise_score,20,0.0917103264447994,-0.0005851064104576,-0.0130803605615651,-0.0029515816338796,-0.0263081866697867,0.0,0.5600000000000003,0.8,holdout diagnostics only; not used for parameter choice
valid,pure_stagewise_score,30,0.1794658721814976,0.8066342734427605,0.5386665048606785,5.209270932311029,1.6562465263266932,0.0,0.8833333333333344,1.0,positive rankic with robust-selected portfolio metrics; validation only for selection
test,pure_stagewise_score,30,0.0917103264447994,0.0122811362830059,-0.0012674415965176,0.0635313221935132,0.0395434692936003,0.0,0.6066666666666669,0.6,holdout diagnostics only; not used for parameter choice
valid,pure_stagewise_score,30,0.1794658721814976,0.8134222565511231,0.5339063723995354,5.113397261053786,1.821914936700159,0.0,0.8500000000000009,1.0,positive rankic with robust-selected portfolio metrics; validation only for selection
test,pure_stagewise_score,30,0.0917103264447994,0.0072951952999551,-0.0062913105676995,0.0381023313553891,0.0087629309570674,0.0,0.5800000000000003,0.6,holdout diagnostics only; not used for parameter choice
valid,pure_stagewise_score,50,0.1794658721814976,0.6331771384302192,0.4511777649642583,6.067884146253302,1.1806446165902424,0.0,0.8500000000000005,0.75,positive rankic with robust-selected portfolio metrics; validation only for selection
test,pure_stagewise_score,50,0.0917103264447994,0.0176694855675605,0.0040677021480856,0.1003625183496493,0.06540831738558,0.0,0.5800000000000003,0.6,holdout diagnostics only; not used for parameter choice
valid,pure_stagewise_score,20,0.1794658721814976,0.3601534967974611,0.2608247963741693,4.490294985437019,0.4477422789592213,0.0,0.8500000000000004,0.75,positive rankic with robust-selected portfolio metrics; validation only for selection
test,pure_stagewise_score,20,0.0917103264447994,0.0217063709675646,0.0097431448747286,0.1082831389688379,0.0858914630959338,0.0,0.6500000000000002,0.6,holdout diagnostics only; not used for parameter choice
valid,pure_stagewise_score,20,0.1794658721814976,0.3602952918342397,0.2610237759504307,4.496987769302843,0.447831924969191,0.0,0.8125000000000003,0.75,positive rankic with robust-selected portfolio metrics; validation only for selection
test,pure_stagewise_score,20,0.0917103264447994,0.0642694759228541,0.0502866563116606,0.3549308131947757,0.322117151479525,0.0,0.5700000000000002,0.8,holdout diagnostics only; not used for parameter choice
valid,pure_stagewise_score,30,0.1794658721814976,0.2711635835021106,0.1763283947419873,2.5903494602778934,0.2152127334506286,-0.0118378989114275,0.7916666666666674,0.75,positive rankic with robust-selected portfolio metrics; validation only for selection
test,pure_stagewise_score,30,0.0917103264447994,0.0241461660644499,0.0108512713291176,0.1296491869570551,0.1032936943649393,0.0,0.5733333333333335,0.6,holdout diagnostics only; not used for parameter choice
valid,pure_stagewise_score,30,0.1794658721814976,0.2783202021292537,0.1866244529942944,2.7997872890288127,0.2290558920783791,-0.0062745714285838,0.7833333333333341,0.75,positive rankic with robust-selected portfolio metrics; validation only for selection
test,pure_stagewise_score,30,0.0917103264447994,0.0344763132167733,0.0214034462122932,0.1875184543537883,0.1594568164897709,0.0,0.5466666666666669,0.6,holdout diagnostics only; not used for parameter choice
valid,pure_stagewise_score,50,0.1794658721814976,0.3806062457448276,0.2523501650809558,3.855022914290807,0.6435225336653584,0.0,0.7750000000000006,0.75,positive rankic with robust-selected portfolio metrics; validation only for selection
test,pure_stagewise_score,50,0.0917103264447994,0.0218321796544502,0.0080673543376353,0.1189793654966177,0.0978461732063477,0.0,0.5200000000000002,0.8,holdout diagnostics only; not used for parameter choice
valid,pure_stagewise_score,20,0.1794658721814976,0.3127142875911972,0.1962542757627126,2.949823075322798,0.4047324733513354,-0.0052382820625115,0.8500000000000004,0.5,positive rankic with robust-selected portfolio metrics; validation only for selection
test,pure_stagewise_score,20,0.0917103264447994,0.1603494972599117,0.1372713317283679,0.8877871883934156,1.010315363709984,0.0,0.6700000000000003,0.8,holdout diagnostics only; not used for parameter choice
valid,pure_stagewise_score,20,0.1794658721814976,0.3117836244007477,0.1871446887007455,2.7051744418814354,0.4375929848695893,-0.0115604757356593,0.8375000000000004,0.5,positive rankic with robust-selected portfolio metrics; validation only for selection
test,pure_stagewise_score,20,0.0917103264447994,0.1192031068582988,0.0996743564656577,0.7161017490722216,0.9648360420357038,0.0,0.5800000000000003,0.8,holdout diagnostics only; not used for parameter choice
valid,pure_stagewise_score,30,0.1794658721814976,0.278037312262172,0.1880378026820877,2.831056471768844,0.2245173938290682,0.0,0.8333333333333343,0.5,positive rankic with robust-selected portfolio metrics; validation only for selection
test,pure_stagewise_score,30,0.0917103264447994,0.0770948355892251,0.0608660100466772,0.4332060752880423,0.4938440578813775,0.0,0.5866666666666669,0.8,holdout diagnostics only; not used for parameter choice
valid,pure_stagewise_score,30,0.1794658721814976,0.278160772168144,0.1756537888933779,2.5495078285706847,0.2498015762229738,0.0,0.8000000000000008,0.5,positive rankic with robust-selected portfolio metrics; validation only for selection
test,pure_stagewise_score,30,0.0917103264447994,0.1122057370235354,0.0934198733713989,0.6722335383949969,0.8673845751425723,0.0,0.5000000000000001,0.8,holdout diagnostics only; not used for parameter choice
valid,pure_stagewise_score,50,0.1794658721814976,0.3255183147276395,0.1873505814418357,2.4448133551319007,0.5192449838145488,0.0,0.8000000000000005,0.5,positive rankic with robust-selected portfolio metrics; validation only for selection
test,pure_stagewise_score,50,0.0917103264447994,0.0710847133979073,0.0553435340637416,0.4630886834706951,0.5791426758254463,0.0,0.4640000000000002,0.6,holdout diagnostics only; not used for parameter choice
valid,pure_stagewise_score,20,0.1794584884133928,1.0152375367945838,0.6398403670946543,5.419568271156504,2.292278705381624,0.0,0.9375000000000004,1.0,positive rankic with robust-selected portfolio metrics; validation only for selection
test,pure_stagewise_score,20,0.0917053004580457,-0.0080874368852401,-0.0206223771919473,-0.0413081039144903,-0.0703924061527925,0.0,0.6100000000000001,0.6,holdout diagnostics only; not used for parameter choice
valid,pure_stagewise_score,20,0.1794584884133928,0.9739611476614378,0.6054344297355162,4.814677213868772,2.1665663142327825,0.0,0.8625000000000004,1.0,positive rankic with robust-selected portfolio metrics; validation only for selection
test,pure_stagewise_score,20,0.0917053004580457,-0.0005851064104576,-0.0130803605615651,-0.0029515816338796,-0.0263081866697867,0.0,0.5600000000000003,0.8,holdout diagnostics only; not used for parameter choice
valid,pure_stagewise_score,30,0.1794584884133928,0.8066342734427605,0.5386665048606785,5.209270932311029,1.6562465263266932,0.0,0.8833333333333344,1.0,positive rankic with robust-selected portfolio metrics; validation only for selection
test,pure_stagewise_score,30,0.0917053004580457,0.0122811362830059,-0.0012674415965176,0.0635313221935132,0.0395434692936003,0.0,0.6066666666666669,0.6,holdout diagnostics only; not used for parameter choice
valid,pure_stagewise_score,30,0.1794584884133928,0.8134222565511231,0.5339063723995354,5.113397261053786,1.821914936700159,0.0,0.8500000000000009,1.0,positive rankic with robust-selected portfolio metrics; validation only for selection
test,pure_stagewise_score,30,0.0917053004580457,0.0072951952999551,-0.0062913105676995,0.0381023313553891,0.0087629309570674,0.0,0.5800000000000003,0.6,holdout diagnostics only; not used for parameter choice
valid,pure_stagewise_score,50,0.1794584884133928,0.6331771384302192,0.4511777649642583,6.067884146253302,1.1806446165902424,0.0,0.8500000000000005,0.75,positive rankic with robust-selected portfolio metrics; validation only for selection
test,pure_stagewise_score,50,0.0917053004580457,0.0176694855675605,0.0040677021480856,0.1003625183496493,0.06540831738558,0.0,0.5800000000000003,0.6,holdout diagnostics only; not used for parameter choice
valid,pure_stagewise_score,20,0.1794584884133928,0.3601534967974611,0.2608247963741693,4.490294985437019,0.4477422789592213,0.0,0.8500000000000004,0.75,positive rankic with robust-selected portfolio metrics; validation only for selection
test,pure_stagewise_score,20,0.0917053004580457,0.0217063709675646,0.0097431448747286,0.1082831389688379,0.0858914630959338,0.0,0.6500000000000002,0.6,holdout diagnostics only; not used for parameter choice
valid,pure_stagewise_score,20,0.1794584884133928,0.3602952918342397,0.2610237759504307,4.496987769302843,0.447831924969191,0.0,0.8125000000000003,0.75,positive rankic with robust-selected portfolio metrics; validation only for selection
test,pure_stagewise_score,20,0.0917053004580457,0.0642694759228541,0.0502866563116606,0.3549308131947757,0.322117151479525,0.0,0.5700000000000002,0.8,holdout diagnostics only; not used for parameter choice
valid,pure_stagewise_score,30,0.1794584884133928,0.2711635835021106,0.1763283947419873,2.5903494602778934,0.2152127334506286,-0.0118378989114275,0.7916666666666674,0.75,positive rankic with robust-selected portfolio metrics; validation only for selection
test,pure_stagewise_score,30,0.0917053004580457,0.0241461660644499,0.0108512713291176,0.1296491869570551,0.1032936943649393,0.0,0.5733333333333335,0.6,holdout diagnostics only; not used for parameter choice
valid,pure_stagewise_score,30,0.1794584884133928,0.2783202021292537,0.1866244529942944,2.7997872890288127,0.2290558920783791,-0.0062745714285838,0.7833333333333341,0.75,positive rankic with robust-selected portfolio metrics; validation only for selection
test,pure_stagewise_score,30,0.0917053004580457,0.0344763132167733,0.0214034462122932,0.1875184543537883,0.1594568164897709,0.0,0.5466666666666669,0.6,holdout diagnostics only; not used for parameter choice
valid,pure_stagewise_score,50,0.1794584884133928,0.3806062457448276,0.2523501650809559,3.855022914290807,0.6435225336653586,0.0,0.7750000000000006,0.75,positive rankic with robust-selected portfolio metrics; validation only for selection
test,pure_stagewise_score,50,0.0917053004580457,0.0218321796544502,0.0080673543376353,0.1189793654966177,0.0978461732063477,0.0,0.5200000000000002,0.8,holdout diagnostics only; not used for parameter choice
valid,pure_stagewise_score,20,0.1794584884133928,0.3127142875911972,0.1962542757627126,2.949823075322798,0.4047324733513353,-0.0052382820625115,0.8500000000000004,0.5,positive rankic with robust-selected portfolio metrics; validation only for selection
test,pure_stagewise_score,20,0.0917053004580457,0.1603494972599117,0.1372713317283679,0.8877871883934156,1.010315363709984,0.0,0.6700000000000003,0.8,holdout diagnostics only; not used for parameter choice
valid,pure_stagewise_score,20,0.1794584884133928,0.3201739709289259,0.1988451817135759,2.931956961112129,0.4474741047047113,-0.0052382820625114,0.8500000000000004,0.5,positive rankic with robust-selected portfolio metrics; validation only for selection
test,pure_stagewise_score,20,0.0917053004580457,0.1192031068582988,0.0996743564656577,0.7161017490722216,0.9648360420357038,0.0,0.5800000000000003,0.8,holdout diagnostics only; not used for parameter choice
valid,pure_stagewise_score,30,0.1794584884133928,0.2798819247354582,0.190741093010099,2.8799535344781995,0.2276361776256341,0.0,0.8416666666666676,0.5,positive rankic with robust-selected portfolio metrics; validation only for selection
test,pure_stagewise_score,30,0.0917053004580457,0.0770948355892251,0.0608660100466772,0.4332060752880423,0.4938440578813775,0.0,0.5866666666666669,0.8,holdout diagnostics only; not used for parameter choice
valid,pure_stagewise_score,30,0.1794584884133928,0.278160772168144,0.1756537888933779,2.549507828570684,0.2498015762229738,0.0,0.8000000000000008,0.5,positive rankic with robust-selected portfolio metrics; validation only for selection
test,pure_stagewise_score,30,0.0917053004580457,0.1122057370235354,0.0934198733713989,0.6722335383949969,0.8673845751425723,0.0,0.5000000000000001,0.8,holdout diagnostics only; not used for parameter choice
valid,pure_stagewise_score,50,0.1794584884133928,0.3202512821555867,0.1854880588458348,2.460200571116588,0.4882764950492802,0.0,0.8000000000000005,0.5,positive rankic with robust-selected portfolio metrics; validation only for selection
test,pure_stagewise_score,50,0.0917053004580457,0.0710847133979073,0.0553435340637416,0.4630886834706951,0.5791426758254462,0.0,0.4640000000000002,0.6,holdout diagnostics only; not used for parameter choice
valid,pure_stagewise_score,20,0.1704977821565076,0.9464560884471362,0.6071479012325036,6.046959951271695,2.586730281293561,0.0,0.9250000000000004,1.0,positive rankic with robust-selected portfolio metrics; validation only for selection
test,pure_stagewise_score,20,0.091742551537303,-0.0080874368852401,-0.0206223771919473,-0.0413081039144903,-0.0703924061527925,0.0,0.6100000000000001,0.6,holdout diagnostics only; not used for parameter choice
valid,pure_stagewise_score,20,0.1704977821565076,0.9065884909702062,0.5727419638733656,5.264228099083356,2.4900692844570105,0.0,0.8500000000000004,1.0,positive rankic with robust-selected portfolio metrics; validation only for selection
test,pure_stagewise_score,20,0.091742551537303,-0.0005851064104576,-0.0130803605615651,-0.0029515816338796,-0.0263081866697867,0.0,0.5600000000000003,0.8,holdout diagnostics only; not used for parameter choice
valid,pure_stagewise_score,30,0.1704977821565076,0.7118181895027851,0.485370160474304,5.582217722861836,1.5372191153139934,0.0,0.875000000000001,1.0,positive rankic with robust-selected portfolio metrics; validation only for selection
test,pure_stagewise_score,30,0.091742551537303,0.0122811362830059,-0.0012674415965176,0.0635313221935132,0.0395434692936004,0.0,0.6066666666666669,0.6,holdout diagnostics only; not used for parameter choice
valid,pure_stagewise_score,30,0.1704977821565076,0.7126608808469064,0.4863286167961332,5.611029813942154,1.5360363117833953,0.0,0.8500000000000009,1.0,positive rankic with robust-selected portfolio metrics; validation only for selection
test,pure_stagewise_score,30,0.091742551537303,0.0072951952999551,-0.0062913105676995,0.0381023313553891,0.0087629309570675,0.0,0.5800000000000003,0.6,holdout diagnostics only; not used for parameter choice
valid,pure_stagewise_score,50,0.1704977821565076,0.6279785081331559,0.4396224733886418,5.478345120056202,1.221436040047707,0.0,0.8600000000000005,0.75,positive rankic with robust-selected portfolio metrics; validation only for selection
test,pure_stagewise_score,50,0.091742551537303,0.0176694855675605,0.0040677021480856,0.1003625183496493,0.06540831738558,0.0,0.5800000000000003,0.6,holdout diagnostics only; not used for parameter choice
valid,pure_stagewise_score,20,0.1704977821565076,0.2285165847805743,0.1815796670787534,3.598222552980373,0.0615952685816804,0.0,0.8375000000000004,0.5,positive rankic with robust-selected portfolio metrics; validation only for selection
test,pure_stagewise_score,20,0.091742551537303,0.0217063709675646,0.0097431448747286,0.1082831389688379,0.0858914630959338,0.0,0.6500000000000002,0.6,holdout diagnostics only; not used for parameter choice
valid,pure_stagewise_score,20,0.1704977821565076,0.2337264755374466,0.1896740358705231,3.792599386700064,0.0721518046089447,0.0,0.8125000000000003,0.5,positive rankic with robust-selected portfolio metrics; validation only for selection
test,pure_stagewise_score,20,0.091742551537303,0.0642694759228541,0.0502866563116606,0.3549308131947757,0.322117151479525,0.0,0.5700000000000002,0.8,holdout diagnostics only; not used for parameter choice
valid,pure_stagewise_score,30,0.1704977821565076,0.2925130196703807,0.1679838999385608,1.846265071344392,0.2921551024164396,-0.0118378989114276,0.8083333333333341,0.75,positive rankic with robust-selected portfolio metrics; validation only for selection
test,pure_stagewise_score,30,0.091742551537303,0.0241461660644499,0.0108512713291176,0.1296491869570551,0.1032936943649393,0.0,0.5800000000000003,0.6,holdout diagnostics only; not used for parameter choice
valid,pure_stagewise_score,30,0.1704977821565076,0.3419119872163494,0.209936975606939,2.0922224803395864,0.4124119235496815,0.0,0.7583333333333341,0.75,positive rankic with robust-selected portfolio metrics; validation only for selection
test,pure_stagewise_score,30,0.091742551537303,0.0344763132167733,0.0214034462122932,0.1875184543537883,0.1594568164897709,0.0,0.5533333333333335,0.6,holdout diagnostics only; not used for parameter choice
valid,pure_stagewise_score,50,0.1704977821565076,0.4061272955294288,0.2602885053950343,3.657291976167933,0.8376710813629338,0.0,0.7850000000000006,0.75,positive rankic with robust-selected portfolio metrics; validation only for selection
test,pure_stagewise_score,50,0.091742551537303,0.0218321796544502,0.0080673543376353,0.1189793654966177,0.0978461732063477,0.0,0.5200000000000002,0.8,holdout diagnostics only; not used for parameter choice
valid,pure_stagewise_score,20,0.1704977821565076,0.3250599335746171,0.2128691073625501,3.2338035474366285,0.4163615280131347,0.0,0.8750000000000004,0.5,positive rankic with robust-selected portfolio metrics; validation only for selection
test,pure_stagewise_score,20,0.091742551537303,0.1622138040455378,0.1389052201644073,0.9056330040437806,1.041917703605132,0.0,0.6700000000000003,0.8,holdout diagnostics only; not used for parameter choice
valid,pure_stagewise_score,20,0.1704977821565076,0.3729773631786559,0.2378547037675906,3.3877045913959445,0.6665352230694229,0.0,0.8375000000000004,0.5,positive rankic with robust-selected portfolio metrics; validation only for selection
test,pure_stagewise_score,20,0.091742551537303,0.1159634962686855,0.0966219287495441,0.6972958799449634,0.9574279910477131,0.0,0.5800000000000002,0.8,holdout diagnostics only; not used for parameter choice
valid,pure_stagewise_score,30,0.1704977821565076,0.2844102007689801,0.1803625984811629,2.997499384640618,0.2876879270357316,0.0,0.850000000000001,0.5,positive rankic with robust-selected portfolio metrics; validation only for selection
test,pure_stagewise_score,30,0.091742551537303,0.0783593932983968,0.0620991516825001,0.4400222903143809,0.4990009067225094,0.0,0.5866666666666669,0.8,holdout diagnostics only; not used for parameter choice
valid,pure_stagewise_score,30,0.1704977821565076,0.2951252966606084,0.1684438194187893,2.5100763022644204,0.406492059573165,-0.0009356234647481,0.8083333333333341,0.5,positive rankic with robust-selected portfolio metrics; validation only for selection
test,pure_stagewise_score,30,0.091742551537303,0.1093509814543909,0.0908092419457355,0.6458715900635067,0.8131514064767432,0.0,0.4933333333333334,0.8,holdout diagnostics only; not used for parameter choice
valid,pure_stagewise_score,50,0.1704977821565076,0.3304966826171156,0.1857323064427877,2.3584387769967874,0.5659981842546106,0.0,0.7950000000000004,0.5,positive rankic with robust-selected portfolio metrics; validation only for selection
test,pure_stagewise_score,50,0.091742551537303,0.0627166634736122,0.0471145777492506,0.4113140986796345,0.5577143214108752,0.0,0.4640000000000002,0.6,holdout diagnostics only; not used for parameter choice
valid,pure_stagewise_score,20,0.1195523443731538,0.490579777622413,0.2764631041323919,1.8647388528708784,0.6616378770381365,-0.0688705304156303,0.9500000000000004,0.75,positive rankic with robust-selected portfolio metrics; validation only for selection
test,pure_stagewise_score,20,0.1267515728887913,0.0582902252476478,0.0429803155197204,0.3217181285718862,0.3557503608038725,0.0,0.6100000000000002,0.8,holdout diagnostics only; not used for parameter choice
valid,pure_stagewise_score,20,0.1195523443731538,0.490579777622413,0.2764631041323919,1.8647388528708784,0.6616378770381365,-0.0688705304156303,0.9500000000000004,0.75,positive rankic with robust-selected portfolio metrics; validation only for selection
test,pure_stagewise_score,20,0.1267515728887913,0.0268419097467234,0.0122851797375105,0.1539380665400949,0.1481942721939055,0.0,0.5500000000000002,0.6,holdout diagnostics only; not used for parameter choice
valid,pure_stagewise_score,30,0.1195523443731538,0.4456051831897254,0.2640296566864974,2.062164335016345,0.6416667193346077,-0.0483623078649361,0.9583333333333346,0.75,positive rankic with robust-selected portfolio metrics; validation only for selection
test,pure_stagewise_score,30,0.1267515728887913,0.0090568892132025,-0.0048548635771587,0.051240585313584,0.0074197512094432,0.0,0.606666666666667,0.6,holdout diagnostics only; not used for parameter choice
valid,pure_stagewise_score,30,0.1195523443731538,0.4291669912592939,0.2586609480564359,1.9761868913490683,0.567938148386883,-0.0485519573343613,0.9250000000000012,0.75,positive rankic with robust-selected portfolio metrics; validation only for selection
test,pure_stagewise_score,30,0.1267515728887913,-0.0102116267565454,-0.0241142105381157,-0.0589676861055433,-0.1480557227089808,-0.0024130610371468,0.5200000000000004,0.6,holdout diagnostics only; not used for parameter choice
valid,pure_stagewise_score,50,0.1195523443731538,0.4711564902253979,0.2850540355017961,2.4667362795967893,0.8144085346349055,-0.0303650887015861,0.9300000000000006,0.75,positive rankic with robust-selected portfolio metrics; validation only for selection
test,pure_stagewise_score,50,0.1267515728887913,0.028214879466486,0.0143941295006325,0.1648686709349146,0.142386707989905,0.0,0.5480000000000003,0.8,holdout diagnostics only; not used for parameter choice
valid,pure_stagewise_score,20,0.1195523443731538,0.0371716251754414,0.0482081271646926,0.325104429566874,-0.3077977837376531,0.0,0.9625000000000004,0.5,positive rankic with robust-selected portfolio metrics; validation only for selection
test,pure_stagewise_score,20,0.1267515728887913,-0.0089342221039421,-0.0222238084225106,-0.0533592803898396,-0.139231700544498,0.0,0.6300000000000002,0.6,holdout diagnostics only; not used for parameter choice
valid,pure_stagewise_score,20,0.1195523443731538,0.0547148670520556,0.0554248560286116,0.4512476462676593,-0.2786482767835179,0.0,0.9500000000000004,0.5,positive rankic with robust-selected portfolio metrics; validation only for selection
test,pure_stagewise_score,20,0.1267515728887913,0.0060757712641683,-0.0066487126669903,0.0406239402186435,-0.0479194809593831,-9.717273064591136e-05,0.5800000000000003,0.6,holdout diagnostics only; not used for parameter choice
valid,pure_stagewise_score,30,0.1195523443731538,0.0862031997167482,0.0654242128171214,0.6365966078301132,-0.2247227840706974,-0.0144470229046425,0.9500000000000012,0.5,positive rankic with robust-selected portfolio metrics; validation only for selection
test,pure_stagewise_score,30,0.1267515728887913,-0.0287295824091773,-0.0431864103179293,-0.1698683693334481,-0.340052288793277,-0.0028011740030916,0.5800000000000003,0.4,holdout diagnostics only; not used for parameter choice
valid,pure_stagewise_score,30,0.1195523443731538,0.0862031997167482,0.0654242128171214,0.6365966078301132,-0.2247227840706974,-0.0144470229046425,0.9500000000000012,0.5,positive rankic with robust-selected portfolio metrics; validation only for selection
test,pure_stagewise_score,30,0.1267515728887913,-0.0181547450456757,-0.0324856548477818,-0.1048845776800315,-0.2267485887618054,-0.0040657805032499,0.546666666666667,0.6,holdout diagnostics only; not used for parameter choice
valid,pure_stagewise_score,50,0.1195523443731538,0.2253523160075257,0.1572650783585201,2.319528579504971,0.0648052421959379,-0.0104547147841468,0.9500000000000006,0.5,positive rankic with robust-selected portfolio metrics; validation only for selection
test,pure_stagewise_score,50,0.1267515728887913,0.0063780288445862,-0.0074956005880666,0.0339105886467042,0.0005548403868745,0.0,0.5280000000000002,0.8,holdout diagnostics only; not used for parameter choice
valid,pure_stagewise_score,20,0.1195523443731538,0.07554208079774,-0.0041883421239117,0.8091228228242927,-0.4627559721008786,-0.0333231850873457,0.9000000000000005,0.25,positive rankic with robust-selected portfolio metrics; validation only for selection
test,pure_stagewise_score,20,0.1267515728887913,0.0190664339553645,0.0047921137040351,0.1002360327516853,0.0842437799780167,-0.006518705929301,0.6500000000000001,0.6,holdout diagnostics only; not used for parameter choice
valid,pure_stagewise_score,20,0.1195523443731538,0.07554208079774,-0.0041883421239117,0.8091228228242927,-0.4627559721008786,-0.0333231850873457,0.9000000000000005,0.25,positive rankic with robust-selected portfolio metrics; validation only for selection
test,pure_stagewise_score,20,0.1267515728887913,-0.0117084722656198,-0.0254913374115657,-0.0645737123222191,-0.131731334242977,-0.006518705929301,0.5600000000000002,0.6,holdout diagnostics only; not used for parameter choice
valid,pure_stagewise_score,30,0.1195523443731538,0.1911719108929594,0.0963780771419361,1.375492126102087,-0.0160181259888429,-0.0266660311337914,0.9333333333333346,0.5,positive rankic with robust-selected portfolio metrics; validation only for selection
test,pure_stagewise_score,30,0.1267515728887913,0.0093622828645762,-0.0053694792332016,0.0547070255406354,0.0024886557096144,-0.0011486940241067,0.5466666666666669,0.8,holdout diagnostics only; not used for parameter choice
valid,pure_stagewise_score,30,0.1195523443731538,0.1921637443444719,0.0980224136632513,1.3880144762872877,-0.0131979558694193,-0.0266660311337915,0.8916666666666678,0.5,positive rankic with robust-selected portfolio metrics; validation only for selection
test,pure_stagewise_score,30,0.1267515728887913,-0.0035988632492822,-0.0178927584293243,-0.0199595101175907,-0.0854425302252955,-0.0069487271134925,0.48,0.4,holdout diagnostics only; not used for parameter choice
valid,pure_stagewise_score,50,0.1195523443731538,0.1465802132321654,0.0582434255182252,1.283020034304445,-0.1767748635263942,-0.0237650983989811,0.8450000000000004,0.5,positive rankic with robust-selected portfolio metrics; validation only for selection
test,pure_stagewise_score,50,0.1267515728887913,0.0016965373317776,-0.0123093478220937,0.0096334353099843,-0.0499239749707998,-0.0036061438377645,0.4320000000000002,0.8,holdout diagnostics only; not used for parameter choice
valid,pure_stagewise_score,20,0.1195469969346063,0.490579777622413,0.2764631041323919,1.8647388528708784,0.6616378770381365,-0.0688705304156303,0.9500000000000004,0.75,positive rankic with robust-selected portfolio metrics; validation only for selection
test,pure_stagewise_score,20,0.126747597063567,0.0582902252476478,0.0429803155197204,0.3217181285718862,0.3557503608038725,0.0,0.6100000000000002,0.8,holdout diagnostics only; not used for parameter choice
valid,pure_stagewise_score,20,0.1195469969346063,0.490579777622413,0.2764631041323919,1.8647388528708784,0.6616378770381365,-0.0688705304156303,0.9500000000000004,0.75,positive rankic with robust-selected portfolio metrics; validation only for selection
test,pure_stagewise_score,20,0.126747597063567,0.0268419097467234,0.0122851797375105,0.1539380665400949,0.1481942721939055,0.0,0.5500000000000002,0.6,holdout diagnostics only; not used for parameter choice
valid,pure_stagewise_score,30,0.1195469969346063,0.4456051831897254,0.2640296566864974,2.062164335016345,0.6416667193346077,-0.0483623078649361,0.9583333333333346,0.75,positive rankic with robust-selected portfolio metrics; validation only for selection
test,pure_stagewise_score,30,0.126747597063567,0.0090568892132025,-0.0048548635771587,0.051240585313584,0.0074197512094432,0.0,0.606666666666667,0.6,holdout diagnostics only; not used for parameter choice
valid,pure_stagewise_score,30,0.1195469969346063,0.4291669912592939,0.2586609480564359,1.9761868913490683,0.567938148386883,-0.0485519573343613,0.9250000000000012,0.75,positive rankic with robust-selected portfolio metrics; validation only for selection
test,pure_stagewise_score,30,0.126747597063567,-0.0102116267565454,-0.0241142105381157,-0.0589676861055433,-0.1480557227089808,-0.0024130610371468,0.5200000000000004,0.6,holdout diagnostics only; not used for parameter choice
valid,pure_stagewise_score,50,0.1195469969346063,0.4711564902253979,0.2850540355017961,2.4667362795967893,0.8144085346349055,-0.0303650887015861,0.9300000000000006,0.75,positive rankic with robust-selected portfolio metrics; validation only for selection
test,pure_stagewise_score,50,0.126747597063567,0.028214879466486,0.0143941295006325,0.1648686709349146,0.142386707989905,0.0,0.5480000000000003,0.8,holdout diagnostics only; not used for parameter choice
valid,pure_stagewise_score,20,0.1195469969346063,0.0371716251754414,0.0482081271646926,0.325104429566874,-0.3077977837376531,0.0,0.9625000000000004,0.5,positive rankic with robust-selected portfolio metrics; validation only for selection
test,pure_stagewise_score,20,0.126747597063567,-0.0089342221039421,-0.0222238084225106,-0.0533592803898396,-0.139231700544498,0.0,0.6300000000000002,0.6,holdout diagnostics only; not used for parameter choice
valid,pure_stagewise_score,20,0.1195469969346063,0.0547148670520556,0.0554248560286116,0.4512476462676593,-0.2786482767835179,0.0,0.9500000000000004,0.5,positive rankic with robust-selected portfolio metrics; validation only for selection
test,pure_stagewise_score,20,0.126747597063567,0.0060757712641683,-0.0066487126669903,0.0406239402186435,-0.0479194809593831,-9.717273064591136e-05,0.5800000000000003,0.6,holdout diagnostics only; not used for parameter choice
valid,pure_stagewise_score,30,0.1195469969346063,0.0862031997167482,0.0654242128171214,0.6365966078301132,-0.2247227840706974,-0.0144470229046425,0.9500000000000012,0.5,positive rankic with robust-selected portfolio metrics; validation only for selection
test,pure_stagewise_score,30,0.126747597063567,-0.0287295824091773,-0.0431864103179293,-0.1698683693334481,-0.340052288793277,-0.0028011740030916,0.5800000000000003,0.4,holdout diagnostics only; not used for parameter choice
valid,pure_stagewise_score,30,0.1195469969346063,0.0862031997167482,0.0654242128171214,0.6365966078301132,-0.2247227840706974,-0.0144470229046425,0.9500000000000012,0.5,positive rankic with robust-selected portfolio metrics; validation only for selection
test,pure_stagewise_score,30,0.126747597063567,-0.0181547450456757,-0.0324856548477818,-0.1048845776800315,-0.2267485887618054,-0.0040657805032499,0.546666666666667,0.6,holdout diagnostics only; not used for parameter choice
valid,pure_stagewise_score,50,0.1195469969346063,0.2253523160075257,0.1572650783585201,2.319528579504971,0.0648052421959379,-0.0104547147841468,0.9500000000000006,0.5,positive rankic with robust-selected portfolio metrics; validation only for selection
test,pure_stagewise_score,50,0.126747597063567,0.0063780288445862,-0.0074956005880666,0.0339105886467042,0.0005548403868745,0.0,0.5280000000000002,0.8,holdout diagnostics only; not used for parameter choice
valid,pure_stagewise_score,20,0.1195469969346063,0.07554208079774,-0.0041883421239117,0.8091228228242927,-0.4627559721008786,-0.0333231850873457,0.9000000000000005,0.25,positive rankic with robust-selected portfolio metrics; validation only for selection
test,pure_stagewise_score,20,0.126747597063567,0.0190664339553645,0.0047921137040351,0.1002360327516853,0.0842437799780167,-0.006518705929301,0.6500000000000001,0.6,holdout diagnostics only; not used for parameter choice
valid,pure_stagewise_score,20,0.1195469969346063,0.07554208079774,-0.0041883421239117,0.8091228228242927,-0.4627559721008786,-0.0333231850873457,0.9000000000000005,0.25,positive rankic with robust-selected portfolio metrics; validation only for selection
test,pure_stagewise_score,20,0.126747597063567,-0.0117084722656198,-0.0254913374115657,-0.0645737123222191,-0.131731334242977,-0.006518705929301,0.5600000000000002,0.6,holdout diagnostics only; not used for parameter choice
valid,pure_stagewise_score,30,0.1195469969346063,0.1911719108929594,0.0963780771419361,1.375492126102087,-0.0160181259888429,-0.0266660311337914,0.9333333333333346,0.5,positive rankic with robust-selected portfolio metrics; validation only for selection
test,pure_stagewise_score,30,0.126747597063567,0.0093622828645762,-0.0053694792332016,0.0547070255406354,0.0024886557096144,-0.0011486940241067,0.5466666666666669,0.8,holdout diagnostics only; not used for parameter choice
valid,pure_stagewise_score,30,0.1195469969346063,0.1921637443444719,0.0980224136632513,1.3880144762872877,-0.0131979558694193,-0.0266660311337915,0.8916666666666678,0.5,positive rankic with robust-selected portfolio metrics; validation only for selection
test,pure_stagewise_score,30,0.126747597063567,-0.0035988632492822,-0.0178927584293243,-0.0199595101175907,-0.0854425302252955,-0.0069487271134925,0.48,0.4,holdout diagnostics only; not used for parameter choice
valid,pure_stagewise_score,50,0.1195469969346063,0.1465802132321654,0.0582434255182252,1.283020034304445,-0.1767748635263942,-0.0237650983989811,0.8450000000000004,0.5,positive rankic with robust-selected portfolio metrics; validation only for selection
test,pure_stagewise_score,50,0.126747597063567,0.0016965373317776,-0.0123093478220937,0.0096334353099843,-0.0499239749707998,-0.0036061438377645,0.4320000000000002,0.8,holdout diagnostics only; not used for parameter choice
valid,pure_stagewise_score,20,0.1195532035787554,0.490579777622413,0.2764631041323919,1.8647388528708784,0.6616378770381365,-0.0688705304156303,0.9500000000000004,0.75,positive rankic with robust-selected portfolio metrics; validation only for selection
test,pure_stagewise_score,20,0.12675581593005,0.0582902252476478,0.0429803155197204,0.3217181285718862,0.3557503608038725,0.0,0.6100000000000002,0.8,holdout diagnostics only; not used for parameter choice
valid,pure_stagewise_score,20,0.1195532035787554,0.490579777622413,0.2764631041323919,1.8647388528708784,0.6616378770381365,-0.0688705304156303,0.9500000000000004,0.75,positive rankic with robust-selected portfolio metrics; validation only for selection
test,pure_stagewise_score,20,0.12675581593005,0.0268419097467234,0.0122851797375105,0.1539380665400949,0.1481942721939055,0.0,0.5500000000000002,0.6,holdout diagnostics only; not used for parameter choice
valid,pure_stagewise_score,30,0.1195532035787554,0.4456051831897254,0.2640296566864974,2.062164335016345,0.6416667193346077,-0.0483623078649361,0.9583333333333346,0.75,positive rankic with robust-selected portfolio metrics; validation only for selection
test,pure_stagewise_score,30,0.12675581593005,0.0090568892132025,-0.0048548635771587,0.051240585313584,0.0074197512094432,0.0,0.606666666666667,0.6,holdout diagnostics only; not used for parameter choice
valid,pure_stagewise_score,30,0.1195532035787554,0.4291669912592939,0.2586609480564359,1.9761868913490683,0.567938148386883,-0.0485519573343613,0.9250000000000012,0.75,positive rankic with robust-selected portfolio metrics; validation only for selection
test,pure_stagewise_score,30,0.12675581593005,-0.0102116267565454,-0.0241142105381157,-0.0589676861055433,-0.1480557227089808,-0.0024130610371468,0.5200000000000004,0.6,holdout diagnostics only; not used for parameter choice
valid,pure_stagewise_score,50,0.1195532035787554,0.4711564902253979,0.2850540355017961,2.4667362795967893,0.8144085346349055,-0.0303650887015861,0.9300000000000006,0.75,positive rankic with robust-selected portfolio metrics; validation only for selection
test,pure_stagewise_score,50,0.12675581593005,0.028214879466486,0.0143941295006325,0.1648686709349146,0.142386707989905,0.0,0.5480000000000003,0.8,holdout diagnostics only; not used for parameter choice
valid,pure_stagewise_score,20,0.1195532035787554,0.0371716251754414,0.0482081271646926,0.325104429566874,-0.3077977837376531,0.0,0.9625000000000004,0.5,positive rankic with robust-selected portfolio metrics; validation only for selection
test,pure_stagewise_score,20,0.12675581593005,-0.0089342221039421,-0.0222238084225106,-0.0533592803898396,-0.139231700544498,0.0,0.6300000000000002,0.6,holdout diagnostics only; not used for parameter choice
valid,pure_stagewise_score,20,0.1195532035787554,0.0547148670520556,0.0554248560286116,0.4512476462676593,-0.2786482767835179,0.0,0.9500000000000004,0.5,positive rankic with robust-selected portfolio metrics; validation only for selection
test,pure_stagewise_score,20,0.12675581593005,0.0060757712641683,-0.0066487126669903,0.0406239402186435,-0.0479194809593831,-9.717273064591136e-05,0.5800000000000003,0.6,holdout diagnostics only; not used for parameter choice
valid,pure_stagewise_score,30,0.1195532035787554,0.0862031997167482,0.0654242128171214,0.6365966078301132,-0.2247227840706974,-0.0144470229046425,0.9500000000000012,0.5,positive rankic with robust-selected portfolio metrics; validation only for selection
test,pure_stagewise_score,30,0.12675581593005,-0.0287295824091773,-0.0431864103179293,-0.1698683693334481,-0.340052288793277,-0.0028011740030916,0.5800000000000003,0.4,holdout diagnostics only; not used for parameter choice
valid,pure_stagewise_score,30,0.1195532035787554,0.0862031997167482,0.0654242128171214,0.6365966078301132,-0.2247227840706974,-0.0144470229046425,0.9500000000000012,0.5,positive rankic with robust-selected portfolio metrics; validation only for selection
test,pure_stagewise_score,30,0.12675581593005,-0.0181547450456757,-0.0324856548477818,-0.1048845776800315,-0.2267485887618054,-0.0040657805032499,0.546666666666667,0.6,holdout diagnostics only; not used for parameter choice
valid,pure_stagewise_score,50,0.1195532035787554,0.2253523160075257,0.1572650783585201,2.319528579504971,0.0648052421959379,-0.0104547147841468,0.9500000000000006,0.5,positive rankic with robust-selected portfolio metrics; validation only for selection
test,pure_stagewise_score,50,0.12675581593005,0.0063780288445862,-0.0074956005880666,0.0339105886467042,0.0005548403868745,0.0,0.5280000000000002,0.8,holdout diagnostics only; not used for parameter choice
valid,pure_stagewise_score,20,0.1195532035787554,0.07554208079774,-0.0041883421239117,0.8091228228242927,-0.4627559721008786,-0.0333231850873457,0.9000000000000005,0.25,positive rankic with robust-selected portfolio metrics; validation only for selection
test,pure_stagewise_score,20,0.12675581593005,0.0190664339553645,0.0047921137040351,0.1002360327516853,0.0842437799780167,-0.006518705929301,0.6500000000000001,0.6,holdout diagnostics only; not used for parameter choice
valid,pure_stagewise_score,20,0.1195532035787554,0.07554208079774,-0.0041883421239117,0.8091228228242927,-0.4627559721008786,-0.0333231850873457,0.9000000000000005,0.25,positive rankic with robust-selected portfolio metrics; validation only for selection
test,pure_stagewise_score,20,0.12675581593005,-0.0117084722656198,-0.0254913374115657,-0.0645737123222191,-0.131731334242977,-0.006518705929301,0.5600000000000002,0.6,holdout diagnostics only; not used for parameter choice
valid,pure_stagewise_score,30,0.1195532035787554,0.1911719108929594,0.0963780771419361,1.375492126102087,-0.0160181259888429,-0.0266660311337914,0.9333333333333346,0.5,positive rankic with robust-selected portfolio metrics; validation only for selection
test,pure_stagewise_score,30,0.12675581593005,0.0093622828645762,-0.0053694792332016,0.0547070255406354,0.0024886557096144,-0.0011486940241067,0.5466666666666669,0.8,holdout diagnostics only; not used for parameter choice
valid,pure_stagewise_score,30,0.1195532035787554,0.1921637443444719,0.0980224136632513,1.3880144762872877,-0.0131979558694193,-0.0266660311337915,0.8916666666666678,0.5,positive rankic with robust-selected portfolio metrics; validation only for selection
test,pure_stagewise_score,30,0.12675581593005,-0.0035988632492822,-0.0178927584293243,-0.0199595101175907,-0.0854425302252955,-0.0069487271134925,0.48,0.4,holdout diagnostics only; not used for parameter choice
valid,pure_stagewise_score,50,0.1195532035787554,0.1465802132321654,0.0582434255182252,1.283020034304445,-0.1767748635263942,-0.0237650983989811,0.8450000000000004,0.5,positive rankic with robust-selected portfolio metrics; validation only for selection
test,pure_stagewise_score,50,0.12675581593005,0.0016965373317776,-0.0123093478220937,0.0096334353099843,-0.0499239749707998,-0.0036061438377645,0.4320000000000002,0.8,holdout diagnostics only; not used for parameter choice
valid,pure_stagewise_score,20,0.1195563526180171,0.490579777622413,0.2764631041323919,1.8647388528708784,0.6616378770381365,-0.0688705304156303,0.9500000000000004,0.75,positive rankic with robust-selected portfolio metrics; validation only for selection
test,pure_stagewise_score,20,0.126761012721515,0.0582902252476478,0.0429803155197204,0.3217181285718862,0.3557503608038725,0.0,0.6100000000000002,0.8,holdout diagnostics only; not used for parameter choice
valid,pure_stagewise_score,20,0.1195563526180171,0.490579777622413,0.2764631041323919,1.8647388528708784,0.6616378770381365,-0.0688705304156303,0.9500000000000004,0.75,positive rankic with robust-selected portfolio metrics; validation only for selection
test,pure_stagewise_score,20,0.126761012721515,0.0268419097467234,0.0122851797375105,0.1539380665400949,0.1481942721939055,0.0,0.5500000000000002,0.6,holdout diagnostics only; not used for parameter choice
valid,pure_stagewise_score,30,0.1195563526180171,0.4456051831897254,0.2640296566864974,2.062164335016345,0.6416667193346077,-0.0483623078649361,0.9583333333333346,0.75,positive rankic with robust-selected portfolio metrics; validation only for selection
test,pure_stagewise_score,30,0.126761012721515,0.0090568892132025,-0.0048548635771587,0.051240585313584,0.0074197512094432,0.0,0.606666666666667,0.6,holdout diagnostics only; not used for parameter choice
valid,pure_stagewise_score,30,0.1195563526180171,0.4291669912592939,0.2586609480564359,1.9761868913490683,0.567938148386883,-0.0485519573343613,0.9250000000000012,0.75,positive rankic with robust-selected portfolio metrics; validation only for selection
test,pure_stagewise_score,30,0.126761012721515,-0.0102116267565454,-0.0241142105381157,-0.0589676861055433,-0.1480557227089808,-0.0024130610371468,0.5200000000000004,0.6,holdout diagnostics only; not used for parameter choice
valid,pure_stagewise_score,50,0.1195563526180171,0.4711564902253979,0.2850540355017961,2.4667362795967893,0.8144085346349055,-0.0303650887015861,0.9300000000000006,0.75,positive rankic with robust-selected portfolio metrics; validation only for selection
test,pure_stagewise_score,50,0.126761012721515,0.028214879466486,0.0143941295006325,0.1648686709349146,0.142386707989905,0.0,0.5480000000000003,0.8,holdout diagnostics only; not used for parameter choice
valid,pure_stagewise_score,20,0.1195563526180171,0.0371716251754414,0.0482081271646926,0.325104429566874,-0.3077977837376531,0.0,0.9625000000000004,0.5,positive rankic with robust-selected portfolio metrics; validation only for selection
test,pure_stagewise_score,20,0.126761012721515,-0.0089342221039421,-0.0222238084225106,-0.0533592803898396,-0.139231700544498,0.0,0.6300000000000002,0.6,holdout diagnostics only; not used for parameter choice
valid,pure_stagewise_score,20,0.1195563526180171,0.0547148670520556,0.0554248560286116,0.4512476462676593,-0.2786482767835179,0.0,0.9500000000000004,0.5,positive rankic with robust-selected portfolio metrics; validation only for selection
test,pure_stagewise_score,20,0.126761012721515,0.0060757712641683,-0.0066487126669903,0.0406239402186435,-0.0479194809593831,-9.717273064591136e-05,0.5800000000000003,0.6,holdout diagnostics only; not used for parameter choice
valid,pure_stagewise_score,30,0.1195563526180171,0.0862031997167482,0.0654242128171214,0.6365966078301132,-0.2247227840706974,-0.0144470229046425,0.9500000000000012,0.5,positive rankic with robust-selected portfolio metrics; validation only for selection
test,pure_stagewise_score,30,0.126761012721515,-0.0287295824091773,-0.0431864103179293,-0.1698683693334481,-0.340052288793277,-0.0028011740030916,0.5800000000000003,0.4,holdout diagnostics only; not used for parameter choice
valid,pure_stagewise_score,30,0.1195563526180171,0.0862031997167482,0.0654242128171214,0.6365966078301132,-0.2247227840706974,-0.0144470229046425,0.9500000000000012,0.5,positive rankic with robust-selected portfolio metrics; validation only for selection
test,pure_stagewise_score,30,0.126761012721515,-0.0181547450456757,-0.0324856548477818,-0.1048845776800315,-0.2267485887618054,-0.0040657805032499,0.546666666666667,0.6,holdout diagnostics only; not used for parameter choice
valid,pure_stagewise_score,50,0.1195563526180171,0.2253523160075257,0.1572650783585201,2.319528579504971,0.0648052421959379,-0.0104547147841468,0.9500000000000006,0.5,positive rankic with robust-selected portfolio metrics; validation only for selection
test,pure_stagewise_score,50,0.126761012721515,0.0063780288445862,-0.0074956005880666,0.0339105886467042,0.0005548403868745,0.0,0.5280000000000002,0.8,holdout diagnostics only; not used for parameter choice
valid,pure_stagewise_score,20,0.1195563526180171,0.07554208079774,-0.0041883421239117,0.8091228228242927,-0.4627559721008786,-0.0333231850873457,0.9000000000000005,0.25,positive rankic with robust-selected portfolio metrics; validation only for selection
test,pure_stagewise_score,20,0.126761012721515,0.0190664339553645,0.0047921137040351,0.1002360327516853,0.0842437799780167,-0.006518705929301,0.6500000000000001,0.6,holdout diagnostics only; not used for parameter choice
valid,pure_stagewise_score,20,0.1195563526180171,0.07554208079774,-0.0041883421239117,0.8091228228242927,-0.4627559721008786,-0.0333231850873457,0.9000000000000005,0.25,positive rankic with robust-selected portfolio metrics; validation only for selection
test,pure_stagewise_score,20,0.126761012721515,-0.0117084722656198,-0.0254913374115657,-0.0645737123222191,-0.131731334242977,-0.006518705929301,0.5600000000000002,0.6,holdout diagnostics only; not used for parameter choice
valid,pure_stagewise_score,30,0.1195563526180171,0.1911719108929594,0.0963780771419361,1.375492126102087,-0.0160181259888429,-0.0266660311337914,0.9333333333333346,0.5,positive rankic with robust-selected portfolio metrics; validation only for selection
test,pure_stagewise_score,30,0.126761012721515,0.0093622828645762,-0.0053694792332016,0.0547070255406354,0.0024886557096144,-0.0011486940241067,0.5466666666666669,0.8,holdout diagnostics only; not used for parameter choice
valid,pure_stagewise_score,30,0.1195563526180171,0.1921637443444719,0.0980224136632513,1.3880144762872877,-0.0131979558694193,-0.0266660311337915,0.8916666666666678,0.5,positive rankic with robust-selected portfolio metrics; validation only for selection
test,pure_stagewise_score,30,0.126761012721515,-0.0035988632492822,-0.0178927584293243,-0.0199595101175907,-0.0854425302252955,-0.0069487271134925,0.48,0.4,holdout diagnostics only; not used for parameter choice
valid,pure_stagewise_score,50,0.1195563526180171,0.1465802132321654,0.0582434255182252,1.283020034304445,-0.1767748635263942,-0.0237650983989811,0.8450000000000004,0.5,positive rankic with robust-selected portfolio metrics; validation only for selection
test,pure_stagewise_score,50,0.126761012721515,-0.0009502202969327,-0.0149056574059701,-0.0054200411108431,-0.0711040601645523,-0.0036061438377645,0.4320000000000002,0.6,holdout diagnostics only; not used for parameter choice
valid,pure_stagewise_score,20,0.119592477710491,0.490579777622413,0.2764631041323919,1.8647388528708784,0.6616378770381365,-0.0688705304156303,0.9500000000000004,0.75,positive rankic with robust-selected portfolio metrics; validation only for selection
test,pure_stagewise_score,20,0.1268021731333758,0.0582902252476478,0.0429803155197204,0.3217181285718862,0.3557503608038725,0.0,0.6100000000000002,0.8,holdout diagnostics only; not used for parameter choice
valid,pure_stagewise_score,20,0.119592477710491,0.490579777622413,0.2764631041323919,1.8647388528708784,0.6616378770381365,-0.0688705304156303,0.9500000000000004,0.75,positive rankic with robust-selected portfolio metrics; validation only for selection
test,pure_stagewise_score,20,0.1268021731333758,0.0268419097467234,0.0122851797375105,0.1539380665400949,0.1481942721939055,0.0,0.5500000000000002,0.6,holdout diagnostics only; not used for parameter choice
valid,pure_stagewise_score,30,0.119592477710491,0.4456051831897254,0.2640296566864974,2.062164335016345,0.6416667193346077,-0.0483623078649361,0.9583333333333346,0.75,positive rankic with robust-selected portfolio metrics; validation only for selection
test,pure_stagewise_score,30,0.1268021731333758,0.0090568892132025,-0.0048548635771587,0.051240585313584,0.0074197512094432,0.0,0.606666666666667,0.6,holdout diagnostics only; not used for parameter choice
valid,pure_stagewise_score,30,0.119592477710491,0.4291669912592939,0.2586609480564359,1.9761868913490683,0.567938148386883,-0.0485519573343613,0.9250000000000012,0.75,positive rankic with robust-selected portfolio metrics; validation only for selection
test,pure_stagewise_score,30,0.1268021731333758,-0.0102116267565454,-0.0241142105381157,-0.0589676861055433,-0.1480557227089808,-0.0024130610371468,0.5200000000000004,0.6,holdout diagnostics only; not used for parameter choice
valid,pure_stagewise_score,50,0.119592477710491,0.4711564902253979,0.2850540355017961,2.4667362795967893,0.8144085346349055,-0.0303650887015861,0.9300000000000006,0.75,positive rankic with robust-selected portfolio metrics; validation only for selection
test,pure_stagewise_score,50,0.1268021731333758,0.028214879466486,0.0143941295006325,0.1648686709349146,0.142386707989905,0.0,0.5480000000000003,0.8,holdout diagnostics only; not used for parameter choice
valid,pure_stagewise_score,20,0.119592477710491,0.0371716251754414,0.0482081271646926,0.325104429566874,-0.3077977837376531,0.0,0.9625000000000004,0.5,positive rankic with robust-selected portfolio metrics; validation only for selection
test,pure_stagewise_score,20,0.1268021731333758,-0.0089342221039421,-0.0222238084225106,-0.0533592803898396,-0.139231700544498,0.0,0.6300000000000002,0.6,holdout diagnostics only; not used for parameter choice
valid,pure_stagewise_score,20,0.119592477710491,0.0547148670520556,0.0554248560286116,0.4512476462676593,-0.2786482767835179,0.0,0.9500000000000004,0.5,positive rankic with robust-selected portfolio metrics; validation only for selection
test,pure_stagewise_score,20,0.1268021731333758,0.0060757712641683,-0.0066487126669903,0.0406239402186435,-0.0479194809593831,-9.717273064591136e-05,0.5800000000000003,0.6,holdout diagnostics only; not used for parameter choice
valid,pure_stagewise_score,30,0.119592477710491,0.0862031997167482,0.0654242128171214,0.6365966078301132,-0.2247227840706974,-0.0144470229046425,0.9500000000000012,0.5,positive rankic with robust-selected portfolio metrics; validation only for selection
test,pure_stagewise_score,30,0.1268021731333758,-0.0287295824091773,-0.0431864103179293,-0.1698683693334481,-0.340052288793277,-0.0028011740030916,0.5800000000000003,0.4,holdout diagnostics only; not used for parameter choice
valid,pure_stagewise_score,30,0.119592477710491,0.0862031997167482,0.0654242128171214,0.6365966078301132,-0.2247227840706974,-0.0144470229046425,0.9500000000000012,0.5,positive rankic with robust-selected portfolio metrics; validation only for selection
test,pure_stagewise_score,30,0.1268021731333758,-0.0181547450456757,-0.0324856548477818,-0.1048845776800315,-0.2267485887618054,-0.0040657805032499,0.546666666666667,0.6,holdout diagnostics only; not used for parameter choice
valid,pure_stagewise_score,50,0.119592477710491,0.2253523160075257,0.1572650783585201,2.319528579504971,0.0648052421959379,-0.0104547147841468,0.9500000000000006,0.5,positive rankic with robust-selected portfolio metrics; validation only for selection
test,pure_stagewise_score,50,0.1268021731333758,0.0063780288445862,-0.0074956005880666,0.0339105886467042,0.0005548403868745,0.0,0.5280000000000002,0.8,holdout diagnostics only; not used for parameter choice
valid,pure_stagewise_score,20,0.119592477710491,0.07554208079774,-0.0041883421239117,0.8091228228242927,-0.4627559721008786,-0.0333231850873457,0.9000000000000005,0.25,positive rankic with robust-selected portfolio metrics; validation only for selection
test,pure_stagewise_score,20,0.1268021731333758,0.0190664339553645,0.0047921137040351,0.1002360327516853,0.0842437799780167,-0.006518705929301,0.6500000000000001,0.6,holdout diagnostics only; not used for parameter choice
valid,pure_stagewise_score,20,0.119592477710491,0.07554208079774,-0.0041883421239117,0.8091228228242927,-0.4627559721008786,-0.0333231850873457,0.9000000000000005,0.25,positive rankic with robust-selected portfolio metrics; validation only for selection
test,pure_stagewise_score,20,0.1268021731333758,-0.0096135393733161,-0.0231413777287949,-0.0539052402354679,-0.1192939221234476,-0.006518705929301,0.5700000000000002,0.6,holdout diagnostics only; not used for parameter choice
valid,pure_stagewise_score,30,0.119592477710491,0.1911719108929594,0.0963780771419361,1.375492126102087,-0.0160181259888429,-0.0266660311337914,0.9333333333333346,0.5,positive rankic with robust-selected portfolio metrics; validation only for selection
test,pure_stagewise_score,30,0.1268021731333758,0.0093622828645762,-0.0053694792332016,0.0547070255406354,0.0024886557096144,-0.0011486940241067,0.5466666666666669,0.8,holdout diagnostics only; not used for parameter choice
valid,pure_stagewise_score,30,0.119592477710491,0.1981337948357406,0.1031634764524907,1.441480857405643,0.0040550446158256,-0.0266660311337915,0.8916666666666678,0.5,positive rankic with robust-selected portfolio metrics; validation only for selection
test,pure_stagewise_score,30,0.1268021731333758,-0.0049332639905678,-0.0193111417546021,-0.0273864044540389,-0.0975149005603233,-0.0055040815235508,0.4933333333333333,0.4,holdout diagnostics only; not used for parameter choice
valid,pure_stagewise_score,50,0.119592477710491,0.1465802132321654,0.0582434255182252,1.283020034304445,-0.1767748635263942,-0.0237650983989811,0.8450000000000004,0.5,positive rankic with robust-selected portfolio metrics; validation only for selection
test,pure_stagewise_score,50,0.1268021731333758,-0.0009502202969327,-0.0149056574059701,-0.0054200411108431,-0.0711040601645521,-0.0036061438377645,0.4320000000000002,0.6,holdout diagnostics only; not used for parameter choice
valid,pure_stagewise_score,20,0.0221715644171857,0.3252093820693265,0.2231860953645459,1.8982335293699104,0.2914515340515152,-0.0265931275252987,0.6250000000000002,0.75,positive rankic with robust-selected portfolio metrics; validation only for selection
test,pure_stagewise_score,20,0.0366470950302103,0.0968151108542834,0.0790899316503326,0.5490821999758583,0.643303814818006,0.0,0.8600000000000003,0.8,holdout diagnostics only; not used for parameter choice
valid,pure_stagewise_score,20,0.0221715644171857,0.3536738275387698,0.2209268895014864,2.2753220997694847,0.4581833173467584,-0.0265931275252986,0.5625000000000002,0.75,positive rankic with robust-selected portfolio metrics; validation only for selection
test,pure_stagewise_score,20,0.0366470950302103,0.0930758146380716,0.0757390899508071,0.5292046840198106,0.6031872646770596,0.0,0.8400000000000004,0.6,holdout diagnostics only; not used for parameter choice
valid,pure_stagewise_score,30,0.0221715644171857,0.149372028593578,0.0391087974516865,0.8270151823631572,-0.1184021290345307,-0.0805046457120398,0.6166666666666674,0.5,positive rankic with robust-selected portfolio metrics; validation only for selection
test,pure_stagewise_score,30,0.0366470950302103,0.0659517486318439,0.0509074148045834,0.3638267224344658,0.3661572366541727,0.0,0.8466666666666676,0.6,holdout diagnostics only; not used for parameter choice
valid,pure_stagewise_score,30,0.0221715644171857,0.1867870914198903,0.0533317168474589,0.982509221759059,-0.0075359694791378,-0.0805046457120397,0.5666666666666673,0.5,positive rankic with robust-selected portfolio metrics; validation only for selection
test,pure_stagewise_score,30,0.0366470950302103,0.0655788288765397,0.0504776234532703,0.3618932223412666,0.367722754725046,0.0,0.8333333333333343,0.6,holdout diagnostics only; not used for parameter choice
valid,pure_stagewise_score,50,0.0221715644171857,0.0788569836372212,-0.0203466501472391,0.3937379317589198,-0.2735392907146849,-0.0906480209123542,0.6250000000000004,0.5,positive rankic with robust-selected portfolio metrics; validation only for selection
test,pure_stagewise_score,50,0.0366470950302103,0.0720606714321629,0.0569080813164714,0.4146316688733801,0.4221699467656221,0.0,0.8360000000000005,0.8,holdout diagnostics only; not used for parameter choice
valid,pure_stagewise_score,20,0.0221715644171857,0.1749289301397305,-0.0089736314226675,0.7098450357772135,-0.0093346553974605,-0.1357627387169331,0.7750000000000005,0.5,positive rankic with robust-selected portfolio metrics; validation only for selection
test,pure_stagewise_score,20,0.0366470950302103,0.0696318540361524,0.0569005168828867,0.4575166044342031,0.3428312732089559,0.0,0.7300000000000003,0.6,holdout diagnostics only; not used for parameter choice
valid,pure_stagewise_score,20,0.0221715644171857,0.1898136059156716,-0.0013857838412559,0.7587553460969941,0.0479149970953351,-0.1357627387169331,0.7250000000000003,0.5,positive rankic with robust-selected portfolio metrics; validation only for selection
test,pure_stagewise_score,20,0.0366470950302103,0.0519280214638051,0.0395081236377211,0.344378299518105,0.2547244352152427,0.0,0.7000000000000004,0.6,holdout diagnostics only; not used for parameter choice
valid,pure_stagewise_score,30,0.0221715644171857,0.1247893290668291,-0.0404224744738635,0.5055498325555124,-0.1617552052116554,-0.1339497461496085,0.7166666666666675,0.25,positive rankic with robust-selected portfolio metrics; validation only for selection
test,pure_stagewise_score,30,0.0366470950302103,0.0385120335291777,0.0265888360920613,0.2364090466278755,0.1673379481925925,0.0,0.7600000000000008,0.4,holdout diagnostics only; not used for parameter choice
valid,pure_stagewise_score,30,0.0221715644171857,0.1334574767637621,-0.031144961485448,0.543281617440205,-0.1352480115844591,-0.1339497461496085,0.6666666666666674,0.25,positive rankic with robust-selected portfolio metrics; validation only for selection
test,pure_stagewise_score,30,0.0366470950302103,0.0399336982360321,0.0280506680905141,0.2440195899215798,0.1737972534958709,0.0,0.7333333333333341,0.4,holdout diagnostics only; not used for parameter choice
valid,pure_stagewise_score,50,0.0221715644171857,0.0289761383530056,-0.101730637088047,0.1297259287900175,-0.4446397833674901,-0.129509666349167,0.6650000000000005,0.25,positive rankic with robust-selected portfolio metrics; validation only for selection
test,pure_stagewise_score,50,0.0366470950302103,0.0403249646301251,0.0276171421015542,0.2504373811084321,0.1954176853334482,0.0,0.7400000000000005,0.6,holdout diagnostics only; not used for parameter choice
valid,pure_stagewise_score,20,0.0221715644171857,0.2468548677659843,0.0052061594793884,0.8595949059191539,0.3117016826161927,-0.1477437112548822,0.9000000000000004,0.75,positive rankic with robust-selected portfolio metrics; validation only for selection
test,pure_stagewise_score,20,0.0366470950302103,0.1068136528193983,0.0924552433952836,0.6278659159514367,0.4764642034971112,0.0,0.6200000000000002,0.6,holdout diagnostics only; not used for parameter choice
valid,pure_stagewise_score,20,0.0221715644171857,0.2115723123061503,-0.0097787281983036,0.7733399159955584,0.1589839684969062,-0.1477437112548821,0.8625000000000004,0.5,positive rankic with robust-selected portfolio metrics; validation only for selection
test,pure_stagewise_score,20,0.0366470950302103,0.106325331183199,0.0908628075310294,0.7190813747196662,0.5948873034451241,0.0,0.5700000000000002,0.6,holdout diagnostics only; not used for parameter choice
valid,pure_stagewise_score,30,0.0221715644171857,0.1687568194556452,-0.0336787601563735,0.6518510726998051,-0.0245926776974761,-0.1425733190130997,0.8166666666666674,0.25,positive rankic with robust-selected portfolio metrics; validation only for selection
test,pure_stagewise_score,30,0.0366470950302103,0.0836198380312931,0.0692712332456637,0.5051108956470322,0.4372525243525381,0.0,0.5666666666666671,0.6,holdout diagnostics only; not used for parameter choice
valid,pure_stagewise_score,30,0.0221715644171857,0.1535407281717296,-0.039221212065793,0.6095281833672921,-0.0901791460314074,-0.1425733190130996,0.7916666666666674,0.25,positive rankic with robust-selected portfolio metrics; validation only for selection
test,pure_stagewise_score,30,0.0366470950302103,0.0923959895791592,0.0776313642246204,0.5670408744993377,0.4862899601224858,0.0,0.5200000000000004,0.6,holdout diagnostics only; not used for parameter choice
valid,pure_stagewise_score,50,0.0221715644171857,0.1802517669431795,0.0040953124366196,0.7803264603496292,-0.0041468981436957,-0.115493667606783,0.7750000000000006,0.25,positive rankic with robust-selected portfolio metrics; validation only for selection
test,pure_stagewise_score,50,0.0366470950302103,0.0558391602500942,0.0424476115612512,0.3387049623878357,0.293646095301419,0.0,0.5480000000000004,0.6,holdout diagnostics only; not used for parameter choice
valid,pure_stagewise_score,20,0.0221715644171857,0.3252093820693265,0.2231860953645459,1.8982335293699104,0.2914515340515152,-0.0265931275252987,0.6250000000000002,0.75,positive rankic with robust-selected portfolio metrics; validation only for selection
test,pure_stagewise_score,20,0.0366475737749182,0.0968151108542834,0.0790899316503326,0.5490821999758583,0.643303814818006,0.0,0.8600000000000003,0.8,holdout diagnostics only; not used for parameter choice
valid,pure_stagewise_score,20,0.0221715644171857,0.3536738275387698,0.2209268895014864,2.2753220997694847,0.4581833173467584,-0.0265931275252986,0.5625000000000002,0.75,positive rankic with robust-selected portfolio metrics; validation only for selection
test,pure_stagewise_score,20,0.0366475737749182,0.0930758146380716,0.0757390899508071,0.5292046840198106,0.6031872646770596,0.0,0.8400000000000004,0.6,holdout diagnostics only; not used for parameter choice
valid,pure_stagewise_score,30,0.0221715644171857,0.149372028593578,0.0391087974516865,0.8270151823631572,-0.1184021290345307,-0.0805046457120398,0.6166666666666674,0.5,positive rankic with robust-selected portfolio metrics; validation only for selection
test,pure_stagewise_score,30,0.0366475737749182,0.0659517486318439,0.0509074148045834,0.3638267224344658,0.3661572366541727,0.0,0.8466666666666676,0.6,holdout diagnostics only; not used for parameter choice
valid,pure_stagewise_score,30,0.0221715644171857,0.1867870914198903,0.0533317168474589,0.982509221759059,-0.0075359694791378,-0.0805046457120397,0.5666666666666673,0.5,positive rankic with robust-selected portfolio metrics; validation only for selection
test,pure_stagewise_score,30,0.0366475737749182,0.0655788288765397,0.0504776234532703,0.3618932223412666,0.367722754725046,0.0,0.8333333333333343,0.6,holdout diagnostics only; not used for parameter choice
valid,pure_stagewise_score,50,0.0221715644171857,0.0788569836372212,-0.0203466501472391,0.3937379317589198,-0.2735392907146849,-0.0906480209123542,0.6250000000000004,0.5,positive rankic with robust-selected portfolio metrics; validation only for selection
test,pure_stagewise_score,50,0.0366475737749182,0.0720606714321629,0.0569080813164714,0.4146316688733801,0.4221699467656221,0.0,0.8360000000000005,0.8,holdout diagnostics only; not used for parameter choice
valid,pure_stagewise_score,20,0.0221715644171857,0.1749289301397305,-0.0089736314226675,0.7098450357772135,-0.0093346553974605,-0.1357627387169331,0.7750000000000005,0.5,positive rankic with robust-selected portfolio metrics; validation only for selection
test,pure_stagewise_score,20,0.0366475737749182,0.0696318540361524,0.0569005168828867,0.4575166044342031,0.3428312732089559,0.0,0.7300000000000003,0.6,holdout diagnostics only; not used for parameter choice
valid,pure_stagewise_score,20,0.0221715644171857,0.1898136059156716,-0.0013857838412559,0.7587553460969941,0.0479149970953351,-0.1357627387169331,0.7250000000000003,0.5,positive rankic with robust-selected portfolio metrics; validation only for selection
test,pure_stagewise_score,20,0.0366475737749182,0.0519280214638051,0.0395081236377211,0.344378299518105,0.2547244352152427,0.0,0.7000000000000004,0.6,holdout diagnostics only; not used for parameter choice
valid,pure_stagewise_score,30,0.0221715644171857,0.1247893290668291,-0.0404224744738635,0.5055498325555124,-0.1617552052116554,-0.1339497461496085,0.7166666666666675,0.25,positive rankic with robust-selected portfolio metrics; validation only for selection
test,pure_stagewise_score,30,0.0366475737749182,0.0385120335291777,0.0265888360920613,0.2364090466278755,0.1673379481925925,0.0,0.7600000000000008,0.4,holdout diagnostics only; not used for parameter choice
valid,pure_stagewise_score,30,0.0221715644171857,0.1334574767637621,-0.031144961485448,0.543281617440205,-0.1352480115844591,-0.1339497461496085,0.6666666666666674,0.25,positive rankic with robust-selected portfolio metrics; validation only for selection
test,pure_stagewise_score,30,0.0366475737749182,0.0399336982360321,0.0280506680905141,0.2440195899215798,0.1737972534958709,0.0,0.7333333333333341,0.4,holdout diagnostics only; not used for parameter choice
valid,pure_stagewise_score,50,0.0221715644171857,0.0289761383530056,-0.101730637088047,0.1297259287900175,-0.4446397833674901,-0.129509666349167,0.6650000000000005,0.25,positive rankic with robust-selected portfolio metrics; validation only for selection
test,pure_stagewise_score,50,0.0366475737749182,0.0403249646301251,0.0276171421015542,0.2504373811084321,0.1954176853334482,0.0,0.7400000000000005,0.6,holdout diagnostics only; not used for parameter choice
valid,pure_stagewise_score,20,0.0221715644171857,0.2468548677659843,0.0052061594793884,0.8595949059191539,0.3117016826161927,-0.1477437112548822,0.9000000000000004,0.75,positive rankic with robust-selected portfolio metrics; validation only for selection
test,pure_stagewise_score,20,0.0366475737749182,0.1068136528193983,0.0924552433952836,0.6278659159514367,0.4764642034971112,0.0,0.6200000000000002,0.6,holdout diagnostics only; not used for parameter choice
valid,pure_stagewise_score,20,0.0221715644171857,0.2115723123061503,-0.0097787281983036,0.7733399159955584,0.1589839684969062,-0.1477437112548821,0.8625000000000004,0.5,positive rankic with robust-selected portfolio metrics; validation only for selection
test,pure_stagewise_score,20,0.0366475737749182,0.106325331183199,0.0908628075310294,0.7190813747196662,0.5948873034451241,0.0,0.5700000000000002,0.6,holdout diagnostics only; not used for parameter choice
valid,pure_stagewise_score,30,0.0221715644171857,0.1687568194556452,-0.0336787601563735,0.6518510726998051,-0.0245926776974761,-0.1425733190130997,0.8166666666666674,0.25,positive rankic with robust-selected portfolio metrics; validation only for selection
test,pure_stagewise_score,30,0.0366475737749182,0.0836198380312931,0.0692712332456637,0.5051108956470322,0.4372525243525381,0.0,0.5666666666666671,0.6,holdout diagnostics only; not used for parameter choice
valid,pure_stagewise_score,30,0.0221715644171857,0.1535407281717296,-0.039221212065793,0.6095281833672921,-0.0901791460314074,-0.1425733190130996,0.7916666666666674,0.25,positive rankic with robust-selected portfolio metrics; validation only for selection
test,pure_stagewise_score,30,0.0366475737749182,0.0923959895791592,0.0776313642246204,0.5670408744993377,0.4862899601224858,0.0,0.5200000000000004,0.6,holdout diagnostics only; not used for parameter choice
valid,pure_stagewise_score,50,0.0221715644171857,0.1802517669431795,0.0040953124366196,0.7803264603496292,-0.0041468981436957,-0.115493667606783,0.7750000000000006,0.25,positive rankic with robust-selected portfolio metrics; validation only for selection
test,pure_stagewise_score,50,0.0366475737749182,0.0558391602500942,0.0424476115612512,0.3387049623878357,0.293646095301419,0.0,0.5480000000000004,0.6,holdout diagnostics only; not used for parameter choice
valid,pure_stagewise_score,20,0.0221715644171857,0.3252093820693265,0.2231860953645459,1.8982335293699104,0.2914515340515152,-0.0265931275252987,0.6250000000000002,0.75,positive rankic with robust-selected portfolio metrics; validation only for selection
test,pure_stagewise_score,20,0.0366490125025147,0.0968151108542834,0.0790899316503326,0.5490821999758583,0.643303814818006,0.0,0.8600000000000003,0.8,holdout diagnostics only; not used for parameter choice
valid,pure_stagewise_score,20,0.0221715644171857,0.3536738275387698,0.2209268895014864,2.2753220997694847,0.4581833173467584,-0.0265931275252986,0.5625000000000002,0.75,positive rankic with robust-selected portfolio metrics; validation only for selection
test,pure_stagewise_score,20,0.0366490125025147,0.0930758146380716,0.0757390899508071,0.5292046840198106,0.6031872646770596,0.0,0.8400000000000004,0.6,holdout diagnostics only; not used for parameter choice
valid,pure_stagewise_score,30,0.0221715644171857,0.149372028593578,0.0391087974516865,0.8270151823631572,-0.1184021290345307,-0.0805046457120398,0.6166666666666674,0.5,positive rankic with robust-selected portfolio metrics; validation only for selection
test,pure_stagewise_score,30,0.0366490125025147,0.0659517486318439,0.0509074148045834,0.3638267224344658,0.3661572366541727,0.0,0.8466666666666676,0.6,holdout diagnostics only; not used for parameter choice
valid,pure_stagewise_score,30,0.0221715644171857,0.1867870914198903,0.0533317168474589,0.982509221759059,-0.0075359694791378,-0.0805046457120397,0.5666666666666673,0.5,positive rankic with robust-selected portfolio metrics; validation only for selection
test,pure_stagewise_score,30,0.0366490125025147,0.0655788288765397,0.0504776234532703,0.3618932223412666,0.367722754725046,0.0,0.8333333333333343,0.6,holdout diagnostics only; not used for parameter choice
valid,pure_stagewise_score,50,0.0221715644171857,0.0788569836372212,-0.0203466501472391,0.3937379317589198,-0.2735392907146849,-0.0906480209123542,0.6250000000000004,0.5,positive rankic with robust-selected portfolio metrics; validation only for selection
test,pure_stagewise_score,50,0.0366490125025147,0.0720606714321629,0.0569080813164714,0.4146316688733801,0.4221699467656221,0.0,0.8360000000000005,0.8,holdout diagnostics only; not used for parameter choice
valid,pure_stagewise_score,20,0.0221715644171857,0.1749289301397305,-0.0089736314226675,0.7098450357772135,-0.0093346553974605,-0.1357627387169331,0.7750000000000005,0.5,positive rankic with robust-selected portfolio metrics; validation only for selection
test,pure_stagewise_score,20,0.0366490125025147,0.0696318540361524,0.0569005168828867,0.4575166044342031,0.3428312732089559,0.0,0.7300000000000003,0.6,holdout diagnostics only; not used for parameter choice
valid,pure_stagewise_score,20,0.0221715644171857,0.1898136059156716,-0.0013857838412559,0.7587553460969941,0.0479149970953351,-0.1357627387169331,0.7250000000000003,0.5,positive rankic with robust-selected portfolio metrics; validation only for selection
test,pure_stagewise_score,20,0.0366490125025147,0.0519280214638051,0.0395081236377211,0.344378299518105,0.2547244352152427,0.0,0.7000000000000004,0.6,holdout diagnostics only; not used for parameter choice
valid,pure_stagewise_score,30,0.0221715644171857,0.1247893290668291,-0.0404224744738635,0.5055498325555124,-0.1617552052116554,-0.1339497461496085,0.7166666666666675,0.25,positive rankic with robust-selected portfolio metrics; validation only for selection
test,pure_stagewise_score,30,0.0366490125025147,0.0385120335291777,0.0265888360920613,0.2364090466278755,0.1673379481925925,0.0,0.7600000000000008,0.4,holdout diagnostics only; not used for parameter choice
valid,pure_stagewise_score,30,0.0221715644171857,0.1334574767637621,-0.031144961485448,0.543281617440205,-0.1352480115844591,-0.1339497461496085,0.6666666666666674,0.25,positive rankic with robust-selected portfolio metrics; validation only for selection
test,pure_stagewise_score,30,0.0366490125025147,0.0399336982360321,0.0280506680905141,0.2440195899215798,0.1737972534958709,0.0,0.7333333333333341,0.4,holdout diagnostics only; not used for parameter choice
valid,pure_stagewise_score,50,0.0221715644171857,0.0289761383530056,-0.101730637088047,0.1297259287900175,-0.4446397833674901,-0.129509666349167,0.6650000000000005,0.25,positive rankic with robust-selected portfolio metrics; validation only for selection
test,pure_stagewise_score,50,0.0366490125025147,0.0403249646301251,0.0276171421015542,0.2504373811084321,0.1954176853334482,0.0,0.7400000000000005,0.6,holdout diagnostics only; not used for parameter choice
valid,pure_stagewise_score,20,0.0221715644171857,0.2468548677659843,0.0052061594793884,0.8595949059191539,0.3117016826161927,-0.1477437112548822,0.9000000000000004,0.75,positive rankic with robust-selected portfolio metrics; validation only for selection
test,pure_stagewise_score,20,0.0366490125025147,0.1068136528193983,0.0924552433952836,0.6278659159514367,0.4764642034971112,0.0,0.6200000000000002,0.6,holdout diagnostics only; not used for parameter choice
valid,pure_stagewise_score,20,0.0221715644171857,0.2115723123061503,-0.0097787281983036,0.7733399159955584,0.1589839684969062,-0.1477437112548821,0.8625000000000004,0.5,positive rankic with robust-selected portfolio metrics; validation only for selection
test,pure_stagewise_score,20,0.0366490125025147,0.106325331183199,0.0908628075310294,0.7190813747196662,0.5948873034451241,0.0,0.5700000000000002,0.6,holdout diagnostics only; not used for parameter choice
valid,pure_stagewise_score,30,0.0221715644171857,0.1687568194556452,-0.0336787601563735,0.6518510726998051,-0.0245926776974761,-0.1425733190130997,0.8166666666666674,0.25,positive rankic with robust-selected portfolio metrics; validation only for selection
test,pure_stagewise_score,30,0.0366490125025147,0.0836198380312931,0.0692712332456637,0.5051108956470322,0.4372525243525381,0.0,0.5666666666666671,0.6,holdout diagnostics only; not used for parameter choice
valid,pure_stagewise_score,30,0.0221715644171857,0.1535407281717296,-0.039221212065793,0.6095281833672921,-0.0901791460314074,-0.1425733190130996,0.7916666666666674,0.25,positive rankic with robust-selected portfolio metrics; validation only for selection
test,pure_stagewise_score,30,0.0366490125025147,0.0923959895791592,0.0776313642246204,0.5670408744993377,0.4862899601224858,0.0,0.5200000000000004,0.6,holdout diagnostics only; not used for parameter choice
valid,pure_stagewise_score,50,0.0221715644171857,0.1802517669431795,0.0040953124366196,0.7803264603496292,-0.0041468981436957,-0.115493667606783,0.7750000000000006,0.25,positive rankic with robust-selected portfolio metrics; validation only for selection
test,pure_stagewise_score,50,0.0366490125025147,0.0558391602500942,0.0424476115612512,0.3387049623878357,0.293646095301419,0.0,0.5480000000000004,0.6,holdout diagnostics only; not used for parameter choice
valid,pure_stagewise_score,20,0.0221715644171857,0.3252093820693265,0.2231860953645459,1.8982335293699104,0.2914515340515152,-0.0265931275252987,0.6250000000000002,0.75,positive rankic with robust-selected portfolio metrics; validation only for selection
test,pure_stagewise_score,20,0.0366470160705663,0.0968151108542834,0.0790899316503326,0.5490821999758583,0.643303814818006,0.0,0.8600000000000003,0.8,holdout diagnostics only; not used for parameter choice
valid,pure_stagewise_score,20,0.0221715644171857,0.3536738275387698,0.2209268895014864,2.2753220997694847,0.4581833173467584,-0.0265931275252986,0.5625000000000002,0.75,positive rankic with robust-selected portfolio metrics; validation only for selection
test,pure_stagewise_score,20,0.0366470160705663,0.0930758146380716,0.0757390899508071,0.5292046840198106,0.6031872646770596,0.0,0.8400000000000004,0.6,holdout diagnostics only; not used for parameter choice
valid,pure_stagewise_score,30,0.0221715644171857,0.149372028593578,0.0391087974516865,0.8270151823631572,-0.1184021290345307,-0.0805046457120398,0.6166666666666674,0.5,positive rankic with robust-selected portfolio metrics; validation only for selection
test,pure_stagewise_score,30,0.0366470160705663,0.0659517486318439,0.0509074148045834,0.3638267224344658,0.3661572366541727,0.0,0.8466666666666676,0.6,holdout diagnostics only; not used for parameter choice
valid,pure_stagewise_score,30,0.0221715644171857,0.1867870914198903,0.0533317168474589,0.982509221759059,-0.0075359694791378,-0.0805046457120397,0.5666666666666673,0.5,positive rankic with robust-selected portfolio metrics; validation only for selection
test,pure_stagewise_score,30,0.0366470160705663,0.0655788288765397,0.0504776234532703,0.3618932223412666,0.367722754725046,0.0,0.8333333333333343,0.6,holdout diagnostics only; not used for parameter choice
valid,pure_stagewise_score,50,0.0221715644171857,0.0788569836372212,-0.0203466501472391,0.3937379317589198,-0.2735392907146849,-0.0906480209123542,0.6250000000000004,0.5,positive rankic with robust-selected portfolio metrics; validation only for selection
test,pure_stagewise_score,50,0.0366470160705663,0.0720606714321629,0.0569080813164714,0.4146316688733801,0.4221699467656221,0.0,0.8360000000000005,0.8,holdout diagnostics only; not used for parameter choice
valid,pure_stagewise_score,20,0.0221715644171857,0.1749289301397305,-0.0089736314226675,0.7098450357772135,-0.0093346553974605,-0.1357627387169331,0.7750000000000005,0.5,positive rankic with robust-selected portfolio metrics; validation only for selection
test,pure_stagewise_score,20,0.0366470160705663,0.0696318540361524,0.0569005168828867,0.4575166044342031,0.3428312732089559,0.0,0.7300000000000003,0.6,holdout diagnostics only; not used for parameter choice
valid,pure_stagewise_score,20,0.0221715644171857,0.1898136059156716,-0.0013857838412559,0.7587553460969941,0.0479149970953351,-0.1357627387169331,0.7250000000000003,0.5,positive rankic with robust-selected portfolio metrics; validation only for selection
test,pure_stagewise_score,20,0.0366470160705663,0.0519280214638051,0.0395081236377211,0.344378299518105,0.2547244352152427,0.0,0.7000000000000004,0.6,holdout diagnostics only; not used for parameter choice
valid,pure_stagewise_score,30,0.0221715644171857,0.1247893290668291,-0.0404224744738635,0.5055498325555124,-0.1617552052116554,-0.1339497461496085,0.7166666666666675,0.25,positive rankic with robust-selected portfolio metrics; validation only for selection
test,pure_stagewise_score,30,0.0366470160705663,0.0385120335291777,0.0265888360920613,0.2364090466278755,0.1673379481925925,0.0,0.7600000000000008,0.4,holdout diagnostics only; not used for parameter choice
valid,pure_stagewise_score,30,0.0221715644171857,0.1334574767637621,-0.031144961485448,0.543281617440205,-0.1352480115844591,-0.1339497461496085,0.6666666666666674,0.25,positive rankic with robust-selected portfolio metrics; validation only for selection
test,pure_stagewise_score,30,0.0366470160705663,0.0399336982360321,0.0280506680905141,0.2440195899215798,0.1737972534958709,0.0,0.7333333333333341,0.4,holdout diagnostics only; not used for parameter choice
valid,pure_stagewise_score,50,0.0221715644171857,0.0289761383530056,-0.101730637088047,0.1297259287900175,-0.4446397833674901,-0.129509666349167,0.6650000000000005,0.25,positive rankic with robust-selected portfolio metrics; validation only for selection
test,pure_stagewise_score,50,0.0366470160705663,0.0403249646301251,0.0276171421015542,0.2504373811084321,0.1954176853334482,0.0,0.7400000000000005,0.6,holdout diagnostics only; not used for parameter choice
valid,pure_stagewise_score,20,0.0221715644171857,0.2468548677659843,0.0052061594793884,0.8595949059191539,0.3117016826161927,-0.1477437112548822,0.9000000000000004,0.75,positive rankic with robust-selected portfolio metrics; validation only for selection
test,pure_stagewise_score,20,0.0366470160705663,0.1068136528193983,0.0924552433952836,0.6278659159514367,0.4764642034971112,0.0,0.6200000000000002,0.6,holdout diagnostics only; not used for parameter choice
valid,pure_stagewise_score,20,0.0221715644171857,0.2115723123061503,-0.0097787281983036,0.7733399159955584,0.1589839684969062,-0.1477437112548821,0.8625000000000004,0.5,positive rankic with robust-selected portfolio metrics; validation only for selection
test,pure_stagewise_score,20,0.0366470160705663,0.106325331183199,0.0908628075310294,0.7190813747196662,0.5948873034451241,0.0,0.5700000000000002,0.6,holdout diagnostics only; not used for parameter choice
valid,pure_stagewise_score,30,0.0221715644171857,0.1687568194556452,-0.0336787601563735,0.6518510726998051,-0.0245926776974761,-0.1425733190130997,0.8166666666666674,0.25,positive rankic with robust-selected portfolio metrics; validation only for selection
test,pure_stagewise_score,30,0.0366470160705663,0.0836198380312931,0.0692712332456637,0.5051108956470322,0.4372525243525381,0.0,0.5666666666666671,0.6,holdout diagnostics only; not used for parameter choice
valid,pure_stagewise_score,30,0.0221715644171857,0.1535407281717296,-0.039221212065793,0.6095281833672921,-0.0901791460314074,-0.1425733190130996,0.7916666666666674,0.25,positive rankic with robust-selected portfolio metrics; validation only for selection
test,pure_stagewise_score,30,0.0366470160705663,0.0923959895791592,0.0776313642246204,0.5670408744993377,0.4862899601224858,0.0,0.5200000000000004,0.6,holdout diagnostics only; not used for parameter choice
valid,pure_stagewise_score,50,0.0221715644171857,0.1802517669431795,0.0040953124366196,0.7803264603496292,-0.0041468981436957,-0.115493667606783,0.7750000000000006,0.25,positive rankic with robust-selected portfolio metrics; validation only for selection
test,pure_stagewise_score,50,0.0366470160705663,0.0558391602500942,0.0424476115612512,0.3387049623878357,0.293646095301419,0.0,0.5480000000000004,0.6,holdout diagnostics only; not used for parameter choice
valid,pure_stagewise_score,20,0.0221715644171857,0.3252093820693265,0.2231860953645459,1.8982335293699104,0.2914515340515152,-0.0265931275252987,0.6250000000000002,0.75,positive rankic with robust-selected portfolio metrics; validation only for selection
test,pure_stagewise_score,20,0.0366474092064375,0.0968151108542834,0.0790899316503326,0.5490821999758583,0.643303814818006,0.0,0.8600000000000003,0.8,holdout diagnostics only; not used for parameter choice
valid,pure_stagewise_score,20,0.0221715644171857,0.3536738275387698,0.2209268895014864,2.2753220997694847,0.4581833173467584,-0.0265931275252986,0.5625000000000002,0.75,positive rankic with robust-selected portfolio metrics; validation only for selection
test,pure_stagewise_score,20,0.0366474092064375,0.0930758146380716,0.0757390899508071,0.5292046840198106,0.6031872646770596,0.0,0.8400000000000004,0.6,holdout diagnostics only; not used for parameter choice
valid,pure_stagewise_score,30,0.0221715644171857,0.149372028593578,0.0391087974516865,0.8270151823631572,-0.1184021290345307,-0.0805046457120398,0.6166666666666674,0.5,positive rankic with robust-selected portfolio metrics; validation only for selection
test,pure_stagewise_score,30,0.0366474092064375,0.0659517486318439,0.0509074148045834,0.3638267224344658,0.3661572366541727,0.0,0.8466666666666676,0.6,holdout diagnostics only; not used for parameter choice
valid,pure_stagewise_score,30,0.0221715644171857,0.1867870914198903,0.0533317168474589,0.982509221759059,-0.0075359694791378,-0.0805046457120397,0.5666666666666673,0.5,positive rankic with robust-selected portfolio metrics; validation only for selection
test,pure_stagewise_score,30,0.0366474092064375,0.0655788288765397,0.0504776234532703,0.3618932223412666,0.367722754725046,0.0,0.8333333333333343,0.6,holdout diagnostics only; not used for parameter choice
valid,pure_stagewise_score,50,0.0221715644171857,0.0788569836372212,-0.0203466501472391,0.3937379317589198,-0.2735392907146849,-0.0906480209123542,0.6250000000000004,0.5,positive rankic with robust-selected portfolio metrics; validation only for selection
test,pure_stagewise_score,50,0.0366474092064375,0.0720606714321629,0.0569080813164714,0.4146316688733801,0.4221699467656221,0.0,0.8360000000000005,0.8,holdout diagnostics only; not used for parameter choice
valid,pure_stagewise_score,20,0.0221715644171857,0.1749289301397305,-0.0089736314226675,0.7098450357772135,-0.0093346553974605,-0.1357627387169331,0.7750000000000005,0.5,positive rankic with robust-selected portfolio metrics; validation only for selection
test,pure_stagewise_score,20,0.0366474092064375,0.0696318540361524,0.0569005168828867,0.4575166044342031,0.3428312732089559,0.0,0.7300000000000003,0.6,holdout diagnostics only; not used for parameter choice
valid,pure_stagewise_score,20,0.0221715644171857,0.1898136059156716,-0.0013857838412559,0.7587553460969941,0.0479149970953351,-0.1357627387169331,0.7250000000000003,0.5,positive rankic with robust-selected portfolio metrics; validation only for selection
test,pure_stagewise_score,20,0.0366474092064375,0.0519280214638051,0.0395081236377211,0.344378299518105,0.2547244352152427,0.0,0.7000000000000004,0.6,holdout diagnostics only; not used for parameter choice
valid,pure_stagewise_score,30,0.0221715644171857,0.1247893290668291,-0.0404224744738635,0.5055498325555124,-0.1617552052116554,-0.1339497461496085,0.7166666666666675,0.25,positive rankic with robust-selected portfolio metrics; validation only for selection
test,pure_stagewise_score,30,0.0366474092064375,0.0385120335291777,0.0265888360920613,0.2364090466278755,0.1673379481925925,0.0,0.7600000000000008,0.4,holdout diagnostics only; not used for parameter choice
valid,pure_stagewise_score,30,0.0221715644171857,0.1334574767637621,-0.031144961485448,0.543281617440205,-0.1352480115844591,-0.1339497461496085,0.6666666666666674,0.25,positive rankic with robust-selected portfolio metrics; validation only for selection
test,pure_stagewise_score,30,0.0366474092064375,0.0399336982360321,0.0280506680905141,0.2440195899215798,0.1737972534958709,0.0,0.7333333333333341,0.4,holdout diagnostics only; not used for parameter choice
valid,pure_stagewise_score,50,0.0221715644171857,0.0289761383530056,-0.101730637088047,0.1297259287900175,-0.4446397833674901,-0.129509666349167,0.6650000000000005,0.25,positive rankic with robust-selected portfolio metrics; validation only for selection
test,pure_stagewise_score,50,0.0366474092064375,0.0403249646301251,0.0276171421015542,0.2504373811084321,0.1954176853334482,0.0,0.7400000000000005,0.6,holdout diagnostics only; not used for parameter choice
valid,pure_stagewise_score,20,0.0221715644171857,0.2468548677659843,0.0052061594793884,0.8595949059191539,0.3117016826161927,-0.1477437112548822,0.9000000000000004,0.75,positive rankic with robust-selected portfolio metrics; validation only for selection
test,pure_stagewise_score,20,0.0366474092064375,0.1068136528193983,0.0924552433952836,0.6278659159514367,0.4764642034971112,0.0,0.6200000000000002,0.6,holdout diagnostics only; not used for parameter choice
valid,pure_stagewise_score,20,0.0221715644171857,0.2115723123061503,-0.0097787281983036,0.7733399159955584,0.1589839684969062,-0.1477437112548821,0.8625000000000004,0.5,positive rankic with robust-selected portfolio metrics; validation only for selection
test,pure_stagewise_score,20,0.0366474092064375,0.106325331183199,0.0908628075310294,0.7190813747196662,0.5948873034451241,0.0,0.5700000000000002,0.6,holdout diagnostics only; not used for parameter choice
valid,pure_stagewise_score,30,0.0221715644171857,0.1687568194556452,-0.0336787601563735,0.6518510726998051,-0.0245926776974761,-0.1425733190130997,0.8166666666666674,0.25,positive rankic with robust-selected portfolio metrics; validation only for selection
test,pure_stagewise_score,30,0.0366474092064375,0.0836198380312931,0.0692712332456637,0.5051108956470322,0.4372525243525381,0.0,0.5666666666666671,0.6,holdout diagnostics only; not used for parameter choice
valid,pure_stagewise_score,30,0.0221715644171857,0.1535407281717296,-0.039221212065793,0.6095281833672921,-0.0901791460314074,-0.1425733190130996,0.7916666666666674,0.25,positive rankic with robust-selected portfolio metrics; validation only for selection
test,pure_stagewise_score,30,0.0366474092064375,0.0923959895791592,0.0776313642246204,0.5670408744993377,0.4862899601224858,0.0,0.5200000000000004,0.6,holdout diagnostics only; not used for parameter choice
valid,pure_stagewise_score,50,0.0221715644171857,0.1802517669431795,0.0040953124366196,0.7803264603496292,-0.0041468981436957,-0.115493667606783,0.7750000000000006,0.25,positive rankic with robust-selected portfolio metrics; validation only for selection
test,pure_stagewise_score,50,0.0366474092064375,0.0558391602500942,0.0424476115612512,0.3387049623878357,0.293646095301419,0.0,0.5480000000000004,0.6,holdout diagnostics only; not used for parameter choice
valid,pure_stagewise_score,20,0.1543525110306136,0.9421028955951232,0.5751265946441126,4.47105004628782,2.2196699896335867,0.0,0.9625000000000004,1.0,positive rankic with robust-selected portfolio metrics; validation only for selection
test,pure_stagewise_score,20,0.0717600765932016,-0.01377193577296,-0.0265202804554084,-0.0691754847104967,-0.0974971907504854,0.0,0.6800000000000003,0.6,holdout diagnostics only; not used for parameter choice
valid,pure_stagewise_score,20,0.1543525110306136,0.9421028955951232,0.5751265946441126,4.47105004628782,2.2196699896335867,0.0,0.9625000000000004,1.0,positive rankic with robust-selected portfolio metrics; validation only for selection
test,pure_stagewise_score,20,0.0717600765932016,-0.0203333760304827,-0.0334911099604259,-0.102576247305822,-0.1390634390974456,0.0,0.6200000000000002,0.6,holdout diagnostics only; not used for parameter choice
valid,pure_stagewise_score,30,0.1543525110306136,0.8467543022229151,0.5513120525716033,5.92867690112137,2.383038102265787,0.0,0.966666666666668,1.0,positive rankic with robust-selected portfolio metrics; validation only for selection
test,pure_stagewise_score,30,0.0717600765932016,0.0298407406767435,0.0155205240431757,0.1646569412512588,0.1536970303064228,0.0,0.646666666666667,0.6,holdout diagnostics only; not used for parameter choice
valid,pure_stagewise_score,30,0.1543525110306136,0.8467543022229151,0.5513120525716033,5.92867690112137,2.383038102265787,0.0,0.966666666666668,1.0,positive rankic with robust-selected portfolio metrics; validation only for selection
test,pure_stagewise_score,30,0.0717600765932016,0.0209694116284981,0.0069238403417244,0.1196331977958656,0.0931351136339297,0.0,0.6133333333333336,0.6,holdout diagnostics only; not used for parameter choice
valid,pure_stagewise_score,50,0.1543525110306136,0.6688519156299133,0.4405182249406479,5.510302112776728,2.048257624456252,0.0,0.9650000000000007,1.0,positive rankic with robust-selected portfolio metrics; validation only for selection
test,pure_stagewise_score,50,0.0717600765932016,0.0292580099062995,0.015203954263731,0.1595758918003364,0.1386586681913724,0.0,0.6240000000000004,0.6,holdout diagnostics only; not used for parameter choice
valid,pure_stagewise_score,20,0.1543525110306136,0.4013948156839588,0.3079847243236848,4.845853570280767,0.4857152854192962,0.0,0.9375000000000004,0.75,positive rankic with robust-selected portfolio metrics; validation only for selection
test,pure_stagewise_score,20,0.0717600765932016,0.0144193638141156,0.0024159300113356,0.0786639662233733,0.0416858076741778,0.0,0.6700000000000003,0.4,holdout diagnostics only; not used for parameter choice
valid,pure_stagewise_score,20,0.1543525110306136,0.4034378272723269,0.3113564338011658,4.99705055745586,0.4857583715043213,0.0,0.8875000000000004,0.75,positive rankic with robust-selected portfolio metrics; validation only for selection
test,pure_stagewise_score,20,0.0717600765932016,0.0265299376374938,0.0139578153808501,0.1397191389772015,0.1115888117352048,0.0,0.6300000000000002,0.6,holdout diagnostics only; not used for parameter choice
valid,pure_stagewise_score,30,0.1543525110306136,0.4341717633305679,0.2965827230160472,4.584299387263467,0.8030663799597562,0.0,0.8916666666666677,0.75,positive rankic with robust-selected portfolio metrics; validation only for selection
test,pure_stagewise_score,30,0.0717600765932016,0.0171665281981927,0.0041678500991472,0.0858914562589736,0.0682818601410862,0.0,0.6600000000000004,0.6,holdout diagnostics only; not used for parameter choice
valid,pure_stagewise_score,30,0.1543525110306136,0.4348759978678556,0.2975181176623189,4.614543861113914,0.8022573615664554,0.0,0.8833333333333344,0.75,positive rankic with robust-selected portfolio metrics; validation only for selection
test,pure_stagewise_score,30,0.0717600765932016,0.0145281398784324,0.0010497231626833,0.0730214020716775,0.0566684820659218,0.0,0.6333333333333336,0.6,holdout diagnostics only; not used for parameter choice
valid,pure_stagewise_score,50,0.1543525110306136,0.2712270969959571,0.1788253487338343,3.416623239964514,0.2259508453722918,0.0,0.8600000000000005,0.5,positive rankic with robust-selected portfolio metrics; validation only for selection
test,pure_stagewise_score,50,0.0717600765932016,0.0172723041606339,0.0033828309853991,0.0963089185862861,0.0634119583623727,0.0,0.6040000000000003,0.6,holdout diagnostics only; not used for parameter choice
valid,pure_stagewise_score,20,0.1543525110306136,0.3429886729569447,0.2557920056552739,4.81775484288953,0.3768450041525654,0.0,0.9500000000000004,0.5,positive rankic with robust-selected portfolio metrics; validation only for selection
test,pure_stagewise_score,20,0.0717600765932016,0.1471908617416601,0.1270938779670801,0.8167635277451244,0.771689239504506,0.0,0.7100000000000002,0.8,holdout diagnostics only; not used for parameter choice
valid,pure_stagewise_score,20,0.1543525110306136,0.3218162565551898,0.233190004149638,4.483216125301024,0.3394060893749551,0.0,0.9250000000000004,0.5,positive rankic with robust-selected portfolio metrics; validation only for selection
test,pure_stagewise_score,20,0.0717600765932016,0.1047067329372446,0.0883518635905997,0.5717191718714754,0.5356342558107742,0.0,0.6300000000000002,0.8,holdout diagnostics only; not used for parameter choice
valid,pure_stagewise_score,30,0.1543525110306136,0.3319840374567604,0.2296218838893922,3.6834355533601553,0.396534134881462,0.0,0.9250000000000012,0.75,positive rankic with robust-selected portfolio metrics; validation only for selection
test,pure_stagewise_score,30,0.0717600765932016,0.1220735872653331,0.1033581273063505,0.808015070523557,0.955585995159716,0.0,0.6533333333333339,0.8,holdout diagnostics only; not used for parameter choice
valid,pure_stagewise_score,30,0.1543525110306136,0.3274810675044706,0.2233006507490776,3.5061188107577514,0.3913391851655264,0.0,0.916666666666668,0.75,positive rankic with robust-selected portfolio metrics; validation only for selection
test,pure_stagewise_score,30,0.0717600765932016,0.1147193651049245,0.0969003310321235,0.7691382878288265,0.8517981542913404,0.0,0.6000000000000004,0.8,holdout diagnostics only; not used for parameter choice
valid,pure_stagewise_score,50,0.1543525110306136,0.3381701368215926,0.2049616552222844,2.882420008675202,0.5645731406215171,-0.0046589805859477,0.9150000000000004,0.75,positive rankic with robust-selected portfolio metrics; validation only for selection
test,pure_stagewise_score,50,0.0717600765932016,0.0808189796741534,0.0655514994041819,0.5367737623918092,0.5339649336445067,0.0,0.5640000000000004,0.6,holdout diagnostics only; not used for parameter choice
valid,pure_stagewise_score,20,0.1543466420440826,0.9421028955951232,0.5751265946441126,4.47105004628782,2.2196699896335867,0.0,0.9625000000000004,1.0,positive rankic with robust-selected portfolio metrics; validation only for selection
test,pure_stagewise_score,20,0.0717592574912232,-0.01377193577296,-0.0265202804554084,-0.0691754847104967,-0.0974971907504854,0.0,0.6800000000000003,0.6,holdout diagnostics only; not used for parameter choice
valid,pure_stagewise_score,20,0.1543466420440826,0.9421028955951232,0.5751265946441126,4.47105004628782,2.2196699896335867,0.0,0.9625000000000004,1.0,positive rankic with robust-selected portfolio metrics; validation only for selection
test,pure_stagewise_score,20,0.0717592574912232,-0.0203333760304827,-0.0334911099604259,-0.102576247305822,-0.1390634390974456,0.0,0.6200000000000002,0.6,holdout diagnostics only; not used for parameter choice
valid,pure_stagewise_score,30,0.1543466420440826,0.8467543022229151,0.5513120525716033,5.92867690112137,2.383038102265787,0.0,0.966666666666668,1.0,positive rankic with robust-selected portfolio metrics; validation only for selection
test,pure_stagewise_score,30,0.0717592574912232,0.0298407406767435,0.0155205240431757,0.1646569412512588,0.1536970303064228,0.0,0.646666666666667,0.6,holdout diagnostics only; not used for parameter choice
valid,pure_stagewise_score,30,0.1543466420440826,0.8467543022229151,0.5513120525716033,5.92867690112137,2.383038102265787,0.0,0.966666666666668,1.0,positive rankic with robust-selected portfolio metrics; validation only for selection
test,pure_stagewise_score,30,0.0717592574912232,0.0209694116284981,0.0069238403417244,0.1196331977958656,0.0931351136339297,0.0,0.6133333333333336,0.6,holdout diagnostics only; not used for parameter choice
valid,pure_stagewise_score,50,0.1543466420440826,0.6688519156299133,0.4405182249406479,5.510302112776728,2.048257624456252,0.0,0.9650000000000007,1.0,positive rankic with robust-selected portfolio metrics; validation only for selection
test,pure_stagewise_score,50,0.0717592574912232,0.0292580099062995,0.015203954263731,0.1595758918003364,0.1386586681913724,0.0,0.6240000000000004,0.6,holdout diagnostics only; not used for parameter choice
valid,pure_stagewise_score,20,0.1543466420440826,0.4013948156839588,0.3079847243236848,4.845853570280767,0.4857152854192962,0.0,0.9375000000000004,0.75,positive rankic with robust-selected portfolio metrics; validation only for selection
test,pure_stagewise_score,20,0.0717592574912232,0.0144193638141156,0.0024159300113356,0.0786639662233733,0.0416858076741778,0.0,0.6700000000000003,0.4,holdout diagnostics only; not used for parameter choice
valid,pure_stagewise_score,20,0.1543466420440826,0.4034378272723269,0.3113564338011658,4.99705055745586,0.4857583715043213,0.0,0.8875000000000004,0.75,positive rankic with robust-selected portfolio metrics; validation only for selection
test,pure_stagewise_score,20,0.0717592574912232,0.0265299376374938,0.0139578153808501,0.1397191389772015,0.1115888117352048,0.0,0.6300000000000002,0.6,holdout diagnostics only; not used for parameter choice
valid,pure_stagewise_score,30,0.1543466420440826,0.4341717633305679,0.2965827230160472,4.584299387263467,0.8030663799597562,0.0,0.8916666666666677,0.75,positive rankic with robust-selected portfolio metrics; validation only for selection
test,pure_stagewise_score,30,0.0717592574912232,0.0171665281981927,0.0041678500991472,0.0858914562589736,0.0682818601410862,0.0,0.6600000000000004,0.6,holdout diagnostics only; not used for parameter choice
valid,pure_stagewise_score,30,0.1543466420440826,0.4348759978678556,0.2975181176623189,4.614543861113914,0.8022573615664554,0.0,0.8833333333333344,0.75,positive rankic with robust-selected portfolio metrics; validation only for selection
test,pure_stagewise_score,30,0.0717592574912232,0.0145281398784324,0.0010497231626833,0.0730214020716775,0.0566684820659218,0.0,0.6333333333333336,0.6,holdout diagnostics only; not used for parameter choice
valid,pure_stagewise_score,50,0.1543466420440826,0.2712270969959571,0.1788253487338343,3.416623239964514,0.2259508453722918,0.0,0.8600000000000005,0.5,positive rankic with robust-selected portfolio metrics; validation only for selection
test,pure_stagewise_score,50,0.0717592574912232,0.0172723041606339,0.0033828309853991,0.0963089185862861,0.0634119583623727,0.0,0.6040000000000003,0.6,holdout diagnostics only; not used for parameter choice
valid,pure_stagewise_score,20,0.1543466420440826,0.3429886729569447,0.2557920056552739,4.81775484288953,0.3768450041525654,0.0,0.9500000000000004,0.5,positive rankic with robust-selected portfolio metrics; validation only for selection
test,pure_stagewise_score,20,0.0717592574912232,0.1471908617416601,0.1270938779670801,0.8167635277451244,0.771689239504506,0.0,0.7100000000000002,0.8,holdout diagnostics only; not used for parameter choice
valid,pure_stagewise_score,20,0.1543466420440826,0.3218162565551898,0.233190004149638,4.483216125301024,0.3394060893749551,0.0,0.9250000000000004,0.5,positive rankic with robust-selected portfolio metrics; validation only for selection
test,pure_stagewise_score,20,0.0717592574912232,0.1047067329372446,0.0883518635905997,0.5717191718714754,0.5356342558107742,0.0,0.6300000000000002,0.8,holdout diagnostics only; not used for parameter choice
valid,pure_stagewise_score,30,0.1543466420440826,0.3319840374567604,0.2296218838893922,3.6834355533601553,0.396534134881462,0.0,0.9250000000000012,0.75,positive rankic with robust-selected portfolio metrics; validation only for selection
test,pure_stagewise_score,30,0.0717592574912232,0.1220735872653331,0.1033581273063505,0.808015070523557,0.955585995159716,0.0,0.6533333333333339,0.8,holdout diagnostics only; not used for parameter choice
valid,pure_stagewise_score,30,0.1543466420440826,0.3274810675044706,0.2233006507490776,3.5061188107577514,0.3913391851655264,0.0,0.916666666666668,0.75,positive rankic with robust-selected portfolio metrics; validation only for selection
test,pure_stagewise_score,30,0.0717592574912232,0.1147193651049245,0.0969003310321235,0.7691382878288265,0.8517981542913404,0.0,0.6000000000000004,0.8,holdout diagnostics only; not used for parameter choice
valid,pure_stagewise_score,50,0.1543466420440826,0.3381701368215926,0.2049616552222844,2.882420008675202,0.5645731406215171,-0.0046589805859477,0.9150000000000004,0.75,positive rankic with robust-selected portfolio metrics; validation only for selection
test,pure_stagewise_score,50,0.0717592574912232,0.0808189796741534,0.0655514994041819,0.5367737623918092,0.5339649336445067,0.0,0.5640000000000004,0.6,holdout diagnostics only; not used for parameter choice
valid,pure_stagewise_score,20,0.1543553468241593,0.9421028955951232,0.5751265946441126,4.47105004628782,2.2196699896335867,0.0,0.9625000000000004,1.0,positive rankic with robust-selected portfolio metrics; validation only for selection
test,pure_stagewise_score,20,0.0717572494237452,-0.01377193577296,-0.0265202804554084,-0.0691754847104967,-0.0974971907504854,0.0,0.6800000000000003,0.6,holdout diagnostics only; not used for parameter choice
valid,pure_stagewise_score,20,0.1543553468241593,0.9421028955951232,0.5751265946441126,4.47105004628782,2.2196699896335867,0.0,0.9625000000000004,1.0,positive rankic with robust-selected portfolio metrics; validation only for selection
test,pure_stagewise_score,20,0.0717572494237452,-0.0203333760304827,-0.0334911099604259,-0.102576247305822,-0.1390634390974456,0.0,0.6200000000000002,0.6,holdout diagnostics only; not used for parameter choice
valid,pure_stagewise_score,30,0.1543553468241593,0.8467543022229151,0.5513120525716033,5.92867690112137,2.383038102265787,0.0,0.966666666666668,1.0,positive rankic with robust-selected portfolio metrics; validation only for selection
test,pure_stagewise_score,30,0.0717572494237452,0.0298407406767435,0.0155205240431757,0.1646569412512588,0.1536970303064228,0.0,0.646666666666667,0.6,holdout diagnostics only; not used for parameter choice
valid,pure_stagewise_score,30,0.1543553468241593,0.8467543022229151,0.5513120525716033,5.92867690112137,2.383038102265787,0.0,0.966666666666668,1.0,positive rankic with robust-selected portfolio metrics; validation only for selection
test,pure_stagewise_score,30,0.0717572494237452,0.0209694116284981,0.0069238403417244,0.1196331977958656,0.0931351136339297,0.0,0.6133333333333336,0.6,holdout diagnostics only; not used for parameter choice
valid,pure_stagewise_score,50,0.1543553468241593,0.6688519156299133,0.4405182249406479,5.510302112776728,2.048257624456252,0.0,0.9650000000000007,1.0,positive rankic with robust-selected portfolio metrics; validation only for selection
test,pure_stagewise_score,50,0.0717572494237452,0.0292580099062995,0.015203954263731,0.1595758918003364,0.1386586681913724,0.0,0.6240000000000004,0.6,holdout diagnostics only; not used for parameter choice
valid,pure_stagewise_score,20,0.1543553468241593,0.4013948156839588,0.3079847243236848,4.845853570280767,0.4857152854192962,0.0,0.9375000000000004,0.75,positive rankic with robust-selected portfolio metrics; validation only for selection
test,pure_stagewise_score,20,0.0717572494237452,0.0144193638141156,0.0024159300113356,0.0786639662233733,0.0416858076741778,0.0,0.6700000000000003,0.4,holdout diagnostics only; not used for parameter choice
valid,pure_stagewise_score,20,0.1543553468241593,0.4034378272723269,0.3113564338011658,4.99705055745586,0.4857583715043213,0.0,0.8875000000000004,0.75,positive rankic with robust-selected portfolio metrics; validation only for selection
test,pure_stagewise_score,20,0.0717572494237452,0.0265299376374938,0.0139578153808501,0.1397191389772015,0.1115888117352048,0.0,0.6300000000000002,0.6,holdout diagnostics only; not used for parameter choice
valid,pure_stagewise_score,30,0.1543553468241593,0.4341717633305679,0.2965827230160472,4.584299387263467,0.8030663799597562,0.0,0.8916666666666677,0.75,positive rankic with robust-selected portfolio metrics; validation only for selection
test,pure_stagewise_score,30,0.0717572494237452,0.0171665281981927,0.0041678500991472,0.0858914562589736,0.0682818601410862,0.0,0.6600000000000004,0.6,holdout diagnostics only; not used for parameter choice
valid,pure_stagewise_score,30,0.1543553468241593,0.4348759978678556,0.2975181176623189,4.614543861113914,0.8022573615664554,0.0,0.8833333333333344,0.75,positive rankic with robust-selected portfolio metrics; validation only for selection
test,pure_stagewise_score,30,0.0717572494237452,0.0314390691217818,0.0184204722292191,0.1558586391641329,0.140874660369333,0.0,0.6400000000000003,0.6,holdout diagnostics only; not used for parameter choice
valid,pure_stagewise_score,50,0.1543553468241593,0.2712270969959571,0.1788253487338343,3.416623239964514,0.2259508453722918,0.0,0.8600000000000005,0.5,positive rankic with robust-selected portfolio metrics; validation only for selection
test,pure_stagewise_score,50,0.0717572494237452,0.0118422518610963,-0.0018827576959393,0.0643659781851924,0.0300985818986828,0.0,0.6040000000000003,0.6,holdout diagnostics only; not used for parameter choice
valid,pure_stagewise_score,20,0.1543553468241593,0.3429886729569447,0.2557920056552739,4.81775484288953,0.3768450041525654,0.0,0.9500000000000004,0.5,positive rankic with robust-selected portfolio metrics; validation only for selection
test,pure_stagewise_score,20,0.0717572494237452,0.1471908617416601,0.1270938779670801,0.8167635277451244,0.771689239504506,0.0,0.7100000000000002,0.8,holdout diagnostics only; not used for parameter choice
valid,pure_stagewise_score,20,0.1543553468241593,0.3218162565551898,0.233190004149638,4.483216125301024,0.3394060893749551,0.0,0.9250000000000004,0.5,positive rankic with robust-selected portfolio metrics; validation only for selection
test,pure_stagewise_score,20,0.0717572494237452,0.1047067329372446,0.0883518635905997,0.5717191718714754,0.5356342558107742,0.0,0.6300000000000002,0.8,holdout diagnostics only; not used for parameter choice
valid,pure_stagewise_score,30,0.1543553468241593,0.3319840374567604,0.2296218838893922,3.6834355533601553,0.396534134881462,0.0,0.9250000000000012,0.75,positive rankic with robust-selected portfolio metrics; validation only for selection
test,pure_stagewise_score,30,0.0717572494237452,0.1220735872653331,0.1033581273063505,0.808015070523557,0.955585995159716,0.0,0.6533333333333339,0.8,holdout diagnostics only; not used for parameter choice
valid,pure_stagewise_score,30,0.1543553468241593,0.3274810675044706,0.2233006507490776,3.5061188107577514,0.3913391851655264,0.0,0.916666666666668,0.75,positive rankic with robust-selected portfolio metrics; validation only for selection
test,pure_stagewise_score,30,0.0717572494237452,0.1147193651049245,0.0969003310321235,0.7691382878288265,0.8517981542913404,0.0,0.6000000000000004,0.8,holdout diagnostics only; not used for parameter choice
valid,pure_stagewise_score,50,0.1543553468241593,0.3381701368215926,0.2049616552222844,2.882420008675202,0.5645731406215171,-0.0046589805859477,0.9150000000000004,0.75,positive rankic with robust-selected portfolio metrics; validation only for selection
test,pure_stagewise_score,50,0.0717572494237452,0.0808189796741534,0.0655514994041819,0.5367737623918092,0.5339649336445067,0.0,0.5640000000000004,0.6,holdout diagnostics only; not used for parameter choice
valid,pure_stagewise_score,20,0.1543468633381849,0.9421028955951232,0.5751265946441126,4.47105004628782,2.2196699896335867,0.0,0.9625000000000004,1.0,positive rankic with robust-selected portfolio metrics; validation only for selection
test,pure_stagewise_score,20,0.0717463571520783,-0.01377193577296,-0.0265202804554084,-0.0691754847104967,-0.0974971907504854,0.0,0.6800000000000003,0.6,holdout diagnostics only; not used for parameter choice
valid,pure_stagewise_score,20,0.1543468633381849,0.9421028955951232,0.5751265946441126,4.47105004628782,2.2196699896335867,0.0,0.9625000000000004,1.0,positive rankic with robust-selected portfolio metrics; validation only for selection
test,pure_stagewise_score,20,0.0717463571520783,-0.0203333760304827,-0.0334911099604259,-0.102576247305822,-0.1390634390974456,0.0,0.6200000000000002,0.6,holdout diagnostics only; not used for parameter choice
valid,pure_stagewise_score,30,0.1543468633381849,0.8467543022229151,0.5513120525716033,5.92867690112137,2.383038102265787,0.0,0.966666666666668,1.0,positive rankic with robust-selected portfolio metrics; validation only for selection
test,pure_stagewise_score,30,0.0717463571520783,0.0298407406767435,0.0155205240431757,0.1646569412512588,0.1536970303064228,0.0,0.646666666666667,0.6,holdout diagnostics only; not used for parameter choice
valid,pure_stagewise_score,30,0.1543468633381849,0.8467543022229151,0.5513120525716033,5.92867690112137,2.383038102265787,0.0,0.966666666666668,1.0,positive rankic with robust-selected portfolio metrics; validation only for selection
test,pure_stagewise_score,30,0.0717463571520783,0.0209694116284981,0.0069238403417244,0.1196331977958656,0.0931351136339297,0.0,0.6133333333333336,0.6,holdout diagnostics only; not used for parameter choice
valid,pure_stagewise_score,50,0.1543468633381849,0.6688519156299133,0.4405182249406479,5.510302112776728,2.048257624456252,0.0,0.9650000000000007,1.0,positive rankic with robust-selected portfolio metrics; validation only for selection
test,pure_stagewise_score,50,0.0717463571520783,0.0292580099062995,0.015203954263731,0.1595758918003364,0.1386586681913724,0.0,0.6240000000000004,0.6,holdout diagnostics only; not used for parameter choice
valid,pure_stagewise_score,20,0.1543468633381849,0.4013948156839588,0.3079847243236848,4.845853570280767,0.4857152854192962,0.0,0.9375000000000004,0.75,positive rankic with robust-selected portfolio metrics; validation only for selection
test,pure_stagewise_score,20,0.0717463571520783,0.0144193638141156,0.0024159300113356,0.0786639662233733,0.0416858076741778,0.0,0.6700000000000003,0.4,holdout diagnostics only; not used for parameter choice
valid,pure_stagewise_score,20,0.1543468633381849,0.4034378272723269,0.3113564338011658,4.99705055745586,0.4857583715043213,0.0,0.8875000000000004,0.75,positive rankic with robust-selected portfolio metrics; validation only for selection
test,pure_stagewise_score,20,0.0717463571520783,0.0265299376374938,0.0139578153808501,0.1397191389772015,0.1115888117352048,0.0,0.6300000000000002,0.6,holdout diagnostics only; not used for parameter choice
valid,pure_stagewise_score,30,0.1543468633381849,0.4341717633305679,0.2965827230160472,4.584299387263467,0.8030663799597562,0.0,0.8916666666666677,0.75,positive rankic with robust-selected portfolio metrics; validation only for selection
test,pure_stagewise_score,30,0.0717463571520783,0.0171665281981927,0.0041678500991472,0.0858914562589736,0.0682818601410862,0.0,0.6600000000000004,0.6,holdout diagnostics only; not used for parameter choice
valid,pure_stagewise_score,30,0.1543468633381849,0.4348759978678556,0.2975181176623189,4.614543861113914,0.8022573615664554,0.0,0.8833333333333344,0.75,positive rankic with robust-selected portfolio metrics; validation only for selection
test,pure_stagewise_score,30,0.0717463571520783,0.0314390691217818,0.0184204722292191,0.1558586391641329,0.140874660369333,0.0,0.6400000000000003,0.6,holdout diagnostics only; not used for parameter choice
valid,pure_stagewise_score,50,0.1543468633381849,0.2712270969959571,0.1788253487338343,3.416623239964514,0.2259508453722918,0.0,0.8600000000000005,0.5,positive rankic with robust-selected portfolio metrics; validation only for selection
test,pure_stagewise_score,50,0.0717463571520783,0.0172723041606339,0.0033828309853991,0.0963089185862862,0.0634119583623728,0.0,0.6040000000000003,0.6,holdout diagnostics only; not used for parameter choice
valid,pure_stagewise_score,20,0.1543468633381849,0.3429886729569447,0.2557920056552739,4.81775484288953,0.3768450041525654,0.0,0.9500000000000004,0.5,positive rankic with robust-selected portfolio metrics; validation only for selection
test,pure_stagewise_score,20,0.0717463571520783,0.1471908617416601,0.1270938779670801,0.8167635277451244,0.771689239504506,0.0,0.7100000000000002,0.8,holdout diagnostics only; not used for parameter choice
valid,pure_stagewise_score,20,0.1543468633381849,0.3218162565551898,0.233190004149638,4.483216125301024,0.3394060893749551,0.0,0.9250000000000004,0.5,positive rankic with robust-selected portfolio metrics; validation only for selection
test,pure_stagewise_score,20,0.0717463571520783,0.1047067329372446,0.0883518635905997,0.5717191718714754,0.5356342558107742,0.0,0.6300000000000002,0.8,holdout diagnostics only; not used for parameter choice
valid,pure_stagewise_score,30,0.1543468633381849,0.3319840374567604,0.2296218838893922,3.6834355533601553,0.396534134881462,0.0,0.9250000000000012,0.75,positive rankic with robust-selected portfolio metrics; validation only for selection
test,pure_stagewise_score,30,0.0717463571520783,0.1220735872653331,0.1033581273063505,0.808015070523557,0.955585995159716,0.0,0.6533333333333339,0.8,holdout diagnostics only; not used for parameter choice
valid,pure_stagewise_score,30,0.1543468633381849,0.3274810675044706,0.2233006507490776,3.5061188107577514,0.3913391851655264,0.0,0.916666666666668,0.75,positive rankic with robust-selected portfolio metrics; validation only for selection
test,pure_stagewise_score,30,0.0717463571520783,0.1147193651049245,0.0969003310321235,0.7691382878288265,0.8517981542913404,0.0,0.6000000000000004,0.8,holdout diagnostics only; not used for parameter choice
valid,pure_stagewise_score,50,0.1543468633381849,0.3381701368215926,0.2049616552222844,2.882420008675202,0.5645731406215171,-0.0046589805859477,0.9150000000000004,0.75,positive rankic with robust-selected portfolio metrics; validation only for selection
test,pure_stagewise_score,50,0.0717463571520783,0.0808189796741534,0.0655514994041819,0.5367737623918092,0.5339649336445067,0.0,0.5640000000000004,0.6,holdout diagnostics only; not used for parameter choice
valid,pure_stagewise_score,20,0.1305540982566934,0.6385962080512944,0.4254345793391791,4.245833538286543,1.306870346293918,0.0,0.9750000000000004,1.0,positive rankic with robust-selected portfolio metrics; validation only for selection
test,pure_stagewise_score,20,0.0717590010860025,-0.01377193577296,-0.0265202804554084,-0.0691754847104967,-0.0974971907504854,0.0,0.6800000000000003,0.6,holdout diagnostics only; not used for parameter choice
valid,pure_stagewise_score,20,0.1305540982566934,0.6385962080512944,0.4254345793391791,4.245833538286543,1.306870346293918,0.0,0.9750000000000004,1.0,positive rankic with robust-selected portfolio metrics; validation only for selection
test,pure_stagewise_score,20,0.0717590010860025,-0.0203333760304827,-0.0334911099604259,-0.102576247305822,-0.1390634390974456,0.0,0.6200000000000002,0.6,holdout diagnostics only; not used for parameter choice
valid,pure_stagewise_score,30,0.1305540982566934,0.665926194583268,0.4618512525298101,6.20651644438988,1.4382738969032358,0.0,0.966666666666668,1.0,positive rankic with robust-selected portfolio metrics; validation only for selection
test,pure_stagewise_score,30,0.0717590010860025,0.0298407406767435,0.0155205240431758,0.1646569412512588,0.1536970303064228,0.0,0.646666666666667,0.6,holdout diagnostics only; not used for parameter choice
valid,pure_stagewise_score,30,0.1305540982566934,0.665926194583268,0.4618512525298101,6.20651644438988,1.4382738969032358,0.0,0.966666666666668,1.0,positive rankic with robust-selected portfolio metrics; validation only for selection
test,pure_stagewise_score,30,0.0717590010860025,0.0209694116284981,0.0069238403417244,0.1196331977958656,0.0931351136339298,0.0,0.6133333333333336,0.6,holdout diagnostics only; not used for parameter choice
valid,pure_stagewise_score,50,0.1305540982566934,0.6642930475009179,0.4381871179491237,5.503556020342625,2.00380610669074,0.0,0.9500000000000006,1.0,positive rankic with robust-selected portfolio metrics; validation only for selection
test,pure_stagewise_score,50,0.0717590010860025,0.0292580099062995,0.015203954263731,0.1595758918003364,0.1386586681913724,0.0,0.6240000000000004,0.6,holdout diagnostics only; not used for parameter choice
valid,pure_stagewise_score,20,0.1305540982566934,0.4092043304654225,0.2661696578558931,1.6616067144737392,0.4082785339938614,0.0,0.9000000000000005,0.75,positive rankic with robust-selected portfolio metrics; validation only for selection
test,pure_stagewise_score,20,0.0717590010860025,0.0144193638141156,0.0024159300113356,0.0786639662233733,0.0416858076741778,0.0,0.6700000000000003,0.4,holdout diagnostics only; not used for parameter choice
valid,pure_stagewise_score,20,0.1305540982566934,0.4123272736662811,0.2700981866562648,1.6768783581007305,0.4113786754728269,0.0,0.8750000000000004,0.75,positive rankic with robust-selected portfolio metrics; validation only for selection
test,pure_stagewise_score,20,0.0717590010860025,0.0265299376374938,0.0139578153808501,0.1397191389772015,0.1115888117352048,0.0,0.6300000000000002,0.6,holdout diagnostics only; not used for parameter choice
valid,pure_stagewise_score,30,0.1305540982566934,0.3437346461341573,0.2350957826097545,1.886661769655728,0.324836001792763,0.0,0.8916666666666677,0.75,positive rankic with robust-selected portfolio metrics; validation only for selection
test,pure_stagewise_score,30,0.0717590010860025,0.0171665281981927,0.0041678500991472,0.0858914562589736,0.0682818601410862,0.0,0.6533333333333338,0.6,holdout diagnostics only; not used for parameter choice
valid,pure_stagewise_score,30,0.1305540982566934,0.3740543566222936,0.2488183508718782,1.9755963489694348,0.4001080176548021,0.0,0.8583333333333343,0.75,positive rankic with robust-selected portfolio metrics; validation only for selection
test,pure_stagewise_score,30,0.0717590010860025,0.0314390691217818,0.0184204722292191,0.1558586391641329,0.140874660369333,0.0,0.6333333333333336,0.6,holdout diagnostics only; not used for parameter choice
valid,pure_stagewise_score,50,0.1305540982566934,0.3051399292808401,0.1836230724794262,2.5943592438915632,0.3905328609148509,0.0,0.8400000000000005,0.5,positive rankic with robust-selected portfolio metrics; validation only for selection
test,pure_stagewise_score,50,0.0717590010860025,0.0172723041606339,0.0033828309853991,0.0963089185862861,0.0634119583623727,0.0,0.6040000000000003,0.6,holdout diagnostics only; not used for parameter choice
valid,pure_stagewise_score,20,0.1305540982566934,0.325836033338539,0.2400827502451065,3.562086457116991,0.3234004379180037,0.0,0.9375000000000004,0.5,positive rankic with robust-selected portfolio metrics; validation only for selection
test,pure_stagewise_score,20,0.0717590010860025,0.1471908617416601,0.1270938779670801,0.8167635277451244,0.771689239504506,0.0,0.7100000000000002,0.8,holdout diagnostics only; not used for parameter choice
valid,pure_stagewise_score,20,0.1305540982566934,0.313289514981143,0.2295656231288479,3.6212458562310728,0.2960709619653944,0.0,0.9250000000000004,0.5,positive rankic with robust-selected portfolio metrics; validation only for selection
test,pure_stagewise_score,20,0.0717590010860025,0.1047067329372446,0.0883518635905997,0.5717191718714754,0.5356342558107742,0.0,0.6300000000000002,0.8,holdout diagnostics only; not used for parameter choice
valid,pure_stagewise_score,30,0.1305540982566934,0.3816181821888198,0.2245850770183249,2.716944989717996,0.7987477245349476,0.0,0.9000000000000011,0.75,positive rankic with robust-selected portfolio metrics; validation only for selection
test,pure_stagewise_score,30,0.0717590010860025,0.1220735872653331,0.1033581273063505,0.808015070523557,0.9555859951597162,0.0,0.6533333333333339,0.8,holdout diagnostics only; not used for parameter choice
valid,pure_stagewise_score,30,0.1305540982566934,0.3853943499076333,0.2220734459902015,2.688705780368753,0.907403248031391,-0.0006985374675737,0.8750000000000011,0.75,positive rankic with robust-selected portfolio metrics; validation only for selection
test,pure_stagewise_score,30,0.0717590010860025,0.1147193651049245,0.0969003310321235,0.7691382878288268,0.8517981542913404,0.0,0.6000000000000004,0.8,holdout diagnostics only; not used for parameter choice
valid,pure_stagewise_score,50,0.1305540982566934,0.2894792545798559,0.161152268260571,2.501936319351796,0.4174799738645835,-0.0164500022270042,0.8700000000000006,0.5,positive rankic with robust-selected portfolio metrics; validation only for selection
test,pure_stagewise_score,50,0.0717590010860025,0.0808189796741534,0.0655514994041819,0.5367737623918092,0.5339649336445067,0.0,0.5680000000000004,0.6,holdout diagnostics only; not used for parameter choice
valid,pure_stagewise_score,20,0.1195523443731538,0.490579777622413,0.2764631041323919,1.8647388528708784,0.6616378770381365,-0.0688705304156303,0.9500000000000004,0.75,positive rankic with robust-selected portfolio metrics; validation only for selection
test,pure_stagewise_score,20,0.1267515728887913,0.0582902252476478,0.0429803155197204,0.3217181285718862,0.3557503608038725,0.0,0.6100000000000002,0.8,holdout diagnostics only; not used for parameter choice
valid,pure_stagewise_score,20,0.1195523443731538,0.490579777622413,0.2764631041323919,1.8647388528708784,0.6616378770381365,-0.0688705304156303,0.9500000000000004,0.75,positive rankic with robust-selected portfolio metrics; validation only for selection
test,pure_stagewise_score,20,0.1267515728887913,0.0268419097467234,0.0122851797375105,0.1539380665400949,0.1481942721939055,0.0,0.5500000000000002,0.6,holdout diagnostics only; not used for parameter choice
valid,pure_stagewise_score,30,0.1195523443731538,0.4456051831897254,0.2640296566864974,2.062164335016345,0.6416667193346077,-0.0483623078649361,0.9583333333333346,0.75,positive rankic with robust-selected portfolio metrics; validation only for selection
test,pure_stagewise_score,30,0.1267515728887913,0.0090568892132025,-0.0048548635771587,0.051240585313584,0.0074197512094432,0.0,0.606666666666667,0.6,holdout diagnostics only; not used for parameter choice
valid,pure_stagewise_score,30,0.1195523443731538,0.4291669912592939,0.2586609480564359,1.9761868913490683,0.567938148386883,-0.0485519573343613,0.9250000000000012,0.75,positive rankic with robust-selected portfolio metrics; validation only for selection
test,pure_stagewise_score,30,0.1267515728887913,-0.0102116267565454,-0.0241142105381157,-0.0589676861055433,-0.1480557227089808,-0.0024130610371468,0.5200000000000004,0.6,holdout diagnostics only; not used for parameter choice
valid,pure_stagewise_score,50,0.1195523443731538,0.4711564902253979,0.2850540355017961,2.4667362795967893,0.8144085346349055,-0.0303650887015861,0.9300000000000006,0.75,positive rankic with robust-selected portfolio metrics; validation only for selection
test,pure_stagewise_score,50,0.1267515728887913,0.028214879466486,0.0143941295006325,0.1648686709349146,0.142386707989905,0.0,0.5480000000000003,0.8,holdout diagnostics only; not used for parameter choice
valid,pure_stagewise_score,20,0.1195523443731538,0.0371716251754414,0.0482081271646926,0.325104429566874,-0.3077977837376531,0.0,0.9625000000000004,0.5,positive rankic with robust-selected portfolio metrics; validation only for selection
test,pure_stagewise_score,20,0.1267515728887913,-0.0089342221039421,-0.0222238084225106,-0.0533592803898396,-0.139231700544498,0.0,0.6300000000000002,0.6,holdout diagnostics only; not used for parameter choice
valid,pure_stagewise_score,20,0.1195523443731538,0.0547148670520556,0.0554248560286116,0.4512476462676593,-0.2786482767835179,0.0,0.9500000000000004,0.5,positive rankic with robust-selected portfolio metrics; validation only for selection
test,pure_stagewise_score,20,0.1267515728887913,0.0060757712641683,-0.0066487126669903,0.0406239402186435,-0.0479194809593831,-9.717273064591136e-05,0.5800000000000003,0.6,holdout diagnostics only; not used for parameter choice
valid,pure_stagewise_score,30,0.1195523443731538,0.0862031997167482,0.0654242128171214,0.6365966078301132,-0.2247227840706974,-0.0144470229046425,0.9500000000000012,0.5,positive rankic with robust-selected portfolio metrics; validation only for selection
test,pure_stagewise_score,30,0.1267515728887913,-0.0287295824091773,-0.0431864103179293,-0.1698683693334481,-0.340052288793277,-0.0028011740030916,0.5800000000000003,0.4,holdout diagnostics only; not used for parameter choice
valid,pure_stagewise_score,30,0.1195523443731538,0.0862031997167482,0.0654242128171214,0.6365966078301132,-0.2247227840706974,-0.0144470229046425,0.9500000000000012,0.5,positive rankic with robust-selected portfolio metrics; validation only for selection
test,pure_stagewise_score,30,0.1267515728887913,-0.0181547450456757,-0.0324856548477818,-0.1048845776800315,-0.2267485887618054,-0.0040657805032499,0.546666666666667,0.6,holdout diagnostics only; not used for parameter choice
valid,pure_stagewise_score,50,0.1195523443731538,0.2253523160075257,0.1572650783585201,2.319528579504971,0.0648052421959379,-0.0104547147841468,0.9500000000000006,0.5,positive rankic with robust-selected portfolio metrics; validation only for selection
test,pure_stagewise_score,50,0.1267515728887913,0.0063780288445862,-0.0074956005880666,0.0339105886467042,0.0005548403868745,0.0,0.5280000000000002,0.8,holdout diagnostics only; not used for parameter choice
valid,pure_stagewise_score,20,0.1195523443731538,0.07554208079774,-0.0041883421239117,0.8091228228242927,-0.4627559721008786,-0.0333231850873457,0.9000000000000005,0.25,positive rankic with robust-selected portfolio metrics; validation only for selection
test,pure_stagewise_score,20,0.1267515728887913,0.0190664339553645,0.0047921137040351,0.1002360327516853,0.0842437799780167,-0.006518705929301,0.6500000000000001,0.6,holdout diagnostics only; not used for parameter choice
valid,pure_stagewise_score,20,0.1195523443731538,0.07554208079774,-0.0041883421239117,0.8091228228242927,-0.4627559721008786,-0.0333231850873457,0.9000000000000005,0.25,positive rankic with robust-selected portfolio metrics; validation only for selection
test,pure_stagewise_score,20,0.1267515728887913,-0.0117084722656198,-0.0254913374115657,-0.0645737123222191,-0.131731334242977,-0.006518705929301,0.5600000000000002,0.6,holdout diagnostics only; not used for parameter choice
valid,pure_stagewise_score,30,0.1195523443731538,0.1911719108929594,0.0963780771419361,1.375492126102087,-0.0160181259888429,-0.0266660311337914,0.9333333333333346,0.5,positive rankic with robust-selected portfolio metrics; validation only for selection
test,pure_stagewise_score,30,0.1267515728887913,0.0093622828645762,-0.0053694792332016,0.0547070255406354,0.0024886557096144,-0.0011486940241067,0.5466666666666669,0.8,holdout diagnostics only; not used for parameter choice
valid,pure_stagewise_score,30,0.1195523443731538,0.1921637443444719,0.0980224136632513,1.3880144762872877,-0.0131979558694193,-0.0266660311337915,0.8916666666666678,0.5,positive rankic with robust-selected portfolio metrics; validation only for selection
test,pure_stagewise_score,30,0.1267515728887913,-0.0035988632492822,-0.0178927584293243,-0.0199595101175907,-0.0854425302252955,-0.0069487271134925,0.48,0.4,holdout diagnostics only; not used for parameter choice
valid,pure_stagewise_score,50,0.1195523443731538,0.1465802132321654,0.0582434255182252,1.283020034304445,-0.1767748635263942,-0.0237650983989811,0.8450000000000004,0.5,positive rankic with robust-selected portfolio metrics; validation only for selection
test,pure_stagewise_score,50,0.1267515728887913,0.0016965373317776,-0.0123093478220937,0.0096334353099843,-0.0499239749707998,-0.0036061438377645,0.4320000000000002,0.8,holdout diagnostics only; not used for parameter choice
valid,pure_stagewise_score,20,0.1195469969346063,0.490579777622413,0.2764631041323919,1.8647388528708784,0.6616378770381365,-0.0688705304156303,0.9500000000000004,0.75,positive rankic with robust-selected portfolio metrics; validation only for selection
test,pure_stagewise_score,20,0.126747597063567,0.0582902252476478,0.0429803155197204,0.3217181285718862,0.3557503608038725,0.0,0.6100000000000002,0.8,holdout diagnostics only; not used for parameter choice
valid,pure_stagewise_score,20,0.1195469969346063,0.490579777622413,0.2764631041323919,1.8647388528708784,0.6616378770381365,-0.0688705304156303,0.9500000000000004,0.75,positive rankic with robust-selected portfolio metrics; validation only for selection
test,pure_stagewise_score,20,0.126747597063567,0.0268419097467234,0.0122851797375105,0.1539380665400949,0.1481942721939055,0.0,0.5500000000000002,0.6,holdout diagnostics only; not used for parameter choice
valid,pure_stagewise_score,30,0.1195469969346063,0.4456051831897254,0.2640296566864974,2.062164335016345,0.6416667193346077,-0.0483623078649361,0.9583333333333346,0.75,positive rankic with robust-selected portfolio metrics; validation only for selection
test,pure_stagewise_score,30,0.126747597063567,0.0090568892132025,-0.0048548635771587,0.051240585313584,0.0074197512094432,0.0,0.606666666666667,0.6,holdout diagnostics only; not used for parameter choice
valid,pure_stagewise_score,30,0.1195469969346063,0.4291669912592939,0.2586609480564359,1.9761868913490683,0.567938148386883,-0.0485519573343613,0.9250000000000012,0.75,positive rankic with robust-selected portfolio metrics; validation only for selection
test,pure_stagewise_score,30,0.126747597063567,-0.0102116267565454,-0.0241142105381157,-0.0589676861055433,-0.1480557227089808,-0.0024130610371468,0.5200000000000004,0.6,holdout diagnostics only; not used for parameter choice
valid,pure_stagewise_score,50,0.1195469969346063,0.4711564902253979,0.2850540355017961,2.4667362795967893,0.8144085346349055,-0.0303650887015861,0.9300000000000006,0.75,positive rankic with robust-selected portfolio metrics; validation only for selection
test,pure_stagewise_score,50,0.126747597063567,0.028214879466486,0.0143941295006325,0.1648686709349146,0.142386707989905,0.0,0.5480000000000003,0.8,holdout diagnostics only; not used for parameter choice
valid,pure_stagewise_score,20,0.1195469969346063,0.0371716251754414,0.0482081271646926,0.325104429566874,-0.3077977837376531,0.0,0.9625000000000004,0.5,positive rankic with robust-selected portfolio metrics; validation only for selection
test,pure_stagewise_score,20,0.126747597063567,-0.0089342221039421,-0.0222238084225106,-0.0533592803898396,-0.139231700544498,0.0,0.6300000000000002,0.6,holdout diagnostics only; not used for parameter choice
valid,pure_stagewise_score,20,0.1195469969346063,0.0547148670520556,0.0554248560286116,0.4512476462676593,-0.2786482767835179,0.0,0.9500000000000004,0.5,positive rankic with robust-selected portfolio metrics; validation only for selection
test,pure_stagewise_score,20,0.126747597063567,0.0060757712641683,-0.0066487126669903,0.0406239402186435,-0.0479194809593831,-9.717273064591136e-05,0.5800000000000003,0.6,holdout diagnostics only; not used for parameter choice
valid,pure_stagewise_score,30,0.1195469969346063,0.0862031997167482,0.0654242128171214,0.6365966078301132,-0.2247227840706974,-0.0144470229046425,0.9500000000000012,0.5,positive rankic with robust-selected portfolio metrics; validation only for selection
test,pure_stagewise_score,30,0.126747597063567,-0.0287295824091773,-0.0431864103179293,-0.1698683693334481,-0.340052288793277,-0.0028011740030916,0.5800000000000003,0.4,holdout diagnostics only; not used for parameter choice
valid,pure_stagewise_score,30,0.1195469969346063,0.0862031997167482,0.0654242128171214,0.6365966078301132,-0.2247227840706974,-0.0144470229046425,0.9500000000000012,0.5,positive rankic with robust-selected portfolio metrics; validation only for selection
test,pure_stagewise_score,30,0.126747597063567,-0.0181547450456757,-0.0324856548477818,-0.1048845776800315,-0.2267485887618054,-0.0040657805032499,0.546666666666667,0.6,holdout diagnostics only; not used for parameter choice
valid,pure_stagewise_score,50,0.1195469969346063,0.2253523160075257,0.1572650783585201,2.319528579504971,0.0648052421959379,-0.0104547147841468,0.9500000000000006,0.5,positive rankic with robust-selected portfolio metrics; validation only for selection
test,pure_stagewise_score,50,0.126747597063567,0.0063780288445862,-0.0074956005880666,0.0339105886467042,0.0005548403868745,0.0,0.5280000000000002,0.8,holdout diagnostics only; not used for parameter choice
valid,pure_stagewise_score,20,0.1195469969346063,0.07554208079774,-0.0041883421239117,0.8091228228242927,-0.4627559721008786,-0.0333231850873457,0.9000000000000005,0.25,positive rankic with robust-selected portfolio metrics; validation only for selection
test,pure_stagewise_score,20,0.126747597063567,0.0190664339553645,0.0047921137040351,0.1002360327516853,0.0842437799780167,-0.006518705929301,0.6500000000000001,0.6,holdout diagnostics only; not used for parameter choice
valid,pure_stagewise_score,20,0.1195469969346063,0.07554208079774,-0.0041883421239117,0.8091228228242927,-0.4627559721008786,-0.0333231850873457,0.9000000000000005,0.25,positive rankic with robust-selected portfolio metrics; validation only for selection
test,pure_stagewise_score,20,0.126747597063567,-0.0117084722656198,-0.0254913374115657,-0.0645737123222191,-0.131731334242977,-0.006518705929301,0.5600000000000002,0.6,holdout diagnostics only; not used for parameter choice
valid,pure_stagewise_score,30,0.1195469969346063,0.1911719108929594,0.0963780771419361,1.375492126102087,-0.0160181259888429,-0.0266660311337914,0.9333333333333346,0.5,positive rankic with robust-selected portfolio metrics; validation only for selection
test,pure_stagewise_score,30,0.126747597063567,0.0093622828645762,-0.0053694792332016,0.0547070255406354,0.0024886557096144,-0.0011486940241067,0.5466666666666669,0.8,holdout diagnostics only; not used for parameter choice
valid,pure_stagewise_score,30,0.1195469969346063,0.1921637443444719,0.0980224136632513,1.3880144762872877,-0.0131979558694193,-0.0266660311337915,0.8916666666666678,0.5,positive rankic with robust-selected portfolio metrics; validation only for selection
test,pure_stagewise_score,30,0.126747597063567,-0.0035988632492822,-0.0178927584293243,-0.0199595101175907,-0.0854425302252955,-0.0069487271134925,0.48,0.4,holdout diagnostics only; not used for parameter choice
valid,pure_stagewise_score,50,0.1195469969346063,0.1465802132321654,0.0582434255182252,1.283020034304445,-0.1767748635263942,-0.0237650983989811,0.8450000000000004,0.5,positive rankic with robust-selected portfolio metrics; validation only for selection
test,pure_stagewise_score,50,0.126747597063567,0.0016965373317776,-0.0123093478220937,0.0096334353099843,-0.0499239749707998,-0.0036061438377645,0.4320000000000002,0.8,holdout diagnostics only; not used for parameter choice
valid,pure_stagewise_score,20,0.1195532035787554,0.490579777622413,0.2764631041323919,1.8647388528708784,0.6616378770381365,-0.0688705304156303,0.9500000000000004,0.75,positive rankic with robust-selected portfolio metrics; validation only for selection
test,pure_stagewise_score,20,0.12675581593005,0.0582902252476478,0.0429803155197204,0.3217181285718862,0.3557503608038725,0.0,0.6100000000000002,0.8,holdout diagnostics only; not used for parameter choice
valid,pure_stagewise_score,20,0.1195532035787554,0.490579777622413,0.2764631041323919,1.8647388528708784,0.6616378770381365,-0.0688705304156303,0.9500000000000004,0.75,positive rankic with robust-selected portfolio metrics; validation only for selection
test,pure_stagewise_score,20,0.12675581593005,0.0268419097467234,0.0122851797375105,0.1539380665400949,0.1481942721939055,0.0,0.5500000000000002,0.6,holdout diagnostics only; not used for parameter choice
valid,pure_stagewise_score,30,0.1195532035787554,0.4456051831897254,0.2640296566864974,2.062164335016345,0.6416667193346077,-0.0483623078649361,0.9583333333333346,0.75,positive rankic with robust-selected portfolio metrics; validation only for selection
test,pure_stagewise_score,30,0.12675581593005,0.0090568892132025,-0.0048548635771587,0.051240585313584,0.0074197512094432,0.0,0.606666666666667,0.6,holdout diagnostics only; not used for parameter choice
valid,pure_stagewise_score,30,0.1195532035787554,0.4291669912592939,0.2586609480564359,1.9761868913490683,0.567938148386883,-0.0485519573343613,0.9250000000000012,0.75,positive rankic with robust-selected portfolio metrics; validation only for selection
test,pure_stagewise_score,30,0.12675581593005,-0.0102116267565454,-0.0241142105381157,-0.0589676861055433,-0.1480557227089808,-0.0024130610371468,0.5200000000000004,0.6,holdout diagnostics only; not used for parameter choice
valid,pure_stagewise_score,50,0.1195532035787554,0.4711564902253979,0.2850540355017961,2.4667362795967893,0.8144085346349055,-0.0303650887015861,0.9300000000000006,0.75,positive rankic with robust-selected portfolio metrics; validation only for selection
test,pure_stagewise_score,50,0.12675581593005,0.028214879466486,0.0143941295006325,0.1648686709349146,0.142386707989905,0.0,0.5480000000000003,0.8,holdout diagnostics only; not used for parameter choice
valid,pure_stagewise_score,20,0.1195532035787554,0.0371716251754414,0.0482081271646926,0.325104429566874,-0.3077977837376531,0.0,0.9625000000000004,0.5,positive rankic with robust-selected portfolio metrics; validation only for selection
test,pure_stagewise_score,20,0.12675581593005,-0.0089342221039421,-0.0222238084225106,-0.0533592803898396,-0.139231700544498,0.0,0.6300000000000002,0.6,holdout diagnostics only; not used for parameter choice
valid,pure_stagewise_score,20,0.1195532035787554,0.0547148670520556,0.0554248560286116,0.4512476462676593,-0.2786482767835179,0.0,0.9500000000000004,0.5,positive rankic with robust-selected portfolio metrics; validation only for selection
test,pure_stagewise_score,20,0.12675581593005,0.0060757712641683,-0.0066487126669903,0.0406239402186435,-0.0479194809593831,-9.717273064591136e-05,0.5800000000000003,0.6,holdout diagnostics only; not used for parameter choice
valid,pure_stagewise_score,30,0.1195532035787554,0.0862031997167482,0.0654242128171214,0.6365966078301132,-0.2247227840706974,-0.0144470229046425,0.9500000000000012,0.5,positive rankic with robust-selected portfolio metrics; validation only for selection
test,pure_stagewise_score,30,0.12675581593005,-0.0287295824091773,-0.0431864103179293,-0.1698683693334481,-0.340052288793277,-0.0028011740030916,0.5800000000000003,0.4,holdout diagnostics only; not used for parameter choice
valid,pure_stagewise_score,30,0.1195532035787554,0.0862031997167482,0.0654242128171214,0.6365966078301132,-0.2247227840706974,-0.0144470229046425,0.9500000000000012,0.5,positive rankic with robust-selected portfolio metrics; validation only for selection
test,pure_stagewise_score,30,0.12675581593005,-0.0181547450456757,-0.0324856548477818,-0.1048845776800315,-0.2267485887618054,-0.0040657805032499,0.546666666666667,0.6,holdout diagnostics only; not used for parameter choice
valid,pure_stagewise_score,50,0.1195532035787554,0.2253523160075257,0.1572650783585201,2.319528579504971,0.0648052421959379,-0.0104547147841468,0.9500000000000006,0.5,positive rankic with robust-selected portfolio metrics; validation only for selection
test,pure_stagewise_score,50,0.12675581593005,0.0063780288445862,-0.0074956005880666,0.0339105886467042,0.0005548403868745,0.0,0.5280000000000002,0.8,holdout diagnostics only; not used for parameter choice
valid,pure_stagewise_score,20,0.1195532035787554,0.07554208079774,-0.0041883421239117,0.8091228228242927,-0.4627559721008786,-0.0333231850873457,0.9000000000000005,0.25,positive rankic with robust-selected portfolio metrics; validation only for selection
test,pure_stagewise_score,20,0.12675581593005,0.0190664339553645,0.0047921137040351,0.1002360327516853,0.0842437799780167,-0.006518705929301,0.6500000000000001,0.6,holdout diagnostics only; not used for parameter choice
valid,pure_stagewise_score,20,0.1195532035787554,0.07554208079774,-0.0041883421239117,0.8091228228242927,-0.4627559721008786,-0.0333231850873457,0.9000000000000005,0.25,positive rankic with robust-selected portfolio metrics; validation only for selection
test,pure_stagewise_score,20,0.12675581593005,-0.0117084722656198,-0.0254913374115657,-0.0645737123222191,-0.131731334242977,-0.006518705929301,0.5600000000000002,0.6,holdout diagnostics only; not used for parameter choice
valid,pure_stagewise_score,30,0.1195532035787554,0.1911719108929594,0.0963780771419361,1.375492126102087,-0.0160181259888429,-0.0266660311337914,0.9333333333333346,0.5,positive rankic with robust-selected portfolio metrics; validation only for selection
test,pure_stagewise_score,30,0.12675581593005,0.0093622828645762,-0.0053694792332016,0.0547070255406354,0.0024886557096144,-0.0011486940241067,0.5466666666666669,0.8,holdout diagnostics only; not used for parameter choice
valid,pure_stagewise_score,30,0.1195532035787554,0.1921637443444719,0.0980224136632513,1.3880144762872877,-0.0131979558694193,-0.0266660311337915,0.8916666666666678,0.5,positive rankic with robust-selected portfolio metrics; validation only for selection
test,pure_stagewise_score,30,0.12675581593005,-0.0035988632492822,-0.0178927584293243,-0.0199595101175907,-0.0854425302252955,-0.0069487271134925,0.48,0.4,holdout diagnostics only; not used for parameter choice
valid,pure_stagewise_score,50,0.1195532035787554,0.1465802132321654,0.0582434255182252,1.283020034304445,-0.1767748635263942,-0.0237650983989811,0.8450000000000004,0.5,positive rankic with robust-selected portfolio metrics; validation only for selection
test,pure_stagewise_score,50,0.12675581593005,0.0016965373317776,-0.0123093478220937,0.0096334353099843,-0.0499239749707998,-0.0036061438377645,0.4320000000000002,0.8,holdout diagnostics only; not used for parameter choice
valid,pure_stagewise_score,20,0.1195563526180171,0.490579777622413,0.2764631041323919,1.8647388528708784,0.6616378770381365,-0.0688705304156303,0.9500000000000004,0.75,positive rankic with robust-selected portfolio metrics; validation only for selection
test,pure_stagewise_score,20,0.126761012721515,0.0582902252476478,0.0429803155197204,0.3217181285718862,0.3557503608038725,0.0,0.6100000000000002,0.8,holdout diagnostics only; not used for parameter choice
valid,pure_stagewise_score,20,0.1195563526180171,0.490579777622413,0.2764631041323919,1.8647388528708784,0.6616378770381365,-0.0688705304156303,0.9500000000000004,0.75,positive rankic with robust-selected portfolio metrics; validation only for selection
test,pure_stagewise_score,20,0.126761012721515,0.0268419097467234,0.0122851797375105,0.1539380665400949,0.1481942721939055,0.0,0.5500000000000002,0.6,holdout diagnostics only; not used for parameter choice
valid,pure_stagewise_score,30,0.1195563526180171,0.4456051831897254,0.2640296566864974,2.062164335016345,0.6416667193346077,-0.0483623078649361,0.9583333333333346,0.75,positive rankic with robust-selected portfolio metrics; validation only for selection
test,pure_stagewise_score,30,0.126761012721515,0.0090568892132025,-0.0048548635771587,0.051240585313584,0.0074197512094432,0.0,0.606666666666667,0.6,holdout diagnostics only; not used for parameter choice
valid,pure_stagewise_score,30,0.1195563526180171,0.4291669912592939,0.2586609480564359,1.9761868913490683,0.567938148386883,-0.0485519573343613,0.9250000000000012,0.75,positive rankic with robust-selected portfolio metrics; validation only for selection
test,pure_stagewise_score,30,0.126761012721515,-0.0102116267565454,-0.0241142105381157,-0.0589676861055433,-0.1480557227089808,-0.0024130610371468,0.5200000000000004,0.6,holdout diagnostics only; not used for parameter choice
valid,pure_stagewise_score,50,0.1195563526180171,0.4711564902253979,0.2850540355017961,2.4667362795967893,0.8144085346349055,-0.0303650887015861,0.9300000000000006,0.75,positive rankic with robust-selected portfolio metrics; validation only for selection
test,pure_stagewise_score,50,0.126761012721515,0.028214879466486,0.0143941295006325,0.1648686709349146,0.142386707989905,0.0,0.5480000000000003,0.8,holdout diagnostics only; not used for parameter choice
valid,pure_stagewise_score,20,0.1195563526180171,0.0371716251754414,0.0482081271646926,0.325104429566874,-0.3077977837376531,0.0,0.9625000000000004,0.5,positive rankic with robust-selected portfolio metrics; validation only for selection
test,pure_stagewise_score,20,0.126761012721515,-0.0089342221039421,-0.0222238084225106,-0.0533592803898396,-0.139231700544498,0.0,0.6300000000000002,0.6,holdout diagnostics only; not used for parameter choice
valid,pure_stagewise_score,20,0.1195563526180171,0.0547148670520556,0.0554248560286116,0.4512476462676593,-0.2786482767835179,0.0,0.9500000000000004,0.5,positive rankic with robust-selected portfolio metrics; validation only for selection
test,pure_stagewise_score,20,0.126761012721515,0.0060757712641683,-0.0066487126669903,0.0406239402186435,-0.0479194809593831,-9.717273064591136e-05,0.5800000000000003,0.6,holdout diagnostics only; not used for parameter choice
valid,pure_stagewise_score,30,0.1195563526180171,0.0862031997167482,0.0654242128171214,0.6365966078301132,-0.2247227840706974,-0.0144470229046425,0.9500000000000012,0.5,positive rankic with robust-selected portfolio metrics; validation only for selection
test,pure_stagewise_score,30,0.126761012721515,-0.0287295824091773,-0.0431864103179293,-0.1698683693334481,-0.340052288793277,-0.0028011740030916,0.5800000000000003,0.4,holdout diagnostics only; not used for parameter choice
valid,pure_stagewise_score,30,0.1195563526180171,0.0862031997167482,0.0654242128171214,0.6365966078301132,-0.2247227840706974,-0.0144470229046425,0.9500000000000012,0.5,positive rankic with robust-selected portfolio metrics; validation only for selection
test,pure_stagewise_score,30,0.126761012721515,-0.0181547450456757,-0.0324856548477818,-0.1048845776800315,-0.2267485887618054,-0.0040657805032499,0.546666666666667,0.6,holdout diagnostics only; not used for parameter choice
valid,pure_stagewise_score,50,0.1195563526180171,0.2253523160075257,0.1572650783585201,2.319528579504971,0.0648052421959379,-0.0104547147841468,0.9500000000000006,0.5,positive rankic with robust-selected portfolio metrics; validation only for selection
test,pure_stagewise_score,50,0.126761012721515,0.0063780288445862,-0.0074956005880666,0.0339105886467042,0.0005548403868745,0.0,0.5280000000000002,0.8,holdout diagnostics only; not used for parameter choice
valid,pure_stagewise_score,20,0.1195563526180171,0.07554208079774,-0.0041883421239117,0.8091228228242927,-0.4627559721008786,-0.0333231850873457,0.9000000000000005,0.25,positive rankic with robust-selected portfolio metrics; validation only for selection
test,pure_stagewise_score,20,0.126761012721515,0.0190664339553645,0.0047921137040351,0.1002360327516853,0.0842437799780167,-0.006518705929301,0.6500000000000001,0.6,holdout diagnostics only; not used for parameter choice
valid,pure_stagewise_score,20,0.1195563526180171,0.07554208079774,-0.0041883421239117,0.8091228228242927,-0.4627559721008786,-0.0333231850873457,0.9000000000000005,0.25,positive rankic with robust-selected portfolio metrics; validation only for selection
test,pure_stagewise_score,20,0.126761012721515,-0.0117084722656198,-0.0254913374115657,-0.0645737123222191,-0.131731334242977,-0.006518705929301,0.5600000000000002,0.6,holdout diagnostics only; not used for parameter choice
valid,pure_stagewise_score,30,0.1195563526180171,0.1911719108929594,0.0963780771419361,1.375492126102087,-0.0160181259888429,-0.0266660311337914,0.9333333333333346,0.5,positive rankic with robust-selected portfolio metrics; validation only for selection
test,pure_stagewise_score,30,0.126761012721515,0.0093622828645762,-0.0053694792332016,0.0547070255406354,0.0024886557096144,-0.0011486940241067,0.5466666666666669,0.8,holdout diagnostics only; not used for parameter choice
valid,pure_stagewise_score,30,0.1195563526180171,0.1921637443444719,0.0980224136632513,1.3880144762872877,-0.0131979558694193,-0.0266660311337915,0.8916666666666678,0.5,positive rankic with robust-selected portfolio metrics; validation only for selection
test,pure_stagewise_score,30,0.126761012721515,-0.0035988632492822,-0.0178927584293243,-0.0199595101175907,-0.0854425302252955,-0.0069487271134925,0.48,0.4,holdout diagnostics only; not used for parameter choice
valid,pure_stagewise_score,50,0.1195563526180171,0.1465802132321654,0.0582434255182252,1.283020034304445,-0.1767748635263942,-0.0237650983989811,0.8450000000000004,0.5,positive rankic with robust-selected portfolio metrics; validation only for selection
test,pure_stagewise_score,50,0.126761012721515,-0.0009502202969327,-0.0149056574059701,-0.0054200411108431,-0.0711040601645523,-0.0036061438377645,0.4320000000000002,0.6,holdout diagnostics only; not used for parameter choice
valid,pure_stagewise_score,20,0.119592477710491,0.490579777622413,0.2764631041323919,1.8647388528708784,0.6616378770381365,-0.0688705304156303,0.9500000000000004,0.75,positive rankic with robust-selected portfolio metrics; validation only for selection
test,pure_stagewise_score,20,0.1268021731333758,0.0582902252476478,0.0429803155197204,0.3217181285718862,0.3557503608038725,0.0,0.6100000000000002,0.8,holdout diagnostics only; not used for parameter choice
valid,pure_stagewise_score,20,0.119592477710491,0.490579777622413,0.2764631041323919,1.8647388528708784,0.6616378770381365,-0.0688705304156303,0.9500000000000004,0.75,positive rankic with robust-selected portfolio metrics; validation only for selection
test,pure_stagewise_score,20,0.1268021731333758,0.0268419097467234,0.0122851797375105,0.1539380665400949,0.1481942721939055,0.0,0.5500000000000002,0.6,holdout diagnostics only; not used for parameter choice
valid,pure_stagewise_score,30,0.119592477710491,0.4456051831897254,0.2640296566864974,2.062164335016345,0.6416667193346077,-0.0483623078649361,0.9583333333333346,0.75,positive rankic with robust-selected portfolio metrics; validation only for selection
test,pure_stagewise_score,30,0.1268021731333758,0.0090568892132025,-0.0048548635771587,0.051240585313584,0.0074197512094432,0.0,0.606666666666667,0.6,holdout diagnostics only; not used for parameter choice
valid,pure_stagewise_score,30,0.119592477710491,0.4291669912592939,0.2586609480564359,1.9761868913490683,0.567938148386883,-0.0485519573343613,0.9250000000000012,0.75,positive rankic with robust-selected portfolio metrics; validation only for selection
test,pure_stagewise_score,30,0.1268021731333758,-0.0102116267565454,-0.0241142105381157,-0.0589676861055433,-0.1480557227089808,-0.0024130610371468,0.5200000000000004,0.6,holdout diagnostics only; not used for parameter choice
valid,pure_stagewise_score,50,0.119592477710491,0.4711564902253979,0.2850540355017961,2.4667362795967893,0.8144085346349055,-0.0303650887015861,0.9300000000000006,0.75,positive rankic with robust-selected portfolio metrics; validation only for selection
test,pure_stagewise_score,50,0.1268021731333758,0.028214879466486,0.0143941295006325,0.1648686709349146,0.142386707989905,0.0,0.5480000000000003,0.8,holdout diagnostics only; not used for parameter choice
valid,pure_stagewise_score,20,0.119592477710491,0.0371716251754414,0.0482081271646926,0.325104429566874,-0.3077977837376531,0.0,0.9625000000000004,0.5,positive rankic with robust-selected portfolio metrics; validation only for selection
test,pure_stagewise_score,20,0.1268021731333758,-0.0089342221039421,-0.0222238084225106,-0.0533592803898396,-0.139231700544498,0.0,0.6300000000000002,0.6,holdout diagnostics only; not used for parameter choice
valid,pure_stagewise_score,20,0.119592477710491,0.0547148670520556,0.0554248560286116,0.4512476462676593,-0.2786482767835179,0.0,0.9500000000000004,0.5,positive rankic with robust-selected portfolio metrics; validation only for selection
test,pure_stagewise_score,20,0.1268021731333758,0.0060757712641683,-0.0066487126669903,0.0406239402186435,-0.0479194809593831,-9.717273064591136e-05,0.5800000000000003,0.6,holdout diagnostics only; not used for parameter choice
valid,pure_stagewise_score,30,0.119592477710491,0.0862031997167482,0.0654242128171214,0.6365966078301132,-0.2247227840706974,-0.0144470229046425,0.9500000000000012,0.5,positive rankic with robust-selected portfolio metrics; validation only for selection
test,pure_stagewise_score,30,0.1268021731333758,-0.0287295824091773,-0.0431864103179293,-0.1698683693334481,-0.340052288793277,-0.0028011740030916,0.5800000000000003,0.4,holdout diagnostics only; not used for parameter choice
valid,pure_stagewise_score,30,0.119592477710491,0.0862031997167482,0.0654242128171214,0.6365966078301132,-0.2247227840706974,-0.0144470229046425,0.9500000000000012,0.5,positive rankic with robust-selected portfolio metrics; validation only for selection
test,pure_stagewise_score,30,0.1268021731333758,-0.0181547450456757,-0.0324856548477818,-0.1048845776800315,-0.2267485887618054,-0.0040657805032499,0.546666666666667,0.6,holdout diagnostics only; not used for parameter choice
valid,pure_stagewise_score,50,0.119592477710491,0.2253523160075257,0.1572650783585201,2.319528579504971,0.0648052421959379,-0.0104547147841468,0.9500000000000006,0.5,positive rankic with robust-selected portfolio metrics; validation only for selection
test,pure_stagewise_score,50,0.1268021731333758,0.0063780288445862,-0.0074956005880666,0.0339105886467042,0.0005548403868745,0.0,0.5280000000000002,0.8,holdout diagnostics only; not used for parameter choice
valid,pure_stagewise_score,20,0.119592477710491,0.07554208079774,-0.0041883421239117,0.8091228228242927,-0.4627559721008786,-0.0333231850873457,0.9000000000000005,0.25,positive rankic with robust-selected portfolio metrics; validation only for selection
test,pure_stagewise_score,20,0.1268021731333758,0.0190664339553645,0.0047921137040351,0.1002360327516853,0.0842437799780167,-0.006518705929301,0.6500000000000001,0.6,holdout diagnostics only; not used for parameter choice
valid,pure_stagewise_score,20,0.119592477710491,0.07554208079774,-0.0041883421239117,0.8091228228242927,-0.4627559721008786,-0.0333231850873457,0.9000000000000005,0.25,positive rankic with robust-selected portfolio metrics; validation only for selection
test,pure_stagewise_score,20,0.1268021731333758,-0.0096135393733161,-0.0231413777287949,-0.0539052402354679,-0.1192939221234476,-0.006518705929301,0.5700000000000002,0.6,holdout diagnostics only; not used for parameter choice
valid,pure_stagewise_score,30,0.119592477710491,0.1911719108929594,0.0963780771419361,1.375492126102087,-0.0160181259888429,-0.0266660311337914,0.9333333333333346,0.5,positive rankic with robust-selected portfolio metrics; validation only for selection
test,pure_stagewise_score,30,0.1268021731333758,0.0093622828645762,-0.0053694792332016,0.0547070255406354,0.0024886557096145,-0.0011486940241067,0.5466666666666669,0.8,holdout diagnostics only; not used for parameter choice
valid,pure_stagewise_score,30,0.119592477710491,0.1981337948357406,0.1031634764524907,1.441480857405643,0.0040550446158256,-0.0266660311337915,0.8916666666666678,0.5,positive rankic with robust-selected portfolio metrics; validation only for selection
test,pure_stagewise_score,30,0.1268021731333758,-0.0036159655696915,-0.0179089967668609,-0.0200554981980876,-0.0855829381655932,-0.0069487271134925,0.4933333333333333,0.4,holdout diagnostics only; not used for parameter choice
valid,pure_stagewise_score,50,0.119592477710491,0.1465802132321654,0.0582434255182252,1.283020034304445,-0.1767748635263942,-0.0237650983989811,0.8450000000000004,0.5,positive rankic with robust-selected portfolio metrics; validation only for selection
test,pure_stagewise_score,50,0.1268021731333758,-0.0014762619633538,-0.0154605252334127,-0.0084246727743897,-0.0757164098258327,-0.0036061438377645,0.4360000000000002,0.6,holdout diagnostics only; not used for parameter choice
valid,pure_stagewise_score,20,0.0221715644171857,0.3252093820693265,0.2231860953645459,1.8982335293699104,0.2914515340515152,-0.0265931275252987,0.6250000000000002,0.75,positive rankic with robust-selected portfolio metrics; validation only for selection
test,pure_stagewise_score,20,0.0366470950302103,0.0968151108542834,0.0790899316503326,0.5490821999758583,0.643303814818006,0.0,0.8600000000000003,0.8,holdout diagnostics only; not used for parameter choice
valid,pure_stagewise_score,20,0.0221715644171857,0.3536738275387698,0.2209268895014864,2.2753220997694847,0.4581833173467584,-0.0265931275252986,0.5625000000000002,0.75,positive rankic with robust-selected portfolio metrics; validation only for selection
test,pure_stagewise_score,20,0.0366470950302103,0.0930758146380716,0.0757390899508071,0.5292046840198106,0.6031872646770596,0.0,0.8400000000000004,0.6,holdout diagnostics only; not used for parameter choice
valid,pure_stagewise_score,30,0.0221715644171857,0.149372028593578,0.0391087974516865,0.8270151823631572,-0.1184021290345307,-0.0805046457120398,0.6166666666666674,0.5,positive rankic with robust-selected portfolio metrics; validation only for selection
test,pure_stagewise_score,30,0.0366470950302103,0.0659517486318439,0.0509074148045834,0.3638267224344658,0.3661572366541727,0.0,0.8466666666666676,0.6,holdout diagnostics only; not used for parameter choice
valid,pure_stagewise_score,30,0.0221715644171857,0.1867870914198903,0.0533317168474589,0.982509221759059,-0.0075359694791378,-0.0805046457120397,0.5666666666666673,0.5,positive rankic with robust-selected portfolio metrics; validation only for selection
test,pure_stagewise_score,30,0.0366470950302103,0.0655788288765397,0.0504776234532703,0.3618932223412666,0.367722754725046,0.0,0.8333333333333343,0.6,holdout diagnostics only; not used for parameter choice
valid,pure_stagewise_score,50,0.0221715644171857,0.0788569836372212,-0.0203466501472391,0.3937379317589198,-0.2735392907146849,-0.0906480209123542,0.6250000000000004,0.5,positive rankic with robust-selected portfolio metrics; validation only for selection
test,pure_stagewise_score,50,0.0366470950302103,0.0720606714321629,0.0569080813164714,0.4146316688733801,0.4221699467656221,0.0,0.8360000000000005,0.8,holdout diagnostics only; not used for parameter choice
valid,pure_stagewise_score,20,0.0221715644171857,0.1749289301397305,-0.0089736314226675,0.7098450357772135,-0.0093346553974605,-0.1357627387169331,0.7750000000000005,0.5,positive rankic with robust-selected portfolio metrics; validation only for selection
test,pure_stagewise_score,20,0.0366470950302103,0.0696318540361524,0.0569005168828867,0.4575166044342031,0.3428312732089559,0.0,0.7300000000000003,0.6,holdout diagnostics only; not used for parameter choice
valid,pure_stagewise_score,20,0.0221715644171857,0.1898136059156716,-0.0013857838412559,0.7587553460969941,0.0479149970953351,-0.1357627387169331,0.7250000000000003,0.5,positive rankic with robust-selected portfolio metrics; validation only for selection
test,pure_stagewise_score,20,0.0366470950302103,0.0519280214638051,0.0395081236377211,0.344378299518105,0.2547244352152427,0.0,0.7000000000000004,0.6,holdout diagnostics only; not used for parameter choice
valid,pure_stagewise_score,30,0.0221715644171857,0.1247893290668291,-0.0404224744738635,0.5055498325555124,-0.1617552052116554,-0.1339497461496085,0.7166666666666675,0.25,positive rankic with robust-selected portfolio metrics; validation only for selection
test,pure_stagewise_score,30,0.0366470950302103,0.0385120335291777,0.0265888360920613,0.2364090466278755,0.1673379481925925,0.0,0.7600000000000008,0.4,holdout diagnostics only; not used for parameter choice
valid,pure_stagewise_score,30,0.0221715644171857,0.1334574767637621,-0.031144961485448,0.543281617440205,-0.1352480115844591,-0.1339497461496085,0.6666666666666674,0.25,positive rankic with robust-selected portfolio metrics; validation only for selection
test,pure_stagewise_score,30,0.0366470950302103,0.0399336982360321,0.0280506680905141,0.2440195899215798,0.1737972534958709,0.0,0.7333333333333341,0.4,holdout diagnostics only; not used for parameter choice
valid,pure_stagewise_score,50,0.0221715644171857,0.0289761383530056,-0.101730637088047,0.1297259287900175,-0.4446397833674901,-0.129509666349167,0.6650000000000005,0.25,positive rankic with robust-selected portfolio metrics; validation only for selection
test,pure_stagewise_score,50,0.0366470950302103,0.0403249646301251,0.0276171421015542,0.2504373811084321,0.1954176853334482,0.0,0.7400000000000005,0.6,holdout diagnostics only; not used for parameter choice
valid,pure_stagewise_score,20,0.0221715644171857,0.2468548677659843,0.0052061594793884,0.8595949059191539,0.3117016826161927,-0.1477437112548822,0.9000000000000004,0.75,positive rankic with robust-selected portfolio metrics; validation only for selection
test,pure_stagewise_score,20,0.0366470950302103,0.1068136528193983,0.0924552433952836,0.6278659159514367,0.4764642034971112,0.0,0.6200000000000002,0.6,holdout diagnostics only; not used for parameter choice
valid,pure_stagewise_score,20,0.0221715644171857,0.2115723123061503,-0.0097787281983036,0.7733399159955584,0.1589839684969062,-0.1477437112548821,0.8625000000000004,0.5,positive rankic with robust-selected portfolio metrics; validation only for selection
test,pure_stagewise_score,20,0.0366470950302103,0.106325331183199,0.0908628075310294,0.7190813747196662,0.5948873034451241,0.0,0.5700000000000002,0.6,holdout diagnostics only; not used for parameter choice
valid,pure_stagewise_score,30,0.0221715644171857,0.1687568194556452,-0.0336787601563735,0.6518510726998051,-0.0245926776974761,-0.1425733190130997,0.8166666666666674,0.25,positive rankic with robust-selected portfolio metrics; validation only for selection
test,pure_stagewise_score,30,0.0366470950302103,0.0836198380312931,0.0692712332456637,0.5051108956470322,0.4372525243525381,0.0,0.5666666666666671,0.6,holdout diagnostics only; not used for parameter choice
valid,pure_stagewise_score,30,0.0221715644171857,0.1535407281717296,-0.039221212065793,0.6095281833672921,-0.0901791460314074,-0.1425733190130996,0.7916666666666674,0.25,positive rankic with robust-selected portfolio metrics; validation only for selection
test,pure_stagewise_score,30,0.0366470950302103,0.0923959895791592,0.0776313642246204,0.5670408744993377,0.4862899601224858,0.0,0.5200000000000004,0.6,holdout diagnostics only; not used for parameter choice
valid,pure_stagewise_score,50,0.0221715644171857,0.1802517669431795,0.0040953124366196,0.7803264603496292,-0.0041468981436957,-0.115493667606783,0.7750000000000006,0.25,positive rankic with robust-selected portfolio metrics; validation only for selection
test,pure_stagewise_score,50,0.0366470950302103,0.0558391602500942,0.0424476115612512,0.3387049623878357,0.293646095301419,0.0,0.5480000000000004,0.6,holdout diagnostics only; not used for parameter choice
valid,pure_stagewise_score,20,0.0221715644171857,0.3252093820693265,0.2231860953645459,1.8982335293699104,0.2914515340515152,-0.0265931275252987,0.6250000000000002,0.75,positive rankic with robust-selected portfolio metrics; validation only for selection
test,pure_stagewise_score,20,0.0366475737749182,0.0968151108542834,0.0790899316503326,0.5490821999758583,0.643303814818006,0.0,0.8600000000000003,0.8,holdout diagnostics only; not used for parameter choice
valid,pure_stagewise_score,20,0.0221715644171857,0.3536738275387698,0.2209268895014864,2.2753220997694847,0.4581833173467584,-0.0265931275252986,0.5625000000000002,0.75,positive rankic with robust-selected portfolio metrics; validation only for selection
test,pure_stagewise_score,20,0.0366475737749182,0.0930758146380716,0.0757390899508071,0.5292046840198106,0.6031872646770596,0.0,0.8400000000000004,0.6,holdout diagnostics only; not used for parameter choice
valid,pure_stagewise_score,30,0.0221715644171857,0.149372028593578,0.0391087974516865,0.8270151823631572,-0.1184021290345307,-0.0805046457120398,0.6166666666666674,0.5,positive rankic with robust-selected portfolio metrics; validation only for selection
test,pure_stagewise_score,30,0.0366475737749182,0.0659517486318439,0.0509074148045834,0.3638267224344658,0.3661572366541727,0.0,0.8466666666666676,0.6,holdout diagnostics only; not used for parameter choice
valid,pure_stagewise_score,30,0.0221715644171857,0.1867870914198903,0.0533317168474589,0.982509221759059,-0.0075359694791378,-0.0805046457120397,0.5666666666666673,0.5,positive rankic with robust-selected portfolio metrics; validation only for selection
test,pure_stagewise_score,30,0.0366475737749182,0.0655788288765397,0.0504776234532703,0.3618932223412666,0.367722754725046,0.0,0.8333333333333343,0.6,holdout diagnostics only; not used for parameter choice
valid,pure_stagewise_score,50,0.0221715644171857,0.0788569836372212,-0.0203466501472391,0.3937379317589198,-0.2735392907146849,-0.0906480209123542,0.6250000000000004,0.5,positive rankic with robust-selected portfolio metrics; validation only for selection
test,pure_stagewise_score,50,0.0366475737749182,0.0720606714321629,0.0569080813164714,0.4146316688733801,0.4221699467656221,0.0,0.8360000000000005,0.8,holdout diagnostics only; not used for parameter choice
valid,pure_stagewise_score,20,0.0221715644171857,0.1749289301397305,-0.0089736314226675,0.7098450357772135,-0.0093346553974605,-0.1357627387169331,0.7750000000000005,0.5,positive rankic with robust-selected portfolio metrics; validation only for selection
test,pure_stagewise_score,20,0.0366475737749182,0.0696318540361524,0.0569005168828867,0.4575166044342031,0.3428312732089559,0.0,0.7300000000000003,0.6,holdout diagnostics only; not used for parameter choice
valid,pure_stagewise_score,20,0.0221715644171857,0.1898136059156716,-0.0013857838412559,0.7587553460969941,0.0479149970953351,-0.1357627387169331,0.7250000000000003,0.5,positive rankic with robust-selected portfolio metrics; validation only for selection
test,pure_stagewise_score,20,0.0366475737749182,0.0519280214638051,0.0395081236377211,0.344378299518105,0.2547244352152427,0.0,0.7000000000000004,0.6,holdout diagnostics only; not used for parameter choice
valid,pure_stagewise_score,30,0.0221715644171857,0.1247893290668291,-0.0404224744738635,0.5055498325555124,-0.1617552052116554,-0.1339497461496085,0.7166666666666675,0.25,positive rankic with robust-selected portfolio metrics; validation only for selection
test,pure_stagewise_score,30,0.0366475737749182,0.0385120335291777,0.0265888360920613,0.2364090466278755,0.1673379481925925,0.0,0.7600000000000008,0.4,holdout diagnostics only; not used for parameter choice
valid,pure_stagewise_score,30,0.0221715644171857,0.1334574767637621,-0.031144961485448,0.543281617440205,-0.1352480115844591,-0.1339497461496085,0.6666666666666674,0.25,positive rankic with robust-selected portfolio metrics; validation only for selection
test,pure_stagewise_score,30,0.0366475737749182,0.0399336982360321,0.0280506680905141,0.2440195899215798,0.1737972534958709,0.0,0.7333333333333341,0.4,holdout diagnostics only; not used for parameter choice
valid,pure_stagewise_score,50,0.0221715644171857,0.0289761383530056,-0.101730637088047,0.1297259287900175,-0.4446397833674901,-0.129509666349167,0.6650000000000005,0.25,positive rankic with robust-selected portfolio metrics; validation only for selection
test,pure_stagewise_score,50,0.0366475737749182,0.0403249646301251,0.0276171421015542,0.2504373811084321,0.1954176853334482,0.0,0.7400000000000005,0.6,holdout diagnostics only; not used for parameter choice
valid,pure_stagewise_score,20,0.0221715644171857,0.2468548677659843,0.0052061594793884,0.8595949059191539,0.3117016826161927,-0.1477437112548822,0.9000000000000004,0.75,positive rankic with robust-selected portfolio metrics; validation only for selection
test,pure_stagewise_score,20,0.0366475737749182,0.1068136528193983,0.0924552433952836,0.6278659159514367,0.4764642034971112,0.0,0.6200000000000002,0.6,holdout diagnostics only; not used for parameter choice
valid,pure_stagewise_score,20,0.0221715644171857,0.2115723123061503,-0.0097787281983036,0.7733399159955584,0.1589839684969062,-0.1477437112548821,0.8625000000000004,0.5,positive rankic with robust-selected portfolio metrics; validation only for selection
test,pure_stagewise_score,20,0.0366475737749182,0.106325331183199,0.0908628075310294,0.7190813747196662,0.5948873034451241,0.0,0.5700000000000002,0.6,holdout diagnostics only; not used for parameter choice
valid,pure_stagewise_score,30,0.0221715644171857,0.1687568194556452,-0.0336787601563735,0.6518510726998051,-0.0245926776974761,-0.1425733190130997,0.8166666666666674,0.25,positive rankic with robust-selected portfolio metrics; validation only for selection
test,pure_stagewise_score,30,0.0366475737749182,0.0836198380312931,0.0692712332456637,0.5051108956470322,0.4372525243525381,0.0,0.5666666666666671,0.6,holdout diagnostics only; not used for parameter choice
valid,pure_stagewise_score,30,0.0221715644171857,0.1535407281717296,-0.039221212065793,0.6095281833672921,-0.0901791460314074,-0.1425733190130996,0.7916666666666674,0.25,positive rankic with robust-selected portfolio metrics; validation only for selection
test,pure_stagewise_score,30,0.0366475737749182,0.0923959895791592,0.0776313642246204,0.5670408744993377,0.4862899601224858,0.0,0.5200000000000004,0.6,holdout diagnostics only; not used for parameter choice
valid,pure_stagewise_score,50,0.0221715644171857,0.1802517669431795,0.0040953124366196,0.7803264603496292,-0.0041468981436957,-0.115493667606783,0.7750000000000006,0.25,positive rankic with robust-selected portfolio metrics; validation only for selection
test,pure_stagewise_score,50,0.0366475737749182,0.0558391602500942,0.0424476115612512,0.3387049623878357,0.293646095301419,0.0,0.5480000000000004,0.6,holdout diagnostics only; not used for parameter choice
valid,pure_stagewise_score,20,0.0221715644171857,0.3252093820693265,0.2231860953645459,1.8982335293699104,0.2914515340515152,-0.0265931275252987,0.6250000000000002,0.75,positive rankic with robust-selected portfolio metrics; validation only for selection
test,pure_stagewise_score,20,0.0366490125025147,0.0968151108542834,0.0790899316503326,0.5490821999758583,0.643303814818006,0.0,0.8600000000000003,0.8,holdout diagnostics only; not used for parameter choice
valid,pure_stagewise_score,20,0.0221715644171857,0.3536738275387698,0.2209268895014864,2.2753220997694847,0.4581833173467584,-0.0265931275252986,0.5625000000000002,0.75,positive rankic with robust-selected portfolio metrics; validation only for selection
test,pure_stagewise_score,20,0.0366490125025147,0.0930758146380716,0.0757390899508071,0.5292046840198106,0.6031872646770596,0.0,0.8400000000000004,0.6,holdout diagnostics only; not used for parameter choice
valid,pure_stagewise_score,30,0.0221715644171857,0.149372028593578,0.0391087974516865,0.8270151823631572,-0.1184021290345307,-0.0805046457120398,0.6166666666666674,0.5,positive rankic with robust-selected portfolio metrics; validation only for selection
test,pure_stagewise_score,30,0.0366490125025147,0.0659517486318439,0.0509074148045834,0.3638267224344658,0.3661572366541727,0.0,0.8466666666666676,0.6,holdout diagnostics only; not used for parameter choice
valid,pure_stagewise_score,30,0.0221715644171857,0.1867870914198903,0.0533317168474589,0.982509221759059,-0.0075359694791378,-0.0805046457120397,0.5666666666666673,0.5,positive rankic with robust-selected portfolio metrics; validation only for selection
test,pure_stagewise_score,30,0.0366490125025147,0.0655788288765397,0.0504776234532703,0.3618932223412666,0.367722754725046,0.0,0.8333333333333343,0.6,holdout diagnostics only; not used for parameter choice
valid,pure_stagewise_score,50,0.0221715644171857,0.0788569836372212,-0.0203466501472391,0.3937379317589198,-0.2735392907146849,-0.0906480209123542,0.6250000000000004,0.5,positive rankic with robust-selected portfolio metrics; validation only for selection
test,pure_stagewise_score,50,0.0366490125025147,0.0720606714321629,0.0569080813164714,0.4146316688733801,0.4221699467656221,0.0,0.8360000000000005,0.8,holdout diagnostics only; not used for parameter choice
valid,pure_stagewise_score,20,0.0221715644171857,0.1749289301397305,-0.0089736314226675,0.7098450357772135,-0.0093346553974605,-0.1357627387169331,0.7750000000000005,0.5,positive rankic with robust-selected portfolio metrics; validation only for selection
test,pure_stagewise_score,20,0.0366490125025147,0.0696318540361524,0.0569005168828867,0.4575166044342031,0.3428312732089559,0.0,0.7300000000000003,0.6,holdout diagnostics only; not used for parameter choice
valid,pure_stagewise_score,20,0.0221715644171857,0.1898136059156716,-0.0013857838412559,0.7587553460969941,0.0479149970953351,-0.1357627387169331,0.7250000000000003,0.5,positive rankic with robust-selected portfolio metrics; validation only for selection
test,pure_stagewise_score,20,0.0366490125025147,0.0519280214638051,0.0395081236377211,0.344378299518105,0.2547244352152427,0.0,0.7000000000000004,0.6,holdout diagnostics only; not used for parameter choice
valid,pure_stagewise_score,30,0.0221715644171857,0.1247893290668291,-0.0404224744738635,0.5055498325555124,-0.1617552052116554,-0.1339497461496085,0.7166666666666675,0.25,positive rankic with robust-selected portfolio metrics; validation only for selection
test,pure_stagewise_score,30,0.0366490125025147,0.0385120335291777,0.0265888360920613,0.2364090466278755,0.1673379481925925,0.0,0.7600000000000008,0.4,holdout diagnostics only; not used for parameter choice
valid,pure_stagewise_score,30,0.0221715644171857,0.1334574767637621,-0.031144961485448,0.543281617440205,-0.1352480115844591,-0.1339497461496085,0.6666666666666674,0.25,positive rankic with robust-selected portfolio metrics; validation only for selection
test,pure_stagewise_score,30,0.0366490125025147,0.0399336982360321,0.0280506680905141,0.2440195899215798,0.1737972534958709,0.0,0.7333333333333341,0.4,holdout diagnostics only; not used for parameter choice
valid,pure_stagewise_score,50,0.0221715644171857,0.0289761383530056,-0.101730637088047,0.1297259287900175,-0.4446397833674901,-0.129509666349167,0.6650000000000005,0.25,positive rankic with robust-selected portfolio metrics; validation only for selection
test,pure_stagewise_score,50,0.0366490125025147,0.0403249646301251,0.0276171421015542,0.2504373811084321,0.1954176853334482,0.0,0.7400000000000005,0.6,holdout diagnostics only; not used for parameter choice
valid,pure_stagewise_score,20,0.0221715644171857,0.2468548677659843,0.0052061594793884,0.8595949059191539,0.3117016826161927,-0.1477437112548822,0.9000000000000004,0.75,positive rankic with robust-selected portfolio metrics; validation only for selection
test,pure_stagewise_score,20,0.0366490125025147,0.1068136528193983,0.0924552433952836,0.6278659159514367,0.4764642034971112,0.0,0.6200000000000002,0.6,holdout diagnostics only; not used for parameter choice
valid,pure_stagewise_score,20,0.0221715644171857,0.2115723123061503,-0.0097787281983036,0.7733399159955584,0.1589839684969062,-0.1477437112548821,0.8625000000000004,0.5,positive rankic with robust-selected portfolio metrics; validation only for selection
test,pure_stagewise_score,20,0.0366490125025147,0.106325331183199,0.0908628075310294,0.7190813747196662,0.5948873034451241,0.0,0.5700000000000002,0.6,holdout diagnostics only; not used for parameter choice
valid,pure_stagewise_score,30,0.0221715644171857,0.1687568194556452,-0.0336787601563735,0.6518510726998051,-0.0245926776974761,-0.1425733190130997,0.8166666666666674,0.25,positive rankic with robust-selected portfolio metrics; validation only for selection
test,pure_stagewise_score,30,0.0366490125025147,0.0836198380312931,0.0692712332456637,0.5051108956470322,0.4372525243525381,0.0,0.5666666666666671,0.6,holdout diagnostics only; not used for parameter choice
valid,pure_stagewise_score,30,0.0221715644171857,0.1535407281717296,-0.039221212065793,0.6095281833672921,-0.0901791460314074,-0.1425733190130996,0.7916666666666674,0.25,positive rankic with robust-selected portfolio metrics; validation only for selection
test,pure_stagewise_score,30,0.0366490125025147,0.0923959895791592,0.0776313642246204,0.5670408744993377,0.4862899601224858,0.0,0.5200000000000004,0.6,holdout diagnostics only; not used for parameter choice
valid,pure_stagewise_score,50,0.0221715644171857,0.1802517669431795,0.0040953124366196,0.7803264603496292,-0.0041468981436957,-0.115493667606783,0.7750000000000006,0.25,positive rankic with robust-selected portfolio metrics; validation only for selection
test,pure_stagewise_score,50,0.0366490125025147,0.0558391602500942,0.0424476115612512,0.3387049623878357,0.293646095301419,0.0,0.5480000000000004,0.6,holdout diagnostics only; not used for parameter choice
valid,pure_stagewise_score,20,0.0221715644171857,0.3252093820693265,0.2231860953645459,1.8982335293699104,0.2914515340515152,-0.0265931275252987,0.6250000000000002,0.75,positive rankic with robust-selected portfolio metrics; validation only for selection
test,pure_stagewise_score,20,0.0366470160705663,0.0968151108542834,0.0790899316503326,0.5490821999758583,0.643303814818006,0.0,0.8600000000000003,0.8,holdout diagnostics only; not used for parameter choice
valid,pure_stagewise_score,20,0.0221715644171857,0.3536738275387698,0.2209268895014864,2.2753220997694847,0.4581833173467584,-0.0265931275252986,0.5625000000000002,0.75,positive rankic with robust-selected portfolio metrics; validation only for selection
test,pure_stagewise_score,20,0.0366470160705663,0.0930758146380716,0.0757390899508071,0.5292046840198106,0.6031872646770596,0.0,0.8400000000000004,0.6,holdout diagnostics only; not used for parameter choice
valid,pure_stagewise_score,30,0.0221715644171857,0.149372028593578,0.0391087974516865,0.8270151823631572,-0.1184021290345307,-0.0805046457120398,0.6166666666666674,0.5,positive rankic with robust-selected portfolio metrics; validation only for selection
test,pure_stagewise_score,30,0.0366470160705663,0.0659517486318439,0.0509074148045834,0.3638267224344658,0.3661572366541727,0.0,0.8466666666666676,0.6,holdout diagnostics only; not used for parameter choice
valid,pure_stagewise_score,30,0.0221715644171857,0.1867870914198903,0.0533317168474589,0.982509221759059,-0.0075359694791378,-0.0805046457120397,0.5666666666666673,0.5,positive rankic with robust-selected portfolio metrics; validation only for selection
test,pure_stagewise_score,30,0.0366470160705663,0.0655788288765397,0.0504776234532703,0.3618932223412666,0.367722754725046,0.0,0.8333333333333343,0.6,holdout diagnostics only; not used for parameter choice
valid,pure_stagewise_score,50,0.0221715644171857,0.0788569836372212,-0.0203466501472391,0.3937379317589198,-0.2735392907146849,-0.0906480209123542,0.6250000000000004,0.5,positive rankic with robust-selected portfolio metrics; validation only for selection
test,pure_stagewise_score,50,0.0366470160705663,0.0720606714321629,0.0569080813164714,0.4146316688733801,0.4221699467656221,0.0,0.8360000000000005,0.8,holdout diagnostics only; not used for parameter choice
valid,pure_stagewise_score,20,0.0221715644171857,0.1749289301397305,-0.0089736314226675,0.7098450357772135,-0.0093346553974605,-0.1357627387169331,0.7750000000000005,0.5,positive rankic with robust-selected portfolio metrics; validation only for selection
test,pure_stagewise_score,20,0.0366470160705663,0.0696318540361524,0.0569005168828867,0.4575166044342031,0.3428312732089559,0.0,0.7300000000000003,0.6,holdout diagnostics only; not used for parameter choice
valid,pure_stagewise_score,20,0.0221715644171857,0.1898136059156716,-0.0013857838412559,0.7587553460969941,0.0479149970953351,-0.1357627387169331,0.7250000000000003,0.5,positive rankic with robust-selected portfolio metrics; validation only for selection
test,pure_stagewise_score,20,0.0366470160705663,0.0519280214638051,0.0395081236377211,0.344378299518105,0.2547244352152427,0.0,0.7000000000000004,0.6,holdout diagnostics only; not used for parameter choice
valid,pure_stagewise_score,30,0.0221715644171857,0.1247893290668291,-0.0404224744738635,0.5055498325555124,-0.1617552052116554,-0.1339497461496085,0.7166666666666675,0.25,positive rankic with robust-selected portfolio metrics; validation only for selection
test,pure_stagewise_score,30,0.0366470160705663,0.0385120335291777,0.0265888360920613,0.2364090466278755,0.1673379481925925,0.0,0.7600000000000008,0.4,holdout diagnostics only; not used for parameter choice
valid,pure_stagewise_score,30,0.0221715644171857,0.1334574767637621,-0.031144961485448,0.543281617440205,-0.1352480115844591,-0.1339497461496085,0.6666666666666674,0.25,positive rankic with robust-selected portfolio metrics; validation only for selection
test,pure_stagewise_score,30,0.0366470160705663,0.0399336982360321,0.0280506680905141,0.2440195899215798,0.1737972534958709,0.0,0.7333333333333341,0.4,holdout diagnostics only; not used for parameter choice
valid,pure_stagewise_score,50,0.0221715644171857,0.0289761383530056,-0.101730637088047,0.1297259287900175,-0.4446397833674901,-0.129509666349167,0.6650000000000005,0.25,positive rankic with robust-selected portfolio metrics; validation only for selection
test,pure_stagewise_score,50,0.0366470160705663,0.0403249646301251,0.0276171421015542,0.2504373811084321,0.1954176853334482,0.0,0.7400000000000005,0.6,holdout diagnostics only; not used for parameter choice
valid,pure_stagewise_score,20,0.0221715644171857,0.2468548677659843,0.0052061594793884,0.8595949059191539,0.3117016826161927,-0.1477437112548822,0.9000000000000004,0.75,positive rankic with robust-selected portfolio metrics; validation only for selection
test,pure_stagewise_score,20,0.0366470160705663,0.1068136528193983,0.0924552433952836,0.6278659159514367,0.4764642034971112,0.0,0.6200000000000002,0.6,holdout diagnostics only; not used for parameter choice
valid,pure_stagewise_score,20,0.0221715644171857,0.2115723123061503,-0.0097787281983036,0.7733399159955584,0.1589839684969062,-0.1477437112548821,0.8625000000000004,0.5,positive rankic with robust-selected portfolio metrics; validation only for selection
test,pure_stagewise_score,20,0.0366470160705663,0.106325331183199,0.0908628075310294,0.7190813747196662,0.5948873034451241,0.0,0.5700000000000002,0.6,holdout diagnostics only; not used for parameter choice
valid,pure_stagewise_score,30,0.0221715644171857,0.1687568194556452,-0.0336787601563735,0.6518510726998051,-0.0245926776974761,-0.1425733190130997,0.8166666666666674,0.25,positive rankic with robust-selected portfolio metrics; validation only for selection
test,pure_stagewise_score,30,0.0366470160705663,0.0836198380312931,0.0692712332456637,0.5051108956470322,0.4372525243525381,0.0,0.5666666666666671,0.6,holdout diagnostics only; not used for parameter choice
valid,pure_stagewise_score,30,0.0221715644171857,0.1535407281717296,-0.039221212065793,0.6095281833672921,-0.0901791460314074,-0.1425733190130996,0.7916666666666674,0.25,positive rankic with robust-selected portfolio metrics; validation only for selection
test,pure_stagewise_score,30,0.0366470160705663,0.0923959895791592,0.0776313642246204,0.5670408744993377,0.4862899601224858,0.0,0.5200000000000004,0.6,holdout diagnostics only; not used for parameter choice
valid,pure_stagewise_score,50,0.0221715644171857,0.1802517669431795,0.0040953124366196,0.7803264603496292,-0.0041468981436957,-0.115493667606783,0.7750000000000006,0.25,positive rankic with robust-selected portfolio metrics; validation only for selection
test,pure_stagewise_score,50,0.0366470160705663,0.0558391602500942,0.0424476115612512,0.3387049623878357,0.293646095301419,0.0,0.5480000000000004,0.6,holdout diagnostics only; not used for parameter choice
valid,pure_stagewise_score,20,0.0221715644171857,0.3252093820693265,0.2231860953645459,1.8982335293699104,0.2914515340515152,-0.0265931275252987,0.6250000000000002,0.75,positive rankic with robust-selected portfolio metrics; validation only for selection
test,pure_stagewise_score,20,0.0366474092064375,0.0968151108542834,0.0790899316503326,0.5490821999758583,0.643303814818006,0.0,0.8600000000000003,0.8,holdout diagnostics only; not used for parameter choice
valid,pure_stagewise_score,20,0.0221715644171857,0.3536738275387698,0.2209268895014864,2.2753220997694847,0.4581833173467584,-0.0265931275252986,0.5625000000000002,0.75,positive rankic with robust-selected portfolio metrics; validation only for selection
test,pure_stagewise_score,20,0.0366474092064375,0.0930758146380716,0.0757390899508071,0.5292046840198106,0.6031872646770596,0.0,0.8400000000000004,0.6,holdout diagnostics only; not used for parameter choice
valid,pure_stagewise_score,30,0.0221715644171857,0.149372028593578,0.0391087974516865,0.8270151823631572,-0.1184021290345307,-0.0805046457120398,0.6166666666666674,0.5,positive rankic with robust-selected portfolio metrics; validation only for selection
test,pure_stagewise_score,30,0.0366474092064375,0.0659517486318439,0.0509074148045834,0.3638267224344658,0.3661572366541727,0.0,0.8466666666666676,0.6,holdout diagnostics only; not used for parameter choice
valid,pure_stagewise_score,30,0.0221715644171857,0.1867870914198903,0.0533317168474589,0.982509221759059,-0.0075359694791378,-0.0805046457120397,0.5666666666666673,0.5,positive rankic with robust-selected portfolio metrics; validation only for selection
test,pure_stagewise_score,30,0.0366474092064375,0.0655788288765397,0.0504776234532703,0.3618932223412666,0.367722754725046,0.0,0.8333333333333343,0.6,holdout diagnostics only; not used for parameter choice
valid,pure_stagewise_score,50,0.0221715644171857,0.0788569836372212,-0.0203466501472391,0.3937379317589198,-0.2735392907146849,-0.0906480209123542,0.6250000000000004,0.5,positive rankic with robust-selected portfolio metrics; validation only for selection
test,pure_stagewise_score,50,0.0366474092064375,0.0720606714321629,0.0569080813164714,0.4146316688733801,0.4221699467656221,0.0,0.8360000000000005,0.8,holdout diagnostics only; not used for parameter choice
valid,pure_stagewise_score,20,0.0221715644171857,0.1749289301397305,-0.0089736314226675,0.7098450357772135,-0.0093346553974605,-0.1357627387169331,0.7750000000000005,0.5,positive rankic with robust-selected portfolio metrics; validation only for selection
test,pure_stagewise_score,20,0.0366474092064375,0.0696318540361524,0.0569005168828867,0.4575166044342031,0.3428312732089559,0.0,0.7300000000000003,0.6,holdout diagnostics only; not used for parameter choice
valid,pure_stagewise_score,20,0.0221715644171857,0.1898136059156716,-0.0013857838412559,0.7587553460969941,0.0479149970953351,-0.1357627387169331,0.7250000000000003,0.5,positive rankic with robust-selected portfolio metrics; validation only for selection
test,pure_stagewise_score,20,0.0366474092064375,0.0519280214638051,0.0395081236377211,0.344378299518105,0.2547244352152427,0.0,0.7000000000000004,0.6,holdout diagnostics only; not used for parameter choice
valid,pure_stagewise_score,30,0.0221715644171857,0.1247893290668291,-0.0404224744738635,0.5055498325555124,-0.1617552052116554,-0.1339497461496085,0.7166666666666675,0.25,positive rankic with robust-selected portfolio metrics; validation only for selection
test,pure_stagewise_score,30,0.0366474092064375,0.0385120335291777,0.0265888360920613,0.2364090466278755,0.1673379481925925,0.0,0.7600000000000008,0.4,holdout diagnostics only; not used for parameter choice
valid,pure_stagewise_score,30,0.0221715644171857,0.1334574767637621,-0.031144961485448,0.543281617440205,-0.1352480115844591,-0.1339497461496085,0.6666666666666674,0.25,positive rankic with robust-selected portfolio metrics; validation only for selection
test,pure_stagewise_score,30,0.0366474092064375,0.0399336982360321,0.0280506680905141,0.2440195899215798,0.1737972534958709,0.0,0.7333333333333341,0.4,holdout diagnostics only; not used for parameter choice
valid,pure_stagewise_score,50,0.0221715644171857,0.0289761383530056,-0.101730637088047,0.1297259287900175,-0.4446397833674901,-0.129509666349167,0.6650000000000005,0.25,positive rankic with robust-selected portfolio metrics; validation only for selection
test,pure_stagewise_score,50,0.0366474092064375,0.0403249646301251,0.0276171421015542,0.2504373811084321,0.1954176853334482,0.0,0.7400000000000005,0.6,holdout diagnostics only; not used for parameter choice
valid,pure_stagewise_score,20,0.0221715644171857,0.2468548677659843,0.0052061594793884,0.8595949059191539,0.3117016826161927,-0.1477437112548822,0.9000000000000004,0.75,positive rankic with robust-selected portfolio metrics; validation only for selection
test,pure_stagewise_score,20,0.0366474092064375,0.1068136528193983,0.0924552433952836,0.6278659159514367,0.4764642034971112,0.0,0.6200000000000002,0.6,holdout diagnostics only; not used for parameter choice
valid,pure_stagewise_score,20,0.0221715644171857,0.2115723123061503,-0.0097787281983036,0.7733399159955584,0.1589839684969062,-0.1477437112548821,0.8625000000000004,0.5,positive rankic with robust-selected portfolio metrics; validation only for selection
test,pure_stagewise_score,20,0.0366474092064375,0.106325331183199,0.0908628075310294,0.7190813747196662,0.5948873034451241,0.0,0.5700000000000002,0.6,holdout diagnostics only; not used for parameter choice
valid,pure_stagewise_score,30,0.0221715644171857,0.1687568194556452,-0.0336787601563735,0.6518510726998051,-0.0245926776974761,-0.1425733190130997,0.8166666666666674,0.25,positive rankic with robust-selected portfolio metrics; validation only for selection
test,pure_stagewise_score,30,0.0366474092064375,0.0836198380312931,0.0692712332456637,0.5051108956470322,0.4372525243525381,0.0,0.5666666666666671,0.6,holdout diagnostics only; not used for parameter choice
valid,pure_stagewise_score,30,0.0221715644171857,0.1535407281717296,-0.039221212065793,0.6095281833672921,-0.0901791460314074,-0.1425733190130996,0.7916666666666674,0.25,positive rankic with robust-selected portfolio metrics; validation only for selection
test,pure_stagewise_score,30,0.0366474092064375,0.0923959895791592,0.0776313642246204,0.5670408744993377,0.4862899601224858,0.0,0.5200000000000004,0.6,holdout diagnostics only; not used for parameter choice
valid,pure_stagewise_score,50,0.0221715644171857,0.1802517669431795,0.0040953124366196,0.7803264603496292,-0.0041468981436957,-0.115493667606783,0.7750000000000006,0.25,positive rankic with robust-selected portfolio metrics; validation only for selection
test,pure_stagewise_score,50,0.0366474092064375,0.0558391602500942,0.0424476115612512,0.3387049623878357,0.293646095301419,0.0,0.5480000000000004,0.6,holdout diagnostics only; not used for parameter choice
valid,pure_stagewise_score,20,0.1546266521062726,0.9081510537991224,0.5554404920973657,4.147951428929601,1.92712845487018,0.0,0.9625000000000004,1.0,positive rankic with robust-selected portfolio metrics; validation only for selection
test,pure_stagewise_score,20,0.0724547480545229,-0.0236978353632065,-0.0362061890769829,-0.1197721656659101,-0.1485324665825642,0.0,0.7400000000000003,0.6,holdout diagnostics only; not used for parameter choice
valid,pure_stagewise_score,20,0.1546266521062726,0.9081510537991224,0.5554404920973657,4.147951428929601,1.92712845487018,0.0,0.9625000000000004,1.0,positive rankic with robust-selected portfolio metrics; validation only for selection
test,pure_stagewise_score,20,0.0724547480545229,-0.024713253350706,-0.0377944922225931,-0.1264334878184173,-0.1679305965548012,0.0,0.6500000000000001,0.6,holdout diagnostics only; not used for parameter choice
valid,pure_stagewise_score,30,0.1546266521062726,0.7580456671094977,0.495970976067702,4.698668811968529,1.69231087410674,0.0,0.966666666666668,1.0,positive rankic with robust-selected portfolio metrics; validation only for selection
test,pure_stagewise_score,30,0.0724547480545229,0.0118042257470099,-0.001499815002749,0.0658666668276768,0.0244211638970425,0.0,0.6666666666666671,0.6,holdout diagnostics only; not used for parameter choice
valid,pure_stagewise_score,30,0.1546266521062726,0.7580456671094977,0.495970976067702,4.698668811968529,1.69231087410674,0.0,0.966666666666668,1.0,positive rankic with robust-selected portfolio metrics; validation only for selection
test,pure_stagewise_score,30,0.0724547480545229,0.0284011848017904,0.014259049957065,0.1660646938410159,0.1410014123033278,0.0,0.6200000000000003,0.6,holdout diagnostics only; not used for parameter choice
valid,pure_stagewise_score,50,0.1546266521062726,0.6111192273376476,0.4005889389309784,5.020621872213039,1.8164513221721488,0.0,0.9650000000000007,1.0,positive rankic with robust-selected portfolio metrics; validation only for selection
test,pure_stagewise_score,50,0.0724547480545229,0.0406015564271118,0.0257631724354772,0.2202932799028261,0.2253935140607292,0.0,0.6440000000000003,0.6,holdout diagnostics only; not used for parameter choice
valid,pure_stagewise_score,20,0.1546266521062726,0.3390337285792195,0.25932549186557,4.668822604874185,0.3448870608123483,0.0,0.9125000000000004,0.75,positive rankic with robust-selected portfolio metrics; validation only for selection
test,pure_stagewise_score,20,0.0724547480545229,0.0541997032369492,0.0396598552100406,0.2621323902807954,0.2619231778395897,0.0,0.6900000000000003,0.6,holdout diagnostics only; not used for parameter choice
valid,pure_stagewise_score,20,0.1546266521062726,0.3416919501410964,0.2631349871764522,4.80268498322365,0.3475203904165584,0.0,0.9000000000000005,0.75,positive rankic with robust-selected portfolio metrics; validation only for selection
test,pure_stagewise_score,20,0.0724547480545229,0.0670920048368481,0.0517825759642043,0.3217828961089692,0.3251012172794122,0.0,0.6400000000000003,0.6,holdout diagnostics only; not used for parameter choice
valid,pure_stagewise_score,30,0.1546266521062726,0.3311413977673059,0.2173669099562928,3.130305957676548,0.4266698047238443,0.0,0.9083333333333344,0.5,positive rankic with robust-selected portfolio metrics; validation only for selection
test,pure_stagewise_score,30,0.0724547480545229,0.0272196779423263,0.0137076079994232,0.1386790082872845,0.1220367240439707,0.0,0.6466666666666671,0.6,holdout diagnostics only; not used for parameter choice
valid,pure_stagewise_score,30,0.1546266521062726,0.3317950403576077,0.2183023046025645,3.1451343278981057,0.4269635034297581,0.0,0.9000000000000011,0.5,positive rankic with robust-selected portfolio metrics; validation only for selection
test,pure_stagewise_score,30,0.0724547480545229,0.0210636916118134,0.0072549528379497,0.1081972485978135,0.0917856174516565,0.0,0.6333333333333336,0.6,holdout diagnostics only; not used for parameter choice
valid,pure_stagewise_score,50,0.1546266521062726,0.3431702436886246,0.2307115028017538,3.43903299426656,0.4557739609135965,0.0,0.9050000000000008,0.75,positive rankic with robust-selected portfolio metrics; validation only for selection
test,pure_stagewise_score,50,0.0724547480545229,0.0062504170470392,-0.0073142137836098,0.0341612120135674,-0.0061299881668902,0.0,0.5960000000000003,0.6,holdout diagnostics only; not used for parameter choice
valid,pure_stagewise_score,20,0.1546266521062726,0.3697010293370553,0.2597216778408882,4.799920883448365,0.5284554820661737,0.0,0.9375000000000004,0.75,positive rankic with robust-selected portfolio metrics; validation only for selection
test,pure_stagewise_score,20,0.0724547480545229,0.1529785739335205,0.1345367124881364,0.828478188018927,0.6399400076432682,0.0,0.7200000000000003,0.8,holdout diagnostics only; not used for parameter choice
valid,pure_stagewise_score,20,0.1546266521062726,0.3609866407133473,0.2476368034515109,4.330044673191844,0.526260516093927,0.0,0.9250000000000004,0.75,positive rankic with robust-selected portfolio metrics; validation only for selection
test,pure_stagewise_score,20,0.0724547480545229,0.1028464668804427,0.0871876630637993,0.6192456832530505,0.5421266882162907,0.0,0.6300000000000001,0.8,holdout diagnostics only; not used for parameter choice
valid,pure_stagewise_score,30,0.1546266521062726,0.3685514752072976,0.2210030148520422,2.9565145241808497,0.7618722844146116,0.0,0.9250000000000012,1.0,positive rankic with robust-selected portfolio metrics; validation only for selection
test,pure_stagewise_score,30,0.0724547480545229,0.1142757045284827,0.0966816818285894,0.7536670067840547,0.7968412561600426,0.0,0.6533333333333338,0.8,holdout diagnostics only; not used for parameter choice
valid,pure_stagewise_score,30,0.1546266521062726,0.3639248835982966,0.2146817817117275,2.8581659792524,0.7718152706371636,0.0,0.916666666666668,1.0,positive rankic with robust-selected portfolio metrics; validation only for selection
test,pure_stagewise_score,30,0.0724547480545229,0.1117548229716107,0.0953439575498202,0.8186360321590107,0.7457894433087867,0.0,0.5800000000000004,0.6,holdout diagnostics only; not used for parameter choice
valid,pure_stagewise_score,50,0.1546266521062726,0.2947844056178215,0.1679445536334357,2.390599747473883,0.3877175868941037,-0.0046589805859477,0.9050000000000008,0.5,positive rankic with robust-selected portfolio metrics; validation only for selection
test,pure_stagewise_score,50,0.0724547480545229,0.0708036981427711,0.0564030820548163,0.4723944195348102,0.4355310559044542,0.0,0.5840000000000004,0.6,holdout diagnostics only; not used for parameter choice
valid,pure_stagewise_score,20,0.1546186221193934,0.9081510537991224,0.5554404920973657,4.147951428929601,1.92712845487018,0.0,0.9625000000000004,1.0,positive rankic with robust-selected portfolio metrics; validation only for selection
test,pure_stagewise_score,20,0.072449392929505,-0.0236978353632065,-0.0362061890769829,-0.1197721656659101,-0.1485324665825642,0.0,0.7400000000000003,0.6,holdout diagnostics only; not used for parameter choice
valid,pure_stagewise_score,20,0.1546186221193934,0.9081510537991224,0.5554404920973657,4.147951428929601,1.92712845487018,0.0,0.9625000000000004,1.0,positive rankic with robust-selected portfolio metrics; validation only for selection
test,pure_stagewise_score,20,0.072449392929505,-0.024713253350706,-0.0377944922225931,-0.1264334878184173,-0.1679305965548012,0.0,0.6500000000000001,0.6,holdout diagnostics only; not used for parameter choice
valid,pure_stagewise_score,30,0.1546186221193934,0.7580456671094977,0.495970976067702,4.698668811968529,1.69231087410674,0.0,0.966666666666668,1.0,positive rankic with robust-selected portfolio metrics; validation only for selection
test,pure_stagewise_score,30,0.072449392929505,0.0118042257470099,-0.001499815002749,0.0658666668276768,0.0244211638970425,0.0,0.6666666666666671,0.6,holdout diagnostics only; not used for parameter choice
valid,pure_stagewise_score,30,0.1546186221193934,0.7580456671094977,0.495970976067702,4.698668811968529,1.69231087410674,0.0,0.966666666666668,1.0,positive rankic with robust-selected portfolio metrics; validation only for selection
test,pure_stagewise_score,30,0.072449392929505,0.0284011848017904,0.014259049957065,0.1660646938410159,0.1410014123033278,0.0,0.6200000000000003,0.6,holdout diagnostics only; not used for parameter choice
valid,pure_stagewise_score,50,0.1546186221193934,0.6111192273376476,0.4005889389309784,5.020621872213039,1.8164513221721488,0.0,0.9650000000000007,1.0,positive rankic with robust-selected portfolio metrics; validation only for selection
test,pure_stagewise_score,50,0.072449392929505,0.0406015564271118,0.0257631724354772,0.2202932799028261,0.2253935140607292,0.0,0.6440000000000003,0.6,holdout diagnostics only; not used for parameter choice
valid,pure_stagewise_score,20,0.1546186221193934,0.3390337285792195,0.25932549186557,4.668822604874185,0.3448870608123483,0.0,0.9125000000000004,0.75,positive rankic with robust-selected portfolio metrics; validation only for selection
test,pure_stagewise_score,20,0.072449392929505,0.0541997032369492,0.0396598552100406,0.2621323902807954,0.2619231778395897,0.0,0.6900000000000003,0.6,holdout diagnostics only; not used for parameter choice
valid,pure_stagewise_score,20,0.1546186221193934,0.3416919501410964,0.2631349871764522,4.80268498322365,0.3475203904165584,0.0,0.9000000000000005,0.75,positive rankic with robust-selected portfolio metrics; validation only for selection
test,pure_stagewise_score,20,0.072449392929505,0.0670920048368481,0.0517825759642043,0.3217828961089692,0.3251012172794122,0.0,0.6400000000000003,0.6,holdout diagnostics only; not used for parameter choice
valid,pure_stagewise_score,30,0.1546186221193934,0.3311413977673059,0.2173669099562928,3.130305957676548,0.4266698047238443,0.0,0.9083333333333344,0.5,positive rankic with robust-selected portfolio metrics; validation only for selection
test,pure_stagewise_score,30,0.072449392929505,0.0272196779423263,0.0137076079994232,0.1386790082872845,0.1220367240439707,0.0,0.6466666666666671,0.6,holdout diagnostics only; not used for parameter choice
valid,pure_stagewise_score,30,0.1546186221193934,0.3317950403576077,0.2183023046025645,3.1451343278981057,0.4269635034297581,0.0,0.9000000000000011,0.5,positive rankic with robust-selected portfolio metrics; validation only for selection
test,pure_stagewise_score,30,0.072449392929505,0.0210636916118134,0.0072549528379497,0.1081972485978135,0.0917856174516565,0.0,0.6333333333333336,0.6,holdout diagnostics only; not used for parameter choice
valid,pure_stagewise_score,50,0.1546186221193934,0.3431702436886246,0.2307115028017538,3.43903299426656,0.4557739609135965,0.0,0.9050000000000008,0.75,positive rankic with robust-selected portfolio metrics; validation only for selection
test,pure_stagewise_score,50,0.072449392929505,0.0062504170470392,-0.0073142137836098,0.0341612120135674,-0.0061299881668902,0.0,0.5960000000000003,0.6,holdout diagnostics only; not used for parameter choice
valid,pure_stagewise_score,20,0.1546186221193934,0.3697010293370553,0.2597216778408882,4.799920883448365,0.5284554820661737,0.0,0.9375000000000004,0.75,positive rankic with robust-selected portfolio metrics; validation only for selection
test,pure_stagewise_score,20,0.072449392929505,0.1529785739335205,0.1345367124881364,0.828478188018927,0.6399400076432682,0.0,0.7200000000000003,0.8,holdout diagnostics only; not used for parameter choice
valid,pure_stagewise_score,20,0.1546186221193934,0.3609866407133473,0.2476368034515109,4.330044673191844,0.526260516093927,0.0,0.9250000000000004,0.75,positive rankic with robust-selected portfolio metrics; validation only for selection
test,pure_stagewise_score,20,0.072449392929505,0.1028464668804427,0.0871876630637993,0.6192456832530505,0.5421266882162907,0.0,0.6300000000000001,0.8,holdout diagnostics only; not used for parameter choice
valid,pure_stagewise_score,30,0.1546186221193934,0.3685514752072976,0.2210030148520422,2.9565145241808497,0.7618722844146116,0.0,0.9250000000000012,1.0,positive rankic with robust-selected portfolio metrics; validation only for selection
test,pure_stagewise_score,30,0.072449392929505,0.1142757045284827,0.0966816818285894,0.7536670067840547,0.7968412561600426,0.0,0.6533333333333338,0.8,holdout diagnostics only; not used for parameter choice
valid,pure_stagewise_score,30,0.1546186221193934,0.3639248835982966,0.2146817817117275,2.8581659792524,0.7718152706371636,0.0,0.916666666666668,1.0,positive rankic with robust-selected portfolio metrics; validation only for selection
test,pure_stagewise_score,30,0.072449392929505,0.1117548229716107,0.0953439575498202,0.8186360321590107,0.7457894433087867,0.0,0.5800000000000004,0.6,holdout diagnostics only; not used for parameter choice
valid,pure_stagewise_score,50,0.1546186221193934,0.2947844056178215,0.1679445536334357,2.390599747473883,0.3877175868941037,-0.0046589805859477,0.9050000000000008,0.5,positive rankic with robust-selected portfolio metrics; validation only for selection
test,pure_stagewise_score,50,0.072449392929505,0.0708036981427711,0.0564030820548163,0.4723944195348102,0.4355310559044542,0.0,0.5840000000000004,0.6,holdout diagnostics only; not used for parameter choice
valid,pure_stagewise_score,20,0.1546245051317078,0.9081510537991224,0.5554404920973657,4.147951428929601,1.92712845487018,0.0,0.9625000000000004,1.0,positive rankic with robust-selected portfolio metrics; validation only for selection
test,pure_stagewise_score,20,0.0724425296758457,-0.0236978353632065,-0.0362061890769829,-0.1197721656659101,-0.1485324665825642,0.0,0.7400000000000003,0.6,holdout diagnostics only; not used for parameter choice
valid,pure_stagewise_score,20,0.1546245051317078,0.9081510537991224,0.5554404920973657,4.147951428929601,1.92712845487018,0.0,0.9625000000000004,1.0,positive rankic with robust-selected portfolio metrics; validation only for selection
test,pure_stagewise_score,20,0.0724425296758457,-0.024713253350706,-0.0377944922225931,-0.1264334878184173,-0.1679305965548012,0.0,0.6500000000000001,0.6,holdout diagnostics only; not used for parameter choice
valid,pure_stagewise_score,30,0.1546245051317078,0.7580456671094977,0.495970976067702,4.698668811968529,1.69231087410674,0.0,0.966666666666668,1.0,positive rankic with robust-selected portfolio metrics; validation only for selection
test,pure_stagewise_score,30,0.0724425296758457,0.0118042257470099,-0.001499815002749,0.0658666668276768,0.0244211638970425,0.0,0.6666666666666671,0.6,holdout diagnostics only; not used for parameter choice
valid,pure_stagewise_score,30,0.1546245051317078,0.7580456671094977,0.495970976067702,4.698668811968529,1.69231087410674,0.0,0.966666666666668,1.0,positive rankic with robust-selected portfolio metrics; validation only for selection
test,pure_stagewise_score,30,0.0724425296758457,0.0284011848017904,0.014259049957065,0.1660646938410159,0.1410014123033278,0.0,0.6200000000000003,0.6,holdout diagnostics only; not used for parameter choice
valid,pure_stagewise_score,50,0.1546245051317078,0.6111192273376476,0.4005889389309784,5.020621872213039,1.8164513221721488,0.0,0.9650000000000007,1.0,positive rankic with robust-selected portfolio metrics; validation only for selection
test,pure_stagewise_score,50,0.0724425296758457,0.0406015564271118,0.0257631724354772,0.2202932799028261,0.2253935140607292,0.0,0.6440000000000003,0.6,holdout diagnostics only; not used for parameter choice
valid,pure_stagewise_score,20,0.1546245051317078,0.3390337285792195,0.25932549186557,4.668822604874185,0.3448870608123483,0.0,0.9125000000000004,0.75,positive rankic with robust-selected portfolio metrics; validation only for selection
test,pure_stagewise_score,20,0.0724425296758457,0.0533050878452447,0.0388217182735793,0.2586143694313606,0.2578910320248411,0.0,0.6800000000000004,0.6,holdout diagnostics only; not used for parameter choice
valid,pure_stagewise_score,20,0.1546245051317078,0.3416919501410964,0.2631349871764522,4.80268498322365,0.3475203904165584,0.0,0.9000000000000005,0.75,positive rankic with robust-selected portfolio metrics; validation only for selection
test,pure_stagewise_score,20,0.0724425296758457,0.0670920048368481,0.0517825759642043,0.3217828961089692,0.3251012172794122,0.0,0.6400000000000003,0.6,holdout diagnostics only; not used for parameter choice
valid,pure_stagewise_score,30,0.1546245051317078,0.3311413977673059,0.2173669099562928,3.130305957676548,0.4266698047238443,0.0,0.9083333333333344,0.5,positive rankic with robust-selected portfolio metrics; validation only for selection
test,pure_stagewise_score,30,0.0724425296758457,0.0272196779423263,0.0137076079994232,0.1386790082872845,0.1220367240439707,0.0,0.6466666666666671,0.6,holdout diagnostics only; not used for parameter choice
valid,pure_stagewise_score,30,0.1546245051317078,0.3317950403576077,0.2183023046025645,3.1451343278981057,0.4269635034297581,0.0,0.9000000000000011,0.5,positive rankic with robust-selected portfolio metrics; validation only for selection
test,pure_stagewise_score,30,0.0724425296758457,0.0380835604188722,0.0246257019044855,0.1929783723896881,0.1760631457264384,0.0,0.6400000000000003,0.6,holdout diagnostics only; not used for parameter choice
valid,pure_stagewise_score,50,0.1546245051317078,0.3431702436886246,0.2307115028017538,3.43903299426656,0.4557739609135965,0.0,0.9050000000000008,0.75,positive rankic with robust-selected portfolio metrics; validation only for selection
test,pure_stagewise_score,50,0.0724425296758457,0.0062504170470392,-0.0073142137836098,0.0341612120135674,-0.0061299881668903,0.0,0.5960000000000003,0.6,holdout diagnostics only; not used for parameter choice
valid,pure_stagewise_score,20,0.1546245051317078,0.3697010293370553,0.2597216778408882,4.799920883448365,0.5284554820661737,0.0,0.9375000000000004,0.75,positive rankic with robust-selected portfolio metrics; validation only for selection
test,pure_stagewise_score,20,0.0724425296758457,0.1529785739335205,0.1345367124881364,0.828478188018927,0.6399400076432682,0.0,0.7200000000000003,0.8,holdout diagnostics only; not used for parameter choice
valid,pure_stagewise_score,20,0.1546245051317078,0.3609866407133473,0.2476368034515109,4.330044673191844,0.526260516093927,0.0,0.9250000000000004,0.75,positive rankic with robust-selected portfolio metrics; validation only for selection
test,pure_stagewise_score,20,0.0724425296758457,0.1028464668804427,0.0871876630637993,0.6192456832530505,0.5421266882162907,0.0,0.6300000000000001,0.8,holdout diagnostics only; not used for parameter choice
valid,pure_stagewise_score,30,0.1546245051317078,0.3685514752072976,0.2210030148520422,2.9565145241808497,0.7618722844146116,0.0,0.9250000000000012,1.0,positive rankic with robust-selected portfolio metrics; validation only for selection
test,pure_stagewise_score,30,0.0724425296758457,0.1142757045284827,0.0966816818285894,0.7536670067840548,0.7968412561600426,0.0,0.6533333333333338,0.8,holdout diagnostics only; not used for parameter choice
valid,pure_stagewise_score,30,0.1546245051317078,0.3639248835982966,0.2146817817117275,2.8581659792524,0.7718152706371636,0.0,0.916666666666668,1.0,positive rankic with robust-selected portfolio metrics; validation only for selection
test,pure_stagewise_score,30,0.0724425296758457,0.1117548229716107,0.0953439575498202,0.8186360321590107,0.7457894433087866,0.0,0.5800000000000004,0.6,holdout diagnostics only; not used for parameter choice
valid,pure_stagewise_score,50,0.1546245051317078,0.2947844056178215,0.1679445536334357,2.390599747473883,0.3877175868941037,-0.0046589805859477,0.9050000000000008,0.5,positive rankic with robust-selected portfolio metrics; validation only for selection
test,pure_stagewise_score,50,0.0724425296758457,0.0708036981427711,0.0564030820548163,0.4723944195348102,0.4355310559044542,0.0,0.5840000000000004,0.6,holdout diagnostics only; not used for parameter choice
valid,pure_stagewise_score,20,0.1546171509762038,0.9081510537991224,0.5554404920973657,4.147951428929602,1.92712845487018,0.0,0.9625000000000004,1.0,positive rankic with robust-selected portfolio metrics; validation only for selection
test,pure_stagewise_score,20,0.0724233852915362,-0.0236978353632065,-0.0362061890769829,-0.1197721656659101,-0.1485324665825642,0.0,0.7400000000000003,0.6,holdout diagnostics only; not used for parameter choice
valid,pure_stagewise_score,20,0.1546171509762038,0.9081510537991224,0.5554404920973657,4.147951428929602,1.92712845487018,0.0,0.9625000000000004,1.0,positive rankic with robust-selected portfolio metrics; validation only for selection
test,pure_stagewise_score,20,0.0724233852915362,-0.024713253350706,-0.0377944922225931,-0.1264334878184173,-0.1679305965548012,0.0,0.6500000000000001,0.6,holdout diagnostics only; not used for parameter choice
valid,pure_stagewise_score,30,0.1546171509762038,0.7580456671094977,0.495970976067702,4.698668811968529,1.69231087410674,0.0,0.966666666666668,1.0,positive rankic with robust-selected portfolio metrics; validation only for selection
test,pure_stagewise_score,30,0.0724233852915362,0.0118042257470099,-0.001499815002749,0.0658666668276768,0.0244211638970425,0.0,0.6666666666666671,0.6,holdout diagnostics only; not used for parameter choice
valid,pure_stagewise_score,30,0.1546171509762038,0.7580456671094977,0.495970976067702,4.698668811968529,1.69231087410674,0.0,0.966666666666668,1.0,positive rankic with robust-selected portfolio metrics; validation only for selection
test,pure_stagewise_score,30,0.0724233852915362,0.0284011848017904,0.014259049957065,0.1660646938410159,0.1410014123033278,0.0,0.6200000000000003,0.6,holdout diagnostics only; not used for parameter choice
valid,pure_stagewise_score,50,0.1546171509762038,0.6111192273376476,0.4005889389309784,5.020621872213039,1.8164513221721488,0.0,0.9650000000000007,1.0,positive rankic with robust-selected portfolio metrics; validation only for selection
test,pure_stagewise_score,50,0.0724233852915362,0.0406015564271118,0.0257631724354772,0.2202932799028261,0.2253935140607292,0.0,0.6440000000000003,0.6,holdout diagnostics only; not used for parameter choice
valid,pure_stagewise_score,20,0.1546171509762038,0.3390337285792195,0.25932549186557,4.668822604874185,0.3448870608123483,0.0,0.9125000000000004,0.75,positive rankic with robust-selected portfolio metrics; validation only for selection
test,pure_stagewise_score,20,0.0724233852915362,0.0533050878452447,0.0388217182735793,0.2586143694313606,0.2578910320248411,0.0,0.6800000000000004,0.6,holdout diagnostics only; not used for parameter choice
valid,pure_stagewise_score,20,0.1546171509762038,0.3416919501410964,0.2631349871764522,4.80268498322365,0.3475203904165584,0.0,0.9000000000000005,0.75,positive rankic with robust-selected portfolio metrics; validation only for selection
test,pure_stagewise_score,20,0.0724233852915362,0.0670920048368481,0.0517825759642043,0.3217828961089692,0.3251012172794122,0.0,0.6400000000000003,0.6,holdout diagnostics only; not used for parameter choice
valid,pure_stagewise_score,30,0.1546171509762038,0.3311413977673059,0.2173669099562928,3.130305957676548,0.4266698047238443,0.0,0.9083333333333344,0.5,positive rankic with robust-selected portfolio metrics; validation only for selection
test,pure_stagewise_score,30,0.0724233852915362,0.0272196779423263,0.0137076079994232,0.1386790082872845,0.1220367240439707,0.0,0.6466666666666671,0.6,holdout diagnostics only; not used for parameter choice
valid,pure_stagewise_score,30,0.1546171509762038,0.3317950403576077,0.2183023046025645,3.1451343278981057,0.4269635034297581,0.0,0.9000000000000011,0.5,positive rankic with robust-selected portfolio metrics; validation only for selection
test,pure_stagewise_score,30,0.0724233852915362,0.0380835604188722,0.0246257019044855,0.1929783723896881,0.1760631457264384,0.0,0.6400000000000003,0.6,holdout diagnostics only; not used for parameter choice
valid,pure_stagewise_score,50,0.1546171509762038,0.3431702436886246,0.2307115028017539,3.4390329942665603,0.4557739609135964,0.0,0.9050000000000008,0.75,positive rankic with robust-selected portfolio metrics; validation only for selection
test,pure_stagewise_score,50,0.0724233852915362,0.0062504170470392,-0.0073142137836098,0.0341612120135674,-0.0061299881668903,0.0,0.5960000000000003,0.6,holdout diagnostics only; not used for parameter choice
valid,pure_stagewise_score,20,0.1546171509762038,0.3697010293370553,0.2597216778408882,4.799920883448364,0.5284554820661737,0.0,0.9375000000000004,0.75,positive rankic with robust-selected portfolio metrics; validation only for selection
test,pure_stagewise_score,20,0.0724233852915362,0.1529785739335205,0.1345367124881364,0.828478188018927,0.6399400076432682,0.0,0.7200000000000003,0.8,holdout diagnostics only; not used for parameter choice
valid,pure_stagewise_score,20,0.1546171509762038,0.3609866407133473,0.247636803451511,4.330044673191844,0.5262605160939273,0.0,0.9250000000000004,0.75,positive rankic with robust-selected portfolio metrics; validation only for selection
test,pure_stagewise_score,20,0.0724233852915362,0.1028464668804427,0.0871876630637993,0.6192456832530505,0.5421266882162907,0.0,0.6300000000000001,0.8,holdout diagnostics only; not used for parameter choice
valid,pure_stagewise_score,30,0.1546171509762038,0.3685514752072976,0.2210030148520422,2.9565145241808497,0.7618722844146116,0.0,0.9250000000000012,1.0,positive rankic with robust-selected portfolio metrics; validation only for selection
test,pure_stagewise_score,30,0.0724233852915362,0.1142757045284827,0.0966816818285894,0.7536670067840548,0.7968412561600426,0.0,0.6533333333333338,0.8,holdout diagnostics only; not used for parameter choice
valid,pure_stagewise_score,30,0.1546171509762038,0.3639248835982966,0.2146817817117275,2.8581659792524,0.7718152706371636,0.0,0.916666666666668,1.0,positive rankic with robust-selected portfolio metrics; validation only for selection
test,pure_stagewise_score,30,0.0724233852915362,0.1117548229716107,0.0953439575498202,0.8186360321590107,0.7457894433087866,0.0,0.5800000000000004,0.6,holdout diagnostics only; not used for parameter choice
valid,pure_stagewise_score,50,0.1546171509762038,0.2947844056178215,0.1679445536334357,2.390599747473883,0.3877175868941037,-0.0046589805859477,0.9050000000000008,0.5,positive rankic with robust-selected portfolio metrics; validation only for selection
test,pure_stagewise_score,50,0.0724233852915362,0.0708036981427711,0.0564030820548163,0.4723944195348102,0.4355310559044542,0.0,0.5840000000000004,0.6,holdout diagnostics only; not used for parameter choice
valid,pure_stagewise_score,20,0.1380386570642419,0.5771194232469465,0.3892679177773032,3.5893859386660263,0.9904427649078816,0.0,0.9750000000000004,0.75,positive rankic with robust-selected portfolio metrics; validation only for selection
test,pure_stagewise_score,20,0.0723861953085778,-0.0236978353632065,-0.0362061890769829,-0.1197721656659101,-0.1485324665825642,0.0,0.7400000000000003,0.6,holdout diagnostics only; not used for parameter choice
valid,pure_stagewise_score,20,0.1380386570642419,0.5771194232469465,0.3892679177773032,3.5893859386660263,0.9904427649078816,0.0,0.9750000000000004,0.75,positive rankic with robust-selected portfolio metrics; validation only for selection
test,pure_stagewise_score,20,0.0723861953085778,-0.024713253350706,-0.0377944922225931,-0.1264334878184173,-0.1679305965548012,0.0,0.6500000000000001,0.6,holdout diagnostics only; not used for parameter choice
valid,pure_stagewise_score,30,0.1380386570642419,0.5886622009318263,0.4079437891452031,5.233697055026038,1.1912639796686402,0.0,0.9833333333333346,1.0,positive rankic with robust-selected portfolio metrics; validation only for selection
test,pure_stagewise_score,30,0.0723861953085778,0.0118042257470099,-0.0014998150027489,0.0658666668276768,0.0244211638970427,0.0,0.6666666666666671,0.6,holdout diagnostics only; not used for parameter choice
valid,pure_stagewise_score,30,0.1380386570642419,0.5886622009318263,0.4079437891452031,5.233697055026038,1.1912639796686402,0.0,0.9833333333333346,1.0,positive rankic with robust-selected portfolio metrics; validation only for selection
test,pure_stagewise_score,30,0.0723861953085778,0.0284011848017904,0.014259049957065,0.1660646938410159,0.1410014123033279,0.0,0.6200000000000003,0.6,holdout diagnostics only; not used for parameter choice
valid,pure_stagewise_score,50,0.1380386570642419,0.624117226588923,0.4074734294413205,4.986189910918316,1.899354208101303,0.0,0.9750000000000008,1.0,positive rankic with robust-selected portfolio metrics; validation only for selection
test,pure_stagewise_score,50,0.0723861953085778,0.0406015564271118,0.0257631724354772,0.2202932799028261,0.2253935140607293,0.0,0.6440000000000003,0.6,holdout diagnostics only; not used for parameter choice
valid,pure_stagewise_score,20,0.1380386570642419,0.5363595867066364,0.3200774694455044,2.8484477037511144,1.1848881719841484,0.0,0.9000000000000005,1.0,positive rankic with robust-selected portfolio metrics; validation only for selection
test,pure_stagewise_score,20,0.0723861953085778,0.0541997032369492,0.0396598552100406,0.2621323902807954,0.2619231778395896,0.0,0.6900000000000003,0.6,holdout diagnostics only; not used for parameter choice
valid,pure_stagewise_score,20,0.1380386570642419,0.541098253729422,0.3244503862294887,2.871218316055857,1.1788244799792038,0.0,0.8625000000000004,1.0,positive rankic with robust-selected portfolio metrics; validation only for selection
test,pure_stagewise_score,20,0.0723861953085778,0.0620090547258411,0.0470453020082064,0.3028542312999814,0.3042282019977894,0.0,0.6400000000000003,0.6,holdout diagnostics only; not used for parameter choice
valid,pure_stagewise_score,30,0.1380386570642419,0.3675055585437046,0.2211265262594449,2.19447505351446,0.5133137309664545,0.0,0.875000000000001,0.5,positive rankic with robust-selected portfolio metrics; validation only for selection
test,pure_stagewise_score,30,0.0723861953085778,0.025516599084151,0.0120883800414089,0.1308338751151425,0.1124511863893861,0.0,0.6400000000000003,0.6,holdout diagnostics only; not used for parameter choice
valid,pure_stagewise_score,30,0.1380386570642419,0.3771347890354652,0.227186480895576,2.2689512335543074,0.5546345080666695,0.0,0.8583333333333343,0.5,positive rankic with robust-selected portfolio metrics; validation only for selection
test,pure_stagewise_score,30,0.0723861953085778,0.0363624697868176,0.0230064739464713,0.1853930358586602,0.1670158913342526,0.0,0.6333333333333336,0.6,holdout diagnostics only; not used for parameter choice
valid,pure_stagewise_score,50,0.1380386570642419,0.4408174368715871,0.2766347359011266,3.389898894461268,1.0132395214573915,0.0,0.8650000000000007,0.75,positive rankic with robust-selected portfolio metrics; validation only for selection
test,pure_stagewise_score,50,0.0723861953085778,0.0062504170470392,-0.0073142137836098,0.0341612120135674,-0.0061299881668902,0.0,0.5960000000000003,0.6,holdout diagnostics only; not used for parameter choice
valid,pure_stagewise_score,20,0.1380386570642419,0.4858328122855839,0.2906605090062165,2.4311009759074773,0.8309950832672522,0.0,0.9125000000000004,0.75,positive rankic with robust-selected portfolio metrics; validation only for selection
test,pure_stagewise_score,20,0.0723861953085778,0.1529785739335205,0.1345367124881364,0.828478188018927,0.6399400076432682,0.0,0.7200000000000003,0.8,holdout diagnostics only; not used for parameter choice
valid,pure_stagewise_score,20,0.1380386570642419,0.4792545893358113,0.2822353968016169,2.369282236570021,0.8302531894727171,0.0,0.9000000000000005,0.75,positive rankic with robust-selected portfolio metrics; validation only for selection
test,pure_stagewise_score,20,0.0723861953085778,0.1028464668804427,0.0871876630637993,0.6192456832530505,0.5421266882162907,0.0,0.6300000000000001,0.8,holdout diagnostics only; not used for parameter choice
valid,pure_stagewise_score,30,0.1380386570642419,0.3347182566954512,0.1866277410965072,2.4836599246929367,0.664534214655316,-0.0025560094022504,0.9000000000000011,0.75,positive rankic with robust-selected portfolio metrics; validation only for selection
test,pure_stagewise_score,30,0.0723861953085778,0.1142757045284827,0.0966816818285894,0.7536670067840548,0.7968412561600426,0.0,0.6533333333333338,0.8,holdout diagnostics only; not used for parameter choice
valid,pure_stagewise_score,30,0.1380386570642419,0.3451434686163814,0.2033226825578582,2.741601720780153,0.6372617666842219,0.0,0.875000000000001,0.75,positive rankic with robust-selected portfolio metrics; validation only for selection
test,pure_stagewise_score,30,0.0723861953085778,0.1117548229716107,0.0953439575498202,0.8186360321590107,0.7457894433087866,0.0,0.5800000000000004,0.6,holdout diagnostics only; not used for parameter choice
valid,pure_stagewise_score,50,0.1380386570642419,0.2786223286451152,0.149850198888363,2.2164508547983632,0.351967164041502,-0.0118821748248296,0.8650000000000007,0.5,positive rankic with robust-selected portfolio metrics; validation only for selection
test,pure_stagewise_score,50,0.0723861953085778,0.0649813449989498,0.0505830196555464,0.4382392657366885,0.4232446229455497,0.0,0.5840000000000004,0.6,holdout diagnostics only; not used for parameter choice
valid,pure_stagewise_score,20,0.1195523443731538,0.490579777622413,0.2764631041323919,1.8647388528708784,0.6616378770381365,-0.0688705304156303,0.9500000000000004,0.75,positive rankic with robust-selected portfolio metrics; validation only for selection
test,pure_stagewise_score,20,0.1267515728887913,0.0582902252476478,0.0429803155197204,0.3217181285718862,0.3557503608038725,0.0,0.6100000000000002,0.8,holdout diagnostics only; not used for parameter choice
valid,pure_stagewise_score,20,0.1195523443731538,0.490579777622413,0.2764631041323919,1.8647388528708784,0.6616378770381365,-0.0688705304156303,0.9500000000000004,0.75,positive rankic with robust-selected portfolio metrics; validation only for selection
test,pure_stagewise_score,20,0.1267515728887913,0.0268419097467234,0.0122851797375105,0.1539380665400949,0.1481942721939055,0.0,0.5500000000000002,0.6,holdout diagnostics only; not used for parameter choice
valid,pure_stagewise_score,30,0.1195523443731538,0.4456051831897254,0.2640296566864974,2.062164335016345,0.6416667193346077,-0.0483623078649361,0.9583333333333346,0.75,positive rankic with robust-selected portfolio metrics; validation only for selection
test,pure_stagewise_score,30,0.1267515728887913,0.0090568892132025,-0.0048548635771587,0.051240585313584,0.0074197512094432,0.0,0.606666666666667,0.6,holdout diagnostics only; not used for parameter choice
valid,pure_stagewise_score,30,0.1195523443731538,0.4291669912592939,0.2586609480564359,1.9761868913490683,0.567938148386883,-0.0485519573343613,0.9250000000000012,0.75,positive rankic with robust-selected portfolio metrics; validation only for selection
test,pure_stagewise_score,30,0.1267515728887913,-0.0102116267565454,-0.0241142105381157,-0.0589676861055433,-0.1480557227089808,-0.0024130610371468,0.5200000000000004,0.6,holdout diagnostics only; not used for parameter choice
valid,pure_stagewise_score,50,0.1195523443731538,0.4711564902253979,0.2850540355017961,2.4667362795967893,0.8144085346349055,-0.0303650887015861,0.9300000000000006,0.75,positive rankic with robust-selected portfolio metrics; validation only for selection
test,pure_stagewise_score,50,0.1267515728887913,0.028214879466486,0.0143941295006325,0.1648686709349146,0.142386707989905,0.0,0.5480000000000003,0.8,holdout diagnostics only; not used for parameter choice
valid,pure_stagewise_score,20,0.1195523443731538,0.0371716251754414,0.0482081271646926,0.325104429566874,-0.3077977837376531,0.0,0.9625000000000004,0.5,positive rankic with robust-selected portfolio metrics; validation only for selection
test,pure_stagewise_score,20,0.1267515728887913,-0.0089342221039421,-0.0222238084225106,-0.0533592803898396,-0.139231700544498,0.0,0.6300000000000002,0.6,holdout diagnostics only; not used for parameter choice
valid,pure_stagewise_score,20,0.1195523443731538,0.0547148670520556,0.0554248560286116,0.4512476462676593,-0.2786482767835179,0.0,0.9500000000000004,0.5,positive rankic with robust-selected portfolio metrics; validation only for selection
test,pure_stagewise_score,20,0.1267515728887913,0.0060757712641683,-0.0066487126669903,0.0406239402186435,-0.0479194809593831,-9.717273064591136e-05,0.5800000000000003,0.6,holdout diagnostics only; not used for parameter choice
valid,pure_stagewise_score,30,0.1195523443731538,0.0862031997167482,0.0654242128171214,0.6365966078301132,-0.2247227840706974,-0.0144470229046425,0.9500000000000012,0.5,positive rankic with robust-selected portfolio metrics; validation only for selection
test,pure_stagewise_score,30,0.1267515728887913,-0.0287295824091773,-0.0431864103179293,-0.1698683693334481,-0.340052288793277,-0.0028011740030916,0.5800000000000003,0.4,holdout diagnostics only; not used for parameter choice
valid,pure_stagewise_score,30,0.1195523443731538,0.0862031997167482,0.0654242128171214,0.6365966078301132,-0.2247227840706974,-0.0144470229046425,0.9500000000000012,0.5,positive rankic with robust-selected portfolio metrics; validation only for selection
test,pure_stagewise_score,30,0.1267515728887913,-0.0181547450456757,-0.0324856548477818,-0.1048845776800315,-0.2267485887618054,-0.0040657805032499,0.546666666666667,0.6,holdout diagnostics only; not used for parameter choice
valid,pure_stagewise_score,50,0.1195523443731538,0.2253523160075257,0.1572650783585201,2.319528579504971,0.0648052421959379,-0.0104547147841468,0.9500000000000006,0.5,positive rankic with robust-selected portfolio metrics; validation only for selection
test,pure_stagewise_score,50,0.1267515728887913,0.0063780288445862,-0.0074956005880666,0.0339105886467042,0.0005548403868745,0.0,0.5280000000000002,0.8,holdout diagnostics only; not used for parameter choice
valid,pure_stagewise_score,20,0.1195523443731538,0.07554208079774,-0.0041883421239117,0.8091228228242927,-0.4627559721008786,-0.0333231850873457,0.9000000000000005,0.25,positive rankic with robust-selected portfolio metrics; validation only for selection
test,pure_stagewise_score,20,0.1267515728887913,0.0190664339553645,0.0047921137040351,0.1002360327516853,0.0842437799780167,-0.006518705929301,0.6500000000000001,0.6,holdout diagnostics only; not used for parameter choice
valid,pure_stagewise_score,20,0.1195523443731538,0.07554208079774,-0.0041883421239117,0.8091228228242927,-0.4627559721008786,-0.0333231850873457,0.9000000000000005,0.25,positive rankic with robust-selected portfolio metrics; validation only for selection
test,pure_stagewise_score,20,0.1267515728887913,-0.0117084722656198,-0.0254913374115657,-0.0645737123222191,-0.131731334242977,-0.006518705929301,0.5600000000000002,0.6,holdout diagnostics only; not used for parameter choice
valid,pure_stagewise_score,30,0.1195523443731538,0.1911719108929594,0.0963780771419361,1.375492126102087,-0.0160181259888429,-0.0266660311337914,0.9333333333333346,0.5,positive rankic with robust-selected portfolio metrics; validation only for selection
test,pure_stagewise_score,30,0.1267515728887913,0.0093622828645762,-0.0053694792332016,0.0547070255406354,0.0024886557096144,-0.0011486940241067,0.5466666666666669,0.8,holdout diagnostics only; not used for parameter choice
valid,pure_stagewise_score,30,0.1195523443731538,0.1921637443444719,0.0980224136632513,1.3880144762872877,-0.0131979558694193,-0.0266660311337915,0.8916666666666678,0.5,positive rankic with robust-selected portfolio metrics; validation only for selection
test,pure_stagewise_score,30,0.1267515728887913,-0.0035988632492822,-0.0178927584293243,-0.0199595101175907,-0.0854425302252955,-0.0069487271134925,0.48,0.4,holdout diagnostics only; not used for parameter choice
valid,pure_stagewise_score,50,0.1195523443731538,0.1465802132321654,0.0582434255182252,1.283020034304445,-0.1767748635263942,-0.0237650983989811,0.8450000000000004,0.5,positive rankic with robust-selected portfolio metrics; validation only for selection
test,pure_stagewise_score,50,0.1267515728887913,0.0016965373317776,-0.0123093478220937,0.0096334353099843,-0.0499239749707998,-0.0036061438377645,0.4320000000000002,0.8,holdout diagnostics only; not used for parameter choice
valid,pure_stagewise_score,20,0.1195469969346063,0.490579777622413,0.2764631041323919,1.8647388528708784,0.6616378770381365,-0.0688705304156303,0.9500000000000004,0.75,positive rankic with robust-selected portfolio metrics; validation only for selection
test,pure_stagewise_score,20,0.126747597063567,0.0582902252476478,0.0429803155197204,0.3217181285718862,0.3557503608038725,0.0,0.6100000000000002,0.8,holdout diagnostics only; not used for parameter choice
valid,pure_stagewise_score,20,0.1195469969346063,0.490579777622413,0.2764631041323919,1.8647388528708784,0.6616378770381365,-0.0688705304156303,0.9500000000000004,0.75,positive rankic with robust-selected portfolio metrics; validation only for selection
test,pure_stagewise_score,20,0.126747597063567,0.0268419097467234,0.0122851797375105,0.1539380665400949,0.1481942721939055,0.0,0.5500000000000002,0.6,holdout diagnostics only; not used for parameter choice
valid,pure_stagewise_score,30,0.1195469969346063,0.4456051831897254,0.2640296566864974,2.062164335016345,0.6416667193346077,-0.0483623078649361,0.9583333333333346,0.75,positive rankic with robust-selected portfolio metrics; validation only for selection
test,pure_stagewise_score,30,0.126747597063567,0.0090568892132025,-0.0048548635771587,0.051240585313584,0.0074197512094432,0.0,0.606666666666667,0.6,holdout diagnostics only; not used for parameter choice
valid,pure_stagewise_score,30,0.1195469969346063,0.4291669912592939,0.2586609480564359,1.9761868913490683,0.567938148386883,-0.0485519573343613,0.9250000000000012,0.75,positive rankic with robust-selected portfolio metrics; validation only for selection
test,pure_stagewise_score,30,0.126747597063567,-0.0102116267565454,-0.0241142105381157,-0.0589676861055433,-0.1480557227089808,-0.0024130610371468,0.5200000000000004,0.6,holdout diagnostics only; not used for parameter choice
valid,pure_stagewise_score,50,0.1195469969346063,0.4711564902253979,0.2850540355017961,2.4667362795967893,0.8144085346349055,-0.0303650887015861,0.9300000000000006,0.75,positive rankic with robust-selected portfolio metrics; validation only for selection
test,pure_stagewise_score,50,0.126747597063567,0.028214879466486,0.0143941295006325,0.1648686709349146,0.142386707989905,0.0,0.5480000000000003,0.8,holdout diagnostics only; not used for parameter choice
valid,pure_stagewise_score,20,0.1195469969346063,0.0371716251754414,0.0482081271646926,0.325104429566874,-0.3077977837376531,0.0,0.9625000000000004,0.5,positive rankic with robust-selected portfolio metrics; validation only for selection
test,pure_stagewise_score,20,0.126747597063567,-0.0089342221039421,-0.0222238084225106,-0.0533592803898396,-0.139231700544498,0.0,0.6300000000000002,0.6,holdout diagnostics only; not used for parameter choice
valid,pure_stagewise_score,20,0.1195469969346063,0.0547148670520556,0.0554248560286116,0.4512476462676593,-0.2786482767835179,0.0,0.9500000000000004,0.5,positive rankic with robust-selected portfolio metrics; validation only for selection
test,pure_stagewise_score,20,0.126747597063567,0.0060757712641683,-0.0066487126669903,0.0406239402186435,-0.0479194809593831,-9.717273064591136e-05,0.5800000000000003,0.6,holdout diagnostics only; not used for parameter choice
valid,pure_stagewise_score,30,0.1195469969346063,0.0862031997167482,0.0654242128171214,0.6365966078301132,-0.2247227840706974,-0.0144470229046425,0.9500000000000012,0.5,positive rankic with robust-selected portfolio metrics; validation only for selection
test,pure_stagewise_score,30,0.126747597063567,-0.0287295824091773,-0.0431864103179293,-0.1698683693334481,-0.340052288793277,-0.0028011740030916,0.5800000000000003,0.4,holdout diagnostics only; not used for parameter choice
valid,pure_stagewise_score,30,0.1195469969346063,0.0862031997167482,0.0654242128171214,0.6365966078301132,-0.2247227840706974,-0.0144470229046425,0.9500000000000012,0.5,positive rankic with robust-selected portfolio metrics; validation only for selection
test,pure_stagewise_score,30,0.126747597063567,-0.0181547450456757,-0.0324856548477818,-0.1048845776800315,-0.2267485887618054,-0.0040657805032499,0.546666666666667,0.6,holdout diagnostics only; not used for parameter choice
valid,pure_stagewise_score,50,0.1195469969346063,0.2253523160075257,0.1572650783585201,2.319528579504971,0.0648052421959379,-0.0104547147841468,0.9500000000000006,0.5,positive rankic with robust-selected portfolio metrics; validation only for selection
test,pure_stagewise_score,50,0.126747597063567,0.0063780288445862,-0.0074956005880666,0.0339105886467042,0.0005548403868745,0.0,0.5280000000000002,0.8,holdout diagnostics only; not used for parameter choice
valid,pure_stagewise_score,20,0.1195469969346063,0.07554208079774,-0.0041883421239117,0.8091228228242927,-0.4627559721008786,-0.0333231850873457,0.9000000000000005,0.25,positive rankic with robust-selected portfolio metrics; validation only for selection
test,pure_stagewise_score,20,0.126747597063567,0.0190664339553645,0.0047921137040351,0.1002360327516853,0.0842437799780167,-0.006518705929301,0.6500000000000001,0.6,holdout diagnostics only; not used for parameter choice
valid,pure_stagewise_score,20,0.1195469969346063,0.07554208079774,-0.0041883421239117,0.8091228228242927,-0.4627559721008786,-0.0333231850873457,0.9000000000000005,0.25,positive rankic with robust-selected portfolio metrics; validation only for selection
test,pure_stagewise_score,20,0.126747597063567,-0.0117084722656198,-0.0254913374115657,-0.0645737123222191,-0.131731334242977,-0.006518705929301,0.5600000000000002,0.6,holdout diagnostics only; not used for parameter choice
valid,pure_stagewise_score,30,0.1195469969346063,0.1911719108929594,0.0963780771419361,1.375492126102087,-0.0160181259888429,-0.0266660311337914,0.9333333333333346,0.5,positive rankic with robust-selected portfolio metrics; validation only for selection
test,pure_stagewise_score,30,0.126747597063567,0.0093622828645762,-0.0053694792332016,0.0547070255406354,0.0024886557096144,-0.0011486940241067,0.5466666666666669,0.8,holdout diagnostics only; not used for parameter choice
valid,pure_stagewise_score,30,0.1195469969346063,0.1921637443444719,0.0980224136632513,1.3880144762872877,-0.0131979558694193,-0.0266660311337915,0.8916666666666678,0.5,positive rankic with robust-selected portfolio metrics; validation only for selection
test,pure_stagewise_score,30,0.126747597063567,-0.0035988632492822,-0.0178927584293243,-0.0199595101175907,-0.0854425302252955,-0.0069487271134925,0.48,0.4,holdout diagnostics only; not used for parameter choice
valid,pure_stagewise_score,50,0.1195469969346063,0.1465802132321654,0.0582434255182252,1.283020034304445,-0.1767748635263942,-0.0237650983989811,0.8450000000000004,0.5,positive rankic with robust-selected portfolio metrics; validation only for selection
test,pure_stagewise_score,50,0.126747597063567,0.0016965373317776,-0.0123093478220937,0.0096334353099843,-0.0499239749707998,-0.0036061438377645,0.4320000000000002,0.8,holdout diagnostics only; not used for parameter choice
valid,pure_stagewise_score,20,0.1195532035787554,0.490579777622413,0.2764631041323919,1.8647388528708784,0.6616378770381365,-0.0688705304156303,0.9500000000000004,0.75,positive rankic with robust-selected portfolio metrics; validation only for selection
test,pure_stagewise_score,20,0.12675581593005,0.0582902252476478,0.0429803155197204,0.3217181285718862,0.3557503608038725,0.0,0.6100000000000002,0.8,holdout diagnostics only; not used for parameter choice
valid,pure_stagewise_score,20,0.1195532035787554,0.490579777622413,0.2764631041323919,1.8647388528708784,0.6616378770381365,-0.0688705304156303,0.9500000000000004,0.75,positive rankic with robust-selected portfolio metrics; validation only for selection
test,pure_stagewise_score,20,0.12675581593005,0.0268419097467234,0.0122851797375105,0.1539380665400949,0.1481942721939055,0.0,0.5500000000000002,0.6,holdout diagnostics only; not used for parameter choice
valid,pure_stagewise_score,30,0.1195532035787554,0.4456051831897254,0.2640296566864974,2.062164335016345,0.6416667193346077,-0.0483623078649361,0.9583333333333346,0.75,positive rankic with robust-selected portfolio metrics; validation only for selection
test,pure_stagewise_score,30,0.12675581593005,0.0090568892132025,-0.0048548635771587,0.051240585313584,0.0074197512094432,0.0,0.606666666666667,0.6,holdout diagnostics only; not used for parameter choice
valid,pure_stagewise_score,30,0.1195532035787554,0.4291669912592939,0.2586609480564359,1.9761868913490683,0.567938148386883,-0.0485519573343613,0.9250000000000012,0.75,positive rankic with robust-selected portfolio metrics; validation only for selection
test,pure_stagewise_score,30,0.12675581593005,-0.0102116267565454,-0.0241142105381157,-0.0589676861055433,-0.1480557227089808,-0.0024130610371468,0.5200000000000004,0.6,holdout diagnostics only; not used for parameter choice
valid,pure_stagewise_score,50,0.1195532035787554,0.4711564902253979,0.2850540355017961,2.4667362795967893,0.8144085346349055,-0.0303650887015861,0.9300000000000006,0.75,positive rankic with robust-selected portfolio metrics; validation only for selection
test,pure_stagewise_score,50,0.12675581593005,0.028214879466486,0.0143941295006325,0.1648686709349146,0.142386707989905,0.0,0.5480000000000003,0.8,holdout diagnostics only; not used for parameter choice
valid,pure_stagewise_score,20,0.1195532035787554,0.0371716251754414,0.0482081271646926,0.325104429566874,-0.3077977837376531,0.0,0.9625000000000004,0.5,positive rankic with robust-selected portfolio metrics; validation only for selection
test,pure_stagewise_score,20,0.12675581593005,-0.0089342221039421,-0.0222238084225106,-0.0533592803898396,-0.139231700544498,0.0,0.6300000000000002,0.6,holdout diagnostics only; not used for parameter choice
valid,pure_stagewise_score,20,0.1195532035787554,0.0547148670520556,0.0554248560286116,0.4512476462676593,-0.2786482767835179,0.0,0.9500000000000004,0.5,positive rankic with robust-selected portfolio metrics; validation only for selection
test,pure_stagewise_score,20,0.12675581593005,0.0060757712641683,-0.0066487126669903,0.0406239402186435,-0.0479194809593831,-9.717273064591136e-05,0.5800000000000003,0.6,holdout diagnostics only; not used for parameter choice
valid,pure_stagewise_score,30,0.1195532035787554,0.0862031997167482,0.0654242128171214,0.6365966078301132,-0.2247227840706974,-0.0144470229046425,0.9500000000000012,0.5,positive rankic with robust-selected portfolio metrics; validation only for selection
test,pure_stagewise_score,30,0.12675581593005,-0.0287295824091773,-0.0431864103179293,-0.1698683693334481,-0.340052288793277,-0.0028011740030916,0.5800000000000003,0.4,holdout diagnostics only; not used for parameter choice
valid,pure_stagewise_score,30,0.1195532035787554,0.0862031997167482,0.0654242128171214,0.6365966078301132,-0.2247227840706974,-0.0144470229046425,0.9500000000000012,0.5,positive rankic with robust-selected portfolio metrics; validation only for selection
test,pure_stagewise_score,30,0.12675581593005,-0.0181547450456757,-0.0324856548477818,-0.1048845776800315,-0.2267485887618054,-0.0040657805032499,0.546666666666667,0.6,holdout diagnostics only; not used for parameter choice
valid,pure_stagewise_score,50,0.1195532035787554,0.2253523160075257,0.1572650783585201,2.319528579504971,0.0648052421959379,-0.0104547147841468,0.9500000000000006,0.5,positive rankic with robust-selected portfolio metrics; validation only for selection
test,pure_stagewise_score,50,0.12675581593005,0.0063780288445862,-0.0074956005880666,0.0339105886467042,0.0005548403868745,0.0,0.5280000000000002,0.8,holdout diagnostics only; not used for parameter choice
valid,pure_stagewise_score,20,0.1195532035787554,0.07554208079774,-0.0041883421239117,0.8091228228242927,-0.4627559721008786,-0.0333231850873457,0.9000000000000005,0.25,positive rankic with robust-selected portfolio metrics; validation only for selection
test,pure_stagewise_score,20,0.12675581593005,0.0190664339553645,0.0047921137040351,0.1002360327516853,0.0842437799780167,-0.006518705929301,0.6500000000000001,0.6,holdout diagnostics only; not used for parameter choice
valid,pure_stagewise_score,20,0.1195532035787554,0.07554208079774,-0.0041883421239117,0.8091228228242927,-0.4627559721008786,-0.0333231850873457,0.9000000000000005,0.25,positive rankic with robust-selected portfolio metrics; validation only for selection
test,pure_stagewise_score,20,0.12675581593005,-0.0117084722656198,-0.0254913374115657,-0.0645737123222191,-0.131731334242977,-0.006518705929301,0.5600000000000002,0.6,holdout diagnostics only; not used for parameter choice
valid,pure_stagewise_score,30,0.1195532035787554,0.1911719108929594,0.0963780771419361,1.375492126102087,-0.0160181259888429,-0.0266660311337914,0.9333333333333346,0.5,positive rankic with robust-selected portfolio metrics; validation only for selection
test,pure_stagewise_score,30,0.12675581593005,0.0093622828645762,-0.0053694792332016,0.0547070255406354,0.0024886557096144,-0.0011486940241067,0.5466666666666669,0.8,holdout diagnostics only; not used for parameter choice
valid,pure_stagewise_score,30,0.1195532035787554,0.1921637443444719,0.0980224136632513,1.3880144762872877,-0.0131979558694193,-0.0266660311337915,0.8916666666666678,0.5,positive rankic with robust-selected portfolio metrics; validation only for selection
test,pure_stagewise_score,30,0.12675581593005,-0.0035988632492822,-0.0178927584293243,-0.0199595101175907,-0.0854425302252955,-0.0069487271134925,0.48,0.4,holdout diagnostics only; not used for parameter choice
valid,pure_stagewise_score,50,0.1195532035787554,0.1465802132321654,0.0582434255182252,1.283020034304445,-0.1767748635263942,-0.0237650983989811,0.8450000000000004,0.5,positive rankic with robust-selected portfolio metrics; validation only for selection
test,pure_stagewise_score,50,0.12675581593005,0.0016965373317776,-0.0123093478220937,0.0096334353099843,-0.0499239749707998,-0.0036061438377645,0.4320000000000002,0.8,holdout diagnostics only; not used for parameter choice
valid,pure_stagewise_score,20,0.1195563526180171,0.490579777622413,0.2764631041323919,1.8647388528708784,0.6616378770381365,-0.0688705304156303,0.9500000000000004,0.75,positive rankic with robust-selected portfolio metrics; validation only for selection
test,pure_stagewise_score,20,0.126761012721515,0.0582902252476478,0.0429803155197204,0.3217181285718862,0.3557503608038725,0.0,0.6100000000000002,0.8,holdout diagnostics only; not used for parameter choice
valid,pure_stagewise_score,20,0.1195563526180171,0.490579777622413,0.2764631041323919,1.8647388528708784,0.6616378770381365,-0.0688705304156303,0.9500000000000004,0.75,positive rankic with robust-selected portfolio metrics; validation only for selection
test,pure_stagewise_score,20,0.126761012721515,0.0268419097467234,0.0122851797375105,0.1539380665400949,0.1481942721939055,0.0,0.5500000000000002,0.6,holdout diagnostics only; not used for parameter choice
valid,pure_stagewise_score,30,0.1195563526180171,0.4456051831897254,0.2640296566864974,2.062164335016345,0.6416667193346077,-0.0483623078649361,0.9583333333333346,0.75,positive rankic with robust-selected portfolio metrics; validation only for selection
test,pure_stagewise_score,30,0.126761012721515,0.0090568892132025,-0.0048548635771587,0.051240585313584,0.0074197512094432,0.0,0.606666666666667,0.6,holdout diagnostics only; not used for parameter choice
valid,pure_stagewise_score,30,0.1195563526180171,0.4291669912592939,0.2586609480564359,1.9761868913490683,0.567938148386883,-0.0485519573343613,0.9250000000000012,0.75,positive rankic with robust-selected portfolio metrics; validation only for selection
test,pure_stagewise_score,30,0.126761012721515,-0.0102116267565454,-0.0241142105381157,-0.0589676861055433,-0.1480557227089808,-0.0024130610371468,0.5200000000000004,0.6,holdout diagnostics only; not used for parameter choice
valid,pure_stagewise_score,50,0.1195563526180171,0.4711564902253979,0.2850540355017961,2.4667362795967893,0.8144085346349055,-0.0303650887015861,0.9300000000000006,0.75,positive rankic with robust-selected portfolio metrics; validation only for selection
test,pure_stagewise_score,50,0.126761012721515,0.028214879466486,0.0143941295006325,0.1648686709349146,0.142386707989905,0.0,0.5480000000000003,0.8,holdout diagnostics only; not used for parameter choice
valid,pure_stagewise_score,20,0.1195563526180171,0.0371716251754414,0.0482081271646926,0.325104429566874,-0.3077977837376531,0.0,0.9625000000000004,0.5,positive rankic with robust-selected portfolio metrics; validation only for selection
test,pure_stagewise_score,20,0.126761012721515,-0.0089342221039421,-0.0222238084225106,-0.0533592803898396,-0.139231700544498,0.0,0.6300000000000002,0.6,holdout diagnostics only; not used for parameter choice
valid,pure_stagewise_score,20,0.1195563526180171,0.0547148670520556,0.0554248560286116,0.4512476462676593,-0.2786482767835179,0.0,0.9500000000000004,0.5,positive rankic with robust-selected portfolio metrics; validation only for selection
test,pure_stagewise_score,20,0.126761012721515,0.0060757712641683,-0.0066487126669903,0.0406239402186435,-0.0479194809593831,-9.717273064591136e-05,0.5800000000000003,0.6,holdout diagnostics only; not used for parameter choice
valid,pure_stagewise_score,30,0.1195563526180171,0.0862031997167482,0.0654242128171214,0.6365966078301132,-0.2247227840706974,-0.0144470229046425,0.9500000000000012,0.5,positive rankic with robust-selected portfolio metrics; validation only for selection
test,pure_stagewise_score,30,0.126761012721515,-0.0287295824091773,-0.0431864103179293,-0.1698683693334481,-0.340052288793277,-0.0028011740030916,0.5800000000000003,0.4,holdout diagnostics only; not used for parameter choice
valid,pure_stagewise_score,30,0.1195563526180171,0.0862031997167482,0.0654242128171214,0.6365966078301132,-0.2247227840706974,-0.0144470229046425,0.9500000000000012,0.5,positive rankic with robust-selected portfolio metrics; validation only for selection
test,pure_stagewise_score,30,0.126761012721515,-0.0181547450456757,-0.0324856548477818,-0.1048845776800315,-0.2267485887618054,-0.0040657805032499,0.546666666666667,0.6,holdout diagnostics only; not used for parameter choice
valid,pure_stagewise_score,50,0.1195563526180171,0.2253523160075257,0.1572650783585201,2.319528579504971,0.0648052421959379,-0.0104547147841468,0.9500000000000006,0.5,positive rankic with robust-selected portfolio metrics; validation only for selection
test,pure_stagewise_score,50,0.126761012721515,0.0063780288445862,-0.0074956005880666,0.0339105886467042,0.0005548403868745,0.0,0.5280000000000002,0.8,holdout diagnostics only; not used for parameter choice
valid,pure_stagewise_score,20,0.1195563526180171,0.07554208079774,-0.0041883421239117,0.8091228228242927,-0.4627559721008786,-0.0333231850873457,0.9000000000000005,0.25,positive rankic with robust-selected portfolio metrics; validation only for selection
test,pure_stagewise_score,20,0.126761012721515,0.0190664339553645,0.0047921137040351,0.1002360327516853,0.0842437799780167,-0.006518705929301,0.6500000000000001,0.6,holdout diagnostics only; not used for parameter choice
valid,pure_stagewise_score,20,0.1195563526180171,0.07554208079774,-0.0041883421239117,0.8091228228242927,-0.4627559721008786,-0.0333231850873457,0.9000000000000005,0.25,positive rankic with robust-selected portfolio metrics; validation only for selection
test,pure_stagewise_score,20,0.126761012721515,-0.0117084722656198,-0.0254913374115657,-0.0645737123222191,-0.131731334242977,-0.006518705929301,0.5600000000000002,0.6,holdout diagnostics only; not used for parameter choice
valid,pure_stagewise_score,30,0.1195563526180171,0.1911719108929594,0.0963780771419361,1.375492126102087,-0.0160181259888429,-0.0266660311337914,0.9333333333333346,0.5,positive rankic with robust-selected portfolio metrics; validation only for selection
test,pure_stagewise_score,30,0.126761012721515,0.0093622828645762,-0.0053694792332016,0.0547070255406354,0.0024886557096144,-0.0011486940241067,0.5466666666666669,0.8,holdout diagnostics only; not used for parameter choice
valid,pure_stagewise_score,30,0.1195563526180171,0.1921637443444719,0.0980224136632513,1.3880144762872877,-0.0131979558694193,-0.0266660311337915,0.8916666666666678,0.5,positive rankic with robust-selected portfolio metrics; validation only for selection
test,pure_stagewise_score,30,0.126761012721515,-0.0035988632492822,-0.0178927584293243,-0.0199595101175907,-0.0854425302252955,-0.0069487271134925,0.48,0.4,holdout diagnostics only; not used for parameter choice
valid,pure_stagewise_score,50,0.1195563526180171,0.1465802132321654,0.0582434255182252,1.283020034304445,-0.1767748635263942,-0.0237650983989811,0.8450000000000004,0.5,positive rankic with robust-selected portfolio metrics; validation only for selection
test,pure_stagewise_score,50,0.126761012721515,-0.0009502202969327,-0.0149056574059701,-0.0054200411108431,-0.0711040601645523,-0.0036061438377645,0.4320000000000002,0.6,holdout diagnostics only; not used for parameter choice
valid,pure_stagewise_score,20,0.119592477710491,0.490579777622413,0.2764631041323919,1.8647388528708784,0.6616378770381365,-0.0688705304156303,0.9500000000000004,0.75,positive rankic with robust-selected portfolio metrics; validation only for selection
test,pure_stagewise_score,20,0.1268021731333758,0.0582902252476478,0.0429803155197204,0.3217181285718862,0.3557503608038725,0.0,0.6100000000000002,0.8,holdout diagnostics only; not used for parameter choice
valid,pure_stagewise_score,20,0.119592477710491,0.490579777622413,0.2764631041323919,1.8647388528708784,0.6616378770381365,-0.0688705304156303,0.9500000000000004,0.75,positive rankic with robust-selected portfolio metrics; validation only for selection
test,pure_stagewise_score,20,0.1268021731333758,0.0268419097467234,0.0122851797375105,0.1539380665400949,0.1481942721939055,0.0,0.5500000000000002,0.6,holdout diagnostics only; not used for parameter choice
valid,pure_stagewise_score,30,0.119592477710491,0.4456051831897254,0.2640296566864974,2.062164335016345,0.6416667193346077,-0.0483623078649361,0.9583333333333346,0.75,positive rankic with robust-selected portfolio metrics; validation only for selection
test,pure_stagewise_score,30,0.1268021731333758,0.0090568892132025,-0.0048548635771587,0.051240585313584,0.0074197512094432,0.0,0.606666666666667,0.6,holdout diagnostics only; not used for parameter choice
valid,pure_stagewise_score,30,0.119592477710491,0.4291669912592939,0.2586609480564359,1.9761868913490683,0.567938148386883,-0.0485519573343613,0.9250000000000012,0.75,positive rankic with robust-selected portfolio metrics; validation only for selection
test,pure_stagewise_score,30,0.1268021731333758,-0.0102116267565454,-0.0241142105381157,-0.0589676861055433,-0.1480557227089808,-0.0024130610371468,0.5200000000000004,0.6,holdout diagnostics only; not used for parameter choice
valid,pure_stagewise_score,50,0.119592477710491,0.4711564902253979,0.2850540355017961,2.4667362795967893,0.8144085346349055,-0.0303650887015861,0.9300000000000006,0.75,positive rankic with robust-selected portfolio metrics; validation only for selection
test,pure_stagewise_score,50,0.1268021731333758,0.028214879466486,0.0143941295006325,0.1648686709349146,0.142386707989905,0.0,0.5480000000000003,0.8,holdout diagnostics only; not used for parameter choice
valid,pure_stagewise_score,20,0.119592477710491,0.0371716251754414,0.0482081271646926,0.325104429566874,-0.3077977837376531,0.0,0.9625000000000004,0.5,positive rankic with robust-selected portfolio metrics; validation only for selection
test,pure_stagewise_score,20,0.1268021731333758,-0.0089342221039421,-0.0222238084225106,-0.0533592803898396,-0.139231700544498,0.0,0.6300000000000002,0.6,holdout diagnostics only; not used for parameter choice
valid,pure_stagewise_score,20,0.119592477710491,0.0547148670520556,0.0554248560286116,0.4512476462676593,-0.2786482767835179,0.0,0.9500000000000004,0.5,positive rankic with robust-selected portfolio metrics; validation only for selection
test,pure_stagewise_score,20,0.1268021731333758,0.0060757712641683,-0.0066487126669903,0.0406239402186435,-0.0479194809593831,-9.717273064591136e-05,0.5800000000000003,0.6,holdout diagnostics only; not used for parameter choice
valid,pure_stagewise_score,30,0.119592477710491,0.0862031997167482,0.0654242128171214,0.6365966078301132,-0.2247227840706974,-0.0144470229046425,0.9500000000000012,0.5,positive rankic with robust-selected portfolio metrics; validation only for selection
test,pure_stagewise_score,30,0.1268021731333758,-0.0287295824091773,-0.0431864103179293,-0.1698683693334481,-0.340052288793277,-0.0028011740030916,0.5800000000000003,0.4,holdout diagnostics only; not used for parameter choice
valid,pure_stagewise_score,30,0.119592477710491,0.0862031997167482,0.0654242128171214,0.6365966078301132,-0.2247227840706974,-0.0144470229046425,0.9500000000000012,0.5,positive rankic with robust-selected portfolio metrics; validation only for selection
test,pure_stagewise_score,30,0.1268021731333758,-0.0181547450456757,-0.0324856548477818,-0.1048845776800315,-0.2267485887618054,-0.0040657805032499,0.546666666666667,0.6,holdout diagnostics only; not used for parameter choice
valid,pure_stagewise_score,50,0.119592477710491,0.2253523160075257,0.1572650783585201,2.319528579504971,0.0648052421959379,-0.0104547147841468,0.9500000000000006,0.5,positive rankic with robust-selected portfolio metrics; validation only for selection
test,pure_stagewise_score,50,0.1268021731333758,0.0063780288445862,-0.0074956005880666,0.0339105886467042,0.0005548403868745,0.0,0.5280000000000002,0.8,holdout diagnostics only; not used for parameter choice
valid,pure_stagewise_score,20,0.119592477710491,0.07554208079774,-0.0041883421239117,0.8091228228242927,-0.4627559721008786,-0.0333231850873457,0.9000000000000005,0.25,positive rankic with robust-selected portfolio metrics; validation only for selection
test,pure_stagewise_score,20,0.1268021731333758,0.0190664339553645,0.0047921137040351,0.1002360327516853,0.0842437799780167,-0.006518705929301,0.6500000000000001,0.6,holdout diagnostics only; not used for parameter choice
valid,pure_stagewise_score,20,0.119592477710491,0.07554208079774,-0.0041883421239117,0.8091228228242927,-0.4627559721008786,-0.0333231850873457,0.9000000000000005,0.25,positive rankic with robust-selected portfolio metrics; validation only for selection
test,pure_stagewise_score,20,0.1268021731333758,-0.0060150251664266,-0.0197649179277969,-0.0334082525957119,-0.0946744497750352,-0.006518705929301,0.5700000000000002,0.6,holdout diagnostics only; not used for parameter choice
valid,pure_stagewise_score,30,0.119592477710491,0.1911719108929594,0.0963780771419361,1.375492126102087,-0.0160181259888429,-0.0266660311337914,0.9333333333333346,0.5,positive rankic with robust-selected portfolio metrics; validation only for selection
test,pure_stagewise_score,30,0.1268021731333758,0.0093622828645762,-0.0053694792332016,0.0547070255406354,0.0024886557096145,-0.0011486940241067,0.5466666666666669,0.8,holdout diagnostics only; not used for parameter choice
valid,pure_stagewise_score,30,0.119592477710491,0.1981337948357406,0.1031634764524907,1.441480857405643,0.0040550446158256,-0.0266660311337915,0.8916666666666678,0.5,positive rankic with robust-selected portfolio metrics; validation only for selection
test,pure_stagewise_score,30,0.1268021731333758,-0.0036159655696915,-0.0179089967668609,-0.0200554981980876,-0.0855829381655932,-0.0069487271134925,0.4933333333333333,0.4,holdout diagnostics only; not used for parameter choice
valid,pure_stagewise_score,50,0.119592477710491,0.1465802132321654,0.0582434255182252,1.283020034304445,-0.1767748635263942,-0.0237650983989811,0.8450000000000004,0.5,positive rankic with robust-selected portfolio metrics; validation only for selection
test,pure_stagewise_score,50,0.1268021731333758,-0.0014762619633538,-0.0154605252334127,-0.0084246727743897,-0.0757164098258327,-0.0036061438377645,0.4360000000000002,0.6,holdout diagnostics only; not used for parameter choice
valid,pure_stagewise_score,20,0.0221715644171857,0.3252093820693265,0.2231860953645459,1.8982335293699104,0.2914515340515152,-0.0265931275252987,0.6250000000000002,0.75,positive rankic with robust-selected portfolio metrics; validation only for selection
test,pure_stagewise_score,20,0.0366470950302103,0.0968151108542834,0.0790899316503326,0.5490821999758583,0.643303814818006,0.0,0.8600000000000003,0.8,holdout diagnostics only; not used for parameter choice
valid,pure_stagewise_score,20,0.0221715644171857,0.3536738275387698,0.2209268895014864,2.2753220997694847,0.4581833173467584,-0.0265931275252986,0.5625000000000002,0.75,positive rankic with robust-selected portfolio metrics; validation only for selection
test,pure_stagewise_score,20,0.0366470950302103,0.0930758146380716,0.0757390899508071,0.5292046840198106,0.6031872646770596,0.0,0.8400000000000004,0.6,holdout diagnostics only; not used for parameter choice
valid,pure_stagewise_score,30,0.0221715644171857,0.149372028593578,0.0391087974516865,0.8270151823631572,-0.1184021290345307,-0.0805046457120398,0.6166666666666674,0.5,positive rankic with robust-selected portfolio metrics; validation only for selection
test,pure_stagewise_score,30,0.0366470950302103,0.0659517486318439,0.0509074148045834,0.3638267224344658,0.3661572366541727,0.0,0.8466666666666676,0.6,holdout diagnostics only; not used for parameter choice
valid,pure_stagewise_score,30,0.0221715644171857,0.1867870914198903,0.0533317168474589,0.982509221759059,-0.0075359694791378,-0.0805046457120397,0.5666666666666673,0.5,positive rankic with robust-selected portfolio metrics; validation only for selection
test,pure_stagewise_score,30,0.0366470950302103,0.0655788288765397,0.0504776234532703,0.3618932223412666,0.367722754725046,0.0,0.8333333333333343,0.6,holdout diagnostics only; not used for parameter choice
valid,pure_stagewise_score,50,0.0221715644171857,0.0788569836372212,-0.0203466501472391,0.3937379317589198,-0.2735392907146849,-0.0906480209123542,0.6250000000000004,0.5,positive rankic with robust-selected portfolio metrics; validation only for selection
test,pure_stagewise_score,50,0.0366470950302103,0.0720606714321629,0.0569080813164714,0.4146316688733801,0.4221699467656221,0.0,0.8360000000000005,0.8,holdout diagnostics only; not used for parameter choice
valid,pure_stagewise_score,20,0.0221715644171857,0.1749289301397305,-0.0089736314226675,0.7098450357772135,-0.0093346553974605,-0.1357627387169331,0.7750000000000005,0.5,positive rankic with robust-selected portfolio metrics; validation only for selection
test,pure_stagewise_score,20,0.0366470950302103,0.0696318540361524,0.0569005168828867,0.4575166044342031,0.3428312732089559,0.0,0.7300000000000003,0.6,holdout diagnostics only; not used for parameter choice
valid,pure_stagewise_score,20,0.0221715644171857,0.1898136059156716,-0.0013857838412559,0.7587553460969941,0.0479149970953351,-0.1357627387169331,0.7250000000000003,0.5,positive rankic with robust-selected portfolio metrics; validation only for selection
test,pure_stagewise_score,20,0.0366470950302103,0.0519280214638051,0.0395081236377211,0.344378299518105,0.2547244352152427,0.0,0.7000000000000004,0.6,holdout diagnostics only; not used for parameter choice
valid,pure_stagewise_score,30,0.0221715644171857,0.1247893290668291,-0.0404224744738635,0.5055498325555124,-0.1617552052116554,-0.1339497461496085,0.7166666666666675,0.25,positive rankic with robust-selected portfolio metrics; validation only for selection
test,pure_stagewise_score,30,0.0366470950302103,0.0385120335291777,0.0265888360920613,0.2364090466278755,0.1673379481925925,0.0,0.7600000000000008,0.4,holdout diagnostics only; not used for parameter choice
valid,pure_stagewise_score,30,0.0221715644171857,0.1334574767637621,-0.031144961485448,0.543281617440205,-0.1352480115844591,-0.1339497461496085,0.6666666666666674,0.25,positive rankic with robust-selected portfolio metrics; validation only for selection
test,pure_stagewise_score,30,0.0366470950302103,0.0399336982360321,0.0280506680905141,0.2440195899215798,0.1737972534958709,0.0,0.7333333333333341,0.4,holdout diagnostics only; not used for parameter choice
valid,pure_stagewise_score,50,0.0221715644171857,0.0289761383530056,-0.101730637088047,0.1297259287900175,-0.4446397833674901,-0.129509666349167,0.6650000000000005,0.25,positive rankic with robust-selected portfolio metrics; validation only for selection
test,pure_stagewise_score,50,0.0366470950302103,0.0403249646301251,0.0276171421015542,0.2504373811084321,0.1954176853334482,0.0,0.7400000000000005,0.6,holdout diagnostics only; not used for parameter choice
valid,pure_stagewise_score,20,0.0221715644171857,0.2468548677659843,0.0052061594793884,0.8595949059191539,0.3117016826161927,-0.1477437112548822,0.9000000000000004,0.75,positive rankic with robust-selected portfolio metrics; validation only for selection
test,pure_stagewise_score,20,0.0366470950302103,0.1068136528193983,0.0924552433952836,0.6278659159514367,0.4764642034971112,0.0,0.6200000000000002,0.6,holdout diagnostics only; not used for parameter choice
valid,pure_stagewise_score,20,0.0221715644171857,0.2115723123061503,-0.0097787281983036,0.7733399159955584,0.1589839684969062,-0.1477437112548821,0.8625000000000004,0.5,positive rankic with robust-selected portfolio metrics; validation only for selection
test,pure_stagewise_score,20,0.0366470950302103,0.106325331183199,0.0908628075310294,0.7190813747196662,0.5948873034451241,0.0,0.5700000000000002,0.6,holdout diagnostics only; not used for parameter choice
valid,pure_stagewise_score,30,0.0221715644171857,0.1687568194556452,-0.0336787601563735,0.6518510726998051,-0.0245926776974761,-0.1425733190130997,0.8166666666666674,0.25,positive rankic with robust-selected portfolio metrics; validation only for selection
test,pure_stagewise_score,30,0.0366470950302103,0.0836198380312931,0.0692712332456637,0.5051108956470322,0.4372525243525381,0.0,0.5666666666666671,0.6,holdout diagnostics only; not used for parameter choice
valid,pure_stagewise_score,30,0.0221715644171857,0.1535407281717296,-0.039221212065793,0.6095281833672921,-0.0901791460314074,-0.1425733190130996,0.7916666666666674,0.25,positive rankic with robust-selected portfolio metrics; validation only for selection
test,pure_stagewise_score,30,0.0366470950302103,0.0923959895791592,0.0776313642246204,0.5670408744993377,0.4862899601224858,0.0,0.5200000000000004,0.6,holdout diagnostics only; not used for parameter choice
valid,pure_stagewise_score,50,0.0221715644171857,0.1802517669431795,0.0040953124366196,0.7803264603496292,-0.0041468981436957,-0.115493667606783,0.7750000000000006,0.25,positive rankic with robust-selected portfolio metrics; validation only for selection
test,pure_stagewise_score,50,0.0366470950302103,0.0558391602500942,0.0424476115612512,0.3387049623878357,0.293646095301419,0.0,0.5480000000000004,0.6,holdout diagnostics only; not used for parameter choice
valid,pure_stagewise_score,20,0.0221715644171857,0.3252093820693265,0.2231860953645459,1.8982335293699104,0.2914515340515152,-0.0265931275252987,0.6250000000000002,0.75,positive rankic with robust-selected portfolio metrics; validation only for selection
test,pure_stagewise_score,20,0.0366475737749182,0.0968151108542834,0.0790899316503326,0.5490821999758583,0.643303814818006,0.0,0.8600000000000003,0.8,holdout diagnostics only; not used for parameter choice
valid,pure_stagewise_score,20,0.0221715644171857,0.3536738275387698,0.2209268895014864,2.2753220997694847,0.4581833173467584,-0.0265931275252986,0.5625000000000002,0.75,positive rankic with robust-selected portfolio metrics; validation only for selection
test,pure_stagewise_score,20,0.0366475737749182,0.0930758146380716,0.0757390899508071,0.5292046840198106,0.6031872646770596,0.0,0.8400000000000004,0.6,holdout diagnostics only; not used for parameter choice
valid,pure_stagewise_score,30,0.0221715644171857,0.149372028593578,0.0391087974516865,0.8270151823631572,-0.1184021290345307,-0.0805046457120398,0.6166666666666674,0.5,positive rankic with robust-selected portfolio metrics; validation only for selection
test,pure_stagewise_score,30,0.0366475737749182,0.0659517486318439,0.0509074148045834,0.3638267224344658,0.3661572366541727,0.0,0.8466666666666676,0.6,holdout diagnostics only; not used for parameter choice
valid,pure_stagewise_score,30,0.0221715644171857,0.1867870914198903,0.0533317168474589,0.982509221759059,-0.0075359694791378,-0.0805046457120397,0.5666666666666673,0.5,positive rankic with robust-selected portfolio metrics; validation only for selection
test,pure_stagewise_score,30,0.0366475737749182,0.0655788288765397,0.0504776234532703,0.3618932223412666,0.367722754725046,0.0,0.8333333333333343,0.6,holdout diagnostics only; not used for parameter choice
valid,pure_stagewise_score,50,0.0221715644171857,0.0788569836372212,-0.0203466501472391,0.3937379317589198,-0.2735392907146849,-0.0906480209123542,0.6250000000000004,0.5,positive rankic with robust-selected portfolio metrics; validation only for selection
test,pure_stagewise_score,50,0.0366475737749182,0.0720606714321629,0.0569080813164714,0.4146316688733801,0.4221699467656221,0.0,0.8360000000000005,0.8,holdout diagnostics only; not used for parameter choice
valid,pure_stagewise_score,20,0.0221715644171857,0.1749289301397305,-0.0089736314226675,0.7098450357772135,-0.0093346553974605,-0.1357627387169331,0.7750000000000005,0.5,positive rankic with robust-selected portfolio metrics; validation only for selection
test,pure_stagewise_score,20,0.0366475737749182,0.0696318540361524,0.0569005168828867,0.4575166044342031,0.3428312732089559,0.0,0.7300000000000003,0.6,holdout diagnostics only; not used for parameter choice
valid,pure_stagewise_score,20,0.0221715644171857,0.1898136059156716,-0.0013857838412559,0.7587553460969941,0.0479149970953351,-0.1357627387169331,0.7250000000000003,0.5,positive rankic with robust-selected portfolio metrics; validation only for selection
test,pure_stagewise_score,20,0.0366475737749182,0.0519280214638051,0.0395081236377211,0.344378299518105,0.2547244352152427,0.0,0.7000000000000004,0.6,holdout diagnostics only; not used for parameter choice
valid,pure_stagewise_score,30,0.0221715644171857,0.1247893290668291,-0.0404224744738635,0.5055498325555124,-0.1617552052116554,-0.1339497461496085,0.7166666666666675,0.25,positive rankic with robust-selected portfolio metrics; validation only for selection
test,pure_stagewise_score,30,0.0366475737749182,0.0385120335291777,0.0265888360920613,0.2364090466278755,0.1673379481925925,0.0,0.7600000000000008,0.4,holdout diagnostics only; not used for parameter choice
valid,pure_stagewise_score,30,0.0221715644171857,0.1334574767637621,-0.031144961485448,0.543281617440205,-0.1352480115844591,-0.1339497461496085,0.6666666666666674,0.25,positive rankic with robust-selected portfolio metrics; validation only for selection
test,pure_stagewise_score,30,0.0366475737749182,0.0399336982360321,0.0280506680905141,0.2440195899215798,0.1737972534958709,0.0,0.7333333333333341,0.4,holdout diagnostics only; not used for parameter choice
valid,pure_stagewise_score,50,0.0221715644171857,0.0289761383530056,-0.101730637088047,0.1297259287900175,-0.4446397833674901,-0.129509666349167,0.6650000000000005,0.25,positive rankic with robust-selected portfolio metrics; validation only for selection
test,pure_stagewise_score,50,0.0366475737749182,0.0403249646301251,0.0276171421015542,0.2504373811084321,0.1954176853334482,0.0,0.7400000000000005,0.6,holdout diagnostics only; not used for parameter choice
valid,pure_stagewise_score,20,0.0221715644171857,0.2468548677659843,0.0052061594793884,0.8595949059191539,0.3117016826161927,-0.1477437112548822,0.9000000000000004,0.75,positive rankic with robust-selected portfolio metrics; validation only for selection
test,pure_stagewise_score,20,0.0366475737749182,0.1068136528193983,0.0924552433952836,0.6278659159514367,0.4764642034971112,0.0,0.6200000000000002,0.6,holdout diagnostics only; not used for parameter choice
valid,pure_stagewise_score,20,0.0221715644171857,0.2115723123061503,-0.0097787281983036,0.7733399159955584,0.1589839684969062,-0.1477437112548821,0.8625000000000004,0.5,positive rankic with robust-selected portfolio metrics; validation only for selection
test,pure_stagewise_score,20,0.0366475737749182,0.106325331183199,0.0908628075310294,0.7190813747196662,0.5948873034451241,0.0,0.5700000000000002,0.6,holdout diagnostics only; not used for parameter choice
valid,pure_stagewise_score,30,0.0221715644171857,0.1687568194556452,-0.0336787601563735,0.6518510726998051,-0.0245926776974761,-0.1425733190130997,0.8166666666666674,0.25,positive rankic with robust-selected portfolio metrics; validation only for selection
test,pure_stagewise_score,30,0.0366475737749182,0.0836198380312931,0.0692712332456637,0.5051108956470322,0.4372525243525381,0.0,0.5666666666666671,0.6,holdout diagnostics only; not used for parameter choice
valid,pure_stagewise_score,30,0.0221715644171857,0.1535407281717296,-0.039221212065793,0.6095281833672921,-0.0901791460314074,-0.1425733190130996,0.7916666666666674,0.25,positive rankic with robust-selected portfolio metrics; validation only for selection
test,pure_stagewise_score,30,0.0366475737749182,0.0923959895791592,0.0776313642246204,0.5670408744993377,0.4862899601224858,0.0,0.5200000000000004,0.6,holdout diagnostics only; not used for parameter choice
valid,pure_stagewise_score,50,0.0221715644171857,0.1802517669431795,0.0040953124366196,0.7803264603496292,-0.0041468981436957,-0.115493667606783,0.7750000000000006,0.25,positive rankic with robust-selected portfolio metrics; validation only for selection
test,pure_stagewise_score,50,0.0366475737749182,0.0558391602500942,0.0424476115612512,0.3387049623878357,0.293646095301419,0.0,0.5480000000000004,0.6,holdout diagnostics only; not used for parameter choice
valid,pure_stagewise_score,20,0.0221715644171857,0.3252093820693265,0.2231860953645459,1.8982335293699104,0.2914515340515152,-0.0265931275252987,0.6250000000000002,0.75,positive rankic with robust-selected portfolio metrics; validation only for selection
test,pure_stagewise_score,20,0.0366490125025147,0.0968151108542834,0.0790899316503326,0.5490821999758583,0.643303814818006,0.0,0.8600000000000003,0.8,holdout diagnostics only; not used for parameter choice
valid,pure_stagewise_score,20,0.0221715644171857,0.3536738275387698,0.2209268895014864,2.2753220997694847,0.4581833173467584,-0.0265931275252986,0.5625000000000002,0.75,positive rankic with robust-selected portfolio metrics; validation only for selection
test,pure_stagewise_score,20,0.0366490125025147,0.0930758146380716,0.0757390899508071,0.5292046840198106,0.6031872646770596,0.0,0.8400000000000004,0.6,holdout diagnostics only; not used for parameter choice
valid,pure_stagewise_score,30,0.0221715644171857,0.149372028593578,0.0391087974516865,0.8270151823631572,-0.1184021290345307,-0.0805046457120398,0.6166666666666674,0.5,positive rankic with robust-selected portfolio metrics; validation only for selection
test,pure_stagewise_score,30,0.0366490125025147,0.0659517486318439,0.0509074148045834,0.3638267224344658,0.3661572366541727,0.0,0.8466666666666676,0.6,holdout diagnostics only; not used for parameter choice
valid,pure_stagewise_score,30,0.0221715644171857,0.1867870914198903,0.0533317168474589,0.982509221759059,-0.0075359694791378,-0.0805046457120397,0.5666666666666673,0.5,positive rankic with robust-selected portfolio metrics; validation only for selection
test,pure_stagewise_score,30,0.0366490125025147,0.0655788288765397,0.0504776234532703,0.3618932223412666,0.367722754725046,0.0,0.8333333333333343,0.6,holdout diagnostics only; not used for parameter choice
valid,pure_stagewise_score,50,0.0221715644171857,0.0788569836372212,-0.0203466501472391,0.3937379317589198,-0.2735392907146849,-0.0906480209123542,0.6250000000000004,0.5,positive rankic with robust-selected portfolio metrics; validation only for selection
test,pure_stagewise_score,50,0.0366490125025147,0.0720606714321629,0.0569080813164714,0.4146316688733801,0.4221699467656221,0.0,0.8360000000000005,0.8,holdout diagnostics only; not used for parameter choice
valid,pure_stagewise_score,20,0.0221715644171857,0.1749289301397305,-0.0089736314226675,0.7098450357772135,-0.0093346553974605,-0.1357627387169331,0.7750000000000005,0.5,positive rankic with robust-selected portfolio metrics; validation only for selection
test,pure_stagewise_score,20,0.0366490125025147,0.0696318540361524,0.0569005168828867,0.4575166044342031,0.3428312732089559,0.0,0.7300000000000003,0.6,holdout diagnostics only; not used for parameter choice
valid,pure_stagewise_score,20,0.0221715644171857,0.1898136059156716,-0.0013857838412559,0.7587553460969941,0.0479149970953351,-0.1357627387169331,0.7250000000000003,0.5,positive rankic with robust-selected portfolio metrics; validation only for selection
test,pure_stagewise_score,20,0.0366490125025147,0.0519280214638051,0.0395081236377211,0.344378299518105,0.2547244352152427,0.0,0.7000000000000004,0.6,holdout diagnostics only; not used for parameter choice
valid,pure_stagewise_score,30,0.0221715644171857,0.1247893290668291,-0.0404224744738635,0.5055498325555124,-0.1617552052116554,-0.1339497461496085,0.7166666666666675,0.25,positive rankic with robust-selected portfolio metrics; validation only for selection
test,pure_stagewise_score,30,0.0366490125025147,0.0385120335291777,0.0265888360920613,0.2364090466278755,0.1673379481925925,0.0,0.7600000000000008,0.4,holdout diagnostics only; not used for parameter choice
valid,pure_stagewise_score,30,0.0221715644171857,0.1334574767637621,-0.031144961485448,0.543281617440205,-0.1352480115844591,-0.1339497461496085,0.6666666666666674,0.25,positive rankic with robust-selected portfolio metrics; validation only for selection
test,pure_stagewise_score,30,0.0366490125025147,0.0399336982360321,0.0280506680905141,0.2440195899215798,0.1737972534958709,0.0,0.7333333333333341,0.4,holdout diagnostics only; not used for parameter choice
valid,pure_stagewise_score,50,0.0221715644171857,0.0289761383530056,-0.101730637088047,0.1297259287900175,-0.4446397833674901,-0.129509666349167,0.6650000000000005,0.25,positive rankic with robust-selected portfolio metrics; validation only for selection
test,pure_stagewise_score,50,0.0366490125025147,0.0403249646301251,0.0276171421015542,0.2504373811084321,0.1954176853334482,0.0,0.7400000000000005,0.6,holdout diagnostics only; not used for parameter choice
valid,pure_stagewise_score,20,0.0221715644171857,0.2468548677659843,0.0052061594793884,0.8595949059191539,0.3117016826161927,-0.1477437112548822,0.9000000000000004,0.75,positive rankic with robust-selected portfolio metrics; validation only for selection
test,pure_stagewise_score,20,0.0366490125025147,0.1068136528193983,0.0924552433952836,0.6278659159514367,0.4764642034971112,0.0,0.6200000000000002,0.6,holdout diagnostics only; not used for parameter choice
valid,pure_stagewise_score,20,0.0221715644171857,0.2115723123061503,-0.0097787281983036,0.7733399159955584,0.1589839684969062,-0.1477437112548821,0.8625000000000004,0.5,positive rankic with robust-selected portfolio metrics; validation only for selection
test,pure_stagewise_score,20,0.0366490125025147,0.106325331183199,0.0908628075310294,0.7190813747196662,0.5948873034451241,0.0,0.5700000000000002,0.6,holdout diagnostics only; not used for parameter choice
valid,pure_stagewise_score,30,0.0221715644171857,0.1687568194556452,-0.0336787601563735,0.6518510726998051,-0.0245926776974761,-0.1425733190130997,0.8166666666666674,0.25,positive rankic with robust-selected portfolio metrics; validation only for selection
test,pure_stagewise_score,30,0.0366490125025147,0.0836198380312931,0.0692712332456637,0.5051108956470322,0.4372525243525381,0.0,0.5666666666666671,0.6,holdout diagnostics only; not used for parameter choice
valid,pure_stagewise_score,30,0.0221715644171857,0.1535407281717296,-0.039221212065793,0.6095281833672921,-0.0901791460314074,-0.1425733190130996,0.7916666666666674,0.25,positive rankic with robust-selected portfolio metrics; validation only for selection
test,pure_stagewise_score,30,0.0366490125025147,0.0923959895791592,0.0776313642246204,0.5670408744993377,0.4862899601224858,0.0,0.5200000000000004,0.6,holdout diagnostics only; not used for parameter choice
valid,pure_stagewise_score,50,0.0221715644171857,0.1802517669431795,0.0040953124366196,0.7803264603496292,-0.0041468981436957,-0.115493667606783,0.7750000000000006,0.25,positive rankic with robust-selected portfolio metrics; validation only for selection
test,pure_stagewise_score,50,0.0366490125025147,0.0558391602500942,0.0424476115612512,0.3387049623878357,0.293646095301419,0.0,0.5480000000000004,0.6,holdout diagnostics only; not used for parameter choice
valid,pure_stagewise_score,20,0.0221715644171857,0.3252093820693265,0.2231860953645459,1.8982335293699104,0.2914515340515152,-0.0265931275252987,0.6250000000000002,0.75,positive rankic with robust-selected portfolio metrics; validation only for selection
test,pure_stagewise_score,20,0.0366470160705663,0.0968151108542834,0.0790899316503326,0.5490821999758583,0.643303814818006,0.0,0.8600000000000003,0.8,holdout diagnostics only; not used for parameter choice
valid,pure_stagewise_score,20,0.0221715644171857,0.3536738275387698,0.2209268895014864,2.2753220997694847,0.4581833173467584,-0.0265931275252986,0.5625000000000002,0.75,positive rankic with robust-selected portfolio metrics; validation only for selection
test,pure_stagewise_score,20,0.0366470160705663,0.0930758146380716,0.0757390899508071,0.5292046840198106,0.6031872646770596,0.0,0.8400000000000004,0.6,holdout diagnostics only; not used for parameter choice
valid,pure_stagewise_score,30,0.0221715644171857,0.149372028593578,0.0391087974516865,0.8270151823631572,-0.1184021290345307,-0.0805046457120398,0.6166666666666674,0.5,positive rankic with robust-selected portfolio metrics; validation only for selection
test,pure_stagewise_score,30,0.0366470160705663,0.0659517486318439,0.0509074148045834,0.3638267224344658,0.3661572366541727,0.0,0.8466666666666676,0.6,holdout diagnostics only; not used for parameter choice
valid,pure_stagewise_score,30,0.0221715644171857,0.1867870914198903,0.0533317168474589,0.982509221759059,-0.0075359694791378,-0.0805046457120397,0.5666666666666673,0.5,positive rankic with robust-selected portfolio metrics; validation only for selection
test,pure_stagewise_score,30,0.0366470160705663,0.0655788288765397,0.0504776234532703,0.3618932223412666,0.367722754725046,0.0,0.8333333333333343,0.6,holdout diagnostics only; not used for parameter choice
valid,pure_stagewise_score,50,0.0221715644171857,0.0788569836372212,-0.0203466501472391,0.3937379317589198,-0.2735392907146849,-0.0906480209123542,0.6250000000000004,0.5,positive rankic with robust-selected portfolio metrics; validation only for selection
test,pure_stagewise_score,50,0.0366470160705663,0.0720606714321629,0.0569080813164714,0.4146316688733801,0.4221699467656221,0.0,0.8360000000000005,0.8,holdout diagnostics only; not used for parameter choice
valid,pure_stagewise_score,20,0.0221715644171857,0.1749289301397305,-0.0089736314226675,0.7098450357772135,-0.0093346553974605,-0.1357627387169331,0.7750000000000005,0.5,positive rankic with robust-selected portfolio metrics; validation only for selection
test,pure_stagewise_score,20,0.0366470160705663,0.0696318540361524,0.0569005168828867,0.4575166044342031,0.3428312732089559,0.0,0.7300000000000003,0.6,holdout diagnostics only; not used for parameter choice
valid,pure_stagewise_score,20,0.0221715644171857,0.1898136059156716,-0.0013857838412559,0.7587553460969941,0.0479149970953351,-0.1357627387169331,0.7250000000000003,0.5,positive rankic with robust-selected portfolio metrics; validation only for selection
test,pure_stagewise_score,20,0.0366470160705663,0.0519280214638051,0.0395081236377211,0.344378299518105,0.2547244352152427,0.0,0.7000000000000004,0.6,holdout diagnostics only; not used for parameter choice
valid,pure_stagewise_score,30,0.0221715644171857,0.1247893290668291,-0.0404224744738635,0.5055498325555124,-0.1617552052116554,-0.1339497461496085,0.7166666666666675,0.25,positive rankic with robust-selected portfolio metrics; validation only for selection
test,pure_stagewise_score,30,0.0366470160705663,0.0385120335291777,0.0265888360920613,0.2364090466278755,0.1673379481925925,0.0,0.7600000000000008,0.4,holdout diagnostics only; not used for parameter choice
valid,pure_stagewise_score,30,0.0221715644171857,0.1334574767637621,-0.031144961485448,0.543281617440205,-0.1352480115844591,-0.1339497461496085,0.6666666666666674,0.25,positive rankic with robust-selected portfolio metrics; validation only for selection
test,pure_stagewise_score,30,0.0366470160705663,0.0399336982360321,0.0280506680905141,0.2440195899215798,0.1737972534958709,0.0,0.7333333333333341,0.4,holdout diagnostics only; not used for parameter choice
valid,pure_stagewise_score,50,0.0221715644171857,0.0289761383530056,-0.101730637088047,0.1297259287900175,-0.4446397833674901,-0.129509666349167,0.6650000000000005,0.25,positive rankic with robust-selected portfolio metrics; validation only for selection
test,pure_stagewise_score,50,0.0366470160705663,0.0403249646301251,0.0276171421015542,0.2504373811084321,0.1954176853334482,0.0,0.7400000000000005,0.6,holdout diagnostics only; not used for parameter choice
valid,pure_stagewise_score,20,0.0221715644171857,0.2468548677659843,0.0052061594793884,0.8595949059191539,0.3117016826161927,-0.1477437112548822,0.9000000000000004,0.75,positive rankic with robust-selected portfolio metrics; validation only for selection
test,pure_stagewise_score,20,0.0366470160705663,0.1068136528193983,0.0924552433952836,0.6278659159514367,0.4764642034971112,0.0,0.6200000000000002,0.6,holdout diagnostics only; not used for parameter choice
valid,pure_stagewise_score,20,0.0221715644171857,0.2115723123061503,-0.0097787281983036,0.7733399159955584,0.1589839684969062,-0.1477437112548821,0.8625000000000004,0.5,positive rankic with robust-selected portfolio metrics; validation only for selection
test,pure_stagewise_score,20,0.0366470160705663,0.106325331183199,0.0908628075310294,0.7190813747196662,0.5948873034451241,0.0,0.5700000000000002,0.6,holdout diagnostics only; not used for parameter choice
valid,pure_stagewise_score,30,0.0221715644171857,0.1687568194556452,-0.0336787601563735,0.6518510726998051,-0.0245926776974761,-0.1425733190130997,0.8166666666666674,0.25,positive rankic with robust-selected portfolio metrics; validation only for selection
test,pure_stagewise_score,30,0.0366470160705663,0.0836198380312931,0.0692712332456637,0.5051108956470322,0.4372525243525381,0.0,0.5666666666666671,0.6,holdout diagnostics only; not used for parameter choice
valid,pure_stagewise_score,30,0.0221715644171857,0.1535407281717296,-0.039221212065793,0.6095281833672921,-0.0901791460314074,-0.1425733190130996,0.7916666666666674,0.25,positive rankic with robust-selected portfolio metrics; validation only for selection
test,pure_stagewise_score,30,0.0366470160705663,0.0923959895791592,0.0776313642246204,0.5670408744993377,0.4862899601224858,0.0,0.5200000000000004,0.6,holdout diagnostics only; not used for parameter choice
valid,pure_stagewise_score,50,0.0221715644171857,0.1802517669431795,0.0040953124366196,0.7803264603496292,-0.0041468981436957,-0.115493667606783,0.7750000000000006,0.25,positive rankic with robust-selected portfolio metrics; validation only for selection
test,pure_stagewise_score,50,0.0366470160705663,0.0558391602500942,0.0424476115612512,0.3387049623878357,0.293646095301419,0.0,0.5480000000000004,0.6,holdout diagnostics only; not used for parameter choice
valid,pure_stagewise_score,20,0.0221715644171857,0.3252093820693265,0.2231860953645459,1.8982335293699104,0.2914515340515152,-0.0265931275252987,0.6250000000000002,0.75,positive rankic with robust-selected portfolio metrics; validation only for selection
test,pure_stagewise_score,20,0.0366474092064375,0.0968151108542834,0.0790899316503326,0.5490821999758583,0.643303814818006,0.0,0.8600000000000003,0.8,holdout diagnostics only; not used for parameter choice
valid,pure_stagewise_score,20,0.0221715644171857,0.3536738275387698,0.2209268895014864,2.2753220997694847,0.4581833173467584,-0.0265931275252986,0.5625000000000002,0.75,positive rankic with robust-selected portfolio metrics; validation only for selection
test,pure_stagewise_score,20,0.0366474092064375,0.0930758146380716,0.0757390899508071,0.5292046840198106,0.6031872646770596,0.0,0.8400000000000004,0.6,holdout diagnostics only; not used for parameter choice
valid,pure_stagewise_score,30,0.0221715644171857,0.149372028593578,0.0391087974516865,0.8270151823631572,-0.1184021290345307,-0.0805046457120398,0.6166666666666674,0.5,positive rankic with robust-selected portfolio metrics; validation only for selection
test,pure_stagewise_score,30,0.0366474092064375,0.0659517486318439,0.0509074148045834,0.3638267224344658,0.3661572366541727,0.0,0.8466666666666676,0.6,holdout diagnostics only; not used for parameter choice
valid,pure_stagewise_score,30,0.0221715644171857,0.1867870914198903,0.0533317168474589,0.982509221759059,-0.0075359694791378,-0.0805046457120397,0.5666666666666673,0.5,positive rankic with robust-selected portfolio metrics; validation only for selection
test,pure_stagewise_score,30,0.0366474092064375,0.0655788288765397,0.0504776234532703,0.3618932223412666,0.367722754725046,0.0,0.8333333333333343,0.6,holdout diagnostics only; not used for parameter choice
valid,pure_stagewise_score,50,0.0221715644171857,0.0788569836372212,-0.0203466501472391,0.3937379317589198,-0.2735392907146849,-0.0906480209123542,0.6250000000000004,0.5,positive rankic with robust-selected portfolio metrics; validation only for selection
test,pure_stagewise_score,50,0.0366474092064375,0.0720606714321629,0.0569080813164714,0.4146316688733801,0.4221699467656221,0.0,0.8360000000000005,0.8,holdout diagnostics only; not used for parameter choice
valid,pure_stagewise_score,20,0.0221715644171857,0.1749289301397305,-0.0089736314226675,0.7098450357772135,-0.0093346553974605,-0.1357627387169331,0.7750000000000005,0.5,positive rankic with robust-selected portfolio metrics; validation only for selection
test,pure_stagewise_score,20,0.0366474092064375,0.0696318540361524,0.0569005168828867,0.4575166044342031,0.3428312732089559,0.0,0.7300000000000003,0.6,holdout diagnostics only; not used for parameter choice
valid,pure_stagewise_score,20,0.0221715644171857,0.1898136059156716,-0.0013857838412559,0.7587553460969941,0.0479149970953351,-0.1357627387169331,0.7250000000000003,0.5,positive rankic with robust-selected portfolio metrics; validation only for selection
test,pure_stagewise_score,20,0.0366474092064375,0.0519280214638051,0.0395081236377211,0.344378299518105,0.2547244352152427,0.0,0.7000000000000004,0.6,holdout diagnostics only; not used for parameter choice
valid,pure_stagewise_score,30,0.0221715644171857,0.1247893290668291,-0.0404224744738635,0.5055498325555124,-0.1617552052116554,-0.1339497461496085,0.7166666666666675,0.25,positive rankic with robust-selected portfolio metrics; validation only for selection
test,pure_stagewise_score,30,0.0366474092064375,0.0385120335291777,0.0265888360920613,0.2364090466278755,0.1673379481925925,0.0,0.7600000000000008,0.4,holdout diagnostics only; not used for parameter choice
valid,pure_stagewise_score,30,0.0221715644171857,0.1334574767637621,-0.031144961485448,0.543281617440205,-0.1352480115844591,-0.1339497461496085,0.6666666666666674,0.25,positive rankic with robust-selected portfolio metrics; validation only for selection
test,pure_stagewise_score,30,0.0366474092064375,0.0399336982360321,0.0280506680905141,0.2440195899215798,0.1737972534958709,0.0,0.7333333333333341,0.4,holdout diagnostics only; not used for parameter choice
valid,pure_stagewise_score,50,0.0221715644171857,0.0289761383530056,-0.101730637088047,0.1297259287900175,-0.4446397833674901,-0.129509666349167,0.6650000000000005,0.25,positive rankic with robust-selected portfolio metrics; validation only for selection
test,pure_stagewise_score,50,0.0366474092064375,0.0403249646301251,0.0276171421015542,0.2504373811084321,0.1954176853334482,0.0,0.7400000000000005,0.6,holdout diagnostics only; not used for parameter choice
valid,pure_stagewise_score,20,0.0221715644171857,0.2468548677659843,0.0052061594793884,0.8595949059191539,0.3117016826161927,-0.1477437112548822,0.9000000000000004,0.75,positive rankic with robust-selected portfolio metrics; validation only for selection
test,pure_stagewise_score,20,0.0366474092064375,0.1068136528193983,0.0924552433952836,0.6278659159514367,0.4764642034971112,0.0,0.6200000000000002,0.6,holdout diagnostics only; not used for parameter choice
valid,pure_stagewise_score,20,0.0221715644171857,0.2115723123061503,-0.0097787281983036,0.7733399159955584,0.1589839684969062,-0.1477437112548821,0.8625000000000004,0.5,positive rankic with robust-selected portfolio metrics; validation only for selection
test,pure_stagewise_score,20,0.0366474092064375,0.106325331183199,0.0908628075310294,0.7190813747196662,0.5948873034451241,0.0,0.5700000000000002,0.6,holdout diagnostics only; not used for parameter choice
valid,pure_stagewise_score,30,0.0221715644171857,0.1687568194556452,-0.0336787601563735,0.6518510726998051,-0.0245926776974761,-0.1425733190130997,0.8166666666666674,0.25,positive rankic with robust-selected portfolio metrics; validation only for selection
test,pure_stagewise_score,30,0.0366474092064375,0.0836198380312931,0.0692712332456637,0.5051108956470322,0.4372525243525381,0.0,0.5666666666666671,0.6,holdout diagnostics only; not used for parameter choice
valid,pure_stagewise_score,30,0.0221715644171857,0.1535407281717296,-0.039221212065793,0.6095281833672921,-0.0901791460314074,-0.1425733190130996,0.7916666666666674,0.25,positive rankic with robust-selected portfolio metrics; validation only for selection
test,pure_stagewise_score,30,0.0366474092064375,0.0923959895791592,0.0776313642246204,0.5670408744993377,0.4862899601224858,0.0,0.5200000000000004,0.6,holdout diagnostics only; not used for parameter choice
valid,pure_stagewise_score,50,0.0221715644171857,0.1802517669431795,0.0040953124366196,0.7803264603496292,-0.0041468981436957,-0.115493667606783,0.7750000000000006,0.25,positive rankic with robust-selected portfolio metrics; validation only for selection
test,pure_stagewise_score,50,0.0366474092064375,0.0558391602500942,0.0424476115612512,0.3387049623878357,0.293646095301419,0.0,0.5480000000000004,0.6,holdout diagnostics only; not used for parameter choice
valid,pure_stagewise_score,20,0.1546266521062726,0.9081510537991224,0.5554404920973657,4.147951428929601,1.92712845487018,0.0,0.9625000000000004,1.0,positive rankic with robust-selected portfolio metrics; validation only for selection
test,pure_stagewise_score,20,0.0724547480545229,-0.0236978353632065,-0.0362061890769829,-0.1197721656659101,-0.1485324665825642,0.0,0.7400000000000003,0.6,holdout diagnostics only; not used for parameter choice
valid,pure_stagewise_score,20,0.1546266521062726,0.9081510537991224,0.5554404920973657,4.147951428929601,1.92712845487018,0.0,0.9625000000000004,1.0,positive rankic with robust-selected portfolio metrics; validation only for selection
test,pure_stagewise_score,20,0.0724547480545229,-0.024713253350706,-0.0377944922225931,-0.1264334878184173,-0.1679305965548012,0.0,0.6500000000000001,0.6,holdout diagnostics only; not used for parameter choice
valid,pure_stagewise_score,30,0.1546266521062726,0.7580456671094977,0.495970976067702,4.698668811968529,1.69231087410674,0.0,0.966666666666668,1.0,positive rankic with robust-selected portfolio metrics; validation only for selection
test,pure_stagewise_score,30,0.0724547480545229,0.0118042257470099,-0.001499815002749,0.0658666668276768,0.0244211638970425,0.0,0.6666666666666671,0.6,holdout diagnostics only; not used for parameter choice
valid,pure_stagewise_score,30,0.1546266521062726,0.7580456671094977,0.495970976067702,4.698668811968529,1.69231087410674,0.0,0.966666666666668,1.0,positive rankic with robust-selected portfolio metrics; validation only for selection
test,pure_stagewise_score,30,0.0724547480545229,0.0284011848017904,0.014259049957065,0.1660646938410159,0.1410014123033278,0.0,0.6200000000000003,0.6,holdout diagnostics only; not used for parameter choice
valid,pure_stagewise_score,50,0.1546266521062726,0.6111192273376476,0.4005889389309784,5.020621872213039,1.8164513221721488,0.0,0.9650000000000007,1.0,positive rankic with robust-selected portfolio metrics; validation only for selection
test,pure_stagewise_score,50,0.0724547480545229,0.0406015564271118,0.0257631724354772,0.2202932799028261,0.2253935140607292,0.0,0.6440000000000003,0.6,holdout diagnostics only; not used for parameter choice
valid,pure_stagewise_score,20,0.1546266521062726,0.3390337285792195,0.25932549186557,4.668822604874185,0.3448870608123483,0.0,0.9125000000000004,0.75,positive rankic with robust-selected portfolio metrics; validation only for selection
test,pure_stagewise_score,20,0.0724547480545229,0.0541997032369492,0.0396598552100406,0.2621323902807954,0.2619231778395897,0.0,0.6900000000000003,0.6,holdout diagnostics only; not used for parameter choice
valid,pure_stagewise_score,20,0.1546266521062726,0.3416919501410964,0.2631349871764522,4.80268498322365,0.3475203904165584,0.0,0.9000000000000005,0.75,positive rankic with robust-selected portfolio metrics; validation only for selection
test,pure_stagewise_score,20,0.0724547480545229,0.0670920048368481,0.0517825759642043,0.3217828961089692,0.3251012172794122,0.0,0.6400000000000003,0.6,holdout diagnostics only; not used for parameter choice
valid,pure_stagewise_score,30,0.1546266521062726,0.3311413977673059,0.2173669099562928,3.130305957676548,0.4266698047238443,0.0,0.9083333333333344,0.5,positive rankic with robust-selected portfolio metrics; validation only for selection
test,pure_stagewise_score,30,0.0724547480545229,0.0272196779423263,0.0137076079994232,0.1386790082872845,0.1220367240439707,0.0,0.6466666666666671,0.6,holdout diagnostics only; not used for parameter choice
valid,pure_stagewise_score,30,0.1546266521062726,0.3317950403576077,0.2183023046025645,3.1451343278981057,0.4269635034297581,0.0,0.9000000000000011,0.5,positive rankic with robust-selected portfolio metrics; validation only for selection
test,pure_stagewise_score,30,0.0724547480545229,0.0210636916118134,0.0072549528379497,0.1081972485978135,0.0917856174516565,0.0,0.6333333333333336,0.6,holdout diagnostics only; not used for parameter choice
valid,pure_stagewise_score,50,0.1546266521062726,0.3431702436886246,0.2307115028017538,3.43903299426656,0.4557739609135965,0.0,0.9050000000000008,0.75,positive rankic with robust-selected portfolio metrics; validation only for selection
test,pure_stagewise_score,50,0.0724547480545229,0.0062504170470392,-0.0073142137836098,0.0341612120135674,-0.0061299881668902,0.0,0.5960000000000003,0.6,holdout diagnostics only; not used for parameter choice
valid,pure_stagewise_score,20,0.1546266521062726,0.3697010293370553,0.2597216778408882,4.799920883448365,0.5284554820661737,0.0,0.9375000000000004,0.75,positive rankic with robust-selected portfolio metrics; validation only for selection
test,pure_stagewise_score,20,0.0724547480545229,0.1529785739335205,0.1345367124881364,0.828478188018927,0.6399400076432682,0.0,0.7200000000000003,0.8,holdout diagnostics only; not used for parameter choice
valid,pure_stagewise_score,20,0.1546266521062726,0.3609866407133473,0.2476368034515109,4.330044673191844,0.526260516093927,0.0,0.9250000000000004,0.75,positive rankic with robust-selected portfolio metrics; validation only for selection
test,pure_stagewise_score,20,0.0724547480545229,0.1028464668804427,0.0871876630637993,0.6192456832530505,0.5421266882162907,0.0,0.6300000000000001,0.8,holdout diagnostics only; not used for parameter choice
valid,pure_stagewise_score,30,0.1546266521062726,0.3685514752072976,0.2210030148520422,2.9565145241808497,0.7618722844146116,0.0,0.9250000000000012,1.0,positive rankic with robust-selected portfolio metrics; validation only for selection
test,pure_stagewise_score,30,0.0724547480545229,0.1142757045284827,0.0966816818285894,0.7536670067840547,0.7968412561600426,0.0,0.6533333333333338,0.8,holdout diagnostics only; not used for parameter choice
valid,pure_stagewise_score,30,0.1546266521062726,0.3639248835982966,0.2146817817117275,2.8581659792524,0.7718152706371636,0.0,0.916666666666668,1.0,positive rankic with robust-selected portfolio metrics; validation only for selection
test,pure_stagewise_score,30,0.0724547480545229,0.1117548229716107,0.0953439575498202,0.8186360321590107,0.7457894433087867,0.0,0.5800000000000004,0.6,holdout diagnostics only; not used for parameter choice
valid,pure_stagewise_score,50,0.1546266521062726,0.2947844056178215,0.1679445536334357,2.390599747473883,0.3877175868941037,-0.0046589805859477,0.9050000000000008,0.5,positive rankic with robust-selected portfolio metrics; validation only for selection
test,pure_stagewise_score,50,0.0724547480545229,0.0708036981427711,0.0564030820548163,0.4723944195348102,0.4355310559044542,0.0,0.5840000000000004,0.6,holdout diagnostics only; not used for parameter choice
valid,pure_stagewise_score,20,0.1546186221193934,0.9081510537991224,0.5554404920973657,4.147951428929601,1.92712845487018,0.0,0.9625000000000004,1.0,positive rankic with robust-selected portfolio metrics; validation only for selection
test,pure_stagewise_score,20,0.072449392929505,-0.0236978353632065,-0.0362061890769829,-0.1197721656659101,-0.1485324665825642,0.0,0.7400000000000003,0.6,holdout diagnostics only; not used for parameter choice
valid,pure_stagewise_score,20,0.1546186221193934,0.9081510537991224,0.5554404920973657,4.147951428929601,1.92712845487018,0.0,0.9625000000000004,1.0,positive rankic with robust-selected portfolio metrics; validation only for selection
test,pure_stagewise_score,20,0.072449392929505,-0.024713253350706,-0.0377944922225931,-0.1264334878184173,-0.1679305965548012,0.0,0.6500000000000001,0.6,holdout diagnostics only; not used for parameter choice
valid,pure_stagewise_score,30,0.1546186221193934,0.7580456671094977,0.495970976067702,4.698668811968529,1.69231087410674,0.0,0.966666666666668,1.0,positive rankic with robust-selected portfolio metrics; validation only for selection
test,pure_stagewise_score,30,0.072449392929505,0.0118042257470099,-0.001499815002749,0.0658666668276768,0.0244211638970425,0.0,0.6666666666666671,0.6,holdout diagnostics only; not used for parameter choice
valid,pure_stagewise_score,30,0.1546186221193934,0.7580456671094977,0.495970976067702,4.698668811968529,1.69231087410674,0.0,0.966666666666668,1.0,positive rankic with robust-selected portfolio metrics; validation only for selection
test,pure_stagewise_score,30,0.072449392929505,0.0284011848017904,0.014259049957065,0.1660646938410159,0.1410014123033278,0.0,0.6200000000000003,0.6,holdout diagnostics only; not used for parameter choice
valid,pure_stagewise_score,50,0.1546186221193934,0.6111192273376476,0.4005889389309784,5.020621872213039,1.8164513221721488,0.0,0.9650000000000007,1.0,positive rankic with robust-selected portfolio metrics; validation only for selection
test,pure_stagewise_score,50,0.072449392929505,0.0406015564271118,0.0257631724354772,0.2202932799028261,0.2253935140607292,0.0,0.6440000000000003,0.6,holdout diagnostics only; not used for parameter choice
valid,pure_stagewise_score,20,0.1546186221193934,0.3390337285792195,0.25932549186557,4.668822604874185,0.3448870608123483,0.0,0.9125000000000004,0.75,positive rankic with robust-selected portfolio metrics; validation only for selection
test,pure_stagewise_score,20,0.072449392929505,0.0541997032369492,0.0396598552100406,0.2621323902807954,0.2619231778395897,0.0,0.6900000000000003,0.6,holdout diagnostics only; not used for parameter choice
valid,pure_stagewise_score,20,0.1546186221193934,0.3416919501410964,0.2631349871764522,4.80268498322365,0.3475203904165584,0.0,0.9000000000000005,0.75,positive rankic with robust-selected portfolio metrics; validation only for selection
test,pure_stagewise_score,20,0.072449392929505,0.0670920048368481,0.0517825759642043,0.3217828961089692,0.3251012172794122,0.0,0.6400000000000003,0.6,holdout diagnostics only; not used for parameter choice
valid,pure_stagewise_score,30,0.1546186221193934,0.3311413977673059,0.2173669099562928,3.130305957676548,0.4266698047238443,0.0,0.9083333333333344,0.5,positive rankic with robust-selected portfolio metrics; validation only for selection
test,pure_stagewise_score,30,0.072449392929505,0.0272196779423263,0.0137076079994232,0.1386790082872845,0.1220367240439707,0.0,0.6466666666666671,0.6,holdout diagnostics only; not used for parameter choice
valid,pure_stagewise_score,30,0.1546186221193934,0.3317950403576077,0.2183023046025645,3.1451343278981057,0.4269635034297581,0.0,0.9000000000000011,0.5,positive rankic with robust-selected portfolio metrics; validation only for selection
test,pure_stagewise_score,30,0.072449392929505,0.0210636916118134,0.0072549528379497,0.1081972485978135,0.0917856174516565,0.0,0.6333333333333336,0.6,holdout diagnostics only; not used for parameter choice
valid,pure_stagewise_score,50,0.1546186221193934,0.3431702436886246,0.2307115028017538,3.43903299426656,0.4557739609135965,0.0,0.9050000000000008,0.75,positive rankic with robust-selected portfolio metrics; validation only for selection
test,pure_stagewise_score,50,0.072449392929505,0.0062504170470392,-0.0073142137836098,0.0341612120135674,-0.0061299881668902,0.0,0.5960000000000003,0.6,holdout diagnostics only; not used for parameter choice
valid,pure_stagewise_score,20,0.1546186221193934,0.3697010293370553,0.2597216778408882,4.799920883448365,0.5284554820661737,0.0,0.9375000000000004,0.75,positive rankic with robust-selected portfolio metrics; validation only for selection
test,pure_stagewise_score,20,0.072449392929505,0.1529785739335205,0.1345367124881364,0.828478188018927,0.6399400076432682,0.0,0.7200000000000003,0.8,holdout diagnostics only; not used for parameter choice
valid,pure_stagewise_score,20,0.1546186221193934,0.3609866407133473,0.2476368034515109,4.330044673191844,0.526260516093927,0.0,0.9250000000000004,0.75,positive rankic with robust-selected portfolio metrics; validation only for selection
test,pure_stagewise_score,20,0.072449392929505,0.1028464668804427,0.0871876630637993,0.6192456832530505,0.5421266882162907,0.0,0.6300000000000001,0.8,holdout diagnostics only; not used for parameter choice
valid,pure_stagewise_score,30,0.1546186221193934,0.3685514752072976,0.2210030148520422,2.9565145241808497,0.7618722844146116,0.0,0.9250000000000012,1.0,positive rankic with robust-selected portfolio metrics; validation only for selection
test,pure_stagewise_score,30,0.072449392929505,0.1142757045284827,0.0966816818285894,0.7536670067840547,0.7968412561600426,0.0,0.6533333333333338,0.8,holdout diagnostics only; not used for parameter choice
valid,pure_stagewise_score,30,0.1546186221193934,0.3639248835982966,0.2146817817117275,2.8581659792524,0.7718152706371636,0.0,0.916666666666668,1.0,positive rankic with robust-selected portfolio metrics; validation only for selection
test,pure_stagewise_score,30,0.072449392929505,0.1117548229716107,0.0953439575498202,0.8186360321590107,0.7457894433087867,0.0,0.5800000000000004,0.6,holdout diagnostics only; not used for parameter choice
valid,pure_stagewise_score,50,0.1546186221193934,0.2947844056178215,0.1679445536334357,2.390599747473883,0.3877175868941037,-0.0046589805859477,0.9050000000000008,0.5,positive rankic with robust-selected portfolio metrics; validation only for selection
test,pure_stagewise_score,50,0.072449392929505,0.0708036981427711,0.0564030820548163,0.4723944195348102,0.4355310559044542,0.0,0.5840000000000004,0.6,holdout diagnostics only; not used for parameter choice
valid,pure_stagewise_score,20,0.1546245051317078,0.9081510537991224,0.5554404920973657,4.147951428929601,1.92712845487018,0.0,0.9625000000000004,1.0,positive rankic with robust-selected portfolio metrics; validation only for selection
test,pure_stagewise_score,20,0.0724425296758457,-0.0236978353632065,-0.0362061890769829,-0.1197721656659101,-0.1485324665825642,0.0,0.7400000000000003,0.6,holdout diagnostics only; not used for parameter choice
valid,pure_stagewise_score,20,0.1546245051317078,0.9081510537991224,0.5554404920973657,4.147951428929601,1.92712845487018,0.0,0.9625000000000004,1.0,positive rankic with robust-selected portfolio metrics; validation only for selection
test,pure_stagewise_score,20,0.0724425296758457,-0.024713253350706,-0.0377944922225931,-0.1264334878184173,-0.1679305965548012,0.0,0.6500000000000001,0.6,holdout diagnostics only; not used for parameter choice
valid,pure_stagewise_score,30,0.1546245051317078,0.7580456671094977,0.495970976067702,4.698668811968529,1.69231087410674,0.0,0.966666666666668,1.0,positive rankic with robust-selected portfolio metrics; validation only for selection
test,pure_stagewise_score,30,0.0724425296758457,0.0118042257470099,-0.001499815002749,0.0658666668276768,0.0244211638970425,0.0,0.6666666666666671,0.6,holdout diagnostics only; not used for parameter choice
valid,pure_stagewise_score,30,0.1546245051317078,0.7580456671094977,0.495970976067702,4.698668811968529,1.69231087410674,0.0,0.966666666666668,1.0,positive rankic with robust-selected portfolio metrics; validation only for selection
test,pure_stagewise_score,30,0.0724425296758457,0.0284011848017904,0.014259049957065,0.1660646938410159,0.1410014123033278,0.0,0.6200000000000003,0.6,holdout diagnostics only; not used for parameter choice
valid,pure_stagewise_score,50,0.1546245051317078,0.6111192273376476,0.4005889389309784,5.020621872213039,1.8164513221721488,0.0,0.9650000000000007,1.0,positive rankic with robust-selected portfolio metrics; validation only for selection
test,pure_stagewise_score,50,0.0724425296758457,0.0406015564271118,0.0257631724354772,0.2202932799028261,0.2253935140607292,0.0,0.6440000000000003,0.6,holdout diagnostics only; not used for parameter choice
valid,pure_stagewise_score,20,0.1546245051317078,0.3390337285792195,0.25932549186557,4.668822604874185,0.3448870608123483,0.0,0.9125000000000004,0.75,positive rankic with robust-selected portfolio metrics; validation only for selection
test,pure_stagewise_score,20,0.0724425296758457,0.0533050878452447,0.0388217182735793,0.2586143694313606,0.2578910320248411,0.0,0.6800000000000004,0.6,holdout diagnostics only; not used for parameter choice
valid,pure_stagewise_score,20,0.1546245051317078,0.3416919501410964,0.2631349871764522,4.80268498322365,0.3475203904165584,0.0,0.9000000000000005,0.75,positive rankic with robust-selected portfolio metrics; validation only for selection
test,pure_stagewise_score,20,0.0724425296758457,0.0670920048368481,0.0517825759642043,0.3217828961089692,0.3251012172794122,0.0,0.6400000000000003,0.6,holdout diagnostics only; not used for parameter choice
valid,pure_stagewise_score,30,0.1546245051317078,0.3311413977673059,0.2173669099562928,3.130305957676548,0.4266698047238443,0.0,0.9083333333333344,0.5,positive rankic with robust-selected portfolio metrics; validation only for selection
test,pure_stagewise_score,30,0.0724425296758457,0.0272196779423263,0.0137076079994232,0.1386790082872845,0.1220367240439707,0.0,0.6466666666666671,0.6,holdout diagnostics only; not used for parameter choice
valid,pure_stagewise_score,30,0.1546245051317078,0.3317950403576077,0.2183023046025645,3.1451343278981057,0.4269635034297581,0.0,0.9000000000000011,0.5,positive rankic with robust-selected portfolio metrics; validation only for selection
test,pure_stagewise_score,30,0.0724425296758457,0.0380835604188722,0.0246257019044855,0.1929783723896881,0.1760631457264384,0.0,0.6400000000000003,0.6,holdout diagnostics only; not used for parameter choice
valid,pure_stagewise_score,50,0.1546245051317078,0.3431702436886246,0.2307115028017538,3.43903299426656,0.4557739609135965,0.0,0.9050000000000008,0.75,positive rankic with robust-selected portfolio metrics; validation only for selection
test,pure_stagewise_score,50,0.0724425296758457,0.0062504170470392,-0.0073142137836098,0.0341612120135674,-0.0061299881668903,0.0,0.5960000000000003,0.6,holdout diagnostics only; not used for parameter choice
valid,pure_stagewise_score,20,0.1546245051317078,0.3697010293370553,0.2597216778408882,4.799920883448365,0.5284554820661737,0.0,0.9375000000000004,0.75,positive rankic with robust-selected portfolio metrics; validation only for selection
test,pure_stagewise_score,20,0.0724425296758457,0.1529785739335205,0.1345367124881364,0.828478188018927,0.6399400076432682,0.0,0.7200000000000003,0.8,holdout diagnostics only; not used for parameter choice
valid,pure_stagewise_score,20,0.1546245051317078,0.3609866407133473,0.2476368034515109,4.330044673191844,0.526260516093927,0.0,0.9250000000000004,0.75,positive rankic with robust-selected portfolio metrics; validation only for selection
test,pure_stagewise_score,20,0.0724425296758457,0.1028464668804427,0.0871876630637993,0.6192456832530505,0.5421266882162907,0.0,0.6300000000000001,0.8,holdout diagnostics only; not used for parameter choice
valid,pure_stagewise_score,30,0.1546245051317078,0.3685514752072976,0.2210030148520422,2.9565145241808497,0.7618722844146116,0.0,0.9250000000000012,1.0,positive rankic with robust-selected portfolio metrics; validation only for selection
test,pure_stagewise_score,30,0.0724425296758457,0.1142757045284827,0.0966816818285894,0.7536670067840548,0.7968412561600426,0.0,0.6533333333333338,0.8,holdout diagnostics only; not used for parameter choice
valid,pure_stagewise_score,30,0.1546245051317078,0.3639248835982966,0.2146817817117275,2.8581659792524,0.7718152706371636,0.0,0.916666666666668,1.0,positive rankic with robust-selected portfolio metrics; validation only for selection
test,pure_stagewise_score,30,0.0724425296758457,0.1117548229716107,0.0953439575498202,0.8186360321590107,0.7457894433087866,0.0,0.5800000000000004,0.6,holdout diagnostics only; not used for parameter choice
valid,pure_stagewise_score,50,0.1546245051317078,0.2947844056178215,0.1679445536334357,2.390599747473883,0.3877175868941037,-0.0046589805859477,0.9050000000000008,0.5,positive rankic with robust-selected portfolio metrics; validation only for selection
test,pure_stagewise_score,50,0.0724425296758457,0.0708036981427711,0.0564030820548163,0.4723944195348102,0.4355310559044542,0.0,0.5840000000000004,0.6,holdout diagnostics only; not used for parameter choice
valid,pure_stagewise_score,20,0.1546171509762038,0.9081510537991224,0.5554404920973657,4.147951428929602,1.92712845487018,0.0,0.9625000000000004,1.0,positive rankic with robust-selected portfolio metrics; validation only for selection
test,pure_stagewise_score,20,0.0724233852915362,-0.0236978353632065,-0.0362061890769829,-0.1197721656659101,-0.1485324665825642,0.0,0.7400000000000003,0.6,holdout diagnostics only; not used for parameter choice
valid,pure_stagewise_score,20,0.1546171509762038,0.9081510537991224,0.5554404920973657,4.147951428929602,1.92712845487018,0.0,0.9625000000000004,1.0,positive rankic with robust-selected portfolio metrics; validation only for selection
test,pure_stagewise_score,20,0.0724233852915362,-0.024713253350706,-0.0377944922225931,-0.1264334878184173,-0.1679305965548012,0.0,0.6500000000000001,0.6,holdout diagnostics only; not used for parameter choice
valid,pure_stagewise_score,30,0.1546171509762038,0.7580456671094977,0.495970976067702,4.698668811968529,1.69231087410674,0.0,0.966666666666668,1.0,positive rankic with robust-selected portfolio metrics; validation only for selection
test,pure_stagewise_score,30,0.0724233852915362,0.0118042257470099,-0.001499815002749,0.0658666668276768,0.0244211638970425,0.0,0.6666666666666671,0.6,holdout diagnostics only; not used for parameter choice
valid,pure_stagewise_score,30,0.1546171509762038,0.7580456671094977,0.495970976067702,4.698668811968529,1.69231087410674,0.0,0.966666666666668,1.0,positive rankic with robust-selected portfolio metrics; validation only for selection
test,pure_stagewise_score,30,0.0724233852915362,0.0284011848017904,0.014259049957065,0.1660646938410159,0.1410014123033278,0.0,0.6200000000000003,0.6,holdout diagnostics only; not used for parameter choice
valid,pure_stagewise_score,50,0.1546171509762038,0.6111192273376476,0.4005889389309784,5.020621872213039,1.8164513221721488,0.0,0.9650000000000007,1.0,positive rankic with robust-selected portfolio metrics; validation only for selection
test,pure_stagewise_score,50,0.0724233852915362,0.0406015564271118,0.0257631724354772,0.2202932799028261,0.2253935140607292,0.0,0.6440000000000003,0.6,holdout diagnostics only; not used for parameter choice
valid,pure_stagewise_score,20,0.1546171509762038,0.3390337285792195,0.25932549186557,4.668822604874185,0.3448870608123483,0.0,0.9125000000000004,0.75,positive rankic with robust-selected portfolio metrics; validation only for selection
test,pure_stagewise_score,20,0.0724233852915362,0.0533050878452447,0.0388217182735793,0.2586143694313606,0.2578910320248411,0.0,0.6800000000000004,0.6,holdout diagnostics only; not used for parameter choice
valid,pure_stagewise_score,20,0.1546171509762038,0.3416919501410964,0.2631349871764522,4.80268498322365,0.3475203904165584,0.0,0.9000000000000005,0.75,positive rankic with robust-selected portfolio metrics; validation only for selection
test,pure_stagewise_score,20,0.0724233852915362,0.0670920048368481,0.0517825759642043,0.3217828961089692,0.3251012172794122,0.0,0.6400000000000003,0.6,holdout diagnostics only; not used for parameter choice
valid,pure_stagewise_score,30,0.1546171509762038,0.3311413977673059,0.2173669099562928,3.130305957676548,0.4266698047238443,0.0,0.9083333333333344,0.5,positive rankic with robust-selected portfolio metrics; validation only for selection
test,pure_stagewise_score,30,0.0724233852915362,0.0272196779423263,0.0137076079994232,0.1386790082872845,0.1220367240439707,0.0,0.6466666666666671,0.6,holdout diagnostics only; not used for parameter choice
valid,pure_stagewise_score,30,0.1546171509762038,0.3317950403576077,0.2183023046025645,3.1451343278981057,0.4269635034297581,0.0,0.9000000000000011,0.5,positive rankic with robust-selected portfolio metrics; validation only for selection
test,pure_stagewise_score,30,0.0724233852915362,0.0380835604188722,0.0246257019044855,0.1929783723896881,0.1760631457264384,0.0,0.6400000000000003,0.6,holdout diagnostics only; not used for parameter choice
valid,pure_stagewise_score,50,0.1546171509762038,0.3431702436886246,0.2307115028017539,3.4390329942665603,0.4557739609135964,0.0,0.9050000000000008,0.75,positive rankic with robust-selected portfolio metrics; validation only for selection
test,pure_stagewise_score,50,0.0724233852915362,0.0062504170470392,-0.0073142137836098,0.0341612120135674,-0.0061299881668903,0.0,0.5960000000000003,0.6,holdout diagnostics only; not used for parameter choice
valid,pure_stagewise_score,20,0.1546171509762038,0.3697010293370553,0.2597216778408882,4.799920883448364,0.5284554820661737,0.0,0.9375000000000004,0.75,positive rankic with robust-selected portfolio metrics; validation only for selection
test,pure_stagewise_score,20,0.0724233852915362,0.1529785739335205,0.1345367124881364,0.828478188018927,0.6399400076432682,0.0,0.7200000000000003,0.8,holdout diagnostics only; not used for parameter choice
valid,pure_stagewise_score,20,0.1546171509762038,0.3609866407133473,0.247636803451511,4.330044673191844,0.5262605160939273,0.0,0.9250000000000004,0.75,positive rankic with robust-selected portfolio metrics; validation only for selection
test,pure_stagewise_score,20,0.0724233852915362,0.1028464668804427,0.0871876630637993,0.6192456832530505,0.5421266882162907,0.0,0.6300000000000001,0.8,holdout diagnostics only; not used for parameter choice
valid,pure_stagewise_score,30,0.1546171509762038,0.3685514752072976,0.2210030148520422,2.9565145241808497,0.7618722844146116,0.0,0.9250000000000012,1.0,positive rankic with robust-selected portfolio metrics; validation only for selection
test,pure_stagewise_score,30,0.0724233852915362,0.1142757045284827,0.0966816818285894,0.7536670067840548,0.7968412561600426,0.0,0.6533333333333338,0.8,holdout diagnostics only; not used for parameter choice
valid,pure_stagewise_score,30,0.1546171509762038,0.3639248835982966,0.2146817817117275,2.8581659792524,0.7718152706371636,0.0,0.916666666666668,1.0,positive rankic with robust-selected portfolio metrics; validation only for selection
test,pure_stagewise_score,30,0.0724233852915362,0.1117548229716107,0.0953439575498202,0.8186360321590107,0.7457894433087866,0.0,0.5800000000000004,0.6,holdout diagnostics only; not used for parameter choice
valid,pure_stagewise_score,50,0.1546171509762038,0.2947844056178215,0.1679445536334357,2.390599747473883,0.3877175868941037,-0.0046589805859477,0.9050000000000008,0.5,positive rankic with robust-selected portfolio metrics; validation only for selection
test,pure_stagewise_score,50,0.0724233852915362,0.0708036981427711,0.0564030820548163,0.4723944195348102,0.4355310559044542,0.0,0.5840000000000004,0.6,holdout diagnostics only; not used for parameter choice
valid,pure_stagewise_score,20,0.1380386570642419,0.5771194232469465,0.3892679177773032,3.5893859386660263,0.9904427649078816,0.0,0.9750000000000004,0.75,positive rankic with robust-selected portfolio metrics; validation only for selection
test,pure_stagewise_score,20,0.0723861953085778,-0.0236978353632065,-0.0362061890769829,-0.1197721656659101,-0.1485324665825642,0.0,0.7400000000000003,0.6,holdout diagnostics only; not used for parameter choice
valid,pure_stagewise_score,20,0.1380386570642419,0.5771194232469465,0.3892679177773032,3.5893859386660263,0.9904427649078816,0.0,0.9750000000000004,0.75,positive rankic with robust-selected portfolio metrics; validation only for selection
test,pure_stagewise_score,20,0.0723861953085778,-0.024713253350706,-0.0377944922225931,-0.1264334878184173,-0.1679305965548012,0.0,0.6500000000000001,0.6,holdout diagnostics only; not used for parameter choice
valid,pure_stagewise_score,30,0.1380386570642419,0.5886622009318263,0.4079437891452031,5.233697055026038,1.1912639796686402,0.0,0.9833333333333346,1.0,positive rankic with robust-selected portfolio metrics; validation only for selection
test,pure_stagewise_score,30,0.0723861953085778,0.0118042257470099,-0.0014998150027489,0.0658666668276768,0.0244211638970427,0.0,0.6666666666666671,0.6,holdout diagnostics only; not used for parameter choice
valid,pure_stagewise_score,30,0.1380386570642419,0.5886622009318263,0.4079437891452031,5.233697055026038,1.1912639796686402,0.0,0.9833333333333346,1.0,positive rankic with robust-selected portfolio metrics; validation only for selection
test,pure_stagewise_score,30,0.0723861953085778,0.0284011848017904,0.014259049957065,0.1660646938410159,0.1410014123033279,0.0,0.6200000000000003,0.6,holdout diagnostics only; not used for parameter choice
valid,pure_stagewise_score,50,0.1380386570642419,0.624117226588923,0.4074734294413205,4.986189910918316,1.899354208101303,0.0,0.9750000000000008,1.0,positive rankic with robust-selected portfolio metrics; validation only for selection
test,pure_stagewise_score,50,0.0723861953085778,0.0406015564271118,0.0257631724354772,0.2202932799028261,0.2253935140607293,0.0,0.6440000000000003,0.6,holdout diagnostics only; not used for parameter choice
valid,pure_stagewise_score,20,0.1380386570642419,0.5363595867066364,0.3200774694455044,2.8484477037511144,1.1848881719841484,0.0,0.9000000000000005,1.0,positive rankic with robust-selected portfolio metrics; validation only for selection
test,pure_stagewise_score,20,0.0723861953085778,0.0541997032369492,0.0396598552100406,0.2621323902807954,0.2619231778395896,0.0,0.6900000000000003,0.6,holdout diagnostics only; not used for parameter choice
valid,pure_stagewise_score,20,0.1380386570642419,0.541098253729422,0.3244503862294887,2.871218316055857,1.1788244799792038,0.0,0.8625000000000004,1.0,positive rankic with robust-selected portfolio metrics; validation only for selection
test,pure_stagewise_score,20,0.0723861953085778,0.0620090547258411,0.0470453020082064,0.3028542312999814,0.3042282019977894,0.0,0.6400000000000003,0.6,holdout diagnostics only; not used for parameter choice
valid,pure_stagewise_score,30,0.1380386570642419,0.3675055585437046,0.2211265262594449,2.19447505351446,0.5133137309664545,0.0,0.875000000000001,0.5,positive rankic with robust-selected portfolio metrics; validation only for selection
test,pure_stagewise_score,30,0.0723861953085778,0.025516599084151,0.0120883800414089,0.1308338751151425,0.1124511863893861,0.0,0.6400000000000003,0.6,holdout diagnostics only; not used for parameter choice
valid,pure_stagewise_score,30,0.1380386570642419,0.3771347890354652,0.227186480895576,2.2689512335543074,0.5546345080666695,0.0,0.8583333333333343,0.5,positive rankic with robust-selected portfolio metrics; validation only for selection
test,pure_stagewise_score,30,0.0723861953085778,0.0363624697868176,0.0230064739464713,0.1853930358586602,0.1670158913342526,0.0,0.6333333333333336,0.6,holdout diagnostics only; not used for parameter choice
valid,pure_stagewise_score,50,0.1380386570642419,0.4408174368715871,0.2766347359011266,3.389898894461268,1.0132395214573915,0.0,0.8650000000000007,0.75,positive rankic with robust-selected portfolio metrics; validation only for selection
test,pure_stagewise_score,50,0.0723861953085778,0.0062504170470392,-0.0073142137836098,0.0341612120135674,-0.0061299881668902,0.0,0.5960000000000003,0.6,holdout diagnostics only; not used for parameter choice
valid,pure_stagewise_score,20,0.1380386570642419,0.4858328122855839,0.2906605090062165,2.4311009759074773,0.8309950832672522,0.0,0.9125000000000004,0.75,positive rankic with robust-selected portfolio metrics; validation only for selection
test,pure_stagewise_score,20,0.0723861953085778,0.1529785739335205,0.1345367124881364,0.828478188018927,0.6399400076432682,0.0,0.7200000000000003,0.8,holdout diagnostics only; not used for parameter choice
valid,pure_stagewise_score,20,0.1380386570642419,0.4792545893358113,0.2822353968016169,2.369282236570021,0.8302531894727171,0.0,0.9000000000000005,0.75,positive rankic with robust-selected portfolio metrics; validation only for selection
test,pure_stagewise_score,20,0.0723861953085778,0.1028464668804427,0.0871876630637993,0.6192456832530505,0.5421266882162907,0.0,0.6300000000000001,0.8,holdout diagnostics only; not used for parameter choice
valid,pure_stagewise_score,30,0.1380386570642419,0.3347182566954512,0.1866277410965072,2.4836599246929367,0.664534214655316,-0.0025560094022504,0.9000000000000011,0.75,positive rankic with robust-selected portfolio metrics; validation only for selection
test,pure_stagewise_score,30,0.0723861953085778,0.1142757045284827,0.0966816818285894,0.7536670067840548,0.7968412561600426,0.0,0.6533333333333338,0.8,holdout diagnostics only; not used for parameter choice
valid,pure_stagewise_score,30,0.1380386570642419,0.3451434686163814,0.2033226825578582,2.741601720780153,0.6372617666842219,0.0,0.875000000000001,0.75,positive rankic with robust-selected portfolio metrics; validation only for selection
test,pure_stagewise_score,30,0.0723861953085778,0.1117548229716107,0.0953439575498202,0.8186360321590107,0.7457894433087866,0.0,0.5800000000000004,0.6,holdout diagnostics only; not used for parameter choice
valid,pure_stagewise_score,50,0.1380386570642419,0.2786223286451152,0.149850198888363,2.2164508547983632,0.351967164041502,-0.0118821748248296,0.8650000000000007,0.5,positive rankic with robust-selected portfolio metrics; validation only for selection
test,pure_stagewise_score,50,0.0723861953085778,0.0649813449989498,0.0505830196555464,0.4382392657366885,0.4232446229455497,0.0,0.5840000000000004,0.6,holdout diagnostics only; not used for parameter choice
valid,pure_stagewise_score,20,0.1195523443731538,0.490579777622413,0.2764631041323919,1.8647388528708784,0.6616378770381365,-0.0688705304156303,0.9500000000000004,0.75,positive rankic with robust-selected portfolio metrics; validation only for selection
test,pure_stagewise_score,20,0.1267515728887913,0.0582902252476478,0.0429803155197204,0.3217181285718862,0.3557503608038725,0.0,0.6100000000000002,0.8,holdout diagnostics only; not used for parameter choice
valid,pure_stagewise_score,20,0.1195523443731538,0.490579777622413,0.2764631041323919,1.8647388528708784,0.6616378770381365,-0.0688705304156303,0.9500000000000004,0.75,positive rankic with robust-selected portfolio metrics; validation only for selection
test,pure_stagewise_score,20,0.1267515728887913,0.0268419097467234,0.0122851797375105,0.1539380665400949,0.1481942721939055,0.0,0.5500000000000002,0.6,holdout diagnostics only; not used for parameter choice
valid,pure_stagewise_score,30,0.1195523443731538,0.4456051831897254,0.2640296566864974,2.062164335016345,0.6416667193346077,-0.0483623078649361,0.9583333333333346,0.75,positive rankic with robust-selected portfolio metrics; validation only for selection
test,pure_stagewise_score,30,0.1267515728887913,0.0090568892132025,-0.0048548635771587,0.051240585313584,0.0074197512094432,0.0,0.606666666666667,0.6,holdout diagnostics only; not used for parameter choice
valid,pure_stagewise_score,30,0.1195523443731538,0.4291669912592939,0.2586609480564359,1.9761868913490683,0.567938148386883,-0.0485519573343613,0.9250000000000012,0.75,positive rankic with robust-selected portfolio metrics; validation only for selection
test,pure_stagewise_score,30,0.1267515728887913,-0.0102116267565454,-0.0241142105381157,-0.0589676861055433,-0.1480557227089808,-0.0024130610371468,0.5200000000000004,0.6,holdout diagnostics only; not used for parameter choice
valid,pure_stagewise_score,50,0.1195523443731538,0.4711564902253979,0.2850540355017961,2.4667362795967893,0.8144085346349055,-0.0303650887015861,0.9300000000000006,0.75,positive rankic with robust-selected portfolio metrics; validation only for selection
test,pure_stagewise_score,50,0.1267515728887913,0.028214879466486,0.0143941295006325,0.1648686709349146,0.142386707989905,0.0,0.5480000000000003,0.8,holdout diagnostics only; not used for parameter choice
valid,pure_stagewise_score,20,0.1195523443731538,0.0371716251754414,0.0482081271646926,0.325104429566874,-0.3077977837376531,0.0,0.9625000000000004,0.5,positive rankic with robust-selected portfolio metrics; validation only for selection
test,pure_stagewise_score,20,0.1267515728887913,-0.0089342221039421,-0.0222238084225106,-0.0533592803898396,-0.139231700544498,0.0,0.6300000000000002,0.6,holdout diagnostics only; not used for parameter choice
valid,pure_stagewise_score,20,0.1195523443731538,0.0547148670520556,0.0554248560286116,0.4512476462676593,-0.2786482767835179,0.0,0.9500000000000004,0.5,positive rankic with robust-selected portfolio metrics; validation only for selection
test,pure_stagewise_score,20,0.1267515728887913,0.0060757712641683,-0.0066487126669903,0.0406239402186435,-0.0479194809593831,-9.717273064591136e-05,0.5800000000000003,0.6,holdout diagnostics only; not used for parameter choice
valid,pure_stagewise_score,30,0.1195523443731538,0.0862031997167482,0.0654242128171214,0.6365966078301132,-0.2247227840706974,-0.0144470229046425,0.9500000000000012,0.5,positive rankic with robust-selected portfolio metrics; validation only for selection
test,pure_stagewise_score,30,0.1267515728887913,-0.0287295824091773,-0.0431864103179293,-0.1698683693334481,-0.340052288793277,-0.0028011740030916,0.5800000000000003,0.4,holdout diagnostics only; not used for parameter choice
valid,pure_stagewise_score,30,0.1195523443731538,0.0862031997167482,0.0654242128171214,0.6365966078301132,-0.2247227840706974,-0.0144470229046425,0.9500000000000012,0.5,positive rankic with robust-selected portfolio metrics; validation only for selection
test,pure_stagewise_score,30,0.1267515728887913,-0.0181547450456757,-0.0324856548477818,-0.1048845776800315,-0.2267485887618054,-0.0040657805032499,0.546666666666667,0.6,holdout diagnostics only; not used for parameter choice
valid,pure_stagewise_score,50,0.1195523443731538,0.2253523160075257,0.1572650783585201,2.319528579504971,0.0648052421959379,-0.0104547147841468,0.9500000000000006,0.5,positive rankic with robust-selected portfolio metrics; validation only for selection
test,pure_stagewise_score,50,0.1267515728887913,0.0063780288445862,-0.0074956005880666,0.0339105886467042,0.0005548403868745,0.0,0.5280000000000002,0.8,holdout diagnostics only; not used for parameter choice
valid,pure_stagewise_score,20,0.1195523443731538,0.07554208079774,-0.0041883421239117,0.8091228228242927,-0.4627559721008786,-0.0333231850873457,0.9000000000000005,0.25,positive rankic with robust-selected portfolio metrics; validation only for selection
test,pure_stagewise_score,20,0.1267515728887913,0.0190664339553645,0.0047921137040351,0.1002360327516853,0.0842437799780167,-0.006518705929301,0.6500000000000001,0.6,holdout diagnostics only; not used for parameter choice
valid,pure_stagewise_score,20,0.1195523443731538,0.07554208079774,-0.0041883421239117,0.8091228228242927,-0.4627559721008786,-0.0333231850873457,0.9000000000000005,0.25,positive rankic with robust-selected portfolio metrics; validation only for selection
test,pure_stagewise_score,20,0.1267515728887913,-0.0117084722656198,-0.0254913374115657,-0.0645737123222191,-0.131731334242977,-0.006518705929301,0.5600000000000002,0.6,holdout diagnostics only; not used for parameter choice
valid,pure_stagewise_score,30,0.1195523443731538,0.1911719108929594,0.0963780771419361,1.375492126102087,-0.0160181259888429,-0.0266660311337914,0.9333333333333346,0.5,positive rankic with robust-selected portfolio metrics; validation only for selection
test,pure_stagewise_score,30,0.1267515728887913,0.0093622828645762,-0.0053694792332016,0.0547070255406354,0.0024886557096144,-0.0011486940241067,0.5466666666666669,0.8,holdout diagnostics only; not used for parameter choice
valid,pure_stagewise_score,30,0.1195523443731538,0.1921637443444719,0.0980224136632513,1.3880144762872877,-0.0131979558694193,-0.0266660311337915,0.8916666666666678,0.5,positive rankic with robust-selected portfolio metrics; validation only for selection
test,pure_stagewise_score,30,0.1267515728887913,-0.0035988632492822,-0.0178927584293243,-0.0199595101175907,-0.0854425302252955,-0.0069487271134925,0.48,0.4,holdout diagnostics only; not used for parameter choice
valid,pure_stagewise_score,50,0.1195523443731538,0.1465802132321654,0.0582434255182252,1.283020034304445,-0.1767748635263942,-0.0237650983989811,0.8450000000000004,0.5,positive rankic with robust-selected portfolio metrics; validation only for selection
test,pure_stagewise_score,50,0.1267515728887913,0.0016965373317776,-0.0123093478220937,0.0096334353099843,-0.0499239749707998,-0.0036061438377645,0.4320000000000002,0.8,holdout diagnostics only; not used for parameter choice
valid,pure_stagewise_score,20,0.1195469969346063,0.490579777622413,0.2764631041323919,1.8647388528708784,0.6616378770381365,-0.0688705304156303,0.9500000000000004,0.75,positive rankic with robust-selected portfolio metrics; validation only for selection
test,pure_stagewise_score,20,0.126747597063567,0.0582902252476478,0.0429803155197204,0.3217181285718862,0.3557503608038725,0.0,0.6100000000000002,0.8,holdout diagnostics only; not used for parameter choice
valid,pure_stagewise_score,20,0.1195469969346063,0.490579777622413,0.2764631041323919,1.8647388528708784,0.6616378770381365,-0.0688705304156303,0.9500000000000004,0.75,positive rankic with robust-selected portfolio metrics; validation only for selection
test,pure_stagewise_score,20,0.126747597063567,0.0268419097467234,0.0122851797375105,0.1539380665400949,0.1481942721939055,0.0,0.5500000000000002,0.6,holdout diagnostics only; not used for parameter choice
valid,pure_stagewise_score,30,0.1195469969346063,0.4456051831897254,0.2640296566864974,2.062164335016345,0.6416667193346077,-0.0483623078649361,0.9583333333333346,0.75,positive rankic with robust-selected portfolio metrics; validation only for selection
test,pure_stagewise_score,30,0.126747597063567,0.0090568892132025,-0.0048548635771587,0.051240585313584,0.0074197512094432,0.0,0.606666666666667,0.6,holdout diagnostics only; not used for parameter choice
valid,pure_stagewise_score,30,0.1195469969346063,0.4291669912592939,0.2586609480564359,1.9761868913490683,0.567938148386883,-0.0485519573343613,0.9250000000000012,0.75,positive rankic with robust-selected portfolio metrics; validation only for selection
test,pure_stagewise_score,30,0.126747597063567,-0.0102116267565454,-0.0241142105381157,-0.0589676861055433,-0.1480557227089808,-0.0024130610371468,0.5200000000000004,0.6,holdout diagnostics only; not used for parameter choice
valid,pure_stagewise_score,50,0.1195469969346063,0.4711564902253979,0.2850540355017961,2.4667362795967893,0.8144085346349055,-0.0303650887015861,0.9300000000000006,0.75,positive rankic with robust-selected portfolio metrics; validation only for selection
test,pure_stagewise_score,50,0.126747597063567,0.028214879466486,0.0143941295006325,0.1648686709349146,0.142386707989905,0.0,0.5480000000000003,0.8,holdout diagnostics only; not used for parameter choice
valid,pure_stagewise_score,20,0.1195469969346063,0.0371716251754414,0.0482081271646926,0.325104429566874,-0.3077977837376531,0.0,0.9625000000000004,0.5,positive rankic with robust-selected portfolio metrics; validation only for selection
test,pure_stagewise_score,20,0.126747597063567,-0.0089342221039421,-0.0222238084225106,-0.0533592803898396,-0.139231700544498,0.0,0.6300000000000002,0.6,holdout diagnostics only; not used for parameter choice
valid,pure_stagewise_score,20,0.1195469969346063,0.0547148670520556,0.0554248560286116,0.4512476462676593,-0.2786482767835179,0.0,0.9500000000000004,0.5,positive rankic with robust-selected portfolio metrics; validation only for selection
test,pure_stagewise_score,20,0.126747597063567,0.0060757712641683,-0.0066487126669903,0.0406239402186435,-0.0479194809593831,-9.717273064591136e-05,0.5800000000000003,0.6,holdout diagnostics only; not used for parameter choice
valid,pure_stagewise_score,30,0.1195469969346063,0.0862031997167482,0.0654242128171214,0.6365966078301132,-0.2247227840706974,-0.0144470229046425,0.9500000000000012,0.5,positive rankic with robust-selected portfolio metrics; validation only for selection
test,pure_stagewise_score,30,0.126747597063567,-0.0287295824091773,-0.0431864103179293,-0.1698683693334481,-0.340052288793277,-0.0028011740030916,0.5800000000000003,0.4,holdout diagnostics only; not used for parameter choice
valid,pure_stagewise_score,30,0.1195469969346063,0.0862031997167482,0.0654242128171214,0.6365966078301132,-0.2247227840706974,-0.0144470229046425,0.9500000000000012,0.5,positive rankic with robust-selected portfolio metrics; validation only for selection
test,pure_stagewise_score,30,0.126747597063567,-0.0181547450456757,-0.0324856548477818,-0.1048845776800315,-0.2267485887618054,-0.0040657805032499,0.546666666666667,0.6,holdout diagnostics only; not used for parameter choice
valid,pure_stagewise_score,50,0.1195469969346063,0.2253523160075257,0.1572650783585201,2.319528579504971,0.0648052421959379,-0.0104547147841468,0.9500000000000006,0.5,positive rankic with robust-selected portfolio metrics; validation only for selection
test,pure_stagewise_score,50,0.126747597063567,0.0063780288445862,-0.0074956005880666,0.0339105886467042,0.0005548403868745,0.0,0.5280000000000002,0.8,holdout diagnostics only; not used for parameter choice
valid,pure_stagewise_score,20,0.1195469969346063,0.07554208079774,-0.0041883421239117,0.8091228228242927,-0.4627559721008786,-0.0333231850873457,0.9000000000000005,0.25,positive rankic with robust-selected portfolio metrics; validation only for selection
test,pure_stagewise_score,20,0.126747597063567,0.0190664339553645,0.0047921137040351,0.1002360327516853,0.0842437799780167,-0.006518705929301,0.6500000000000001,0.6,holdout diagnostics only; not used for parameter choice
valid,pure_stagewise_score,20,0.1195469969346063,0.07554208079774,-0.0041883421239117,0.8091228228242927,-0.4627559721008786,-0.0333231850873457,0.9000000000000005,0.25,positive rankic with robust-selected portfolio metrics; validation only for selection
test,pure_stagewise_score,20,0.126747597063567,-0.0117084722656198,-0.0254913374115657,-0.0645737123222191,-0.131731334242977,-0.006518705929301,0.5600000000000002,0.6,holdout diagnostics only; not used for parameter choice
valid,pure_stagewise_score,30,0.1195469969346063,0.1911719108929594,0.0963780771419361,1.375492126102087,-0.0160181259888429,-0.0266660311337914,0.9333333333333346,0.5,positive rankic with robust-selected portfolio metrics; validation only for selection
test,pure_stagewise_score,30,0.126747597063567,0.0093622828645762,-0.0053694792332016,0.0547070255406354,0.0024886557096144,-0.0011486940241067,0.5466666666666669,0.8,holdout diagnostics only; not used for parameter choice
valid,pure_stagewise_score,30,0.1195469969346063,0.1921637443444719,0.0980224136632513,1.3880144762872877,-0.0131979558694193,-0.0266660311337915,0.8916666666666678,0.5,positive rankic with robust-selected portfolio metrics; validation only for selection
test,pure_stagewise_score,30,0.126747597063567,-0.0035988632492822,-0.0178927584293243,-0.0199595101175907,-0.0854425302252955,-0.0069487271134925,0.48,0.4,holdout diagnostics only; not used for parameter choice
valid,pure_stagewise_score,50,0.1195469969346063,0.1465802132321654,0.0582434255182252,1.283020034304445,-0.1767748635263942,-0.0237650983989811,0.8450000000000004,0.5,positive rankic with robust-selected portfolio metrics; validation only for selection
test,pure_stagewise_score,50,0.126747597063567,0.0016965373317776,-0.0123093478220937,0.0096334353099843,-0.0499239749707998,-0.0036061438377645,0.4320000000000002,0.8,holdout diagnostics only; not used for parameter choice
valid,pure_stagewise_score,20,0.1195532035787554,0.490579777622413,0.2764631041323919,1.8647388528708784,0.6616378770381365,-0.0688705304156303,0.9500000000000004,0.75,positive rankic with robust-selected portfolio metrics; validation only for selection
test,pure_stagewise_score,20,0.12675581593005,0.0582902252476478,0.0429803155197204,0.3217181285718862,0.3557503608038725,0.0,0.6100000000000002,0.8,holdout diagnostics only; not used for parameter choice
valid,pure_stagewise_score,20,0.1195532035787554,0.490579777622413,0.2764631041323919,1.8647388528708784,0.6616378770381365,-0.0688705304156303,0.9500000000000004,0.75,positive rankic with robust-selected portfolio metrics; validation only for selection
test,pure_stagewise_score,20,0.12675581593005,0.0268419097467234,0.0122851797375105,0.1539380665400949,0.1481942721939055,0.0,0.5500000000000002,0.6,holdout diagnostics only; not used for parameter choice
valid,pure_stagewise_score,30,0.1195532035787554,0.4456051831897254,0.2640296566864974,2.062164335016345,0.6416667193346077,-0.0483623078649361,0.9583333333333346,0.75,positive rankic with robust-selected portfolio metrics; validation only for selection
test,pure_stagewise_score,30,0.12675581593005,0.0090568892132025,-0.0048548635771587,0.051240585313584,0.0074197512094432,0.0,0.606666666666667,0.6,holdout diagnostics only; not used for parameter choice
valid,pure_stagewise_score,30,0.1195532035787554,0.4291669912592939,0.2586609480564359,1.9761868913490683,0.567938148386883,-0.0485519573343613,0.9250000000000012,0.75,positive rankic with robust-selected portfolio metrics; validation only for selection
test,pure_stagewise_score,30,0.12675581593005,-0.0102116267565454,-0.0241142105381157,-0.0589676861055433,-0.1480557227089808,-0.0024130610371468,0.5200000000000004,0.6,holdout diagnostics only; not used for parameter choice
valid,pure_stagewise_score,50,0.1195532035787554,0.4711564902253979,0.2850540355017961,2.4667362795967893,0.8144085346349055,-0.0303650887015861,0.9300000000000006,0.75,positive rankic with robust-selected portfolio metrics; validation only for selection
test,pure_stagewise_score,50,0.12675581593005,0.028214879466486,0.0143941295006325,0.1648686709349146,0.142386707989905,0.0,0.5480000000000003,0.8,holdout diagnostics only; not used for parameter choice
valid,pure_stagewise_score,20,0.1195532035787554,0.0371716251754414,0.0482081271646926,0.325104429566874,-0.3077977837376531,0.0,0.9625000000000004,0.5,positive rankic with robust-selected portfolio metrics; validation only for selection
test,pure_stagewise_score,20,0.12675581593005,-0.0089342221039421,-0.0222238084225106,-0.0533592803898396,-0.139231700544498,0.0,0.6300000000000002,0.6,holdout diagnostics only; not used for parameter choice
valid,pure_stagewise_score,20,0.1195532035787554,0.0547148670520556,0.0554248560286116,0.4512476462676593,-0.2786482767835179,0.0,0.9500000000000004,0.5,positive rankic with robust-selected portfolio metrics; validation only for selection
test,pure_stagewise_score,20,0.12675581593005,0.0060757712641683,-0.0066487126669903,0.0406239402186435,-0.0479194809593831,-9.717273064591136e-05,0.5800000000000003,0.6,holdout diagnostics only; not used for parameter choice
valid,pure_stagewise_score,30,0.1195532035787554,0.0862031997167482,0.0654242128171214,0.6365966078301132,-0.2247227840706974,-0.0144470229046425,0.9500000000000012,0.5,positive rankic with robust-selected portfolio metrics; validation only for selection
test,pure_stagewise_score,30,0.12675581593005,-0.0287295824091773,-0.0431864103179293,-0.1698683693334481,-0.340052288793277,-0.0028011740030916,0.5800000000000003,0.4,holdout diagnostics only; not used for parameter choice
valid,pure_stagewise_score,30,0.1195532035787554,0.0862031997167482,0.0654242128171214,0.6365966078301132,-0.2247227840706974,-0.0144470229046425,0.9500000000000012,0.5,positive rankic with robust-selected portfolio metrics; validation only for selection
test,pure_stagewise_score,30,0.12675581593005,-0.0181547450456757,-0.0324856548477818,-0.1048845776800315,-0.2267485887618054,-0.0040657805032499,0.546666666666667,0.6,holdout diagnostics only; not used for parameter choice
valid,pure_stagewise_score,50,0.1195532035787554,0.2253523160075257,0.1572650783585201,2.319528579504971,0.0648052421959379,-0.0104547147841468,0.9500000000000006,0.5,positive rankic with robust-selected portfolio metrics; validation only for selection
test,pure_stagewise_score,50,0.12675581593005,0.0063780288445862,-0.0074956005880666,0.0339105886467042,0.0005548403868745,0.0,0.5280000000000002,0.8,holdout diagnostics only; not used for parameter choice
valid,pure_stagewise_score,20,0.1195532035787554,0.07554208079774,-0.0041883421239117,0.8091228228242927,-0.4627559721008786,-0.0333231850873457,0.9000000000000005,0.25,positive rankic with robust-selected portfolio metrics; validation only for selection
test,pure_stagewise_score,20,0.12675581593005,0.0190664339553645,0.0047921137040351,0.1002360327516853,0.0842437799780167,-0.006518705929301,0.6500000000000001,0.6,holdout diagnostics only; not used for parameter choice
valid,pure_stagewise_score,20,0.1195532035787554,0.07554208079774,-0.0041883421239117,0.8091228228242927,-0.4627559721008786,-0.0333231850873457,0.9000000000000005,0.25,positive rankic with robust-selected portfolio metrics; validation only for selection
test,pure_stagewise_score,20,0.12675581593005,-0.0117084722656198,-0.0254913374115657,-0.0645737123222191,-0.131731334242977,-0.006518705929301,0.5600000000000002,0.6,holdout diagnostics only; not used for parameter choice
valid,pure_stagewise_score,30,0.1195532035787554,0.1911719108929594,0.0963780771419361,1.375492126102087,-0.0160181259888429,-0.0266660311337914,0.9333333333333346,0.5,positive rankic with robust-selected portfolio metrics; validation only for selection
test,pure_stagewise_score,30,0.12675581593005,0.0093622828645762,-0.0053694792332016,0.0547070255406354,0.0024886557096144,-0.0011486940241067,0.5466666666666669,0.8,holdout diagnostics only; not used for parameter choice
valid,pure_stagewise_score,30,0.1195532035787554,0.1921637443444719,0.0980224136632513,1.3880144762872877,-0.0131979558694193,-0.0266660311337915,0.8916666666666678,0.5,positive rankic with robust-selected portfolio metrics; validation only for selection
test,pure_stagewise_score,30,0.12675581593005,-0.0035988632492822,-0.0178927584293243,-0.0199595101175907,-0.0854425302252955,-0.0069487271134925,0.48,0.4,holdout diagnostics only; not used for parameter choice
valid,pure_stagewise_score,50,0.1195532035787554,0.1465802132321654,0.0582434255182252,1.283020034304445,-0.1767748635263942,-0.0237650983989811,0.8450000000000004,0.5,positive rankic with robust-selected portfolio metrics; validation only for selection
test,pure_stagewise_score,50,0.12675581593005,0.0016965373317776,-0.0123093478220937,0.0096334353099843,-0.0499239749707998,-0.0036061438377645,0.4320000000000002,0.8,holdout diagnostics only; not used for parameter choice
valid,pure_stagewise_score,20,0.1195563526180171,0.490579777622413,0.2764631041323919,1.8647388528708784,0.6616378770381365,-0.0688705304156303,0.9500000000000004,0.75,positive rankic with robust-selected portfolio metrics; validation only for selection
test,pure_stagewise_score,20,0.126761012721515,0.0582902252476478,0.0429803155197204,0.3217181285718862,0.3557503608038725,0.0,0.6100000000000002,0.8,holdout diagnostics only; not used for parameter choice
valid,pure_stagewise_score,20,0.1195563526180171,0.490579777622413,0.2764631041323919,1.8647388528708784,0.6616378770381365,-0.0688705304156303,0.9500000000000004,0.75,positive rankic with robust-selected portfolio metrics; validation only for selection
test,pure_stagewise_score,20,0.126761012721515,0.0268419097467234,0.0122851797375105,0.1539380665400949,0.1481942721939055,0.0,0.5500000000000002,0.6,holdout diagnostics only; not used for parameter choice
valid,pure_stagewise_score,30,0.1195563526180171,0.4456051831897254,0.2640296566864974,2.062164335016345,0.6416667193346077,-0.0483623078649361,0.9583333333333346,0.75,positive rankic with robust-selected portfolio metrics; validation only for selection
test,pure_stagewise_score,30,0.126761012721515,0.0090568892132025,-0.0048548635771587,0.051240585313584,0.0074197512094432,0.0,0.606666666666667,0.6,holdout diagnostics only; not used for parameter choice
valid,pure_stagewise_score,30,0.1195563526180171,0.4291669912592939,0.2586609480564359,1.9761868913490683,0.567938148386883,-0.0485519573343613,0.9250000000000012,0.75,positive rankic with robust-selected portfolio metrics; validation only for selection
test,pure_stagewise_score,30,0.126761012721515,-0.0102116267565454,-0.0241142105381157,-0.0589676861055433,-0.1480557227089808,-0.0024130610371468,0.5200000000000004,0.6,holdout diagnostics only; not used for parameter choice
valid,pure_stagewise_score,50,0.1195563526180171,0.4711564902253979,0.2850540355017961,2.4667362795967893,0.8144085346349055,-0.0303650887015861,0.9300000000000006,0.75,positive rankic with robust-selected portfolio metrics; validation only for selection
test,pure_stagewise_score,50,0.126761012721515,0.028214879466486,0.0143941295006325,0.1648686709349146,0.142386707989905,0.0,0.5480000000000003,0.8,holdout diagnostics only; not used for parameter choice
valid,pure_stagewise_score,20,0.1195563526180171,0.0371716251754414,0.0482081271646926,0.325104429566874,-0.3077977837376531,0.0,0.9625000000000004,0.5,positive rankic with robust-selected portfolio metrics; validation only for selection
test,pure_stagewise_score,20,0.126761012721515,-0.0089342221039421,-0.0222238084225106,-0.0533592803898396,-0.139231700544498,0.0,0.6300000000000002,0.6,holdout diagnostics only; not used for parameter choice
valid,pure_stagewise_score,20,0.1195563526180171,0.0547148670520556,0.0554248560286116,0.4512476462676593,-0.2786482767835179,0.0,0.9500000000000004,0.5,positive rankic with robust-selected portfolio metrics; validation only for selection
test,pure_stagewise_score,20,0.126761012721515,0.0060757712641683,-0.0066487126669903,0.0406239402186435,-0.0479194809593831,-9.717273064591136e-05,0.5800000000000003,0.6,holdout diagnostics only; not used for parameter choice
valid,pure_stagewise_score,30,0.1195563526180171,0.0862031997167482,0.0654242128171214,0.6365966078301132,-0.2247227840706974,-0.0144470229046425,0.9500000000000012,0.5,positive rankic with robust-selected portfolio metrics; validation only for selection
test,pure_stagewise_score,30,0.126761012721515,-0.0287295824091773,-0.0431864103179293,-0.1698683693334481,-0.340052288793277,-0.0028011740030916,0.5800000000000003,0.4,holdout diagnostics only; not used for parameter choice
valid,pure_stagewise_score,30,0.1195563526180171,0.0862031997167482,0.0654242128171214,0.6365966078301132,-0.2247227840706974,-0.0144470229046425,0.9500000000000012,0.5,positive rankic with robust-selected portfolio metrics; validation only for selection
test,pure_stagewise_score,30,0.126761012721515,-0.0181547450456757,-0.0324856548477818,-0.1048845776800315,-0.2267485887618054,-0.0040657805032499,0.546666666666667,0.6,holdout diagnostics only; not used for parameter choice
valid,pure_stagewise_score,50,0.1195563526180171,0.2253523160075257,0.1572650783585201,2.319528579504971,0.0648052421959379,-0.0104547147841468,0.9500000000000006,0.5,positive rankic with robust-selected portfolio metrics; validation only for selection
test,pure_stagewise_score,50,0.126761012721515,0.0063780288445862,-0.0074956005880666,0.0339105886467042,0.0005548403868745,0.0,0.5280000000000002,0.8,holdout diagnostics only; not used for parameter choice
valid,pure_stagewise_score,20,0.1195563526180171,0.07554208079774,-0.0041883421239117,0.8091228228242927,-0.4627559721008786,-0.0333231850873457,0.9000000000000005,0.25,positive rankic with robust-selected portfolio metrics; validation only for selection
test,pure_stagewise_score,20,0.126761012721515,0.0190664339553645,0.0047921137040351,0.1002360327516853,0.0842437799780167,-0.006518705929301,0.6500000000000001,0.6,holdout diagnostics only; not used for parameter choice
valid,pure_stagewise_score,20,0.1195563526180171,0.07554208079774,-0.0041883421239117,0.8091228228242927,-0.4627559721008786,-0.0333231850873457,0.9000000000000005,0.25,positive rankic with robust-selected portfolio metrics; validation only for selection
test,pure_stagewise_score,20,0.126761012721515,-0.0117084722656198,-0.0254913374115657,-0.0645737123222191,-0.131731334242977,-0.006518705929301,0.5600000000000002,0.6,holdout diagnostics only; not used for parameter choice
valid,pure_stagewise_score,30,0.1195563526180171,0.1911719108929594,0.0963780771419361,1.375492126102087,-0.0160181259888429,-0.0266660311337914,0.9333333333333346,0.5,positive rankic with robust-selected portfolio metrics; validation only for selection
test,pure_stagewise_score,30,0.126761012721515,0.0093622828645762,-0.0053694792332016,0.0547070255406354,0.0024886557096144,-0.0011486940241067,0.5466666666666669,0.8,holdout diagnostics only; not used for parameter choice
valid,pure_stagewise_score,30,0.1195563526180171,0.1921637443444719,0.0980224136632513,1.3880144762872877,-0.0131979558694193,-0.0266660311337915,0.8916666666666678,0.5,positive rankic with robust-selected portfolio metrics; validation only for selection
test,pure_stagewise_score,30,0.126761012721515,-0.0035988632492822,-0.0178927584293243,-0.0199595101175907,-0.0854425302252955,-0.0069487271134925,0.48,0.4,holdout diagnostics only; not used for parameter choice
valid,pure_stagewise_score,50,0.1195563526180171,0.1465802132321654,0.0582434255182252,1.283020034304445,-0.1767748635263942,-0.0237650983989811,0.8450000000000004,0.5,positive rankic with robust-selected portfolio metrics; validation only for selection
test,pure_stagewise_score,50,0.126761012721515,-0.0009502202969327,-0.0149056574059701,-0.0054200411108431,-0.0711040601645523,-0.0036061438377645,0.4320000000000002,0.6,holdout diagnostics only; not used for parameter choice
valid,pure_stagewise_score,20,0.119592477710491,0.490579777622413,0.2764631041323919,1.8647388528708784,0.6616378770381365,-0.0688705304156303,0.9500000000000004,0.75,positive rankic with robust-selected portfolio metrics; validation only for selection
test,pure_stagewise_score,20,0.1268021731333758,0.0582902252476478,0.0429803155197204,0.3217181285718862,0.3557503608038725,0.0,0.6100000000000002,0.8,holdout diagnostics only; not used for parameter choice
valid,pure_stagewise_score,20,0.119592477710491,0.490579777622413,0.2764631041323919,1.8647388528708784,0.6616378770381365,-0.0688705304156303,0.9500000000000004,0.75,positive rankic with robust-selected portfolio metrics; validation only for selection
test,pure_stagewise_score,20,0.1268021731333758,0.0268419097467234,0.0122851797375105,0.1539380665400949,0.1481942721939055,0.0,0.5500000000000002,0.6,holdout diagnostics only; not used for parameter choice
valid,pure_stagewise_score,30,0.119592477710491,0.4456051831897254,0.2640296566864974,2.062164335016345,0.6416667193346077,-0.0483623078649361,0.9583333333333346,0.75,positive rankic with robust-selected portfolio metrics; validation only for selection
test,pure_stagewise_score,30,0.1268021731333758,0.0090568892132025,-0.0048548635771587,0.051240585313584,0.0074197512094432,0.0,0.606666666666667,0.6,holdout diagnostics only; not used for parameter choice
valid,pure_stagewise_score,30,0.119592477710491,0.4291669912592939,0.2586609480564359,1.9761868913490683,0.567938148386883,-0.0485519573343613,0.9250000000000012,0.75,positive rankic with robust-selected portfolio metrics; validation only for selection
test,pure_stagewise_score,30,0.1268021731333758,-0.0102116267565454,-0.0241142105381157,-0.0589676861055433,-0.1480557227089808,-0.0024130610371468,0.5200000000000004,0.6,holdout diagnostics only; not used for parameter choice
valid,pure_stagewise_score,50,0.119592477710491,0.4711564902253979,0.2850540355017961,2.4667362795967893,0.8144085346349055,-0.0303650887015861,0.9300000000000006,0.75,positive rankic with robust-selected portfolio metrics; validation only for selection
test,pure_stagewise_score,50,0.1268021731333758,0.028214879466486,0.0143941295006325,0.1648686709349146,0.142386707989905,0.0,0.5480000000000003,0.8,holdout diagnostics only; not used for parameter choice
valid,pure_stagewise_score,20,0.119592477710491,0.0371716251754414,0.0482081271646926,0.325104429566874,-0.3077977837376531,0.0,0.9625000000000004,0.5,positive rankic with robust-selected portfolio metrics; validation only for selection
test,pure_stagewise_score,20,0.1268021731333758,-0.0089342221039421,-0.0222238084225106,-0.0533592803898396,-0.139231700544498,0.0,0.6300000000000002,0.6,holdout diagnostics only; not used for parameter choice
valid,pure_stagewise_score,20,0.119592477710491,0.0547148670520556,0.0554248560286116,0.4512476462676593,-0.2786482767835179,0.0,0.9500000000000004,0.5,positive rankic with robust-selected portfolio metrics; validation only for selection
test,pure_stagewise_score,20,0.1268021731333758,0.0060757712641683,-0.0066487126669903,0.0406239402186435,-0.0479194809593831,-9.717273064591136e-05,0.5800000000000003,0.6,holdout diagnostics only; not used for parameter choice
valid,pure_stagewise_score,30,0.119592477710491,0.0862031997167482,0.0654242128171214,0.6365966078301132,-0.2247227840706974,-0.0144470229046425,0.9500000000000012,0.5,positive rankic with robust-selected portfolio metrics; validation only for selection
test,pure_stagewise_score,30,0.1268021731333758,-0.0287295824091773,-0.0431864103179293,-0.1698683693334481,-0.340052288793277,-0.0028011740030916,0.5800000000000003,0.4,holdout diagnostics only; not used for parameter choice
valid,pure_stagewise_score,30,0.119592477710491,0.0862031997167482,0.0654242128171214,0.6365966078301132,-0.2247227840706974,-0.0144470229046425,0.9500000000000012,0.5,positive rankic with robust-selected portfolio metrics; validation only for selection
test,pure_stagewise_score,30,0.1268021731333758,-0.0181547450456757,-0.0324856548477818,-0.1048845776800315,-0.2267485887618054,-0.0040657805032499,0.546666666666667,0.6,holdout diagnostics only; not used for parameter choice
valid,pure_stagewise_score,50,0.119592477710491,0.2253523160075257,0.1572650783585201,2.319528579504971,0.0648052421959379,-0.0104547147841468,0.9500000000000006,0.5,positive rankic with robust-selected portfolio metrics; validation only for selection
test,pure_stagewise_score,50,0.1268021731333758,0.0063780288445862,-0.0074956005880666,0.0339105886467042,0.0005548403868745,0.0,0.5280000000000002,0.8,holdout diagnostics only; not used for parameter choice
valid,pure_stagewise_score,20,0.119592477710491,0.07554208079774,-0.0041883421239117,0.8091228228242927,-0.4627559721008786,-0.0333231850873457,0.9000000000000005,0.25,positive rankic with robust-selected portfolio metrics; validation only for selection
test,pure_stagewise_score,20,0.1268021731333758,0.0190664339553645,0.0047921137040351,0.1002360327516853,0.0842437799780167,-0.006518705929301,0.6500000000000001,0.6,holdout diagnostics only; not used for parameter choice
valid,pure_stagewise_score,20,0.119592477710491,0.07554208079774,-0.0041883421239117,0.8091228228242927,-0.4627559721008786,-0.0333231850873457,0.9000000000000005,0.25,positive rankic with robust-selected portfolio metrics; validation only for selection
test,pure_stagewise_score,20,0.1268021731333758,-0.0060150251664266,-0.0197649179277969,-0.0334082525957119,-0.0946744497750352,-0.006518705929301,0.5700000000000002,0.6,holdout diagnostics only; not used for parameter choice
valid,pure_stagewise_score,30,0.119592477710491,0.1911719108929594,0.0963780771419361,1.375492126102087,-0.0160181259888429,-0.0266660311337914,0.9333333333333346,0.5,positive rankic with robust-selected portfolio metrics; validation only for selection
test,pure_stagewise_score,30,0.1268021731333758,0.0093622828645762,-0.0053694792332016,0.0547070255406354,0.0024886557096145,-0.0011486940241067,0.5466666666666669,0.8,holdout diagnostics only; not used for parameter choice
valid,pure_stagewise_score,30,0.119592477710491,0.1981337948357406,0.1031634764524907,1.441480857405643,0.0040550446158256,-0.0266660311337915,0.8916666666666678,0.5,positive rankic with robust-selected portfolio metrics; validation only for selection
test,pure_stagewise_score,30,0.1268021731333758,-0.0036159655696915,-0.0179089967668609,-0.0200554981980876,-0.0855829381655932,-0.0069487271134925,0.4933333333333333,0.4,holdout diagnostics only; not used for parameter choice
valid,pure_stagewise_score,50,0.119592477710491,0.1465802132321654,0.0582434255182252,1.283020034304445,-0.1767748635263942,-0.0237650983989811,0.8450000000000004,0.5,positive rankic with robust-selected portfolio metrics; validation only for selection
test,pure_stagewise_score,50,0.1268021731333758,-0.0014762619633538,-0.0154605252334127,-0.0084246727743897,-0.0757164098258327,-0.0036061438377645,0.4360000000000002,0.6,holdout diagnostics only; not used for parameter choice
valid,pure_stagewise_score,20,0.0221715644171857,0.3252093820693265,0.2231860953645459,1.8982335293699104,0.2914515340515152,-0.0265931275252987,0.6250000000000002,0.75,positive rankic with robust-selected portfolio metrics; validation only for selection
test,pure_stagewise_score,20,0.0366470950302103,0.0968151108542834,0.0790899316503326,0.5490821999758583,0.643303814818006,0.0,0.8600000000000003,0.8,holdout diagnostics only; not used for parameter choice
valid,pure_stagewise_score,20,0.0221715644171857,0.3536738275387698,0.2209268895014864,2.2753220997694847,0.4581833173467584,-0.0265931275252986,0.5625000000000002,0.75,positive rankic with robust-selected portfolio metrics; validation only for selection
test,pure_stagewise_score,20,0.0366470950302103,0.0930758146380716,0.0757390899508071,0.5292046840198106,0.6031872646770596,0.0,0.8400000000000004,0.6,holdout diagnostics only; not used for parameter choice
valid,pure_stagewise_score,30,0.0221715644171857,0.149372028593578,0.0391087974516865,0.8270151823631572,-0.1184021290345307,-0.0805046457120398,0.6166666666666674,0.5,positive rankic with robust-selected portfolio metrics; validation only for selection
test,pure_stagewise_score,30,0.0366470950302103,0.0659517486318439,0.0509074148045834,0.3638267224344658,0.3661572366541727,0.0,0.8466666666666676,0.6,holdout diagnostics only; not used for parameter choice
valid,pure_stagewise_score,30,0.0221715644171857,0.1867870914198903,0.0533317168474589,0.982509221759059,-0.0075359694791378,-0.0805046457120397,0.5666666666666673,0.5,positive rankic with robust-selected portfolio metrics; validation only for selection
test,pure_stagewise_score,30,0.0366470950302103,0.0655788288765397,0.0504776234532703,0.3618932223412666,0.367722754725046,0.0,0.8333333333333343,0.6,holdout diagnostics only; not used for parameter choice
valid,pure_stagewise_score,50,0.0221715644171857,0.0788569836372212,-0.0203466501472391,0.3937379317589198,-0.2735392907146849,-0.0906480209123542,0.6250000000000004,0.5,positive rankic with robust-selected portfolio metrics; validation only for selection
test,pure_stagewise_score,50,0.0366470950302103,0.0720606714321629,0.0569080813164714,0.4146316688733801,0.4221699467656221,0.0,0.8360000000000005,0.8,holdout diagnostics only; not used for parameter choice
valid,pure_stagewise_score,20,0.0221715644171857,0.1749289301397305,-0.0089736314226675,0.7098450357772135,-0.0093346553974605,-0.1357627387169331,0.7750000000000005,0.5,positive rankic with robust-selected portfolio metrics; validation only for selection
test,pure_stagewise_score,20,0.0366470950302103,0.0696318540361524,0.0569005168828867,0.4575166044342031,0.3428312732089559,0.0,0.7300000000000003,0.6,holdout diagnostics only; not used for parameter choice
valid,pure_stagewise_score,20,0.0221715644171857,0.1898136059156716,-0.0013857838412559,0.7587553460969941,0.0479149970953351,-0.1357627387169331,0.7250000000000003,0.5,positive rankic with robust-selected portfolio metrics; validation only for selection
test,pure_stagewise_score,20,0.0366470950302103,0.0519280214638051,0.0395081236377211,0.344378299518105,0.2547244352152427,0.0,0.7000000000000004,0.6,holdout diagnostics only; not used for parameter choice
valid,pure_stagewise_score,30,0.0221715644171857,0.1247893290668291,-0.0404224744738635,0.5055498325555124,-0.1617552052116554,-0.1339497461496085,0.7166666666666675,0.25,positive rankic with robust-selected portfolio metrics; validation only for selection
test,pure_stagewise_score,30,0.0366470950302103,0.0385120335291777,0.0265888360920613,0.2364090466278755,0.1673379481925925,0.0,0.7600000000000008,0.4,holdout diagnostics only; not used for parameter choice
valid,pure_stagewise_score,30,0.0221715644171857,0.1334574767637621,-0.031144961485448,0.543281617440205,-0.1352480115844591,-0.1339497461496085,0.6666666666666674,0.25,positive rankic with robust-selected portfolio metrics; validation only for selection
test,pure_stagewise_score,30,0.0366470950302103,0.0399336982360321,0.0280506680905141,0.2440195899215798,0.1737972534958709,0.0,0.7333333333333341,0.4,holdout diagnostics only; not used for parameter choice
valid,pure_stagewise_score,50,0.0221715644171857,0.0289761383530056,-0.101730637088047,0.1297259287900175,-0.4446397833674901,-0.129509666349167,0.6650000000000005,0.25,positive rankic with robust-selected portfolio metrics; validation only for selection
test,pure_stagewise_score,50,0.0366470950302103,0.0403249646301251,0.0276171421015542,0.2504373811084321,0.1954176853334482,0.0,0.7400000000000005,0.6,holdout diagnostics only; not used for parameter choice
valid,pure_stagewise_score,20,0.0221715644171857,0.2468548677659843,0.0052061594793884,0.8595949059191539,0.3117016826161927,-0.1477437112548822,0.9000000000000004,0.75,positive rankic with robust-selected portfolio metrics; validation only for selection
test,pure_stagewise_score,20,0.0366470950302103,0.1068136528193983,0.0924552433952836,0.6278659159514367,0.4764642034971112,0.0,0.6200000000000002,0.6,holdout diagnostics only; not used for parameter choice
valid,pure_stagewise_score,20,0.0221715644171857,0.2115723123061503,-0.0097787281983036,0.7733399159955584,0.1589839684969062,-0.1477437112548821,0.8625000000000004,0.5,positive rankic with robust-selected portfolio metrics; validation only for selection
test,pure_stagewise_score,20,0.0366470950302103,0.106325331183199,0.0908628075310294,0.7190813747196662,0.5948873034451241,0.0,0.5700000000000002,0.6,holdout diagnostics only; not used for parameter choice
valid,pure_stagewise_score,30,0.0221715644171857,0.1687568194556452,-0.0336787601563735,0.6518510726998051,-0.0245926776974761,-0.1425733190130997,0.8166666666666674,0.25,positive rankic with robust-selected portfolio metrics; validation only for selection
test,pure_stagewise_score,30,0.0366470950302103,0.0836198380312931,0.0692712332456637,0.5051108956470322,0.4372525243525381,0.0,0.5666666666666671,0.6,holdout diagnostics only; not used for parameter choice
valid,pure_stagewise_score,30,0.0221715644171857,0.1535407281717296,-0.039221212065793,0.6095281833672921,-0.0901791460314074,-0.1425733190130996,0.7916666666666674,0.25,positive rankic with robust-selected portfolio metrics; validation only for selection
test,pure_stagewise_score,30,0.0366470950302103,0.0923959895791592,0.0776313642246204,0.5670408744993377,0.4862899601224858,0.0,0.5200000000000004,0.6,holdout diagnostics only; not used for parameter choice
valid,pure_stagewise_score,50,0.0221715644171857,0.1802517669431795,0.0040953124366196,0.7803264603496292,-0.0041468981436957,-0.115493667606783,0.7750000000000006,0.25,positive rankic with robust-selected portfolio metrics; validation only for selection
test,pure_stagewise_score,50,0.0366470950302103,0.0558391602500942,0.0424476115612512,0.3387049623878357,0.293646095301419,0.0,0.5480000000000004,0.6,holdout diagnostics only; not used for parameter choice
valid,pure_stagewise_score,20,0.0221715644171857,0.3252093820693265,0.2231860953645459,1.8982335293699104,0.2914515340515152,-0.0265931275252987,0.6250000000000002,0.75,positive rankic with robust-selected portfolio metrics; validation only for selection
test,pure_stagewise_score,20,0.0366475737749182,0.0968151108542834,0.0790899316503326,0.5490821999758583,0.643303814818006,0.0,0.8600000000000003,0.8,holdout diagnostics only; not used for parameter choice
valid,pure_stagewise_score,20,0.0221715644171857,0.3536738275387698,0.2209268895014864,2.2753220997694847,0.4581833173467584,-0.0265931275252986,0.5625000000000002,0.75,positive rankic with robust-selected portfolio metrics; validation only for selection
test,pure_stagewise_score,20,0.0366475737749182,0.0930758146380716,0.0757390899508071,0.5292046840198106,0.6031872646770596,0.0,0.8400000000000004,0.6,holdout diagnostics only; not used for parameter choice
valid,pure_stagewise_score,30,0.0221715644171857,0.149372028593578,0.0391087974516865,0.8270151823631572,-0.1184021290345307,-0.0805046457120398,0.6166666666666674,0.5,positive rankic with robust-selected portfolio metrics; validation only for selection
test,pure_stagewise_score,30,0.0366475737749182,0.0659517486318439,0.0509074148045834,0.3638267224344658,0.3661572366541727,0.0,0.8466666666666676,0.6,holdout diagnostics only; not used for parameter choice
valid,pure_stagewise_score,30,0.0221715644171857,0.1867870914198903,0.0533317168474589,0.982509221759059,-0.0075359694791378,-0.0805046457120397,0.5666666666666673,0.5,positive rankic with robust-selected portfolio metrics; validation only for selection
test,pure_stagewise_score,30,0.0366475737749182,0.0655788288765397,0.0504776234532703,0.3618932223412666,0.367722754725046,0.0,0.8333333333333343,0.6,holdout diagnostics only; not used for parameter choice
valid,pure_stagewise_score,50,0.0221715644171857,0.0788569836372212,-0.0203466501472391,0.3937379317589198,-0.2735392907146849,-0.0906480209123542,0.6250000000000004,0.5,positive rankic with robust-selected portfolio metrics; validation only for selection
test,pure_stagewise_score,50,0.0366475737749182,0.0720606714321629,0.0569080813164714,0.4146316688733801,0.4221699467656221,0.0,0.8360000000000005,0.8,holdout diagnostics only; not used for parameter choice
valid,pure_stagewise_score,20,0.0221715644171857,0.1749289301397305,-0.0089736314226675,0.7098450357772135,-0.0093346553974605,-0.1357627387169331,0.7750000000000005,0.5,positive rankic with robust-selected portfolio metrics; validation only for selection
test,pure_stagewise_score,20,0.0366475737749182,0.0696318540361524,0.0569005168828867,0.4575166044342031,0.3428312732089559,0.0,0.7300000000000003,0.6,holdout diagnostics only; not used for parameter choice
valid,pure_stagewise_score,20,0.0221715644171857,0.1898136059156716,-0.0013857838412559,0.7587553460969941,0.0479149970953351,-0.1357627387169331,0.7250000000000003,0.5,positive rankic with robust-selected portfolio metrics; validation only for selection
test,pure_stagewise_score,20,0.0366475737749182,0.0519280214638051,0.0395081236377211,0.344378299518105,0.2547244352152427,0.0,0.7000000000000004,0.6,holdout diagnostics only; not used for parameter choice
valid,pure_stagewise_score,30,0.0221715644171857,0.1247893290668291,-0.0404224744738635,0.5055498325555124,-0.1617552052116554,-0.1339497461496085,0.7166666666666675,0.25,positive rankic with robust-selected portfolio metrics; validation only for selection
test,pure_stagewise_score,30,0.0366475737749182,0.0385120335291777,0.0265888360920613,0.2364090466278755,0.1673379481925925,0.0,0.7600000000000008,0.4,holdout diagnostics only; not used for parameter choice
valid,pure_stagewise_score,30,0.0221715644171857,0.1334574767637621,-0.031144961485448,0.543281617440205,-0.1352480115844591,-0.1339497461496085,0.6666666666666674,0.25,positive rankic with robust-selected portfolio metrics; validation only for selection
test,pure_stagewise_score,30,0.0366475737749182,0.0399336982360321,0.0280506680905141,0.2440195899215798,0.1737972534958709,0.0,0.7333333333333341,0.4,holdout diagnostics only; not used for parameter choice
valid,pure_stagewise_score,50,0.0221715644171857,0.0289761383530056,-0.101730637088047,0.1297259287900175,-0.4446397833674901,-0.129509666349167,0.6650000000000005,0.25,positive rankic with robust-selected portfolio metrics; validation only for selection
test,pure_stagewise_score,50,0.0366475737749182,0.0403249646301251,0.0276171421015542,0.2504373811084321,0.1954176853334482,0.0,0.7400000000000005,0.6,holdout diagnostics only; not used for parameter choice
valid,pure_stagewise_score,20,0.0221715644171857,0.2468548677659843,0.0052061594793884,0.8595949059191539,0.3117016826161927,-0.1477437112548822,0.9000000000000004,0.75,positive rankic with robust-selected portfolio metrics; validation only for selection
test,pure_stagewise_score,20,0.0366475737749182,0.1068136528193983,0.0924552433952836,0.6278659159514367,0.4764642034971112,0.0,0.6200000000000002,0.6,holdout diagnostics only; not used for parameter choice
valid,pure_stagewise_score,20,0.0221715644171857,0.2115723123061503,-0.0097787281983036,0.7733399159955584,0.1589839684969062,-0.1477437112548821,0.8625000000000004,0.5,positive rankic with robust-selected portfolio metrics; validation only for selection
test,pure_stagewise_score,20,0.0366475737749182,0.106325331183199,0.0908628075310294,0.7190813747196662,0.5948873034451241,0.0,0.5700000000000002,0.6,holdout diagnostics only; not used for parameter choice
valid,pure_stagewise_score,30,0.0221715644171857,0.1687568194556452,-0.0336787601563735,0.6518510726998051,-0.0245926776974761,-0.1425733190130997,0.8166666666666674,0.25,positive rankic with robust-selected portfolio metrics; validation only for selection
test,pure_stagewise_score,30,0.0366475737749182,0.0836198380312931,0.0692712332456637,0.5051108956470322,0.4372525243525381,0.0,0.5666666666666671,0.6,holdout diagnostics only; not used for parameter choice
valid,pure_stagewise_score,30,0.0221715644171857,0.1535407281717296,-0.039221212065793,0.6095281833672921,-0.0901791460314074,-0.1425733190130996,0.7916666666666674,0.25,positive rankic with robust-selected portfolio metrics; validation only for selection
test,pure_stagewise_score,30,0.0366475737749182,0.0923959895791592,0.0776313642246204,0.5670408744993377,0.4862899601224858,0.0,0.5200000000000004,0.6,holdout diagnostics only; not used for parameter choice
valid,pure_stagewise_score,50,0.0221715644171857,0.1802517669431795,0.0040953124366196,0.7803264603496292,-0.0041468981436957,-0.115493667606783,0.7750000000000006,0.25,positive rankic with robust-selected portfolio metrics; validation only for selection
test,pure_stagewise_score,50,0.0366475737749182,0.0558391602500942,0.0424476115612512,0.3387049623878357,0.293646095301419,0.0,0.5480000000000004,0.6,holdout diagnostics only; not used for parameter choice
valid,pure_stagewise_score,20,0.0221715644171857,0.3252093820693265,0.2231860953645459,1.8982335293699104,0.2914515340515152,-0.0265931275252987,0.6250000000000002,0.75,positive rankic with robust-selected portfolio metrics; validation only for selection
test,pure_stagewise_score,20,0.0366490125025147,0.0968151108542834,0.0790899316503326,0.5490821999758583,0.643303814818006,0.0,0.8600000000000003,0.8,holdout diagnostics only; not used for parameter choice
valid,pure_stagewise_score,20,0.0221715644171857,0.3536738275387698,0.2209268895014864,2.2753220997694847,0.4581833173467584,-0.0265931275252986,0.5625000000000002,0.75,positive rankic with robust-selected portfolio metrics; validation only for selection
test,pure_stagewise_score,20,0.0366490125025147,0.0930758146380716,0.0757390899508071,0.5292046840198106,0.6031872646770596,0.0,0.8400000000000004,0.6,holdout diagnostics only; not used for parameter choice
valid,pure_stagewise_score,30,0.0221715644171857,0.149372028593578,0.0391087974516865,0.8270151823631572,-0.1184021290345307,-0.0805046457120398,0.6166666666666674,0.5,positive rankic with robust-selected portfolio metrics; validation only for selection
test,pure_stagewise_score,30,0.0366490125025147,0.0659517486318439,0.0509074148045834,0.3638267224344658,0.3661572366541727,0.0,0.8466666666666676,0.6,holdout diagnostics only; not used for parameter choice
valid,pure_stagewise_score,30,0.0221715644171857,0.1867870914198903,0.0533317168474589,0.982509221759059,-0.0075359694791378,-0.0805046457120397,0.5666666666666673,0.5,positive rankic with robust-selected portfolio metrics; validation only for selection
test,pure_stagewise_score,30,0.0366490125025147,0.0655788288765397,0.0504776234532703,0.3618932223412666,0.367722754725046,0.0,0.8333333333333343,0.6,holdout diagnostics only; not used for parameter choice
valid,pure_stagewise_score,50,0.0221715644171857,0.0788569836372212,-0.0203466501472391,0.3937379317589198,-0.2735392907146849,-0.0906480209123542,0.6250000000000004,0.5,positive rankic with robust-selected portfolio metrics; validation only for selection
test,pure_stagewise_score,50,0.0366490125025147,0.0720606714321629,0.0569080813164714,0.4146316688733801,0.4221699467656221,0.0,0.8360000000000005,0.8,holdout diagnostics only; not used for parameter choice
valid,pure_stagewise_score,20,0.0221715644171857,0.1749289301397305,-0.0089736314226675,0.7098450357772135,-0.0093346553974605,-0.1357627387169331,0.7750000000000005,0.5,positive rankic with robust-selected portfolio metrics; validation only for selection
test,pure_stagewise_score,20,0.0366490125025147,0.0696318540361524,0.0569005168828867,0.4575166044342031,0.3428312732089559,0.0,0.7300000000000003,0.6,holdout diagnostics only; not used for parameter choice
valid,pure_stagewise_score,20,0.0221715644171857,0.1898136059156716,-0.0013857838412559,0.7587553460969941,0.0479149970953351,-0.1357627387169331,0.7250000000000003,0.5,positive rankic with robust-selected portfolio metrics; validation only for selection
test,pure_stagewise_score,20,0.0366490125025147,0.0519280214638051,0.0395081236377211,0.344378299518105,0.2547244352152427,0.0,0.7000000000000004,0.6,holdout diagnostics only; not used for parameter choice
valid,pure_stagewise_score,30,0.0221715644171857,0.1247893290668291,-0.0404224744738635,0.5055498325555124,-0.1617552052116554,-0.1339497461496085,0.7166666666666675,0.25,positive rankic with robust-selected portfolio metrics; validation only for selection
test,pure_stagewise_score,30,0.0366490125025147,0.0385120335291777,0.0265888360920613,0.2364090466278755,0.1673379481925925,0.0,0.7600000000000008,0.4,holdout diagnostics only; not used for parameter choice
valid,pure_stagewise_score,30,0.0221715644171857,0.1334574767637621,-0.031144961485448,0.543281617440205,-0.1352480115844591,-0.1339497461496085,0.6666666666666674,0.25,positive rankic with robust-selected portfolio metrics; validation only for selection
test,pure_stagewise_score,30,0.0366490125025147,0.0399336982360321,0.0280506680905141,0.2440195899215798,0.1737972534958709,0.0,0.7333333333333341,0.4,holdout diagnostics only; not used for parameter choice
valid,pure_stagewise_score,50,0.0221715644171857,0.0289761383530056,-0.101730637088047,0.1297259287900175,-0.4446397833674901,-0.129509666349167,0.6650000000000005,0.25,positive rankic with robust-selected portfolio metrics; validation only for selection
test,pure_stagewise_score,50,0.0366490125025147,0.0403249646301251,0.0276171421015542,0.2504373811084321,0.1954176853334482,0.0,0.7400000000000005,0.6,holdout diagnostics only; not used for parameter choice
valid,pure_stagewise_score,20,0.0221715644171857,0.2468548677659843,0.0052061594793884,0.8595949059191539,0.3117016826161927,-0.1477437112548822,0.9000000000000004,0.75,positive rankic with robust-selected portfolio metrics; validation only for selection
test,pure_stagewise_score,20,0.0366490125025147,0.1068136528193983,0.0924552433952836,0.6278659159514367,0.4764642034971112,0.0,0.6200000000000002,0.6,holdout diagnostics only; not used for parameter choice
valid,pure_stagewise_score,20,0.0221715644171857,0.2115723123061503,-0.0097787281983036,0.7733399159955584,0.1589839684969062,-0.1477437112548821,0.8625000000000004,0.5,positive rankic with robust-selected portfolio metrics; validation only for selection
test,pure_stagewise_score,20,0.0366490125025147,0.106325331183199,0.0908628075310294,0.7190813747196662,0.5948873034451241,0.0,0.5700000000000002,0.6,holdout diagnostics only; not used for parameter choice
valid,pure_stagewise_score,30,0.0221715644171857,0.1687568194556452,-0.0336787601563735,0.6518510726998051,-0.0245926776974761,-0.1425733190130997,0.8166666666666674,0.25,positive rankic with robust-selected portfolio metrics; validation only for selection
test,pure_stagewise_score,30,0.0366490125025147,0.0836198380312931,0.0692712332456637,0.5051108956470322,0.4372525243525381,0.0,0.5666666666666671,0.6,holdout diagnostics only; not used for parameter choice
valid,pure_stagewise_score,30,0.0221715644171857,0.1535407281717296,-0.039221212065793,0.6095281833672921,-0.0901791460314074,-0.1425733190130996,0.7916666666666674,0.25,positive rankic with robust-selected portfolio metrics; validation only for selection
test,pure_stagewise_score,30,0.0366490125025147,0.0923959895791592,0.0776313642246204,0.5670408744993377,0.4862899601224858,0.0,0.5200000000000004,0.6,holdout diagnostics only; not used for parameter choice
valid,pure_stagewise_score,50,0.0221715644171857,0.1802517669431795,0.0040953124366196,0.7803264603496292,-0.0041468981436957,-0.115493667606783,0.7750000000000006,0.25,positive rankic with robust-selected portfolio metrics; validation only for selection
test,pure_stagewise_score,50,0.0366490125025147,0.0558391602500942,0.0424476115612512,0.3387049623878357,0.293646095301419,0.0,0.5480000000000004,0.6,holdout diagnostics only; not used for parameter choice
valid,pure_stagewise_score,20,0.0221715644171857,0.3252093820693265,0.2231860953645459,1.8982335293699104,0.2914515340515152,-0.0265931275252987,0.6250000000000002,0.75,positive rankic with robust-selected portfolio metrics; validation only for selection
test,pure_stagewise_score,20,0.0366470160705663,0.0968151108542834,0.0790899316503326,0.5490821999758583,0.643303814818006,0.0,0.8600000000000003,0.8,holdout diagnostics only; not used for parameter choice
valid,pure_stagewise_score,20,0.0221715644171857,0.3536738275387698,0.2209268895014864,2.2753220997694847,0.4581833173467584,-0.0265931275252986,0.5625000000000002,0.75,positive rankic with robust-selected portfolio metrics; validation only for selection
test,pure_stagewise_score,20,0.0366470160705663,0.0930758146380716,0.0757390899508071,0.5292046840198106,0.6031872646770596,0.0,0.8400000000000004,0.6,holdout diagnostics only; not used for parameter choice
valid,pure_stagewise_score,30,0.0221715644171857,0.149372028593578,0.0391087974516865,0.8270151823631572,-0.1184021290345307,-0.0805046457120398,0.6166666666666674,0.5,positive rankic with robust-selected portfolio metrics; validation only for selection
test,pure_stagewise_score,30,0.0366470160705663,0.0659517486318439,0.0509074148045834,0.3638267224344658,0.3661572366541727,0.0,0.8466666666666676,0.6,holdout diagnostics only; not used for parameter choice
valid,pure_stagewise_score,30,0.0221715644171857,0.1867870914198903,0.0533317168474589,0.982509221759059,-0.0075359694791378,-0.0805046457120397,0.5666666666666673,0.5,positive rankic with robust-selected portfolio metrics; validation only for selection
test,pure_stagewise_score,30,0.0366470160705663,0.0655788288765397,0.0504776234532703,0.3618932223412666,0.367722754725046,0.0,0.8333333333333343,0.6,holdout diagnostics only; not used for parameter choice
valid,pure_stagewise_score,50,0.0221715644171857,0.0788569836372212,-0.0203466501472391,0.3937379317589198,-0.2735392907146849,-0.0906480209123542,0.6250000000000004,0.5,positive rankic with robust-selected portfolio metrics; validation only for selection
test,pure_stagewise_score,50,0.0366470160705663,0.0720606714321629,0.0569080813164714,0.4146316688733801,0.4221699467656221,0.0,0.8360000000000005,0.8,holdout diagnostics only; not used for parameter choice
valid,pure_stagewise_score,20,0.0221715644171857,0.1749289301397305,-0.0089736314226675,0.7098450357772135,-0.0093346553974605,-0.1357627387169331,0.7750000000000005,0.5,positive rankic with robust-selected portfolio metrics; validation only for selection
test,pure_stagewise_score,20,0.0366470160705663,0.0696318540361524,0.0569005168828867,0.4575166044342031,0.3428312732089559,0.0,0.7300000000000003,0.6,holdout diagnostics only; not used for parameter choice
valid,pure_stagewise_score,20,0.0221715644171857,0.1898136059156716,-0.0013857838412559,0.7587553460969941,0.0479149970953351,-0.1357627387169331,0.7250000000000003,0.5,positive rankic with robust-selected portfolio metrics; validation only for selection
test,pure_stagewise_score,20,0.0366470160705663,0.0519280214638051,0.0395081236377211,0.344378299518105,0.2547244352152427,0.0,0.7000000000000004,0.6,holdout diagnostics only; not used for parameter choice
valid,pure_stagewise_score,30,0.0221715644171857,0.1247893290668291,-0.0404224744738635,0.5055498325555124,-0.1617552052116554,-0.1339497461496085,0.7166666666666675,0.25,positive rankic with robust-selected portfolio metrics; validation only for selection
test,pure_stagewise_score,30,0.0366470160705663,0.0385120335291777,0.0265888360920613,0.2364090466278755,0.1673379481925925,0.0,0.7600000000000008,0.4,holdout diagnostics only; not used for parameter choice
valid,pure_stagewise_score,30,0.0221715644171857,0.1334574767637621,-0.031144961485448,0.543281617440205,-0.1352480115844591,-0.1339497461496085,0.6666666666666674,0.25,positive rankic with robust-selected portfolio metrics; validation only for selection
test,pure_stagewise_score,30,0.0366470160705663,0.0399336982360321,0.0280506680905141,0.2440195899215798,0.1737972534958709,0.0,0.7333333333333341,0.4,holdout diagnostics only; not used for parameter choice
valid,pure_stagewise_score,50,0.0221715644171857,0.0289761383530056,-0.101730637088047,0.1297259287900175,-0.4446397833674901,-0.129509666349167,0.6650000000000005,0.25,positive rankic with robust-selected portfolio metrics; validation only for selection
test,pure_stagewise_score,50,0.0366470160705663,0.0403249646301251,0.0276171421015542,0.2504373811084321,0.1954176853334482,0.0,0.7400000000000005,0.6,holdout diagnostics only; not used for parameter choice
valid,pure_stagewise_score,20,0.0221715644171857,0.2468548677659843,0.0052061594793884,0.8595949059191539,0.3117016826161927,-0.1477437112548822,0.9000000000000004,0.75,positive rankic with robust-selected portfolio metrics; validation only for selection
test,pure_stagewise_score,20,0.0366470160705663,0.1068136528193983,0.0924552433952836,0.6278659159514367,0.4764642034971112,0.0,0.6200000000000002,0.6,holdout diagnostics only; not used for parameter choice
valid,pure_stagewise_score,20,0.0221715644171857,0.2115723123061503,-0.0097787281983036,0.7733399159955584,0.1589839684969062,-0.1477437112548821,0.8625000000000004,0.5,positive rankic with robust-selected portfolio metrics; validation only for selection
test,pure_stagewise_score,20,0.0366470160705663,0.106325331183199,0.0908628075310294,0.7190813747196662,0.5948873034451241,0.0,0.5700000000000002,0.6,holdout diagnostics only; not used for parameter choice
valid,pure_stagewise_score,30,0.0221715644171857,0.1687568194556452,-0.0336787601563735,0.6518510726998051,-0.0245926776974761,-0.1425733190130997,0.8166666666666674,0.25,positive rankic with robust-selected portfolio metrics; validation only for selection
test,pure_stagewise_score,30,0.0366470160705663,0.0836198380312931,0.0692712332456637,0.5051108956470322,0.4372525243525381,0.0,0.5666666666666671,0.6,holdout diagnostics only; not used for parameter choice
valid,pure_stagewise_score,30,0.0221715644171857,0.1535407281717296,-0.039221212065793,0.6095281833672921,-0.0901791460314074,-0.1425733190130996,0.7916666666666674,0.25,positive rankic with robust-selected portfolio metrics; validation only for selection
test,pure_stagewise_score,30,0.0366470160705663,0.0923959895791592,0.0776313642246204,0.5670408744993377,0.4862899601224858,0.0,0.5200000000000004,0.6,holdout diagnostics only; not used for parameter choice
valid,pure_stagewise_score,50,0.0221715644171857,0.1802517669431795,0.0040953124366196,0.7803264603496292,-0.0041468981436957,-0.115493667606783,0.7750000000000006,0.25,positive rankic with robust-selected portfolio metrics; validation only for selection
test,pure_stagewise_score,50,0.0366470160705663,0.0558391602500942,0.0424476115612512,0.3387049623878357,0.293646095301419,0.0,0.5480000000000004,0.6,holdout diagnostics only; not used for parameter choice
valid,pure_stagewise_score,20,0.0221715644171857,0.3252093820693265,0.2231860953645459,1.8982335293699104,0.2914515340515152,-0.0265931275252987,0.6250000000000002,0.75,positive rankic with robust-selected portfolio metrics; validation only for selection
test,pure_stagewise_score,20,0.0366474092064375,0.0968151108542834,0.0790899316503326,0.5490821999758583,0.643303814818006,0.0,0.8600000000000003,0.8,holdout diagnostics only; not used for parameter choice
valid,pure_stagewise_score,20,0.0221715644171857,0.3536738275387698,0.2209268895014864,2.2753220997694847,0.4581833173467584,-0.0265931275252986,0.5625000000000002,0.75,positive rankic with robust-selected portfolio metrics; validation only for selection
test,pure_stagewise_score,20,0.0366474092064375,0.0930758146380716,0.0757390899508071,0.5292046840198106,0.6031872646770596,0.0,0.8400000000000004,0.6,holdout diagnostics only; not used for parameter choice
valid,pure_stagewise_score,30,0.0221715644171857,0.149372028593578,0.0391087974516865,0.8270151823631572,-0.1184021290345307,-0.0805046457120398,0.6166666666666674,0.5,positive rankic with robust-selected portfolio metrics; validation only for selection
test,pure_stagewise_score,30,0.0366474092064375,0.0659517486318439,0.0509074148045834,0.3638267224344658,0.3661572366541727,0.0,0.8466666666666676,0.6,holdout diagnostics only; not used for parameter choice
valid,pure_stagewise_score,30,0.0221715644171857,0.1867870914198903,0.0533317168474589,0.982509221759059,-0.0075359694791378,-0.0805046457120397,0.5666666666666673,0.5,positive rankic with robust-selected portfolio metrics; validation only for selection
test,pure_stagewise_score,30,0.0366474092064375,0.0655788288765397,0.0504776234532703,0.3618932223412666,0.367722754725046,0.0,0.8333333333333343,0.6,holdout diagnostics only; not used for parameter choice
valid,pure_stagewise_score,50,0.0221715644171857,0.0788569836372212,-0.0203466501472391,0.3937379317589198,-0.2735392907146849,-0.0906480209123542,0.6250000000000004,0.5,positive rankic with robust-selected portfolio metrics; validation only for selection
test,pure_stagewise_score,50,0.0366474092064375,0.0720606714321629,0.0569080813164714,0.4146316688733801,0.4221699467656221,0.0,0.8360000000000005,0.8,holdout diagnostics only; not used for parameter choice
valid,pure_stagewise_score,20,0.0221715644171857,0.1749289301397305,-0.0089736314226675,0.7098450357772135,-0.0093346553974605,-0.1357627387169331,0.7750000000000005,0.5,positive rankic with robust-selected portfolio metrics; validation only for selection
test,pure_stagewise_score,20,0.0366474092064375,0.0696318540361524,0.0569005168828867,0.4575166044342031,0.3428312732089559,0.0,0.7300000000000003,0.6,holdout diagnostics only; not used for parameter choice
valid,pure_stagewise_score,20,0.0221715644171857,0.1898136059156716,-0.0013857838412559,0.7587553460969941,0.0479149970953351,-0.1357627387169331,0.7250000000000003,0.5,positive rankic with robust-selected portfolio metrics; validation only for selection
test,pure_stagewise_score,20,0.0366474092064375,0.0519280214638051,0.0395081236377211,0.344378299518105,0.2547244352152427,0.0,0.7000000000000004,0.6,holdout diagnostics only; not used for parameter choice
valid,pure_stagewise_score,30,0.0221715644171857,0.1247893290668291,-0.0404224744738635,0.5055498325555124,-0.1617552052116554,-0.1339497461496085,0.7166666666666675,0.25,positive rankic with robust-selected portfolio metrics; validation only for selection
test,pure_stagewise_score,30,0.0366474092064375,0.0385120335291777,0.0265888360920613,0.2364090466278755,0.1673379481925925,0.0,0.7600000000000008,0.4,holdout diagnostics only; not used for parameter choice
valid,pure_stagewise_score,30,0.0221715644171857,0.1334574767637621,-0.031144961485448,0.543281617440205,-0.1352480115844591,-0.1339497461496085,0.6666666666666674,0.25,positive rankic with robust-selected portfolio metrics; validation only for selection
test,pure_stagewise_score,30,0.0366474092064375,0.0399336982360321,0.0280506680905141,0.2440195899215798,0.1737972534958709,0.0,0.7333333333333341,0.4,holdout diagnostics only; not used for parameter choice
valid,pure_stagewise_score,50,0.0221715644171857,0.0289761383530056,-0.101730637088047,0.1297259287900175,-0.4446397833674901,-0.129509666349167,0.6650000000000005,0.25,positive rankic with robust-selected portfolio metrics; validation only for selection
test,pure_stagewise_score,50,0.0366474092064375,0.0403249646301251,0.0276171421015542,0.2504373811084321,0.1954176853334482,0.0,0.7400000000000005,0.6,holdout diagnostics only; not used for parameter choice
valid,pure_stagewise_score,20,0.0221715644171857,0.2468548677659843,0.0052061594793884,0.8595949059191539,0.3117016826161927,-0.1477437112548822,0.9000000000000004,0.75,positive rankic with robust-selected portfolio metrics; validation only for selection
test,pure_stagewise_score,20,0.0366474092064375,0.1068136528193983,0.0924552433952836,0.6278659159514367,0.4764642034971112,0.0,0.6200000000000002,0.6,holdout diagnostics only; not used for parameter choice
valid,pure_stagewise_score,20,0.0221715644171857,0.2115723123061503,-0.0097787281983036,0.7733399159955584,0.1589839684969062,-0.1477437112548821,0.8625000000000004,0.5,positive rankic with robust-selected portfolio metrics; validation only for selection
test,pure_stagewise_score,20,0.0366474092064375,0.106325331183199,0.0908628075310294,0.7190813747196662,0.5948873034451241,0.0,0.5700000000000002,0.6,holdout diagnostics only; not used for parameter choice
valid,pure_stagewise_score,30,0.0221715644171857,0.1687568194556452,-0.0336787601563735,0.6518510726998051,-0.0245926776974761,-0.1425733190130997,0.8166666666666674,0.25,positive rankic with robust-selected portfolio metrics; validation only for selection
test,pure_stagewise_score,30,0.0366474092064375,0.0836198380312931,0.0692712332456637,0.5051108956470322,0.4372525243525381,0.0,0.5666666666666671,0.6,holdout diagnostics only; not used for parameter choice
valid,pure_stagewise_score,30,0.0221715644171857,0.1535407281717296,-0.039221212065793,0.6095281833672921,-0.0901791460314074,-0.1425733190130996,0.7916666666666674,0.25,positive rankic with robust-selected portfolio metrics; validation only for selection
test,pure_stagewise_score,30,0.0366474092064375,0.0923959895791592,0.0776313642246204,0.5670408744993377,0.4862899601224858,0.0,0.5200000000000004,0.6,holdout diagnostics only; not used for parameter choice
valid,pure_stagewise_score,50,0.0221715644171857,0.1802517669431795,0.0040953124366196,0.7803264603496292,-0.0041468981436957,-0.115493667606783,0.7750000000000006,0.25,positive rankic with robust-selected portfolio metrics; validation only for selection
test,pure_stagewise_score,50,0.0366474092064375,0.0558391602500942,0.0424476115612512,0.3387049623878357,0.293646095301419,0.0,0.5480000000000004,0.6,holdout diagnostics only; not used for parameter choice
valid,pure_stagewise_score,20,0.1794658721814976,1.0152375367945838,0.6398403670946543,5.419568271156504,2.292278705381624,0.0,0.9375000000000004,1.0,positive rankic with robust-selected portfolio metrics; validation only for selection
test,pure_stagewise_score,20,0.0917103264447994,-0.0080874368852401,-0.0206223771919473,-0.0413081039144903,-0.0703924061527925,0.0,0.6100000000000001,0.6,holdout diagnostics only; not used for parameter choice
valid,pure_stagewise_score,20,0.1794658721814975,0.9739611476614378,0.6054344297355162,4.814677213868772,2.1665663142327825,0.0,0.8625000000000004,1.0,positive rankic with robust-selected portfolio metrics; validation only for selection
test,pure_stagewise_score,20,0.032295093828838,-0.0234413471678955,-0.037258012243142,-0.1159571122613844,-0.154945219844853,-0.0377295147771764,0.5100000000000001,0.6,holdout diagnostics only; not used for parameter choice
valid,pure_stagewise_score,30,0.1794658721814976,0.8066342734427605,0.5386665048606785,5.209270932311029,1.6562465263266932,0.0,0.8833333333333344,1.0,positive rankic with robust-selected portfolio metrics; validation only for selection
test,pure_stagewise_score,30,0.0917103264447994,0.0122811362830059,-0.0012674415965176,0.0635313221935132,0.0395434692936003,0.0,0.6066666666666669,0.6,holdout diagnostics only; not used for parameter choice
valid,pure_stagewise_score,30,0.1794658721814976,0.8134222565511231,0.5339063723995354,5.113397261053786,1.821914936700159,0.0,0.8500000000000009,1.0,positive rankic with robust-selected portfolio metrics; validation only for selection
test,pure_stagewise_score,30,0.0917103264447994,0.0072951952999551,-0.0062913105676995,0.0381023313553891,0.0087629309570674,0.0,0.5800000000000003,0.6,holdout diagnostics only; not used for parameter choice
valid,pure_stagewise_score,50,0.1794658721814976,0.6331771384302192,0.4511777649642583,6.067884146253302,1.1806446165902424,0.0,0.8500000000000005,0.75,positive rankic with robust-selected portfolio metrics; validation only for selection
test,pure_stagewise_score,50,0.0917103264447994,0.0176694855675605,0.0040677021480856,0.1003625183496493,0.06540831738558,0.0,0.5800000000000003,0.6,holdout diagnostics only; not used for parameter choice
valid,pure_stagewise_score,20,0.1794658721814976,0.3601534967974611,0.2608247963741693,4.490294985437019,0.4477422789592213,0.0,0.8500000000000004,0.75,positive rankic with robust-selected portfolio metrics; validation only for selection
test,pure_stagewise_score,20,0.0917103264447994,0.0217063709675646,0.0097431448747286,0.1082831389688379,0.0858914630959338,0.0,0.6500000000000002,0.6,holdout diagnostics only; not used for parameter choice
valid,pure_stagewise_score,20,0.1794658721814976,0.3602952918342397,0.2610237759504307,4.496987769302843,0.447831924969191,0.0,0.8125000000000003,0.75,positive rankic with robust-selected portfolio metrics; validation only for selection
test,pure_stagewise_score,20,0.0917103264447994,0.0642694759228541,0.0502866563116606,0.3549308131947757,0.322117151479525,0.0,0.5700000000000002,0.8,holdout diagnostics only; not used for parameter choice
valid,pure_stagewise_score,30,0.1794658721814976,0.2711635835021106,0.1763283947419873,2.5903494602778934,0.2152127334506286,-0.0118378989114275,0.7916666666666674,0.75,positive rankic with robust-selected portfolio metrics; validation only for selection
test,pure_stagewise_score,30,0.0917103264447994,0.0241461660644499,0.0108512713291176,0.1296491869570551,0.1032936943649393,0.0,0.5733333333333335,0.6,holdout diagnostics only; not used for parameter choice
valid,pure_stagewise_score,30,0.1794658721814976,0.2783202021292537,0.1866244529942944,2.7997872890288127,0.2290558920783791,-0.0062745714285838,0.7833333333333341,0.75,positive rankic with robust-selected portfolio metrics; validation only for selection
test,pure_stagewise_score,30,0.0917103264447994,0.0344763132167733,0.0214034462122932,0.1875184543537883,0.1594568164897709,0.0,0.5466666666666669,0.6,holdout diagnostics only; not used for parameter choice
valid,pure_stagewise_score,50,0.1794658721814976,0.3806062457448276,0.2523501650809558,3.855022914290807,0.6435225336653584,0.0,0.7750000000000006,0.75,positive rankic with robust-selected portfolio metrics; validation only for selection
test,pure_stagewise_score,50,0.0917103264447994,0.0218321796544502,0.0080673543376353,0.1189793654966177,0.0978461732063477,0.0,0.5200000000000002,0.8,holdout diagnostics only; not used for parameter choice
valid,pure_stagewise_score,20,0.1794658721814976,0.3127142875911972,0.1962542757627126,2.949823075322798,0.4047324733513354,-0.0052382820625115,0.8500000000000004,0.5,positive rankic with robust-selected portfolio metrics; validation only for selection
test,pure_stagewise_score,20,0.0917103264447994,0.1603494972599117,0.1372713317283679,0.8877871883934156,1.010315363709984,0.0,0.6700000000000003,0.8,holdout diagnostics only; not used for parameter choice
valid,pure_stagewise_score,20,0.1794658721814976,0.3117836244007477,0.1871446887007455,2.7051744418814354,0.4375929848695893,-0.0115604757356593,0.8375000000000004,0.5,positive rankic with robust-selected portfolio metrics; validation only for selection
test,pure_stagewise_score,20,0.0917103264447994,0.1192031068582988,0.0996743564656577,0.7161017490722216,0.9648360420357038,0.0,0.5800000000000003,0.8,holdout diagnostics only; not used for parameter choice
valid,pure_stagewise_score,30,0.1794658721814976,0.278037312262172,0.1880378026820877,2.831056471768844,0.2245173938290682,0.0,0.8333333333333343,0.5,positive rankic with robust-selected portfolio metrics; validation only for selection
test,pure_stagewise_score,30,0.0917103264447994,0.0770948355892251,0.0608660100466772,0.4332060752880423,0.4938440578813775,0.0,0.5866666666666669,0.8,holdout diagnostics only; not used for parameter choice
valid,pure_stagewise_score,30,0.1794658721814976,0.278160772168144,0.1756537888933779,2.5495078285706847,0.2498015762229738,0.0,0.8000000000000008,0.5,positive rankic with robust-selected portfolio metrics; validation only for selection
test,pure_stagewise_score,30,0.0917103264447994,0.1122057370235354,0.0934198733713989,0.6722335383949969,0.8673845751425723,0.0,0.5000000000000001,0.8,holdout diagnostics only; not used for parameter choice
valid,pure_stagewise_score,50,0.1794658721814976,0.3255183147276395,0.1873505814418357,2.4448133551319007,0.5192449838145488,0.0,0.8000000000000005,0.5,positive rankic with robust-selected portfolio metrics; validation only for selection
test,pure_stagewise_score,50,0.0917103264447994,0.0710847133979073,0.0553435340637416,0.4630886834706951,0.5791426758254463,0.0,0.4640000000000002,0.6,holdout diagnostics only; not used for parameter choice
valid,pure_promethee_score,20,0.1794658721814976,-0.2221168816986868,-0.3913920861708642,-0.8540473384861231,-1.1394845465137284,-0.2219175404457358,0.325,0.25,positive rankic with robust-selected portfolio metrics; validation only for selection
test,pure_promethee_score,20,0.0917103264447994,-0.2015659817286004,-0.2290325854878082,-2.498962752971269,-2.2255001182363308,-0.1575652261608686,0.38,0.0,holdout diagnostics only; not used for parameter choice
valid,pure_promethee_score,20,0.1794658721814976,-0.1132901209821432,-0.2666399283857844,-0.3607041607795931,-0.5617124408125821,-0.2069388424890337,0.125,0.25,positive rankic with robust-selected portfolio metrics; validation only for selection
test,pure_promethee_score,20,0.0917103264447994,-0.1673347198647152,-0.1883931186260673,-2.2354036603884,-1.5978688077762393,-0.1256291787888798,0.26,0.0,holdout diagnostics only; not used for parameter choice
valid,pure_promethee_score,30,0.1794658721814976,-0.0853235832102525,-0.2364963999397888,-0.2980241474738578,-0.5875099535179041,-0.1992585743733916,0.2,0.25,positive rankic with robust-selected portfolio metrics; validation only for selection
test,pure_promethee_score,30,0.0917103264447994,-0.1986288158179971,-0.2252848314421027,-2.394651544032889,-1.988897789277708,-0.1618037064264748,0.3199999999999999,0.0,holdout diagnostics only; not used for parameter choice
valid,pure_promethee_score,30,0.1794658721814976,-0.1256680773706453,-0.289641018627746,-0.4202555616779234,-0.6704822007043894,-0.2172195005335326,0.0916666666666666,0.25,positive rankic with robust-selected portfolio metrics; validation only for selection
test,pure_promethee_score,30,0.0917103264447994,-0.2196779552555983,-0.2510647954059217,-2.5428055973293646,-2.5990778667192296,-0.1752981344461401,0.2333333333333333,0.0,holdout diagnostics only; not used for parameter choice
valid,pure_promethee_score,50,0.1794658721814976,-0.0664539199329898,-0.2228286668000308,-0.2292114133866709,-0.5447514715499447,-0.2020568442759178,0.165,0.25,positive rankic with robust-selected portfolio metrics; validation only for selection
test,pure_promethee_score,50,0.0917103264447994,-0.2077026154910263,-0.2386026522499239,-1.8857140917400208,-4.037540285389633,-0.1459093854552798,0.244,0.0,holdout diagnostics only; not used for parameter choice
valid,pure_promethee_score,20,0.1794658721814976,-0.185820666471816,-0.3407455892118283,-0.66038395636441,-0.8470149798413512,-0.2153111376498171,0.25,0.25,positive rankic with robust-selected portfolio metrics; validation only for selection
test,pure_promethee_score,20,0.0917103264447994,-0.198817165343477,-0.2251816154504273,-2.379359164636881,-1.869901540628176,-0.143659235118248,0.31,0.0,holdout diagnostics only; not used for parameter choice
valid,pure_promethee_score,20,0.1794658721814976,-0.0834186490209536,-0.2360570439401326,-0.2969056380817357,-0.6081563343009883,-0.1959295566366393,0.0875,0.25,positive rankic with robust-selected portfolio metrics; validation only for selection
test,pure_promethee_score,20,0.0917103264447994,-0.1996536841172218,-0.2256659312395806,-2.7241377557388224,-1.803819130996031,-0.1604506772327368,0.15,0.0,holdout diagnostics only; not used for parameter choice
valid,pure_promethee_score,30,0.1794658721814976,-0.1089437373284576,-0.2616713514002287,-0.3645969292219628,-0.6005950633825529,-0.2078168861638031,0.1333333333333333,0.25,positive rankic with robust-selected portfolio metrics; validation only for selection
test,pure_promethee_score,30,0.0917103264447994,-0.217869370923128,-0.24847553993094,-2.5794971374140045,-2.3135727224024305,-0.1788233043286955,0.24,0.0,holdout diagnostics only; not used for parameter choice
valid,pure_promethee_score,30,0.1794658721814976,-0.1105873364590579,-0.2619385897548741,-0.3392433082516961,-0.5186248993083177,-0.2171283526980285,0.075,0.25,positive rankic with robust-selected portfolio metrics; validation only for selection
test,pure_promethee_score,30,0.0917103264447994,-0.2213929480225114,-0.253401395022385,-2.504548537685152,-2.8300125771428184,-0.1713985983311489,0.1666666666666666,0.0,holdout diagnostics only; not used for parameter choice
valid,pure_promethee_score,50,0.1794658721814976,-0.0580906509744743,-0.2061095429324737,-0.1808302753380019,-0.4197463588996614,-0.2063725026388099,0.135,0.25,positive rankic with robust-selected portfolio metrics; validation only for selection
test,pure_promethee_score,50,0.0917103264447994,-0.2102930266753275,-0.2415132040227778,-1.952769725923941,-3.88888497713293,-0.1489706225374367,0.176,0.0,holdout diagnostics only; not used for parameter choice
valid,pure_promethee_score,20,0.1794658721814976,-0.1849590899937727,-0.3485633065924605,-0.6091426621901276,-0.7759025940286104,-0.225161873683948,0.2375,0.25,positive rankic with robust-selected portfolio metrics; validation only for selection
test,pure_promethee_score,20,0.0917103264447994,-0.2305211639563156,-0.2628620485587398,-2.815367088429402,-2.081539994647681,-0.1777196191750025,0.2299999999999999,0.0,holdout diagnostics only; not used for parameter choice
valid,pure_promethee_score,20,0.1794658721814976,-0.1254079427208424,-0.2935666004699383,-0.411150571934419,-0.6585141420495055,-0.2180968799178152,0.1,0.25,positive rankic with robust-selected portfolio metrics; validation only for selection
test,pure_promethee_score,20,0.0917103264447994,-0.2033136534509271,-0.2298615591297075,-2.519964211704017,-1.7242616494420977,-0.1638778996296267,0.1,0.0,holdout diagnostics only; not used for parameter choice
valid,pure_promethee_score,30,0.1794658721814976,-0.094641828309524,-0.2521806845793658,-0.3210027880376741,-0.5963562555790074,-0.2082661912198782,0.1333333333333333,0.25,positive rankic with robust-selected portfolio metrics; validation only for selection
test,pure_promethee_score,30,0.0917103264447994,-0.209250405404892,-0.239073073032697,-2.3105538311831006,-2.858481468122225,-0.1544501183298369,0.2066666666666666,0.0,holdout diagnostics only; not used for parameter choice
valid,pure_promethee_score,30,0.1794658721814976,-0.1247175363559788,-0.2749695677775594,-0.3976035601333547,-0.5797259797269769,-0.214504680600416,0.075,0.25,positive rankic with robust-selected portfolio metrics; validation only for selection
test,pure_promethee_score,30,0.0917103264447994,-0.2200907917428013,-0.2521249951118242,-2.363224530446144,-3.0146685715056933,-0.1630224870424864,0.1266666666666666,0.0,holdout diagnostics only; not used for parameter choice
valid,pure_promethee_score,50,0.1794658721814976,-0.0594790503281238,-0.2176135288291727,-0.1774596510618759,-0.4055309077473872,-0.2153621577782909,0.105,0.25,positive rankic with robust-selected portfolio metrics; validation only for selection
test,pure_promethee_score,50,0.0917103264447994,-0.2025931472805027,-0.2330648083150983,-1.7308242196949235,-5.736738734957012,-0.1277817062669696,0.152,0.0,holdout diagnostics only; not used for parameter choice
valid,hybrid_score_70_30,20,0.1794658721814976,0.126334092330439,0.1146315588315272,0.7844586234998,-0.1219677260766345,-0.0502862292112766,0.8875000000000004,0.5,positive rankic with robust-selected portfolio metrics; validation only for selection
test,hybrid_score_70_30,20,0.0917103264447994,0.0143798608541223,0.0002967858367336,0.0638447380920442,0.0671003499436451,-0.0224921284627153,0.4100000000000001,0.6,holdout diagnostics only; not used for parameter choice
valid,hybrid_score_70_30,20,0.1794658721814976,0.1439832026187761,0.1062066502964324,0.7625801282157827,-0.084784535086323,-0.0555161114561185,0.8000000000000004,0.5,positive rankic with robust-selected portfolio metrics; validation only for selection
test,hybrid_score_70_30,20,0.0917103264447994,0.0060473690005764,-0.0076027491101923,0.0272267853500713,0.0251117761518874,-0.0274829511171101,0.33,0.6,holdout diagnostics only; not used for parameter choice
valid,hybrid_score_70_30,30,0.1794658721814976,0.2647579035430443,0.2294372879249832,1.464274593521109,0.1243124720311701,-0.0288141889891554,0.8166666666666675,0.75,positive rankic with robust-selected portfolio metrics; validation only for selection
test,hybrid_score_70_30,30,0.0917103264447994,0.0083086205034943,-0.0058598117579578,0.0412918222457859,0.0217152507531286,-0.0329380904831239,0.4000000000000002,0.6,holdout diagnostics only; not used for parameter choice
valid,hybrid_score_70_30,30,0.1794658721814976,0.1814378493308981,0.1390404815193558,1.0722881293678566,-0.0217220075839345,-0.0474790390213915,0.733333333333334,0.5,positive rankic with robust-selected portfolio metrics; validation only for selection
test,hybrid_score_70_30,30,0.0917103264447994,0.0001705680577155,-0.0135397450922338,0.0008684466896498,-0.0293885843174075,-0.0334207605659234,0.3600000000000002,0.6,holdout diagnostics only; not used for parameter choice
valid,hybrid_score_70_30,50,0.1794658721814976,0.1272748168566331,0.0791999080828346,0.6279109695760579,-0.1121410068105938,-0.09429283501408,0.7000000000000004,0.5,positive rankic with robust-selected portfolio metrics; validation only for selection
test,hybrid_score_70_30,50,0.0917103264447994,-0.023022320331132,-0.0375642772479196,-0.1249083148798785,-0.2155884816262138,-0.0219224207314497,0.3720000000000001,0.4,holdout diagnostics only; not used for parameter choice
valid,hybrid_score_70_30,20,0.1794658721814976,-0.0077266433801157,-0.0777599269865195,-0.0302875168785595,-0.3403153250865003,-0.1408126841714322,0.6250000000000002,0.25,positive rankic with robust-selected portfolio metrics; validation only for selection
test,hybrid_score_70_30,20,0.0917103264447994,0.0444294541739027,0.0296953304555206,0.202918618546547,0.2083302572014687,-0.0149710399847176,0.4000000000000001,0.6,holdout diagnostics only; not used for parameter choice
valid,hybrid_score_70_30,20,0.1794658721814976,-0.0456761779614145,-0.0897556665160299,-0.1774274809704522,-0.3796626345803909,-0.1344205209065901,0.5625000000000002,0.25,positive rankic with robust-selected portfolio metrics; validation only for selection
test,hybrid_score_70_30,20,0.0917103264447994,0.0020107788123369,-0.0111358733443255,0.0100192466685595,-0.0130225438393577,-0.0184639672931354,0.3700000000000001,0.4,holdout diagnostics only; not used for parameter choice
valid,hybrid_score_70_30,30,0.1794658721814976,-0.0375777324240634,-0.0890494517300369,-0.1347688687476806,-0.3441631481391038,-0.1640116548807878,0.6000000000000003,0.25,positive rankic with robust-selected portfolio metrics; validation only for selection
test,hybrid_score_70_30,30,0.0917103264447994,0.0012460599636421,-0.0127923722000561,0.0062169296648341,-0.0193784202153256,-0.0302139294376364,0.4133333333333335,0.6,holdout diagnostics only; not used for parameter choice
valid,hybrid_score_70_30,30,0.1794658721814976,-0.0185028056962052,-0.0636424339297593,-0.0665257930848438,-0.3071201590735404,-0.149164650565543,0.5500000000000002,0.25,positive rankic with robust-selected portfolio metrics; validation only for selection
test,hybrid_score_70_30,30,0.0917103264447994,0.0043760543318882,-0.0089106164227089,0.0218680210890337,-0.0010979863721067,-0.0273736073403233,0.3400000000000001,0.6,holdout diagnostics only; not used for parameter choice
valid,hybrid_score_70_30,50,0.1794658721814976,-0.0068881637795074,-0.0659175947660143,-0.0268939292097609,-0.3255067584994415,-0.1507742520468284,0.5250000000000002,0.25,positive rankic with robust-selected portfolio metrics; validation only for selection
test,hybrid_score_70_30,50,0.0917103264447994,-0.042047645584143,-0.0563526064075635,-0.2066985023531977,-0.257006935686495,-0.040535701785176,0.3360000000000001,0.4,holdout diagnostics only; not used for parameter choice
valid,hybrid_score_70_30,20,0.1794658721814976,-0.0562076667012366,-0.1789771112149662,-0.2219126493235192,-0.5481532612604691,-0.1676144887899091,0.7250000000000003,0.25,positive rankic with robust-selected portfolio metrics; validation only for selection
test,hybrid_score_70_30,20,0.0917103264447994,0.0236271272239021,0.0101970835202259,0.1093734382499537,0.0981150686855803,-0.0149710399847176,0.3600000000000001,0.4,holdout diagnostics only; not used for parameter choice
valid,hybrid_score_70_30,20,0.1794658721814976,-0.099629017666472,-0.1859933046401902,-0.4257342872233071,-0.6035857514365357,-0.1376875438225711,0.5500000000000002,0.25,positive rankic with robust-selected portfolio metrics; validation only for selection
test,hybrid_score_70_30,20,0.0917103264447994,0.0079041454858239,-0.0053770803569944,0.0391450466993984,0.01793371600789,-0.0198831699553868,0.2799999999999999,0.4,holdout diagnostics only; not used for parameter choice
valid,hybrid_score_70_30,30,0.1794658721814976,-0.0434455436225549,-0.1218443778061525,-0.1736741482386344,-0.4313773787113525,-0.1322811691534544,0.566666666666667,0.25,positive rankic with robust-selected portfolio metrics; validation only for selection
test,hybrid_score_70_30,30,0.0917103264447994,-0.0187238691189891,-0.0323844186867948,-0.098211281151961,-0.1491793326122555,-0.0236298499367729,0.3266666666666667,0.4,holdout diagnostics only; not used for parameter choice
valid,hybrid_score_70_30,30,0.1794658721814976,-0.0520014626749901,-0.135737092035344,-0.2093937699719386,-0.461709656407199,-0.1336210255327341,0.5250000000000002,0.25,positive rankic with robust-selected portfolio metrics; validation only for selection
test,hybrid_score_70_30,30,0.0917103264447994,-0.0076015495414647,-0.0211870603098093,-0.0378469981930727,-0.0665681820256584,-0.0284090703707602,0.2533333333333333,0.4,holdout diagnostics only; not used for parameter choice
valid,hybrid_score_70_30,50,0.1794658721814976,-0.0387811487193648,-0.123337243302961,-0.1428914010922909,-0.3927645111886,-0.1440193655433489,0.4650000000000002,0.25,positive rankic with robust-selected portfolio metrics; validation only for selection
test,hybrid_score_70_30,50,0.0917103264447994,-0.0189937939693161,-0.0327244520740398,-0.0943481248834719,-0.1313657712609815,-0.018614366554991,0.2880000000000001,0.4,holdout diagnostics only; not used for parameter choice
valid,hybrid_score_50_50,20,0.1794658721814976,0.4804718248958004,0.5120967387082613,1.919554524008152,0.3270297447348088,-0.0669633304946948,0.9500000000000004,0.75,positive rankic with robust-selected portfolio metrics; validation only for selection
test,hybrid_score_50_50,20,0.0917103264447994,-0.0111904804610358,-0.0237226664264951,-0.0505923715088546,-0.0535021630123574,-0.0360198863435478,0.4400000000000001,0.6,holdout diagnostics only; not used for parameter choice
valid,hybrid_score_50_50,20,0.1794658721814976,0.4953184592074859,0.5159405294330743,2.050393254012058,0.348079951341471,-0.0576065470702529,0.9375000000000004,0.75,positive rankic with robust-selected portfolio metrics; validation only for selection
test,hybrid_score_50_50,20,0.0917103264447994,-0.0236569670891461,-0.034629277358594,-0.1025233186628166,-0.0883469577406848,-0.0633593882797591,0.3700000000000001,0.6,holdout diagnostics only; not used for parameter choice
valid,hybrid_score_50_50,30,0.1794658721814976,0.4255920969521001,0.4659680263402759,1.85338879691863,0.2776402130305709,-0.0657920395151638,0.941666666666668,0.75,positive rankic with robust-selected portfolio metrics; validation only for selection
test,hybrid_score_50_50,30,0.0917103264447994,0.0152747219497713,0.002657744534656,0.0731170089598344,0.0571113406523844,-0.0382410931825494,0.4666666666666669,0.6,holdout diagnostics only; not used for parameter choice
valid,hybrid_score_50_50,30,0.1794658721814976,0.4200792283187138,0.4625890970174376,1.8481432386417205,0.2718103107721886,-0.0657920395151637,0.9250000000000012,0.75,positive rankic with robust-selected portfolio metrics; validation only for selection
test,hybrid_score_50_50,30,0.0917103264447994,-0.0038991604871284,-0.0158188845473322,-0.0185744245764942,-0.0312735999299653,-0.0534559729608005,0.3666666666666669,0.6,holdout diagnostics only; not used for parameter choice
valid,hybrid_score_50_50,50,0.1794658721814976,0.439992482737064,0.4235057865073759,3.048352677547469,0.3543088106662294,0.0,0.9000000000000006,0.75,positive rankic with robust-selected portfolio metrics; validation only for selection
test,hybrid_score_50_50,50,0.0917103264447994,-0.0041985200458206,-0.0182351801355703,-0.0241835059962773,-0.099594505398585,-0.0241265791523873,0.4360000000000002,0.4,holdout diagnostics only; not used for parameter choice
valid,hybrid_score_50_50,20,0.1794658721814976,0.2337952896287654,0.2968031911941538,0.969774058391868,0.0657341654992005,-0.1034462102854673,0.9375000000000006,0.75,positive rankic with robust-selected portfolio metrics; validation only for selection
test,hybrid_score_50_50,20,0.0917103264447994,-0.0134929052480973,-0.025720628492351,-0.0627499558556492,-0.0699786617366099,-0.056753536363158,0.38,0.6,holdout diagnostics only; not used for parameter choice
valid,hybrid_score_50_50,20,0.1794658721814976,0.2406790560028162,0.2951707775189178,1.0759006514883958,0.0726308069715726,-0.0917436379820244,0.8750000000000004,0.75,positive rankic with robust-selected portfolio metrics; validation only for selection
test,hybrid_score_50_50,20,0.0917103264447994,0.0248694735867918,0.0112443283882493,0.1264524027325451,0.1051556932711988,-0.0429612335813485,0.31,0.6,holdout diagnostics only; not used for parameter choice
valid,hybrid_score_50_50,30,0.1794658721814976,0.2093064486521574,0.2682382745232864,1.097098280350327,0.0272850599630759,-0.0792710855451841,0.8666666666666677,0.75,positive rankic with robust-selected portfolio metrics; validation only for selection
test,hybrid_score_50_50,30,0.0917103264447994,0.0106790242321248,-0.0018135020577981,0.0476836707067117,0.0429089009209335,-0.0562110570078575,0.3666666666666666,0.6,holdout diagnostics only; not used for parameter choice
valid,hybrid_score_50_50,30,0.1794658721814976,0.1630860261862228,0.1891873364474337,0.8794526071556623,-0.0405120534711596,-0.0702420621829124,0.7916666666666674,0.5,positive rankic with robust-selected portfolio metrics; validation only for selection
test,hybrid_score_50_50,30,0.0917103264447994,0.0052395405688119,-0.0074564582553355,0.0234851851622844,0.0195056131553845,-0.0564739102521538,0.3266666666666666,0.6,holdout diagnostics only; not used for parameter choice
valid,hybrid_score_50_50,50,0.1794658721814976,0.1576570772595857,0.1463810496383954,1.3889517285689383,-0.0805567231185482,-6.515148761099265e-05,0.7300000000000004,0.5,positive rankic with robust-selected portfolio metrics; validation only for selection
test,hybrid_score_50_50,50,0.0917103264447994,-0.0292102799919219,-0.0430119034834651,-0.1452914573329812,-0.1870787923939698,-0.0384932287144121,0.3320000000000001,0.4,holdout diagnostics only; not used for parameter choice
valid,hybrid_score_50_50,20,0.1794658721814976,0.0614017277730734,0.0602368418505757,1.5083246895132725,-0.3097524756564679,-0.0007592520620778,0.8625000000000005,0.25,positive rankic with robust-selected portfolio metrics; validation only for selection
test,hybrid_score_50_50,20,0.0917103264447994,0.0043549736143235,-0.0077670308547621,0.0190554278315707,0.0209282551189226,-0.0429612335813485,0.34,0.6,holdout diagnostics only; not used for parameter choice
valid,hybrid_score_50_50,20,0.1794658721814976,0.0078500952773508,0.003409343642855,0.1774711622277456,-0.4433562481932867,-0.0307574713133761,0.6625000000000003,0.25,positive rankic with robust-selected portfolio metrics; validation only for selection
test,hybrid_score_50_50,20,0.0917103264447994,0.0264970330648863,0.0135683939702157,0.1244354523737348,0.1131334399912274,-0.0258631175119994,0.2,0.6,holdout diagnostics only; not used for parameter choice
valid,hybrid_score_50_50,30,0.1794658721814976,0.0060629593551435,0.0151321500065709,0.0647263321654635,-0.3905527617747099,-0.0355051790440004,0.7000000000000005,0.5,positive rankic with robust-selected portfolio metrics; validation only for selection
test,hybrid_score_50_50,30,0.0917103264447994,0.0339017234072873,0.0197597513592521,0.1639918001180192,0.1504923457926099,-0.0506466882293876,0.2733333333333333,0.6,holdout diagnostics only; not used for parameter choice
valid,hybrid_score_50_50,30,0.1794658721814976,0.026249031861885,0.0289826907290321,0.2620585445251679,-0.3520495920426094,-0.0244212076183083,0.6750000000000004,0.5,positive rankic with robust-selected portfolio metrics; validation only for selection
test,hybrid_score_50_50,30,0.0917103264447994,0.0277134474946068,0.0137637834339534,0.1393471235829823,0.1195669091619201,-0.0431684792955538,0.2066666666666667,0.6,holdout diagnostics only; not used for parameter choice
valid,hybrid_score_50_50,50,0.1794658721814976,0.0544075276737614,0.0143588189077841,0.5484774747331391,-0.365827827137748,-0.0418624510378854,0.7050000000000003,0.5,positive rankic with robust-selected portfolio metrics; validation only for selection
test,hybrid_score_50_50,50,0.0917103264447994,-0.0156615426299097,-0.0292929986043821,-0.0825269833490812,-0.1325685949843487,-0.0372486268928713,0.256,0.4,holdout diagnostics only; not used for parameter choice
valid,hybrid_score_30_70,20,0.1794658721814976,0.6205775784811074,0.5242200941091093,3.657337804653807,0.6201318092194529,0.0,0.9500000000000004,0.75,positive rankic with robust-selected portfolio metrics; validation only for selection
test,hybrid_score_30_70,20,0.0917103264447994,-0.0036521484195086,-0.0149449934428053,-0.0171318271166864,-0.0252094093612011,-0.0434271311899675,0.5300000000000001,0.6,holdout diagnostics only; not used for parameter choice
valid,hybrid_score_30_70,20,0.1794658721814976,0.6245927565394149,0.5356578518309524,3.657738408840775,0.6083139532410111,0.0,0.9375000000000004,0.75,positive rankic with robust-selected portfolio metrics; validation only for selection
test,hybrid_score_30_70,20,0.0917103264447994,-0.0012000365750842,-0.0120626427501994,-0.0056366840837719,-0.0143234207498738,-0.0423022685405384,0.44,0.6,holdout diagnostics only; not used for parameter choice
valid,hybrid_score_30_70,30,0.1794658721814976,0.5074392672298937,0.4311626561355479,3.508368021857417,0.5094782544552575,0.0,0.9250000000000012,0.75,positive rankic with robust-selected portfolio metrics; validation only for selection
test,hybrid_score_30_70,30,0.0917103264447994,0.0006711762524436,-0.0107815873234115,0.0033459731697289,-0.0169243288053664,-0.0282949950937698,0.4866666666666669,0.6,holdout diagnostics only; not used for parameter choice
valid,hybrid_score_30_70,30,0.1794658721814976,0.5074392672298937,0.4311626561355479,3.508368021857417,0.5094782544552575,0.0,0.9250000000000012,0.75,positive rankic with robust-selected portfolio metrics; validation only for selection
test,hybrid_score_30_70,30,0.0917103264447994,-0.0259174515646474,-0.0381378090473621,-0.1285903535099478,-0.1473066635854826,-0.0475000348224671,0.4066666666666669,0.6,holdout diagnostics only; not used for parameter choice
valid,hybrid_score_30_70,50,0.1794658721814976,0.4536007343649206,0.400810096762153,3.253518314593038,0.4158496712683561,0.0,0.8900000000000006,0.75,positive rankic with robust-selected portfolio metrics; validation only for selection
test,hybrid_score_30_70,50,0.0917103264447994,0.0078105348327801,-0.0049634228007139,0.0396700780725168,0.0123687834379159,-0.0466851333855361,0.4680000000000002,0.4,holdout diagnostics only; not used for parameter choice
valid,hybrid_score_30_70,20,0.1794658721814976,0.3033472678020512,0.2504588641942216,5.50552960204175,0.2276802625993371,0.0,0.8500000000000004,0.75,positive rankic with robust-selected portfolio metrics; validation only for selection
test,hybrid_score_30_70,20,0.0917103264447994,-0.0164372699852426,-0.0287126117715552,-0.0744421144097791,-0.0763928569921475,-0.0428024723916691,0.4400000000000001,0.6,holdout diagnostics only; not used for parameter choice
valid,hybrid_score_30_70,20,0.1794658721814976,0.3033472678020512,0.2504588641942216,5.50552960204175,0.2276802625993371,0.0,0.8500000000000004,0.75,positive rankic with robust-selected portfolio metrics; validation only for selection
test,hybrid_score_30_70,20,0.0917103264447994,-0.0337274687423028,-0.0450940961623652,-0.1533103145147938,-0.1442861126309644,-0.068629139605127,0.3600000000000001,0.6,holdout diagnostics only; not used for parameter choice
valid,hybrid_score_30_70,30,0.1794658721814976,0.3150912795142073,0.2750397529231568,4.674638642761897,0.2298240469996763,0.0,0.8583333333333344,0.75,positive rankic with robust-selected portfolio metrics; validation only for selection
test,hybrid_score_30_70,30,0.0917103264447994,-0.0078565795408352,-0.020759368861824,-0.0385207209972861,-0.0599654919616029,-0.0410144874586345,0.3733333333333333,0.6,holdout diagnostics only; not used for parameter choice
valid,hybrid_score_30_70,30,0.1794658721814976,0.3226495610891851,0.277491242765927,5.067128538872634,0.2504405029224091,0.0,0.850000000000001,0.75,positive rankic with robust-selected portfolio metrics; validation only for selection
test,hybrid_score_30_70,30,0.0917103264447994,-0.0225694521546826,-0.0351919801936362,-0.1200816471691566,-0.1597405784544276,-0.0521781932806812,0.3133333333333333,0.6,holdout diagnostics only; not used for parameter choice
valid,hybrid_score_30_70,50,0.1794658721814976,0.2230816264018191,0.1837263411267481,3.373104042932399,0.0466791052022135,0.0,0.8500000000000005,0.75,positive rankic with robust-selected portfolio metrics; validation only for selection
test,hybrid_score_30_70,50,0.0917103264447994,-0.0104783569775679,-0.0239540039042393,-0.053334682369331,-0.0883168909878748,-0.045634351729444,0.3440000000000001,0.6,holdout diagnostics only; not used for parameter choice
valid,hybrid_score_30_70,20,0.1794658721814976,0.1124562329554201,0.1003083970750852,5.284089424712978,-0.207267817441066,0.0,0.8375000000000004,0.25,positive rankic with robust-selected portfolio metrics; validation only for selection
test,hybrid_score_30_70,20,0.0917103264447994,0.0102115282798695,-0.0033175915585908,0.0533438273814799,0.0220774532125321,-0.0565513249051284,0.35,0.6,holdout diagnostics only; not used for parameter choice
valid,hybrid_score_30_70,20,0.1794658721814976,0.1231522485674165,0.1183898002937468,7.571839596448632,-0.1749933765971279,0.0,0.8250000000000004,0.25,positive rankic with robust-selected portfolio metrics; validation only for selection
test,hybrid_score_30_70,20,0.0917103264447994,0.0134347437523381,0.0017958371028238,0.0688852919717046,0.0367978066721667,-0.0600298113652369,0.29,0.6,holdout diagnostics only; not used for parameter choice
valid,hybrid_score_30_70,30,0.1794658721814976,0.1784482768431963,0.1496642450904038,1.6672079380538611,-0.0447387468335155,0.0,0.875000000000001,0.5,positive rankic with robust-selected portfolio metrics; validation only for selection
test,hybrid_score_30_70,30,0.0917103264447994,0.0052870643686784,-0.0084893411659655,0.0280141791693287,-0.0077429684692582,-0.0361180048893756,0.2866666666666667,0.6,holdout diagnostics only; not used for parameter choice
valid,hybrid_score_30_70,30,0.1794658721814976,0.1517115386800669,0.1265678051075131,1.299088600509256,-0.0972835934407558,-0.0070018396054547,0.8583333333333343,0.5,positive rankic with robust-selected portfolio metrics; validation only for selection
test,hybrid_score_30_70,30,0.0917103264447994,0.0210184126569474,0.0065487720834913,0.1068048656661857,0.0927955896049488,-0.0358242770749407,0.24,0.6,holdout diagnostics only; not used for parameter choice
valid,hybrid_score_30_70,50,0.1794658721814976,0.2232600934093629,0.1403950501814624,2.571017809056304,0.0685364995091239,-0.0017246160084631,0.8700000000000006,0.5,positive rankic with robust-selected portfolio metrics; validation only for selection
test,hybrid_score_30_70,50,0.0917103264447994,0.00353926759505,-0.0094194931025583,0.0181801278140675,-0.0114244416295601,-0.0442678905091923,0.2800000000000001,0.4,holdout diagnostics only; not used for parameter choice
valid,pure_stagewise_score,20,0.1794648716788633,1.0152375367945838,0.6398403670946543,5.419568271156504,2.292278705381624,0.0,0.9375000000000004,1.0,positive rankic with robust-selected portfolio metrics; validation only for selection
test,pure_stagewise_score,20,0.0916983623979265,-0.0080874368852401,-0.0206223771919473,-0.0413081039144903,-0.0703924061527925,0.0,0.6100000000000001,0.6,holdout diagnostics only; not used for parameter choice
valid,pure_stagewise_score,20,0.1794648716788633,0.9739611476614378,0.6054344297355162,4.814677213868772,2.1665663142327825,0.0,0.8625000000000004,1.0,positive rankic with robust-selected portfolio metrics; validation only for selection
test,pure_stagewise_score,20,0.0916983623979265,-0.0005851064104576,-0.0130803605615651,-0.0029515816338796,-0.0263081866697867,0.0,0.5600000000000003,0.8,holdout diagnostics only; not used for parameter choice
valid,pure_stagewise_score,30,0.1794648716788633,0.8066342734427605,0.5386665048606785,5.209270932311029,1.6562465263266932,0.0,0.8833333333333344,1.0,positive rankic with robust-selected portfolio metrics; validation only for selection
test,pure_stagewise_score,30,0.0916983623979265,0.0122811362830059,-0.0012674415965176,0.0635313221935132,0.0395434692936003,0.0,0.6066666666666669,0.6,holdout diagnostics only; not used for parameter choice
valid,pure_stagewise_score,30,0.1794648716788633,0.8134222565511231,0.5339063723995354,5.113397261053786,1.821914936700159,0.0,0.8500000000000009,1.0,positive rankic with robust-selected portfolio metrics; validation only for selection
test,pure_stagewise_score,30,0.0916983623979265,0.0072951952999551,-0.0062913105676995,0.0381023313553891,0.0087629309570674,0.0,0.5800000000000003,0.6,holdout diagnostics only; not used for parameter choice
valid,pure_stagewise_score,50,0.1794648716788633,0.6331771384302192,0.4511777649642583,6.067884146253302,1.1806446165902424,0.0,0.8500000000000005,0.75,positive rankic with robust-selected portfolio metrics; validation only for selection
test,pure_stagewise_score,50,0.0916983623979265,0.0176694855675605,0.0040677021480856,0.1003625183496493,0.0654083173855799,0.0,0.5800000000000003,0.6,holdout diagnostics only; not used for parameter choice
valid,pure_stagewise_score,20,0.1794648716788633,0.3601534967974611,0.2608247963741693,4.490294985437019,0.4477422789592213,0.0,0.8500000000000004,0.75,positive rankic with robust-selected portfolio metrics; validation only for selection
test,pure_stagewise_score,20,0.0916983623979265,0.0217063709675646,0.0097431448747286,0.1082831389688379,0.0858914630959338,0.0,0.6500000000000002,0.6,holdout diagnostics only; not used for parameter choice
valid,pure_stagewise_score,20,0.1794648716788633,0.3602952918342397,0.2610237759504307,4.496987769302843,0.447831924969191,0.0,0.8125000000000003,0.75,positive rankic with robust-selected portfolio metrics; validation only for selection
test,pure_stagewise_score,20,0.0916983623979265,0.0642694759228541,0.0502866563116606,0.3549308131947757,0.322117151479525,0.0,0.5700000000000002,0.8,holdout diagnostics only; not used for parameter choice
valid,pure_stagewise_score,30,0.1794648716788633,0.2711635835021106,0.1763283947419873,2.5903494602778934,0.2152127334506286,-0.0118378989114275,0.7916666666666674,0.75,positive rankic with robust-selected portfolio metrics; validation only for selection
test,pure_stagewise_score,30,0.0916983623979265,0.0241461660644499,0.0108512713291176,0.1296491869570551,0.1032936943649393,0.0,0.5733333333333335,0.6,holdout diagnostics only; not used for parameter choice
valid,pure_stagewise_score,30,0.1794648716788633,0.2783202021292537,0.1866244529942944,2.7997872890288127,0.2290558920783791,-0.0062745714285838,0.7833333333333341,0.75,positive rankic with robust-selected portfolio metrics; validation only for selection
test,pure_stagewise_score,30,0.0916983623979265,0.0314413047963602,0.0182864802777799,0.1716744656926421,0.1447573471487812,0.0,0.5466666666666669,0.6,holdout diagnostics only; not used for parameter choice
valid,pure_stagewise_score,50,0.1794648716788633,0.3806062457448276,0.2523501650809558,3.855022914290807,0.6435225336653584,0.0,0.7750000000000006,0.75,positive rankic with robust-selected portfolio metrics; validation only for selection
test,pure_stagewise_score,50,0.0916983623979265,0.0218321796544502,0.0080673543376353,0.1189793654966177,0.0978461732063477,0.0,0.5200000000000002,0.8,holdout diagnostics only; not used for parameter choice
valid,pure_stagewise_score,20,0.1794648716788633,0.3127142875911972,0.1962542757627126,2.949823075322798,0.4047324733513354,-0.0052382820625115,0.8500000000000004,0.5,positive rankic with robust-selected portfolio metrics; validation only for selection
test,pure_stagewise_score,20,0.0916983623979265,0.1603494972599117,0.1372713317283679,0.8877871883934156,1.010315363709984,0.0,0.6700000000000003,0.8,holdout diagnostics only; not used for parameter choice
valid,pure_stagewise_score,20,0.1794648716788633,0.3117836244007477,0.1871446887007455,2.7051744418814354,0.4375929848695893,-0.0115604757356593,0.8375000000000004,0.5,positive rankic with robust-selected portfolio metrics; validation only for selection
test,pure_stagewise_score,20,0.0916983623979265,0.1192031068582988,0.0996743564656577,0.7161017490722216,0.9648360420357038,0.0,0.5800000000000003,0.8,holdout diagnostics only; not used for parameter choice
valid,pure_stagewise_score,30,0.1794648716788633,0.278037312262172,0.1880378026820877,2.831056471768844,0.2245173938290682,0.0,0.8333333333333343,0.5,positive rankic with robust-selected portfolio metrics; validation only for selection
test,pure_stagewise_score,30,0.0916983623979265,0.0770948355892251,0.0608660100466772,0.4332060752880423,0.4938440578813775,0.0,0.5866666666666669,0.8,holdout diagnostics only; not used for parameter choice
valid,pure_stagewise_score,30,0.1794648716788633,0.278160772168144,0.1756537888933779,2.5495078285706847,0.2498015762229738,0.0,0.8000000000000008,0.5,positive rankic with robust-selected portfolio metrics; validation only for selection
test,pure_stagewise_score,30,0.0916983623979265,0.1122057370235354,0.0934198733713989,0.6722335383949969,0.8673845751425723,0.0,0.5000000000000001,0.8,holdout diagnostics only; not used for parameter choice
valid,pure_stagewise_score,50,0.1794648716788633,0.3255183147276395,0.1873505814418357,2.4448133551319007,0.5192449838145488,0.0,0.8000000000000005,0.5,positive rankic with robust-selected portfolio metrics; validation only for selection
test,pure_stagewise_score,50,0.0916983623979265,0.0723184705434709,0.0564745387249705,0.4703748361678772,0.5962825496315467,0.0,0.4600000000000002,0.8,holdout diagnostics only; not used for parameter choice
valid,pure_promethee_score,20,0.1794648716788633,-0.2221168816986868,-0.3913920861708642,-0.8540473384861231,-1.1394845465137284,-0.2219175404457358,0.325,0.25,positive rankic with robust-selected portfolio metrics; validation only for selection
test,pure_promethee_score,20,0.0916983623979265,-0.2015659817286004,-0.2290325854878082,-2.498962752971269,-2.2255001182363308,-0.1575652261608686,0.38,0.0,holdout diagnostics only; not used for parameter choice
valid,pure_promethee_score,20,0.1794648716788633,-0.1132901209821432,-0.2666399283857844,-0.3607041607795931,-0.5617124408125821,-0.2069388424890337,0.125,0.25,positive rankic with robust-selected portfolio metrics; validation only for selection
test,pure_promethee_score,20,0.0916983623979265,-0.1673347198647152,-0.1883931186260673,-2.2354036603884,-1.5978688077762393,-0.1256291787888798,0.26,0.0,holdout diagnostics only; not used for parameter choice
valid,pure_promethee_score,30,0.1794648716788633,-0.0853235832102525,-0.2364963999397888,-0.2980241474738578,-0.5875099535179041,-0.1992585743733916,0.2,0.25,positive rankic with robust-selected portfolio metrics; validation only for selection
test,pure_promethee_score,30,0.0916983623979265,-0.1986288158179971,-0.2252848314421027,-2.394651544032889,-1.988897789277708,-0.1618037064264748,0.3199999999999999,0.0,holdout diagnostics only; not used for parameter choice
valid,pure_promethee_score,30,0.1794648716788633,-0.1256680773706453,-0.289641018627746,-0.4202555616779234,-0.6704822007043894,-0.2172195005335326,0.0916666666666666,0.25,positive rankic with robust-selected portfolio metrics; validation only for selection
test,pure_promethee_score,30,0.0916983623979265,-0.2196779552555983,-0.2510647954059217,-2.5428055973293646,-2.5990778667192296,-0.1752981344461401,0.2333333333333333,0.0,holdout diagnostics only; not used for parameter choice
valid,pure_promethee_score,50,0.1794648716788633,-0.0664539199329898,-0.2228286668000308,-0.2292114133866709,-0.5447514715499447,-0.2020568442759178,0.165,0.25,positive rankic with robust-selected portfolio metrics; validation only for selection
test,pure_promethee_score,50,0.0916983623979265,-0.2077026154910263,-0.2386026522499239,-1.8857140917400208,-4.037540285389633,-0.1459093854552798,0.244,0.0,holdout diagnostics only; not used for parameter choice
valid,pure_promethee_score,20,0.1794648716788633,-0.185820666471816,-0.3407455892118283,-0.66038395636441,-0.8470149798413512,-0.2153111376498171,0.25,0.25,positive rankic with robust-selected portfolio metrics; validation only for selection
test,pure_promethee_score,20,0.0916983623979265,-0.198817165343477,-0.2251816154504273,-2.379359164636881,-1.869901540628176,-0.143659235118248,0.31,0.0,holdout diagnostics only; not used for parameter choice
valid,pure_promethee_score,20,0.1794648716788633,-0.0834186490209536,-0.2360570439401326,-0.2969056380817357,-0.6081563343009883,-0.1959295566366393,0.0875,0.25,positive rankic with robust-selected portfolio metrics; validation only for selection
test,pure_promethee_score,20,0.0916983623979265,-0.1996536841172218,-0.2256659312395806,-2.7241377557388224,-1.803819130996031,-0.1604506772327368,0.15,0.0,holdout diagnostics only; not used for parameter choice
valid,pure_promethee_score,30,0.1794648716788633,-0.1089437373284576,-0.2616713514002287,-0.3645969292219628,-0.6005950633825529,-0.2078168861638031,0.1333333333333333,0.25,positive rankic with robust-selected portfolio metrics; validation only for selection
test,pure_promethee_score,30,0.0916983623979265,-0.217869370923128,-0.24847553993094,-2.5794971374140045,-2.3135727224024305,-0.1788233043286955,0.24,0.0,holdout diagnostics only; not used for parameter choice
valid,pure_promethee_score,30,0.1794648716788633,-0.1105873364590579,-0.2619385897548741,-0.3392433082516961,-0.5186248993083177,-0.2171283526980285,0.075,0.25,positive rankic with robust-selected portfolio metrics; validation only for selection
test,pure_promethee_score,30,0.0916983623979265,-0.2213929480225114,-0.253401395022385,-2.504548537685152,-2.8300125771428184,-0.1713985983311489,0.1666666666666666,0.0,holdout diagnostics only; not used for parameter choice
valid,pure_promethee_score,50,0.1794648716788633,-0.0580906509744743,-0.2061095429324737,-0.1808302753380019,-0.4197463588996614,-0.2063725026388099,0.135,0.25,positive rankic with robust-selected portfolio metrics; validation only for selection
test,pure_promethee_score,50,0.0916983623979265,-0.2102930266753275,-0.2415132040227778,-1.952769725923941,-3.88888497713293,-0.1489706225374367,0.176,0.0,holdout diagnostics only; not used for parameter choice
valid,pure_promethee_score,20,0.1794648716788633,-0.1849590899937727,-0.3485633065924605,-0.6091426621901276,-0.7759025940286104,-0.225161873683948,0.2375,0.25,positive rankic with robust-selected portfolio metrics; validation only for selection
test,pure_promethee_score,20,0.0916983623979265,-0.2305211639563156,-0.2628620485587398,-2.815367088429402,-2.081539994647681,-0.1777196191750025,0.2299999999999999,0.0,holdout diagnostics only; not used for parameter choice
valid,pure_promethee_score,20,0.1794648716788633,-0.1254079427208424,-0.2935666004699383,-0.411150571934419,-0.6585141420495055,-0.2180968799178152,0.1,0.25,positive rankic with robust-selected portfolio metrics; validation only for selection
test,pure_promethee_score,20,0.0916983623979265,-0.2033136534509271,-0.2298615591297075,-2.519964211704017,-1.7242616494420977,-0.1638778996296267,0.1,0.0,holdout diagnostics only; not used for parameter choice
valid,pure_promethee_score,30,0.1794648716788633,-0.094641828309524,-0.2521806845793658,-0.3210027880376741,-0.5963562555790074,-0.2082661912198782,0.1333333333333333,0.25,positive rankic with robust-selected portfolio metrics; validation only for selection
test,pure_promethee_score,30,0.0916983623979265,-0.209250405404892,-0.239073073032697,-2.3105538311831006,-2.858481468122225,-0.1544501183298369,0.2066666666666666,0.0,holdout diagnostics only; not used for parameter choice
valid,pure_promethee_score,30,0.1794648716788633,-0.1247175363559788,-0.2749695677775594,-0.3976035601333547,-0.5797259797269769,-0.214504680600416,0.075,0.25,positive rankic with robust-selected portfolio metrics; validation only for selection
test,pure_promethee_score,30,0.0916983623979265,-0.2200907917428013,-0.2521249951118242,-2.363224530446144,-3.0146685715056933,-0.1630224870424864,0.1266666666666666,0.0,holdout diagnostics only; not used for parameter choice
valid,pure_promethee_score,50,0.1794648716788633,-0.0594790503281238,-0.2176135288291727,-0.1774596510618759,-0.4055309077473872,-0.2153621577782909,0.105,0.25,positive rankic with robust-selected portfolio metrics; validation only for selection
test,pure_promethee_score,50,0.0916983623979265,-0.2025931472805027,-0.2330648083150983,-1.7308242196949235,-5.736738734957012,-0.1277817062669696,0.152,0.0,holdout diagnostics only; not used for parameter choice
valid,hybrid_score_70_30,20,0.1794648716788633,0.126334092330439,0.1146315588315272,0.7844586234998,-0.1219677260766345,-0.0502862292112766,0.8875000000000004,0.5,positive rankic with robust-selected portfolio metrics; validation only for selection
test,hybrid_score_70_30,20,0.0916983623979265,0.0143798608541223,0.0002967858367336,0.0638447380920442,0.0671003499436451,-0.0224921284627153,0.4100000000000001,0.6,holdout diagnostics only; not used for parameter choice
valid,hybrid_score_70_30,20,0.1794648716788633,0.1439832026187761,0.1062066502964324,0.7625801282157827,-0.084784535086323,-0.0555161114561185,0.8000000000000004,0.5,positive rankic with robust-selected portfolio metrics; validation only for selection
test,hybrid_score_70_30,20,0.0916983623979265,0.0060473690005764,-0.0076027491101923,0.0272267853500713,0.0251117761518874,-0.0274829511171101,0.33,0.6,holdout diagnostics only; not used for parameter choice
valid,hybrid_score_70_30,30,0.1794648716788633,0.2647579035430443,0.2294372879249832,1.464274593521109,0.1243124720311701,-0.0288141889891554,0.8166666666666675,0.75,positive rankic with robust-selected portfolio metrics; validation only for selection
test,hybrid_score_70_30,30,0.0916983623979265,0.0083086205034943,-0.0058598117579578,0.0412918222457859,0.0217152507531286,-0.0329380904831239,0.4000000000000002,0.6,holdout diagnostics only; not used for parameter choice
valid,hybrid_score_70_30,30,0.1794648716788633,0.1814378493308981,0.1390404815193558,1.0722881293678566,-0.0217220075839345,-0.0474790390213915,0.733333333333334,0.5,positive rankic with robust-selected portfolio metrics; validation only for selection
test,hybrid_score_70_30,30,0.0916983623979265,0.0001705680577155,-0.0135397450922338,0.0008684466896498,-0.0293885843174075,-0.0334207605659234,0.3600000000000002,0.6,holdout diagnostics only; not used for parameter choice
valid,hybrid_score_70_30,50,0.1794648716788633,0.1272748168566331,0.0791999080828346,0.6279109695760579,-0.1121410068105938,-0.09429283501408,0.7000000000000004,0.5,positive rankic with robust-selected portfolio metrics; validation only for selection
test,hybrid_score_70_30,50,0.0916983623979265,-0.023022320331132,-0.0375642772479196,-0.1249083148798785,-0.2155884816262138,-0.0219224207314497,0.3720000000000001,0.4,holdout diagnostics only; not used for parameter choice
valid,hybrid_score_70_30,20,0.1794648716788633,-0.0127821279894474,-0.0837777626294685,-0.0512044333881418,-0.3596733437877596,-0.1408126841714322,0.6375000000000003,0.25,positive rankic with robust-selected portfolio metrics; validation only for selection
test,hybrid_score_70_30,20,0.0916983623979265,0.0444294541739027,0.0296953304555206,0.202918618546547,0.2083302572014687,-0.0149710399847176,0.4000000000000001,0.6,holdout diagnostics only; not used for parameter choice
valid,hybrid_score_70_30,20,0.1794648716788633,-0.0456761779614145,-0.0897556665160299,-0.1774274809704522,-0.3796626345803909,-0.1344205209065901,0.5625000000000002,0.25,positive rankic with robust-selected portfolio metrics; validation only for selection
test,hybrid_score_70_30,20,0.0916983623979265,0.0020107788123369,-0.0111358733443255,0.0100192466685595,-0.0130225438393577,-0.0184639672931354,0.3700000000000001,0.4,holdout diagnostics only; not used for parameter choice
valid,hybrid_score_70_30,30,0.1794648716788633,-0.0375777324240634,-0.0890494517300368,-0.1347688687476806,-0.3441631481391038,-0.1640116548807878,0.6000000000000003,0.25,positive rankic with robust-selected portfolio metrics; validation only for selection
test,hybrid_score_70_30,30,0.0916983623979265,0.0012460599636421,-0.0127923722000561,0.0062169296648341,-0.0193784202153256,-0.0302139294376364,0.4133333333333335,0.6,holdout diagnostics only; not used for parameter choice
valid,hybrid_score_70_30,30,0.1794648716788633,-0.031358663984626,-0.0849626660636171,-0.1100090983535105,-0.3274530276408337,-0.160309072314876,0.5583333333333336,0.25,positive rankic with robust-selected portfolio metrics; validation only for selection
test,hybrid_score_70_30,30,0.0916983623979265,0.0043760543318882,-0.0089106164227089,0.0218680210890337,-0.0010979863721067,-0.0273736073403233,0.3400000000000001,0.6,holdout diagnostics only; not used for parameter choice
valid,hybrid_score_70_30,50,0.1794648716788633,-0.0068881637795074,-0.0659175947660143,-0.0268939292097609,-0.3255067584994415,-0.1507742520468284,0.5250000000000002,0.25,positive rankic with robust-selected portfolio metrics; validation only for selection
test,hybrid_score_70_30,50,0.0916983623979265,-0.042047645584143,-0.0563526064075635,-0.2066985023531977,-0.257006935686495,-0.040535701785176,0.3360000000000001,0.4,holdout diagnostics only; not used for parameter choice
valid,hybrid_score_70_30,20,0.1794648716788633,-0.0562076667012366,-0.1789771112149662,-0.2219126493235192,-0.5481532612604691,-0.1676144887899091,0.7250000000000003,0.25,positive rankic with robust-selected portfolio metrics; validation only for selection
test,hybrid_score_70_30,20,0.0916983623979265,0.0236271272239021,0.0101970835202259,0.1093734382499537,0.0981150686855803,-0.0149710399847176,0.3600000000000001,0.4,holdout diagnostics only; not used for parameter choice
valid,hybrid_score_70_30,20,0.1794648716788633,-0.099629017666472,-0.1859933046401902,-0.4257342872233071,-0.6035857514365357,-0.1376875438225711,0.5500000000000002,0.25,positive rankic with robust-selected portfolio metrics; validation only for selection
test,hybrid_score_70_30,20,0.0916983623979265,0.0079041454858239,-0.0053770803569943,0.0391450466993984,0.0179337160078901,-0.0198831699553868,0.2799999999999999,0.4,holdout diagnostics only; not used for parameter choice
valid,hybrid_score_70_30,30,0.1794648716788633,-0.0434455436225549,-0.1218443778061525,-0.1736741482386344,-0.4313773787113525,-0.1322811691534544,0.566666666666667,0.25,positive rankic with robust-selected portfolio metrics; validation only for selection
test,hybrid_score_70_30,30,0.0916983623979265,-0.0187238691189891,-0.0323844186867948,-0.098211281151961,-0.1491793326122555,-0.0236298499367729,0.3266666666666667,0.4,holdout diagnostics only; not used for parameter choice
valid,hybrid_score_70_30,30,0.1794648716788633,-0.0520014626749901,-0.135737092035344,-0.2093937699719386,-0.461709656407199,-0.1336210255327341,0.5250000000000002,0.25,positive rankic with robust-selected portfolio metrics; validation only for selection
test,hybrid_score_70_30,30,0.0916983623979265,-0.0076015495414647,-0.0211870603098093,-0.0378469981930727,-0.0665681820256584,-0.0284090703707602,0.2533333333333333,0.4,holdout diagnostics only; not used for parameter choice
valid,hybrid_score_70_30,50,0.1794648716788633,-0.0387811487193648,-0.1233372433029611,-0.1428914010922909,-0.3927645111886,-0.1440193655433489,0.4650000000000002,0.25,positive rankic with robust-selected portfolio metrics; validation only for selection
test,hybrid_score_70_30,50,0.0916983623979265,-0.0189937939693161,-0.0327244520740398,-0.0943481248834719,-0.1313657712609815,-0.018614366554991,0.2880000000000001,0.4,holdout diagnostics only; not used for parameter choice
valid,hybrid_score_50_50,20,0.1794648716788633,0.4804718248958004,0.5120967387082613,1.919554524008152,0.3270297447348088,-0.0669633304946948,0.9500000000000004,0.75,positive rankic with robust-selected portfolio metrics; validation only for selection
test,hybrid_score_50_50,20,0.0916983623979265,-0.0111904804610358,-0.0237226664264951,-0.0505923715088546,-0.0535021630123574,-0.0360198863435478,0.4400000000000001,0.6,holdout diagnostics only; not used for parameter choice
valid,hybrid_score_50_50,20,0.1794648716788633,0.4953184592074859,0.5159405294330743,2.050393254012058,0.348079951341471,-0.0576065470702529,0.9375000000000004,0.75,positive rankic with robust-selected portfolio metrics; validation only for selection
test,hybrid_score_50_50,20,0.0916983623979265,-0.0236569670891461,-0.034629277358594,-0.1025233186628166,-0.0883469577406848,-0.0633593882797591,0.3700000000000001,0.6,holdout diagnostics only; not used for parameter choice
valid,hybrid_score_50_50,30,0.1794648716788633,0.4255920969521001,0.4659680263402759,1.85338879691863,0.2776402130305709,-0.0657920395151638,0.941666666666668,0.75,positive rankic with robust-selected portfolio metrics; validation only for selection
test,hybrid_score_50_50,30,0.0916983623979265,0.0152747219497713,0.002657744534656,0.0731170089598344,0.0571113406523844,-0.0382410931825494,0.4666666666666669,0.6,holdout diagnostics only; not used for parameter choice
valid,hybrid_score_50_50,30,0.1794648716788633,0.4200792283187138,0.4625890970174376,1.8481432386417205,0.2718103107721886,-0.0657920395151637,0.9250000000000012,0.75,positive rankic with robust-selected portfolio metrics; validation only for selection
test,hybrid_score_50_50,30,0.0916983623979265,-0.0038991604871284,-0.0158188845473322,-0.0185744245764942,-0.0312735999299653,-0.0534559729608005,0.3666666666666669,0.6,holdout diagnostics only; not used for parameter choice
valid,hybrid_score_50_50,50,0.1794648716788633,0.439992482737064,0.4235057865073759,3.048352677547469,0.3543088106662294,0.0,0.9000000000000006,0.75,positive rankic with robust-selected portfolio metrics; validation only for selection
test,hybrid_score_50_50,50,0.0916983623979265,-0.0041985200458206,-0.0182351801355703,-0.0241835059962773,-0.099594505398585,-0.0241265791523873,0.4360000000000002,0.4,holdout diagnostics only; not used for parameter choice
valid,hybrid_score_50_50,20,0.1794648716788633,0.2337952896287654,0.2968031911941538,0.969774058391868,0.0657341654992005,-0.1034462102854673,0.9375000000000006,0.75,positive rankic with robust-selected portfolio metrics; validation only for selection
test,hybrid_score_50_50,20,0.0916983623979265,-0.0134929052480973,-0.025720628492351,-0.0627499558556492,-0.0699786617366099,-0.056753536363158,0.38,0.6,holdout diagnostics only; not used for parameter choice
valid,hybrid_score_50_50,20,0.1794648716788633,0.2406790560028162,0.2951707775189178,1.0759006514883958,0.0726308069715726,-0.0917436379820244,0.8750000000000004,0.75,positive rankic with robust-selected portfolio metrics; validation only for selection
test,hybrid_score_50_50,20,0.0916983623979265,0.0248694735867918,0.0112443283882493,0.1264524027325451,0.1051556932711988,-0.0429612335813485,0.31,0.6,holdout diagnostics only; not used for parameter choice
valid,hybrid_score_50_50,30,0.1794648716788633,0.2093064486521574,0.2682382745232864,1.097098280350327,0.0272850599630759,-0.0792710855451841,0.8666666666666677,0.75,positive rankic with robust-selected portfolio metrics; validation only for selection
test,hybrid_score_50_50,30,0.0916983623979265,0.0106790242321248,-0.0018135020577981,0.0476836707067117,0.0429089009209335,-0.0562110570078575,0.3666666666666666,0.6,holdout diagnostics only; not used for parameter choice
valid,hybrid_score_50_50,30,0.1794648716788633,0.1630860261862228,0.1891873364474337,0.8794526071556623,-0.0405120534711596,-0.0702420621829124,0.7916666666666674,0.5,positive rankic with robust-selected portfolio metrics; validation only for selection
test,hybrid_score_50_50,30,0.0916983623979265,0.0052395405688119,-0.0074564582553355,0.0234851851622844,0.0195056131553845,-0.0564739102521538,0.3266666666666666,0.6,holdout diagnostics only; not used for parameter choice
valid,hybrid_score_50_50,50,0.1794648716788633,0.1710399723375175,0.1593599547892104,1.356870227474405,-0.0507148117663877,-6.515148761099265e-05,0.7300000000000004,0.5,positive rankic with robust-selected portfolio metrics; validation only for selection
test,hybrid_score_50_50,50,0.0916983623979265,-0.0292102799919219,-0.0430119034834651,-0.1452914573329812,-0.1870787923939698,-0.0384932287144121,0.3360000000000001,0.4,holdout diagnostics only; not used for parameter choice
valid,hybrid_score_50_50,20,0.1794648716788633,0.0625227041671836,0.0621977077567957,1.551205687317181,-0.3059397873325125,-0.0007592520620778,0.8625000000000005,0.25,positive rankic with robust-selected portfolio metrics; validation only for selection
test,hybrid_score_50_50,20,0.0916983623979265,0.0043549736143235,-0.0077670308547621,0.0190554278315707,0.0209282551189226,-0.0429612335813485,0.34,0.6,holdout diagnostics only; not used for parameter choice
valid,hybrid_score_50_50,20,0.1794648716788633,0.0078500952773508,0.003409343642855,0.1774711622277456,-0.4433562481932867,-0.0307574713133761,0.6625000000000003,0.25,positive rankic with robust-selected portfolio metrics; validation only for selection
test,hybrid_score_50_50,20,0.0916983623979265,0.0264970330648863,0.0135683939702157,0.1244354523737348,0.1131334399912274,-0.0258631175119994,0.2,0.6,holdout diagnostics only; not used for parameter choice
valid,hybrid_score_50_50,30,0.1794648716788633,0.0060629593551435,0.0151321500065709,0.0647263321654635,-0.3905527617747099,-0.0355051790440004,0.7000000000000005,0.5,positive rankic with robust-selected portfolio metrics; validation only for selection
test,hybrid_score_50_50,30,0.0916983623979265,0.0339017234072873,0.0197597513592521,0.1639918001180192,0.1504923457926099,-0.0506466882293876,0.2733333333333333,0.6,holdout diagnostics only; not used for parameter choice
valid,hybrid_score_50_50,30,0.1794648716788633,0.026249031861885,0.0289826907290321,0.2620585445251679,-0.3520495920426094,-0.0244212076183083,0.6750000000000004,0.5,positive rankic with robust-selected portfolio metrics; validation only for selection
test,hybrid_score_50_50,30,0.0916983623979265,0.0277134474946068,0.0137637834339534,0.1393471235829823,0.1195669091619201,-0.0431684792955538,0.2066666666666667,0.6,holdout diagnostics only; not used for parameter choice
valid,hybrid_score_50_50,50,0.1794648716788633,0.0544075276737614,0.0143588189077841,0.5484774747331391,-0.3658278271377478,-0.0418624510378854,0.7050000000000003,0.5,positive rankic with robust-selected portfolio metrics; validation only for selection
test,hybrid_score_50_50,50,0.0916983623979265,-0.0156615426299097,-0.0292929986043821,-0.0825269833490812,-0.1325685949843487,-0.0372486268928713,0.256,0.4,holdout diagnostics only; not used for parameter choice
valid,hybrid_score_30_70,20,0.1794648716788633,0.6205775784811074,0.5242200941091093,3.657337804653807,0.6201318092194529,0.0,0.9500000000000004,0.75,positive rankic with robust-selected portfolio metrics; validation only for selection
test,hybrid_score_30_70,20,0.0916983623979265,-0.0036521484195086,-0.0149449934428053,-0.0171318271166864,-0.0252094093612011,-0.0434271311899675,0.5300000000000001,0.6,holdout diagnostics only; not used for parameter choice
valid,hybrid_score_30_70,20,0.1794648716788633,0.6245927565394149,0.5356578518309523,3.6577384088407743,0.6083139532410111,0.0,0.9375000000000004,0.75,positive rankic with robust-selected portfolio metrics; validation only for selection
test,hybrid_score_30_70,20,0.0916983623979265,-0.0012000365750842,-0.0120626427501994,-0.0056366840837719,-0.0143234207498738,-0.0423022685405384,0.44,0.6,holdout diagnostics only; not used for parameter choice
valid,hybrid_score_30_70,30,0.1794648716788633,0.5074392672298937,0.4311626561355479,3.508368021857417,0.5094782544552575,0.0,0.9250000000000012,0.75,positive rankic with robust-selected portfolio metrics; validation only for selection
test,hybrid_score_30_70,30,0.0916983623979265,0.0006711762524436,-0.0107815873234115,0.0033459731697289,-0.0169243288053664,-0.0282949950937698,0.4866666666666669,0.6,holdout diagnostics only; not used for parameter choice
valid,hybrid_score_30_70,30,0.1794648716788633,0.5074392672298937,0.4311626561355479,3.508368021857417,0.5094782544552575,0.0,0.9250000000000012,0.75,positive rankic with robust-selected portfolio metrics; validation only for selection
test,hybrid_score_30_70,30,0.0916983623979265,-0.0259174515646474,-0.0381378090473621,-0.1285903535099478,-0.1473066635854826,-0.0475000348224671,0.4066666666666669,0.6,holdout diagnostics only; not used for parameter choice
valid,hybrid_score_30_70,50,0.1794648716788633,0.4536007343649206,0.400810096762153,3.253518314593038,0.4158496712683561,0.0,0.8900000000000006,0.75,positive rankic with robust-selected portfolio metrics; validation only for selection
test,hybrid_score_30_70,50,0.0916983623979265,0.0078105348327801,-0.0049634228007139,0.0396700780725168,0.0123687834379159,-0.0466851333855361,0.4680000000000002,0.4,holdout diagnostics only; not used for parameter choice
valid,hybrid_score_30_70,20,0.1794648716788633,0.3033472678020512,0.2504588641942216,5.50552960204175,0.2276802625993371,0.0,0.8500000000000004,0.75,positive rankic with robust-selected portfolio metrics; validation only for selection
test,hybrid_score_30_70,20,0.0916983623979265,-0.0164372699852426,-0.0287126117715552,-0.0744421144097791,-0.0763928569921475,-0.0428024723916691,0.4400000000000001,0.6,holdout diagnostics only; not used for parameter choice
valid,hybrid_score_30_70,20,0.1794648716788633,0.3033472678020512,0.2504588641942216,5.50552960204175,0.2276802625993371,0.0,0.8500000000000004,0.75,positive rankic with robust-selected portfolio metrics; validation only for selection
test,hybrid_score_30_70,20,0.0916983623979265,-0.0337274687423028,-0.0450940961623652,-0.1533103145147938,-0.1442861126309644,-0.068629139605127,0.3600000000000001,0.6,holdout diagnostics only; not used for parameter choice
valid,hybrid_score_30_70,30,0.1794648716788633,0.3150912795142073,0.2750397529231568,4.674638642761897,0.2298240469996763,0.0,0.8583333333333344,0.75,positive rankic with robust-selected portfolio metrics; validation only for selection
test,hybrid_score_30_70,30,0.0916983623979265,-0.0078565795408352,-0.020759368861824,-0.0385207209972861,-0.0599654919616029,-0.0410144874586345,0.3733333333333333,0.6,holdout diagnostics only; not used for parameter choice
valid,hybrid_score_30_70,30,0.1794648716788633,0.3226495610891851,0.277491242765927,5.067128538872634,0.2504405029224091,0.0,0.850000000000001,0.75,positive rankic with robust-selected portfolio metrics; validation only for selection
test,hybrid_score_30_70,30,0.0916983623979265,-0.0225694521546826,-0.0351919801936362,-0.1200816471691566,-0.1597405784544276,-0.0521781932806812,0.3133333333333333,0.6,holdout diagnostics only; not used for parameter choice
valid,hybrid_score_30_70,50,0.1794648716788633,0.2230816264018191,0.1837263411267481,3.373104042932399,0.0466791052022135,0.0,0.8500000000000005,0.75,positive rankic with robust-selected portfolio metrics; validation only for selection
test,hybrid_score_30_70,50,0.0916983623979265,-0.0104783569775679,-0.0239540039042393,-0.0533346823693309,-0.0883168909878749,-0.045634351729444,0.3440000000000001,0.6,holdout diagnostics only; not used for parameter choice
valid,hybrid_score_30_70,20,0.1794648716788633,0.1124562329554201,0.1003083970750852,5.284089424712978,-0.207267817441066,0.0,0.8375000000000004,0.25,positive rankic with robust-selected portfolio metrics; validation only for selection
test,hybrid_score_30_70,20,0.0916983623979265,0.0102115282798695,-0.0033175915585908,0.0533438273814799,0.0220774532125321,-0.0565513249051284,0.35,0.6,holdout diagnostics only; not used for parameter choice
valid,hybrid_score_30_70,20,0.1794648716788633,0.1231522485674165,0.1183898002937468,7.571839596448632,-0.1749933765971279,0.0,0.8250000000000004,0.25,positive rankic with robust-selected portfolio metrics; validation only for selection
test,hybrid_score_30_70,20,0.0916983623979265,0.0134347437523381,0.0017958371028238,0.0688852919717046,0.0367978066721667,-0.0600298113652369,0.29,0.6,holdout diagnostics only; not used for parameter choice
valid,hybrid_score_30_70,30,0.1794648716788633,0.1784482768431963,0.1496642450904038,1.6672079380538611,-0.0447387468335155,0.0,0.875000000000001,0.5,positive rankic with robust-selected portfolio metrics; validation only for selection
test,hybrid_score_30_70,30,0.0916983623979265,0.0052870643686784,-0.0084893411659655,0.0280141791693287,-0.0077429684692582,-0.0361180048893756,0.2866666666666667,0.6,holdout diagnostics only; not used for parameter choice
valid,hybrid_score_30_70,30,0.1794648716788633,0.1517115386800669,0.1265678051075131,1.299088600509256,-0.0972835934407558,-0.0070018396054547,0.8583333333333343,0.5,positive rankic with robust-selected portfolio metrics; validation only for selection
test,hybrid_score_30_70,30,0.0916983623979265,0.0210184126569474,0.0065487720834913,0.1068048656661857,0.0927955896049488,-0.0358242770749407,0.24,0.6,holdout diagnostics only; not used for parameter choice
valid,hybrid_score_30_70,50,0.1794648716788633,0.2232600934093629,0.1403950501814624,2.571017809056304,0.0685364995091239,-0.0017246160084631,0.8700000000000006,0.5,positive rankic with robust-selected portfolio metrics; validation only for selection
test,hybrid_score_30_70,50,0.0916983623979265,0.00353926759505,-0.0094194931025583,0.0181801278140675,-0.0114244416295601,-0.0442678905091923,0.2800000000000001,0.4,holdout diagnostics only; not used for parameter choice
valid,pure_stagewise_score,20,0.1794682482504289,1.0152375367945838,0.6398403670946543,5.419568271156504,2.292278705381624,0.0,0.9375000000000004,1.0,positive rankic with robust-selected portfolio metrics; validation only for selection
test,pure_stagewise_score,20,0.0917094940433002,-0.0080874368852401,-0.0206223771919473,-0.0413081039144903,-0.0703924061527925,0.0,0.6100000000000001,0.6,holdout diagnostics only; not used for parameter choice
valid,pure_stagewise_score,20,0.1794682482504289,0.9739611476614378,0.6054344297355162,4.814677213868772,2.1665663142327825,0.0,0.8625000000000004,1.0,positive rankic with robust-selected portfolio metrics; validation only for selection
test,pure_stagewise_score,20,0.0917094940433002,-0.0005851064104576,-0.0130803605615651,-0.0029515816338796,-0.0263081866697867,0.0,0.5600000000000003,0.8,holdout diagnostics only; not used for parameter choice
valid,pure_stagewise_score,30,0.1794682482504289,0.8066342734427605,0.5386665048606785,5.209270932311029,1.6562465263266932,0.0,0.8833333333333344,1.0,positive rankic with robust-selected portfolio metrics; validation only for selection
test,pure_stagewise_score,30,0.0917094940433002,0.0122811362830059,-0.0012674415965176,0.0635313221935132,0.0395434692936003,0.0,0.6066666666666669,0.6,holdout diagnostics only; not used for parameter choice
valid,pure_stagewise_score,30,0.1794682482504289,0.8134222565511231,0.5339063723995354,5.113397261053786,1.821914936700159,0.0,0.8500000000000009,1.0,positive rankic with robust-selected portfolio metrics; validation only for selection
test,pure_stagewise_score,30,0.0917094940433002,0.0072951952999551,-0.0062913105676995,0.0381023313553891,0.0087629309570674,0.0,0.5800000000000003,0.6,holdout diagnostics only; not used for parameter choice
valid,pure_stagewise_score,50,0.1794682482504289,0.6331771384302192,0.4511777649642583,6.067884146253302,1.1806446165902424,0.0,0.8500000000000005,0.75,positive rankic with robust-selected portfolio metrics; validation only for selection
test,pure_stagewise_score,50,0.0917094940433002,0.0176694855675605,0.0040677021480856,0.1003625183496493,0.0654083173855799,0.0,0.5800000000000003,0.6,holdout diagnostics only; not used for parameter choice
valid,pure_stagewise_score,20,0.1794682482504289,0.3851771779680997,0.2805679431416491,4.84250705650661,0.5158647641448747,0.0,0.8500000000000004,0.75,positive rankic with robust-selected portfolio metrics; validation only for selection
test,pure_stagewise_score,20,0.0917094940433002,0.0217063709675646,0.0097431448747286,0.1082831389688379,0.0858914630959338,0.0,0.6500000000000002,0.6,holdout diagnostics only; not used for parameter choice
valid,pure_stagewise_score,20,0.1794682482504289,0.3853215817058817,0.2807669227179105,4.850265782908471,0.5159287825230732,0.0,0.8125000000000003,0.75,positive rankic with robust-selected portfolio metrics; validation only for selection
test,pure_stagewise_score,20,0.0917094940433002,0.0642694759228541,0.0502866563116606,0.3549308131947757,0.322117151479525,0.0,0.5700000000000002,0.8,holdout diagnostics only; not used for parameter choice
valid,pure_stagewise_score,30,0.1794682482504289,0.2711635835021106,0.1763283947419873,2.5903494602778934,0.2152127334506286,-0.0118378989114275,0.7916666666666674,0.75,positive rankic with robust-selected portfolio metrics; validation only for selection
test,pure_stagewise_score,30,0.0917094940433002,0.0241461660644499,0.0108512713291176,0.1296491869570551,0.1032936943649393,0.0,0.5733333333333335,0.6,holdout diagnostics only; not used for parameter choice
valid,pure_stagewise_score,30,0.1794682482504289,0.2783202021292537,0.1866244529942944,2.7997872890288127,0.2290558920783791,-0.0062745714285838,0.7833333333333341,0.75,positive rankic with robust-selected portfolio metrics; validation only for selection
test,pure_stagewise_score,30,0.0917094940433002,0.0314413047963602,0.0182864802777799,0.1716744656926421,0.1447573471487812,0.0,0.5466666666666669,0.6,holdout diagnostics only; not used for parameter choice
valid,pure_stagewise_score,50,0.1794682482504289,0.3806062457448276,0.2523501650809558,3.855022914290807,0.6435225336653584,0.0,0.7750000000000006,0.75,positive rankic with robust-selected portfolio metrics; validation only for selection
test,pure_stagewise_score,50,0.0917094940433002,0.0218321796544502,0.0080673543376353,0.1189793654966177,0.0978461732063478,0.0,0.5200000000000002,0.8,holdout diagnostics only; not used for parameter choice
valid,pure_stagewise_score,20,0.1794682482504289,0.3127142875911972,0.1962542757627126,2.949823075322798,0.4047324733513354,-0.0052382820625115,0.8500000000000004,0.5,positive rankic with robust-selected portfolio metrics; validation only for selection
test,pure_stagewise_score,20,0.0917094940433002,0.1603494972599117,0.1372713317283679,0.8877871883934156,1.010315363709984,0.0,0.6700000000000003,0.8,holdout diagnostics only; not used for parameter choice
valid,pure_stagewise_score,20,0.1794682482504289,0.3117836244007477,0.1871446887007455,2.7051744418814354,0.4375929848695893,-0.0115604757356593,0.8375000000000004,0.5,positive rankic with robust-selected portfolio metrics; validation only for selection
test,pure_stagewise_score,20,0.0917094940433002,0.1192031068582988,0.0996743564656577,0.7161017490722216,0.9648360420357038,0.0,0.5800000000000003,0.8,holdout diagnostics only; not used for parameter choice
valid,pure_stagewise_score,30,0.1794682482504289,0.278037312262172,0.1880378026820877,2.831056471768844,0.2245173938290682,0.0,0.8333333333333343,0.5,positive rankic with robust-selected portfolio metrics; validation only for selection
test,pure_stagewise_score,30,0.0917094940433002,0.0770948355892251,0.0608660100466772,0.4332060752880423,0.4938440578813775,0.0,0.5866666666666669,0.8,holdout diagnostics only; not used for parameter choice
valid,pure_stagewise_score,30,0.1794682482504289,0.278160772168144,0.1756537888933779,2.5495078285706847,0.2498015762229738,0.0,0.8000000000000008,0.5,positive rankic with robust-selected portfolio metrics; validation only for selection
test,pure_stagewise_score,30,0.0917094940433002,0.1122057370235354,0.0934198733713989,0.6722335383949969,0.8673845751425723,0.0,0.5000000000000001,0.8,holdout diagnostics only; not used for parameter choice
valid,pure_stagewise_score,50,0.1794682482504289,0.3255183147276395,0.1873505814418357,2.4448133551319007,0.5192449838145488,0.0,0.8000000000000005,0.5,positive rankic with robust-selected portfolio metrics; validation only for selection
test,pure_stagewise_score,50,0.0917094940433002,0.0723184705434709,0.0564745387249705,0.4703748361678772,0.5962825496315467,0.0,0.4600000000000002,0.8,holdout diagnostics only; not used for parameter choice
valid,pure_promethee_score,20,0.1794682482504289,-0.2221168816986868,-0.3913920861708642,-0.8540473384861231,-1.1394845465137284,-0.2219175404457358,0.325,0.25,positive rankic with robust-selected portfolio metrics; validation only for selection
test,pure_promethee_score,20,0.0917094940433002,-0.2015659817286004,-0.2290325854878082,-2.498962752971269,-2.2255001182363308,-0.1575652261608686,0.38,0.0,holdout diagnostics only; not used for parameter choice
valid,pure_promethee_score,20,0.1794682482504289,-0.1132901209821432,-0.2666399283857844,-0.3607041607795931,-0.5617124408125821,-0.2069388424890337,0.125,0.25,positive rankic with robust-selected portfolio metrics; validation only for selection
test,pure_promethee_score,20,0.0917094940433002,-0.1673347198647152,-0.1883931186260673,-2.2354036603884,-1.5978688077762393,-0.1256291787888798,0.26,0.0,holdout diagnostics only; not used for parameter choice
valid,pure_promethee_score,30,0.1794682482504289,-0.0853235832102525,-0.2364963999397888,-0.2980241474738578,-0.5875099535179041,-0.1992585743733916,0.2,0.25,positive rankic with robust-selected portfolio metrics; validation only for selection
test,pure_promethee_score,30,0.0917094940433002,-0.1986288158179971,-0.2252848314421027,-2.394651544032889,-1.988897789277708,-0.1618037064264748,0.3199999999999999,0.0,holdout diagnostics only; not used for parameter choice
valid,pure_promethee_score,30,0.1794682482504289,-0.1256680773706453,-0.289641018627746,-0.4202555616779234,-0.6704822007043894,-0.2172195005335326,0.0916666666666666,0.25,positive rankic with robust-selected portfolio metrics; validation only for selection
test,pure_promethee_score,30,0.0917094940433002,-0.2196779552555983,-0.2510647954059217,-2.5428055973293646,-2.5990778667192296,-0.1752981344461401,0.2333333333333333,0.0,holdout diagnostics only; not used for parameter choice
valid,pure_promethee_score,50,0.1794682482504289,-0.0664539199329898,-0.2228286668000308,-0.2292114133866709,-0.5447514715499447,-0.2020568442759178,0.165,0.25,positive rankic with robust-selected portfolio metrics; validation only for selection
test,pure_promethee_score,50,0.0917094940433002,-0.2077026154910263,-0.2386026522499239,-1.8857140917400208,-4.037540285389633,-0.1459093854552798,0.244,0.0,holdout diagnostics only; not used for parameter choice
valid,pure_promethee_score,20,0.1794682482504289,-0.185820666471816,-0.3407455892118283,-0.66038395636441,-0.8470149798413512,-0.2153111376498171,0.25,0.25,positive rankic with robust-selected portfolio metrics; validation only for selection
test,pure_promethee_score,20,0.0917094940433002,-0.198817165343477,-0.2251816154504273,-2.379359164636881,-1.869901540628176,-0.143659235118248,0.31,0.0,holdout diagnostics only; not used for parameter choice
valid,pure_promethee_score,20,0.1794682482504289,-0.0834186490209536,-0.2360570439401326,-0.2969056380817357,-0.6081563343009883,-0.1959295566366393,0.0875,0.25,positive rankic with robust-selected portfolio metrics; validation only for selection
test,pure_promethee_score,20,0.0917094940433002,-0.1996536841172218,-0.2256659312395806,-2.7241377557388224,-1.803819130996031,-0.1604506772327368,0.15,0.0,holdout diagnostics only; not used for parameter choice
valid,pure_promethee_score,30,0.1794682482504289,-0.1089437373284576,-0.2616713514002287,-0.3645969292219628,-0.6005950633825529,-0.2078168861638031,0.1333333333333333,0.25,positive rankic with robust-selected portfolio metrics; validation only for selection
test,pure_promethee_score,30,0.0917094940433002,-0.217869370923128,-0.24847553993094,-2.5794971374140045,-2.3135727224024305,-0.1788233043286955,0.24,0.0,holdout diagnostics only; not used for parameter choice
valid,pure_promethee_score,30,0.1794682482504289,-0.1105873364590579,-0.2619385897548741,-0.3392433082516961,-0.5186248993083177,-0.2171283526980285,0.075,0.25,positive rankic with robust-selected portfolio metrics; validation only for selection
test,pure_promethee_score,30,0.0917094940433002,-0.2213929480225114,-0.253401395022385,-2.504548537685152,-2.8300125771428184,-0.1713985983311489,0.1666666666666666,0.0,holdout diagnostics only; not used for parameter choice
valid,pure_promethee_score,50,0.1794682482504289,-0.0580906509744743,-0.2061095429324737,-0.1808302753380019,-0.4197463588996614,-0.2063725026388099,0.135,0.25,positive rankic with robust-selected portfolio metrics; validation only for selection
test,pure_promethee_score,50,0.0917094940433002,-0.2102930266753275,-0.2415132040227778,-1.952769725923941,-3.88888497713293,-0.1489706225374367,0.176,0.0,holdout diagnostics only; not used for parameter choice
valid,pure_promethee_score,20,0.1794682482504289,-0.1849590899937727,-0.3485633065924605,-0.6091426621901276,-0.7759025940286104,-0.225161873683948,0.2375,0.25,positive rankic with robust-selected portfolio metrics; validation only for selection
test,pure_promethee_score,20,0.0917094940433002,-0.2305211639563156,-0.2628620485587398,-2.815367088429402,-2.081539994647681,-0.1777196191750025,0.2299999999999999,0.0,holdout diagnostics only; not used for parameter choice
valid,pure_promethee_score,20,0.1794682482504289,-0.1254079427208424,-0.2935666004699383,-0.411150571934419,-0.6585141420495055,-0.2180968799178152,0.1,0.25,positive rankic with robust-selected portfolio metrics; validation only for selection
test,pure_promethee_score,20,0.0917094940433002,-0.2033136534509271,-0.2298615591297075,-2.519964211704017,-1.7242616494420977,-0.1638778996296267,0.1,0.0,holdout diagnostics only; not used for parameter choice
valid,pure_promethee_score,30,0.1794682482504289,-0.094641828309524,-0.2521806845793658,-0.3210027880376741,-0.5963562555790074,-0.2082661912198782,0.1333333333333333,0.25,positive rankic with robust-selected portfolio metrics; validation only for selection
test,pure_promethee_score,30,0.0917094940433002,-0.209250405404892,-0.239073073032697,-2.3105538311831006,-2.858481468122225,-0.1544501183298369,0.2066666666666666,0.0,holdout diagnostics only; not used for parameter choice
valid,pure_promethee_score,30,0.1794682482504289,-0.1247175363559788,-0.2749695677775594,-0.3976035601333547,-0.5797259797269769,-0.214504680600416,0.075,0.25,positive rankic with robust-selected portfolio metrics; validation only for selection
test,pure_promethee_score,30,0.0917094940433002,-0.2200907917428013,-0.2521249951118242,-2.363224530446144,-3.0146685715056933,-0.1630224870424864,0.1266666666666666,0.0,holdout diagnostics only; not used for parameter choice
valid,pure_promethee_score,50,0.1794682482504289,-0.0594790503281238,-0.2176135288291727,-0.1774596510618759,-0.4055309077473872,-0.2153621577782909,0.105,0.25,positive rankic with robust-selected portfolio metrics; validation only for selection
test,pure_promethee_score,50,0.0917094940433002,-0.2025931472805027,-0.2330648083150983,-1.7308242196949235,-5.736738734957012,-0.1277817062669696,0.152,0.0,holdout diagnostics only; not used for parameter choice
valid,hybrid_score_70_30,20,0.1794682482504289,0.126334092330439,0.1146315588315272,0.7844586234998,-0.1219677260766345,-0.0502862292112766,0.8875000000000004,0.5,positive rankic with robust-selected portfolio metrics; validation only for selection
test,hybrid_score_70_30,20,0.0917094940433002,0.0143798608541223,0.0002967858367336,0.0638447380920442,0.0671003499436451,-0.0224921284627153,0.4100000000000001,0.6,holdout diagnostics only; not used for parameter choice
valid,hybrid_score_70_30,20,0.1794682482504289,0.1439832026187761,0.1062066502964324,0.7625801282157827,-0.084784535086323,-0.0555161114561185,0.8000000000000004,0.5,positive rankic with robust-selected portfolio metrics; validation only for selection
test,hybrid_score_70_30,20,0.0917094940433002,0.0060473690005764,-0.0076027491101923,0.0272267853500713,0.0251117761518874,-0.0274829511171101,0.33,0.6,holdout diagnostics only; not used for parameter choice
valid,hybrid_score_70_30,30,0.1794682482504289,0.2647579035430443,0.2294372879249832,1.464274593521109,0.1243124720311701,-0.0288141889891554,0.8166666666666675,0.75,positive rankic with robust-selected portfolio metrics; validation only for selection
test,hybrid_score_70_30,30,0.0917094940433002,0.0083086205034943,-0.0058598117579578,0.0412918222457859,0.0217152507531286,-0.0329380904831239,0.4000000000000002,0.6,holdout diagnostics only; not used for parameter choice
valid,hybrid_score_70_30,30,0.1794682482504289,0.1814378493308981,0.1390404815193558,1.0722881293678566,-0.0217220075839345,-0.0474790390213915,0.733333333333334,0.5,positive rankic with robust-selected portfolio metrics; validation only for selection
test,hybrid_score_70_30,30,0.0917094940433002,0.0001705680577155,-0.0135397450922338,0.0008684466896498,-0.0293885843174075,-0.0334207605659234,0.3600000000000002,0.6,holdout diagnostics only; not used for parameter choice
valid,hybrid_score_70_30,50,0.1794682482504289,0.1272748168566331,0.0791999080828346,0.6279109695760579,-0.1121410068105938,-0.09429283501408,0.7000000000000004,0.5,positive rankic with robust-selected portfolio metrics; validation only for selection
test,hybrid_score_70_30,50,0.0917094940433002,-0.023022320331132,-0.0375642772479196,-0.1249083148798785,-0.2155884816262138,-0.0219224207314497,0.3720000000000001,0.4,holdout diagnostics only; not used for parameter choice
valid,hybrid_score_70_30,20,0.1794682482504289,-0.0127821279894474,-0.0837777626294685,-0.0512044333881418,-0.3596733437877596,-0.1408126841714322,0.6375000000000003,0.25,positive rankic with robust-selected portfolio metrics; validation only for selection
test,hybrid_score_70_30,20,0.0917094940433002,0.0444294541739027,0.0296953304555206,0.202918618546547,0.2083302572014687,-0.0149710399847176,0.4000000000000001,0.6,holdout diagnostics only; not used for parameter choice
valid,hybrid_score_70_30,20,0.1794682482504289,-0.0456761779614145,-0.0897556665160299,-0.1774274809704522,-0.3796626345803909,-0.1344205209065901,0.5625000000000002,0.25,positive rankic with robust-selected portfolio metrics; validation only for selection
test,hybrid_score_70_30,20,0.0917094940433002,0.0020107788123369,-0.0111358733443255,0.0100192466685595,-0.0130225438393577,-0.0184639672931354,0.3700000000000001,0.4,holdout diagnostics only; not used for parameter choice
valid,hybrid_score_70_30,30,0.1794682482504289,-0.0375777324240634,-0.0890494517300368,-0.1347688687476806,-0.3441631481391038,-0.1640116548807878,0.6000000000000003,0.25,positive rankic with robust-selected portfolio metrics; validation only for selection
test,hybrid_score_70_30,30,0.0917094940433002,0.0012460599636421,-0.0127923722000561,0.0062169296648341,-0.0193784202153256,-0.0302139294376364,0.4133333333333335,0.6,holdout diagnostics only; not used for parameter choice
valid,hybrid_score_70_30,30,0.1794682482504289,-0.031358663984626,-0.0849626660636171,-0.1100090983535105,-0.3274530276408337,-0.160309072314876,0.5583333333333336,0.25,positive rankic with robust-selected portfolio metrics; validation only for selection
test,hybrid_score_70_30,30,0.0917094940433002,0.0043760543318882,-0.0089106164227089,0.0218680210890337,-0.0010979863721067,-0.0273736073403233,0.3400000000000001,0.6,holdout diagnostics only; not used for parameter choice
valid,hybrid_score_70_30,50,0.1794682482504289,-0.0068881637795074,-0.0659175947660143,-0.0268939292097609,-0.3255067584994415,-0.1507742520468284,0.5250000000000002,0.25,positive rankic with robust-selected portfolio metrics; validation only for selection
test,hybrid_score_70_30,50,0.0917094940433002,-0.042047645584143,-0.0563526064075635,-0.2066985023531977,-0.257006935686495,-0.040535701785176,0.3360000000000001,0.4,holdout diagnostics only; not used for parameter choice
valid,hybrid_score_70_30,20,0.1794682482504289,-0.0562076667012366,-0.1789771112149662,-0.2219126493235192,-0.5481532612604691,-0.1676144887899091,0.7250000000000003,0.25,positive rankic with robust-selected portfolio metrics; validation only for selection
test,hybrid_score_70_30,20,0.0917094940433002,0.0236271272239021,0.0101970835202259,0.1093734382499537,0.0981150686855803,-0.0149710399847176,0.3600000000000001,0.4,holdout diagnostics only; not used for parameter choice
valid,hybrid_score_70_30,20,0.1794682482504289,-0.099629017666472,-0.1859933046401902,-0.4257342872233071,-0.6035857514365357,-0.1376875438225711,0.5500000000000002,0.25,positive rankic with robust-selected portfolio metrics; validation only for selection
test,hybrid_score_70_30,20,0.0917094940433002,0.0079041454858239,-0.0053770803569943,0.0391450466993984,0.0179337160078901,-0.0198831699553868,0.2799999999999999,0.4,holdout diagnostics only; not used for parameter choice
valid,hybrid_score_70_30,30,0.1794682482504289,-0.0434455436225549,-0.1218443778061525,-0.1736741482386344,-0.4313773787113525,-0.1322811691534544,0.566666666666667,0.25,positive rankic with robust-selected portfolio metrics; validation only for selection
test,hybrid_score_70_30,30,0.0917094940433002,-0.0187238691189891,-0.0323844186867948,-0.098211281151961,-0.1491793326122555,-0.0236298499367729,0.3266666666666667,0.4,holdout diagnostics only; not used for parameter choice
valid,hybrid_score_70_30,30,0.1794682482504289,-0.0520014626749901,-0.135737092035344,-0.2093937699719386,-0.461709656407199,-0.1336210255327341,0.5250000000000002,0.25,positive rankic with robust-selected portfolio metrics; validation only for selection
test,hybrid_score_70_30,30,0.0917094940433002,-0.0076015495414647,-0.0211870603098093,-0.0378469981930727,-0.0665681820256584,-0.0284090703707602,0.2533333333333333,0.4,holdout diagnostics only; not used for parameter choice
valid,hybrid_score_70_30,50,0.1794682482504289,-0.0387811487193648,-0.1233372433029611,-0.1428914010922909,-0.3927645111886,-0.1440193655433489,0.4650000000000002,0.25,positive rankic with robust-selected portfolio metrics; validation only for selection
test,hybrid_score_70_30,50,0.0917094940433002,-0.0189937939693161,-0.0327244520740398,-0.0943481248834719,-0.1313657712609815,-0.018614366554991,0.2880000000000001,0.4,holdout diagnostics only; not used for parameter choice
valid,hybrid_score_50_50,20,0.1794682482504289,0.4804718248958004,0.5120967387082613,1.919554524008152,0.3270297447348088,-0.0669633304946948,0.9500000000000004,0.75,positive rankic with robust-selected portfolio metrics; validation only for selection
test,hybrid_score_50_50,20,0.0917094940433002,-0.0111904804610358,-0.0237226664264951,-0.0505923715088546,-0.0535021630123574,-0.0360198863435478,0.4400000000000001,0.6,holdout diagnostics only; not used for parameter choice
valid,hybrid_score_50_50,20,0.1794682482504289,0.4953184592074859,0.5159405294330743,2.050393254012058,0.348079951341471,-0.0576065470702529,0.9375000000000004,0.75,positive rankic with robust-selected portfolio metrics; validation only for selection
test,hybrid_score_50_50,20,0.0917094940433002,-0.0236569670891461,-0.034629277358594,-0.1025233186628166,-0.0883469577406848,-0.0633593882797591,0.3700000000000001,0.6,holdout diagnostics only; not used for parameter choice
valid,hybrid_score_50_50,30,0.1794682482504289,0.4255920969521001,0.4659680263402759,1.85338879691863,0.2776402130305709,-0.0657920395151638,0.941666666666668,0.75,positive rankic with robust-selected portfolio metrics; validation only for selection
test,hybrid_score_50_50,30,0.0917094940433002,0.0152747219497713,0.002657744534656,0.0731170089598344,0.0571113406523844,-0.0382410931825494,0.4666666666666669,0.6,holdout diagnostics only; not used for parameter choice
valid,hybrid_score_50_50,30,0.1794682482504289,0.4200792283187138,0.4625890970174376,1.8481432386417205,0.2718103107721886,-0.0657920395151637,0.9250000000000012,0.75,positive rankic with robust-selected portfolio metrics; validation only for selection
test,hybrid_score_50_50,30,0.0917094940433002,-0.0038991604871284,-0.0158188845473322,-0.0185744245764942,-0.0312735999299653,-0.0534559729608005,0.3666666666666669,0.6,holdout diagnostics only; not used for parameter choice
valid,hybrid_score_50_50,50,0.1794682482504289,0.439992482737064,0.4235057865073759,3.048352677547469,0.3543088106662294,0.0,0.9000000000000006,0.75,positive rankic with robust-selected portfolio metrics; validation only for selection
test,hybrid_score_50_50,50,0.0917094940433002,-0.0041985200458206,-0.0182351801355703,-0.0241835059962773,-0.099594505398585,-0.0241265791523873,0.4360000000000002,0.4,holdout diagnostics only; not used for parameter choice
valid,hybrid_score_50_50,20,0.1794682482504289,0.2337952896287654,0.2968031911941538,0.969774058391868,0.0657341654992005,-0.1034462102854673,0.9375000000000006,0.75,positive rankic with robust-selected portfolio metrics; validation only for selection
test,hybrid_score_50_50,20,0.0917094940433002,-0.0134929052480973,-0.025720628492351,-0.0627499558556492,-0.0699786617366099,-0.056753536363158,0.38,0.6,holdout diagnostics only; not used for parameter choice
valid,hybrid_score_50_50,20,0.1794682482504289,0.2406790560028162,0.2951707775189178,1.0759006514883958,0.0726308069715726,-0.0917436379820244,0.8750000000000004,0.75,positive rankic with robust-selected portfolio metrics; validation only for selection
test,hybrid_score_50_50,20,0.0917094940433002,0.0248694735867918,0.0112443283882493,0.1264524027325451,0.1051556932711988,-0.0429612335813485,0.31,0.6,holdout diagnostics only; not used for parameter choice
valid,hybrid_score_50_50,30,0.1794682482504289,0.2093064486521574,0.2682382745232864,1.097098280350327,0.0272850599630759,-0.0792710855451841,0.8666666666666677,0.75,positive rankic with robust-selected portfolio metrics; validation only for selection
test,hybrid_score_50_50,30,0.0917094940433002,0.0106790242321248,-0.0018135020577981,0.0476836707067117,0.0429089009209335,-0.0562110570078575,0.3666666666666666,0.6,holdout diagnostics only; not used for parameter choice
valid,hybrid_score_50_50,30,0.1794682482504289,0.1630860261862228,0.1891873364474337,0.8794526071556623,-0.0405120534711596,-0.0702420621829124,0.7916666666666674,0.5,positive rankic with robust-selected portfolio metrics; validation only for selection
test,hybrid_score_50_50,30,0.0917094940433002,0.0052395405688119,-0.0074564582553355,0.0234851851622844,0.0195056131553845,-0.0564739102521538,0.3266666666666666,0.6,holdout diagnostics only; not used for parameter choice
valid,hybrid_score_50_50,50,0.1794682482504289,0.1710399723375175,0.1593599547892104,1.356870227474405,-0.0507148117663877,-6.515148761099265e-05,0.7300000000000004,0.5,positive rankic with robust-selected portfolio metrics; validation only for selection
test,hybrid_score_50_50,50,0.0917094940433002,-0.0292102799919219,-0.0430119034834651,-0.1452914573329812,-0.1870787923939698,-0.0384932287144121,0.3360000000000001,0.4,holdout diagnostics only; not used for parameter choice
valid,hybrid_score_50_50,20,0.1794682482504289,0.0625227041671836,0.0621977077567957,1.551205687317181,-0.3059397873325125,-0.0007592520620778,0.8625000000000005,0.25,positive rankic with robust-selected portfolio metrics; validation only for selection
test,hybrid_score_50_50,20,0.0917094940433002,0.0043549736143235,-0.0077670308547621,0.0190554278315707,0.0209282551189226,-0.0429612335813485,0.34,0.6,holdout diagnostics only; not used for parameter choice
valid,hybrid_score_50_50,20,0.1794682482504289,0.0078500952773508,0.003409343642855,0.1774711622277456,-0.4433562481932867,-0.0307574713133761,0.6625000000000003,0.25,positive rankic with robust-selected portfolio metrics; validation only for selection
test,hybrid_score_50_50,20,0.0917094940433002,0.0264970330648863,0.0135683939702157,0.1244354523737348,0.1131334399912274,-0.0258631175119994,0.2,0.6,holdout diagnostics only; not used for parameter choice
valid,hybrid_score_50_50,30,0.1794682482504289,0.0060629593551435,0.0151321500065709,0.0647263321654635,-0.3905527617747099,-0.0355051790440004,0.7000000000000005,0.5,positive rankic with robust-selected portfolio metrics; validation only for selection
test,hybrid_score_50_50,30,0.0917094940433002,0.0339017234072873,0.0197597513592521,0.1639918001180193,0.1504923457926098,-0.0506466882293876,0.2733333333333333,0.6,holdout diagnostics only; not used for parameter choice
valid,hybrid_score_50_50,30,0.1794682482504289,0.026249031861885,0.0289826907290321,0.2620585445251679,-0.3520495920426094,-0.0244212076183083,0.6750000000000004,0.5,positive rankic with robust-selected portfolio metrics; validation only for selection
test,hybrid_score_50_50,30,0.0917094940433002,0.0277134474946068,0.0137637834339534,0.1393471235829823,0.1195669091619201,-0.0431684792955538,0.2066666666666667,0.6,holdout diagnostics only; not used for parameter choice
valid,hybrid_score_50_50,50,0.1794682482504289,0.0544075276737614,0.0143588189077841,0.5484774747331391,-0.365827827137748,-0.0418624510378854,0.7050000000000003,0.5,positive rankic with robust-selected portfolio metrics; validation only for selection
test,hybrid_score_50_50,50,0.0917094940433002,-0.0156615426299097,-0.0292929986043821,-0.0825269833490812,-0.1325685949843487,-0.0372486268928713,0.256,0.4,holdout diagnostics only; not used for parameter choice
valid,hybrid_score_30_70,20,0.1794682482504289,0.6205775784811074,0.5242200941091093,3.657337804653807,0.6201318092194529,0.0,0.9500000000000004,0.75,positive rankic with robust-selected portfolio metrics; validation only for selection
test,hybrid_score_30_70,20,0.0917094940433002,-0.0036521484195086,-0.0149449934428053,-0.0171318271166864,-0.0252094093612011,-0.0434271311899675,0.5300000000000001,0.6,holdout diagnostics only; not used for parameter choice
valid,hybrid_score_30_70,20,0.1794682482504289,0.6245927565394149,0.5356578518309524,3.657738408840775,0.6083139532410111,0.0,0.9375000000000004,0.75,positive rankic with robust-selected portfolio metrics; validation only for selection
test,hybrid_score_30_70,20,0.0917094940433002,-0.0012000365750842,-0.0120626427501994,-0.0056366840837719,-0.0143234207498738,-0.0423022685405384,0.44,0.6,holdout diagnostics only; not used for parameter choice
valid,hybrid_score_30_70,30,0.1794682482504289,0.5074392672298937,0.4311626561355479,3.508368021857417,0.5094782544552575,0.0,0.9250000000000012,0.75,positive rankic with robust-selected portfolio metrics; validation only for selection
test,hybrid_score_30_70,30,0.0917094940433002,0.0006711762524436,-0.0107815873234115,0.0033459731697289,-0.0169243288053664,-0.0282949950937698,0.4866666666666669,0.6,holdout diagnostics only; not used for parameter choice
valid,hybrid_score_30_70,30,0.1794682482504289,0.5074392672298937,0.4311626561355479,3.508368021857417,0.5094782544552575,0.0,0.9250000000000012,0.75,positive rankic with robust-selected portfolio metrics; validation only for selection
test,hybrid_score_30_70,30,0.0917094940433002,-0.0259174515646474,-0.0381378090473621,-0.1285903535099478,-0.1473066635854826,-0.0475000348224671,0.4066666666666669,0.6,holdout diagnostics only; not used for parameter choice
valid,hybrid_score_30_70,50,0.1794682482504289,0.4536007343649206,0.400810096762153,3.253518314593038,0.4158496712683561,0.0,0.8900000000000006,0.75,positive rankic with robust-selected portfolio metrics; validation only for selection
test,hybrid_score_30_70,50,0.0917094940433002,0.0078105348327801,-0.0049634228007139,0.0396700780725168,0.0123687834379159,-0.0466851333855361,0.4680000000000002,0.4,holdout diagnostics only; not used for parameter choice
valid,hybrid_score_30_70,20,0.1794682482504289,0.3033472678020512,0.2504588641942216,5.50552960204175,0.2276802625993371,0.0,0.8500000000000004,0.75,positive rankic with robust-selected portfolio metrics; validation only for selection
test,hybrid_score_30_70,20,0.0917094940433002,-0.0164372699852426,-0.0287126117715552,-0.0744421144097791,-0.0763928569921475,-0.0428024723916691,0.4400000000000001,0.6,holdout diagnostics only; not used for parameter choice
valid,hybrid_score_30_70,20,0.1794682482504289,0.3033472678020512,0.2504588641942216,5.50552960204175,0.2276802625993371,0.0,0.8500000000000004,0.75,positive rankic with robust-selected portfolio metrics; validation only for selection
test,hybrid_score_30_70,20,0.0917094940433002,-0.0337274687423028,-0.0450940961623652,-0.1533103145147938,-0.1442861126309644,-0.068629139605127,0.3600000000000001,0.6,holdout diagnostics only; not used for parameter choice
valid,hybrid_score_30_70,30,0.1794682482504289,0.3150912795142073,0.2750397529231568,4.674638642761897,0.2298240469996763,0.0,0.8583333333333344,0.75,positive rankic with robust-selected portfolio metrics; validation only for selection
test,hybrid_score_30_70,30,0.0917094940433002,-0.0078565795408352,-0.020759368861824,-0.0385207209972861,-0.0599654919616029,-0.0410144874586345,0.3733333333333333,0.6,holdout diagnostics only; not used for parameter choice
valid,hybrid_score_30_70,30,0.1794682482504289,0.3226495610891851,0.277491242765927,5.067128538872634,0.2504405029224091,0.0,0.850000000000001,0.75,positive rankic with robust-selected portfolio metrics; validation only for selection
test,hybrid_score_30_70,30,0.0917094940433002,-0.0225694521546826,-0.0351919801936362,-0.1200816471691566,-0.1597405784544276,-0.0521781932806812,0.3133333333333333,0.6,holdout diagnostics only; not used for parameter choice
valid,hybrid_score_30_70,50,0.1794682482504289,0.2230816264018191,0.1837263411267481,3.373104042932399,0.0466791052022135,0.0,0.8500000000000005,0.75,positive rankic with robust-selected portfolio metrics; validation only for selection
test,hybrid_score_30_70,50,0.0917094940433002,-0.0104783569775679,-0.0239540039042393,-0.053334682369331,-0.0883168909878749,-0.045634351729444,0.3440000000000001,0.6,holdout diagnostics only; not used for parameter choice
valid,hybrid_score_30_70,20,0.1794682482504289,0.1124562329554201,0.1003083970750852,5.284089424712978,-0.207267817441066,0.0,0.8375000000000004,0.25,positive rankic with robust-selected portfolio metrics; validation only for selection
test,hybrid_score_30_70,20,0.0917094940433002,0.0057857693109839,-0.007961029314677,0.0303333483514785,-0.0039014052103362,-0.0565513249051284,0.36,0.6,holdout diagnostics only; not used for parameter choice
valid,hybrid_score_30_70,20,0.1794682482504289,0.1231522485674165,0.1183898002937468,7.571839596448632,-0.1749933765971279,0.0,0.8250000000000004,0.25,positive rankic with robust-selected portfolio metrics; validation only for selection
test,hybrid_score_30_70,20,0.0917094940433002,0.0134347437523381,0.0017958371028238,0.0688852919717046,0.0367978066721667,-0.0600298113652369,0.29,0.6,holdout diagnostics only; not used for parameter choice
valid,hybrid_score_30_70,30,0.1794682482504289,0.1784482768431963,0.1496642450904038,1.6672079380538611,-0.0447387468335154,0.0,0.875000000000001,0.5,positive rankic with robust-selected portfolio metrics; validation only for selection
test,hybrid_score_30_70,30,0.0917094940433002,0.0052870643686784,-0.0084893411659655,0.0280141791693287,-0.0077429684692582,-0.0361180048893756,0.2866666666666667,0.6,holdout diagnostics only; not used for parameter choice
valid,hybrid_score_30_70,30,0.1794682482504289,0.1517115386800669,0.1265678051075131,1.299088600509256,-0.0972835934407558,-0.0070018396054547,0.8583333333333343,0.5,positive rankic with robust-selected portfolio metrics; validation only for selection
test,hybrid_score_30_70,30,0.0917094940433002,0.0161306969369707,0.0017753440397847,0.0826408333651149,0.0628913531796519,-0.0358242770749407,0.2466666666666666,0.6,holdout diagnostics only; not used for parameter choice
valid,hybrid_score_30_70,50,0.1794682482504289,0.2232600934093629,0.1403950501814624,2.571017809056304,0.0685364995091239,-0.0017246160084631,0.8700000000000006,0.5,positive rankic with robust-selected portfolio metrics; validation only for selection
test,hybrid_score_30_70,50,0.0917094940433002,0.00353926759505,-0.0094194931025583,0.0181801278140675,-0.0114244416295601,-0.0442678905091923,0.2800000000000001,0.4,holdout diagnostics only; not used for parameter choice
valid,pure_stagewise_score,20,0.1794584884133928,1.0152375367945838,0.6398403670946543,5.419568271156504,2.292278705381624,0.0,0.9375000000000004,1.0,positive rankic with robust-selected portfolio metrics; validation only for selection
test,pure_stagewise_score,20,0.0917053004580457,-0.0080874368852401,-0.0206223771919473,-0.0413081039144903,-0.0703924061527925,0.0,0.6100000000000001,0.6,holdout diagnostics only; not used for parameter choice
valid,pure_stagewise_score,20,0.1794584884133928,0.9739611476614378,0.6054344297355162,4.814677213868772,2.1665663142327825,0.0,0.8625000000000004,1.0,positive rankic with robust-selected portfolio metrics; validation only for selection
test,pure_stagewise_score,20,0.0917053004580457,-0.0005851064104576,-0.0130803605615651,-0.0029515816338796,-0.0263081866697867,0.0,0.5600000000000003,0.8,holdout diagnostics only; not used for parameter choice
valid,pure_stagewise_score,30,0.1794584884133928,0.8066342734427605,0.5386665048606785,5.209270932311029,1.6562465263266932,0.0,0.8833333333333344,1.0,positive rankic with robust-selected portfolio metrics; validation only for selection
test,pure_stagewise_score,30,0.0917053004580457,0.0122811362830059,-0.0012674415965176,0.0635313221935132,0.0395434692936003,0.0,0.6066666666666669,0.6,holdout diagnostics only; not used for parameter choice
valid,pure_stagewise_score,30,0.1794584884133928,0.8134222565511231,0.5339063723995354,5.113397261053786,1.821914936700159,0.0,0.8500000000000009,1.0,positive rankic with robust-selected portfolio metrics; validation only for selection
test,pure_stagewise_score,30,0.0917053004580457,0.0072951952999551,-0.0062913105676995,0.0381023313553891,0.0087629309570674,0.0,0.5800000000000003,0.6,holdout diagnostics only; not used for parameter choice
valid,pure_stagewise_score,50,0.1794584884133928,0.6331771384302192,0.4511777649642583,6.067884146253302,1.1806446165902424,0.0,0.8500000000000005,0.75,positive rankic with robust-selected portfolio metrics; validation only for selection
test,pure_stagewise_score,50,0.0917053004580457,0.0176694855675605,0.0040677021480856,0.1003625183496493,0.06540831738558,0.0,0.5800000000000003,0.6,holdout diagnostics only; not used for parameter choice
valid,pure_stagewise_score,20,0.1794584884133928,0.3601534967974611,0.2608247963741693,4.490294985437019,0.4477422789592213,0.0,0.8500000000000004,0.75,positive rankic with robust-selected portfolio metrics; validation only for selection
test,pure_stagewise_score,20,0.0917053004580457,0.0217063709675646,0.0097431448747286,0.1082831389688379,0.0858914630959338,0.0,0.6500000000000002,0.6,holdout diagnostics only; not used for parameter choice
valid,pure_stagewise_score,20,0.1794584884133928,0.3602952918342397,0.2610237759504307,4.496987769302843,0.447831924969191,0.0,0.8125000000000003,0.75,positive rankic with robust-selected portfolio metrics; validation only for selection
test,pure_stagewise_score,20,0.0917053004580457,0.0642694759228541,0.0502866563116606,0.3549308131947757,0.322117151479525,0.0,0.5700000000000002,0.8,holdout diagnostics only; not used for parameter choice
valid,pure_stagewise_score,30,0.1794584884133928,0.2711635835021106,0.1763283947419873,2.5903494602778934,0.2152127334506286,-0.0118378989114275,0.7916666666666674,0.75,positive rankic with robust-selected portfolio metrics; validation only for selection
test,pure_stagewise_score,30,0.0917053004580457,0.0241461660644499,0.0108512713291176,0.1296491869570551,0.1032936943649393,0.0,0.5733333333333335,0.6,holdout diagnostics only; not used for parameter choice
valid,pure_stagewise_score,30,0.1794584884133928,0.2783202021292537,0.1866244529942944,2.7997872890288127,0.2290558920783791,-0.0062745714285838,0.7833333333333341,0.75,positive rankic with robust-selected portfolio metrics; validation only for selection
test,pure_stagewise_score,30,0.0917053004580457,0.0344763132167733,0.0214034462122932,0.1875184543537883,0.1594568164897709,0.0,0.5466666666666669,0.6,holdout diagnostics only; not used for parameter choice
valid,pure_stagewise_score,50,0.1794584884133928,0.3806062457448276,0.2523501650809559,3.855022914290807,0.6435225336653586,0.0,0.7750000000000006,0.75,positive rankic with robust-selected portfolio metrics; validation only for selection
test,pure_stagewise_score,50,0.0917053004580457,0.0218321796544502,0.0080673543376353,0.1189793654966177,0.0978461732063477,0.0,0.5200000000000002,0.8,holdout diagnostics only; not used for parameter choice
valid,pure_stagewise_score,20,0.1794584884133928,0.3127142875911972,0.1962542757627126,2.949823075322798,0.4047324733513353,-0.0052382820625115,0.8500000000000004,0.5,positive rankic with robust-selected portfolio metrics; validation only for selection
test,pure_stagewise_score,20,0.0917053004580457,0.1603494972599117,0.1372713317283679,0.8877871883934156,1.010315363709984,0.0,0.6700000000000003,0.8,holdout diagnostics only; not used for parameter choice
valid,pure_stagewise_score,20,0.1794584884133928,0.3201739709289259,0.1988451817135759,2.931956961112129,0.4474741047047113,-0.0052382820625114,0.8500000000000004,0.5,positive rankic with robust-selected portfolio metrics; validation only for selection
test,pure_stagewise_score,20,0.0917053004580457,0.1192031068582988,0.0996743564656577,0.7161017490722216,0.9648360420357038,0.0,0.5800000000000003,0.8,holdout diagnostics only; not used for parameter choice
valid,pure_stagewise_score,30,0.1794584884133928,0.2798819247354582,0.190741093010099,2.8799535344781995,0.2276361776256341,0.0,0.8416666666666676,0.5,positive rankic with robust-selected portfolio metrics; validation only for selection
test,pure_stagewise_score,30,0.0917053004580457,0.0770948355892251,0.0608660100466772,0.4332060752880423,0.4938440578813775,0.0,0.5866666666666669,0.8,holdout diagnostics only; not used for parameter choice
valid,pure_stagewise_score,30,0.1794584884133928,0.278160772168144,0.1756537888933779,2.549507828570684,0.2498015762229738,0.0,0.8000000000000008,0.5,positive rankic with robust-selected portfolio metrics; validation only for selection
test,pure_stagewise_score,30,0.0917053004580457,0.1122057370235354,0.0934198733713989,0.6722335383949969,0.8673845751425723,0.0,0.5000000000000001,0.8,holdout diagnostics only; not used for parameter choice
valid,pure_stagewise_score,50,0.1794584884133928,0.3202512821555867,0.1854880588458348,2.460200571116588,0.4882764950492802,0.0,0.8000000000000005,0.5,positive rankic with robust-selected portfolio metrics; validation only for selection
test,pure_stagewise_score,50,0.0917053004580457,0.0710847133979073,0.0553435340637416,0.4630886834706951,0.5791426758254462,0.0,0.4640000000000002,0.6,holdout diagnostics only; not used for parameter choice
valid,pure_promethee_score,20,0.1794584884133928,-0.2221168816986868,-0.3913920861708642,-0.8540473384861231,-1.1394845465137284,-0.2219175404457358,0.325,0.25,positive rankic with robust-selected portfolio metrics; validation only for selection
test,pure_promethee_score,20,0.0917053004580457,-0.2015659817286004,-0.2290325854878082,-2.498962752971269,-2.2255001182363308,-0.1575652261608686,0.38,0.0,holdout diagnostics only; not used for parameter choice
valid,pure_promethee_score,20,0.1794584884133928,-0.1132901209821432,-0.2666399283857844,-0.3607041607795931,-0.5617124408125821,-0.2069388424890337,0.125,0.25,positive rankic with robust-selected portfolio metrics; validation only for selection
test,pure_promethee_score,20,0.0917053004580457,-0.1673347198647152,-0.1883931186260673,-2.2354036603884,-1.5978688077762393,-0.1256291787888798,0.26,0.0,holdout diagnostics only; not used for parameter choice
valid,pure_promethee_score,30,0.1794584884133928,-0.0853235832102525,-0.2364963999397888,-0.2980241474738578,-0.5875099535179041,-0.1992585743733916,0.2,0.25,positive rankic with robust-selected portfolio metrics; validation only for selection
test,pure_promethee_score,30,0.0917053004580457,-0.1986288158179971,-0.2252848314421027,-2.394651544032889,-1.988897789277708,-0.1618037064264748,0.3199999999999999,0.0,holdout diagnostics only; not used for parameter choice
valid,pure_promethee_score,30,0.1794584884133928,-0.1256680773706453,-0.289641018627746,-0.4202555616779234,-0.6704822007043894,-0.2172195005335326,0.0916666666666666,0.25,positive rankic with robust-selected portfolio metrics; validation only for selection
test,pure_promethee_score,30,0.0917053004580457,-0.2196779552555983,-0.2510647954059217,-2.5428055973293646,-2.5990778667192296,-0.1752981344461401,0.2333333333333333,0.0,holdout diagnostics only; not used for parameter choice
valid,pure_promethee_score,50,0.1794584884133928,-0.0664539199329898,-0.2228286668000308,-0.2292114133866709,-0.5447514715499447,-0.2020568442759178,0.165,0.25,positive rankic with robust-selected portfolio metrics; validation only for selection
test,pure_promethee_score,50,0.0917053004580457,-0.2077026154910263,-0.2386026522499239,-1.8857140917400208,-4.037540285389633,-0.1459093854552798,0.244,0.0,holdout diagnostics only; not used for parameter choice
valid,pure_promethee_score,20,0.1794584884133928,-0.185820666471816,-0.3407455892118283,-0.66038395636441,-0.8470149798413512,-0.2153111376498171,0.25,0.25,positive rankic with robust-selected portfolio metrics; validation only for selection
test,pure_promethee_score,20,0.0917053004580457,-0.198817165343477,-0.2251816154504273,-2.379359164636881,-1.869901540628176,-0.143659235118248,0.31,0.0,holdout diagnostics only; not used for parameter choice
valid,pure_promethee_score,20,0.1794584884133928,-0.0834186490209536,-0.2360570439401326,-0.2969056380817357,-0.6081563343009883,-0.1959295566366393,0.0875,0.25,positive rankic with robust-selected portfolio metrics; validation only for selection
test,pure_promethee_score,20,0.0917053004580457,-0.1996536841172218,-0.2256659312395806,-2.7241377557388224,-1.803819130996031,-0.1604506772327368,0.15,0.0,holdout diagnostics only; not used for parameter choice
valid,pure_promethee_score,30,0.1794584884133928,-0.1089437373284576,-0.2616713514002287,-0.3645969292219628,-0.6005950633825529,-0.2078168861638031,0.1333333333333333,0.25,positive rankic with robust-selected portfolio metrics; validation only for selection
test,pure_promethee_score,30,0.0917053004580457,-0.217869370923128,-0.24847553993094,-2.5794971374140045,-2.3135727224024305,-0.1788233043286955,0.24,0.0,holdout diagnostics only; not used for parameter choice
valid,pure_promethee_score,30,0.1794584884133928,-0.1105873364590579,-0.2619385897548741,-0.3392433082516961,-0.5186248993083177,-0.2171283526980285,0.075,0.25,positive rankic with robust-selected portfolio metrics; validation only for selection
test,pure_promethee_score,30,0.0917053004580457,-0.2213929480225114,-0.253401395022385,-2.504548537685152,-2.8300125771428184,-0.1713985983311489,0.1666666666666666,0.0,holdout diagnostics only; not used for parameter choice
valid,pure_promethee_score,50,0.1794584884133928,-0.0580906509744743,-0.2061095429324737,-0.1808302753380019,-0.4197463588996614,-0.2063725026388099,0.135,0.25,positive rankic with robust-selected portfolio metrics; validation only for selection
test,pure_promethee_score,50,0.0917053004580457,-0.2102930266753275,-0.2415132040227778,-1.952769725923941,-3.88888497713293,-0.1489706225374367,0.176,0.0,holdout diagnostics only; not used for parameter choice
valid,pure_promethee_score,20,0.1794584884133928,-0.1849590899937727,-0.3485633065924605,-0.6091426621901276,-0.7759025940286104,-0.225161873683948,0.2375,0.25,positive rankic with robust-selected portfolio metrics; validation only for selection
test,pure_promethee_score,20,0.0917053004580457,-0.2305211639563156,-0.2628620485587398,-2.815367088429402,-2.081539994647681,-0.1777196191750025,0.2299999999999999,0.0,holdout diagnostics only; not used for parameter choice
valid,pure_promethee_score,20,0.1794584884133928,-0.1254079427208424,-0.2935666004699383,-0.411150571934419,-0.6585141420495055,-0.2180968799178152,0.1,0.25,positive rankic with robust-selected portfolio metrics; validation only for selection
test,pure_promethee_score,20,0.0917053004580457,-0.2033136534509271,-0.2298615591297075,-2.519964211704017,-1.7242616494420977,-0.1638778996296267,0.1,0.0,holdout diagnostics only; not used for parameter choice
valid,pure_promethee_score,30,0.1794584884133928,-0.094641828309524,-0.2521806845793658,-0.3210027880376741,-0.5963562555790074,-0.2082661912198782,0.1333333333333333,0.25,positive rankic with robust-selected portfolio metrics; validation only for selection
test,pure_promethee_score,30,0.0917053004580457,-0.209250405404892,-0.239073073032697,-2.3105538311831006,-2.858481468122225,-0.1544501183298369,0.2066666666666666,0.0,holdout diagnostics only; not used for parameter choice
valid,pure_promethee_score,30,0.1794584884133928,-0.1247175363559788,-0.2749695677775594,-0.3976035601333547,-0.5797259797269769,-0.214504680600416,0.075,0.25,positive rankic with robust-selected portfolio metrics; validation only for selection
test,pure_promethee_score,30,0.0917053004580457,-0.2200907917428013,-0.2521249951118242,-2.363224530446144,-3.0146685715056933,-0.1630224870424864,0.1266666666666666,0.0,holdout diagnostics only; not used for parameter choice
valid,pure_promethee_score,50,0.1794584884133928,-0.0594790503281238,-0.2176135288291727,-0.1774596510618759,-0.4055309077473872,-0.2153621577782909,0.105,0.25,positive rankic with robust-selected portfolio metrics; validation only for selection
test,pure_promethee_score,50,0.0917053004580457,-0.2025931472805027,-0.2330648083150983,-1.7308242196949235,-5.736738734957012,-0.1277817062669696,0.152,0.0,holdout diagnostics only; not used for parameter choice
valid,hybrid_score_70_30,20,0.1794584884133928,0.126334092330439,0.1146315588315272,0.7844586234998,-0.1219677260766345,-0.0502862292112766,0.8875000000000004,0.5,positive rankic with robust-selected portfolio metrics; validation only for selection
test,hybrid_score_70_30,20,0.0917053004580457,0.0143798608541223,0.0002967858367336,0.0638447380920442,0.0671003499436451,-0.0224921284627153,0.4100000000000001,0.6,holdout diagnostics only; not used for parameter choice
valid,hybrid_score_70_30,20,0.1794584884133928,0.1439832026187761,0.1062066502964324,0.7625801282157827,-0.084784535086323,-0.0555161114561185,0.8000000000000004,0.5,positive rankic with robust-selected portfolio metrics; validation only for selection
test,hybrid_score_70_30,20,0.0917053004580457,0.0060473690005764,-0.0076027491101923,0.0272267853500713,0.0251117761518874,-0.0274829511171101,0.33,0.6,holdout diagnostics only; not used for parameter choice
valid,hybrid_score_70_30,30,0.1794584884133928,0.2647579035430443,0.2294372879249832,1.464274593521109,0.1243124720311701,-0.0288141889891554,0.8166666666666675,0.75,positive rankic with robust-selected portfolio metrics; validation only for selection
test,hybrid_score_70_30,30,0.0917053004580457,0.0083086205034943,-0.0058598117579578,0.0412918222457859,0.0217152507531286,-0.0329380904831239,0.4000000000000002,0.6,holdout diagnostics only; not used for parameter choice
valid,hybrid_score_70_30,30,0.1794584884133928,0.1814378493308981,0.1390404815193558,1.0722881293678566,-0.0217220075839345,-0.0474790390213915,0.733333333333334,0.5,positive rankic with robust-selected portfolio metrics; validation only for selection
test,hybrid_score_70_30,30,0.0917053004580457,0.0001705680577155,-0.0135397450922338,0.0008684466896498,-0.0293885843174075,-0.0334207605659234,0.3600000000000002,0.6,holdout diagnostics only; not used for parameter choice
valid,hybrid_score_70_30,50,0.1794584884133928,0.1272748168566331,0.0791999080828346,0.6279109695760579,-0.1121410068105938,-0.09429283501408,0.7000000000000004,0.5,positive rankic with robust-selected portfolio metrics; validation only for selection
test,hybrid_score_70_30,50,0.0917053004580457,-0.023022320331132,-0.0375642772479196,-0.1249083148798785,-0.2155884816262138,-0.0219224207314497,0.3720000000000001,0.4,holdout diagnostics only; not used for parameter choice
valid,hybrid_score_70_30,20,0.1794584884133928,-0.0077266433801157,-0.0777599269865195,-0.0302875168785595,-0.3403153250865003,-0.1408126841714322,0.6250000000000002,0.25,positive rankic with robust-selected portfolio metrics; validation only for selection
test,hybrid_score_70_30,20,0.0917053004580457,0.0444294541739027,0.0296953304555206,0.202918618546547,0.2083302572014687,-0.0149710399847176,0.4000000000000001,0.6,holdout diagnostics only; not used for parameter choice
valid,hybrid_score_70_30,20,0.1794584884133928,-0.0456761779614145,-0.0897556665160299,-0.1774274809704522,-0.3796626345803909,-0.1344205209065901,0.5625000000000002,0.25,positive rankic with robust-selected portfolio metrics; validation only for selection
test,hybrid_score_70_30,20,0.0917053004580457,0.0020107788123369,-0.0111358733443255,0.0100192466685595,-0.0130225438393577,-0.0184639672931354,0.3700000000000001,0.4,holdout diagnostics only; not used for parameter choice
valid,hybrid_score_70_30,30,0.1794584884133928,-0.0375777324240634,-0.0890494517300369,-0.1347688687476806,-0.3441631481391038,-0.1640116548807878,0.6000000000000003,0.25,positive rankic with robust-selected portfolio metrics; validation only for selection
test,hybrid_score_70_30,30,0.0917053004580457,0.0012460599636421,-0.0127923722000561,0.0062169296648341,-0.0193784202153256,-0.0302139294376364,0.4133333333333335,0.6,holdout diagnostics only; not used for parameter choice
valid,hybrid_score_70_30,30,0.1794584884133928,-0.0185028056962052,-0.0636424339297593,-0.0665257930848438,-0.3071201590735404,-0.149164650565543,0.5500000000000002,0.25,positive rankic with robust-selected portfolio metrics; validation only for selection
test,hybrid_score_70_30,30,0.0917053004580457,0.0043760543318882,-0.0089106164227089,0.0218680210890337,-0.0010979863721067,-0.0273736073403233,0.3400000000000001,0.6,holdout diagnostics only; not used for parameter choice
valid,hybrid_score_70_30,50,0.1794584884133928,-0.0068881637795074,-0.0659175947660143,-0.0268939292097609,-0.3255067584994415,-0.1507742520468284,0.5250000000000002,0.25,positive rankic with robust-selected portfolio metrics; validation only for selection
test,hybrid_score_70_30,50,0.0917053004580457,-0.042047645584143,-0.0563526064075635,-0.2066985023531977,-0.257006935686495,-0.040535701785176,0.3360000000000001,0.4,holdout diagnostics only; not used for parameter choice
valid,hybrid_score_70_30,20,0.1794584884133928,-0.0562076667012366,-0.1789771112149662,-0.2219126493235192,-0.5481532612604691,-0.1676144887899091,0.7250000000000003,0.25,positive rankic with robust-selected portfolio metrics; validation only for selection
test,hybrid_score_70_30,20,0.0917053004580457,0.0236271272239021,0.0101970835202259,0.1093734382499537,0.0981150686855803,-0.0149710399847176,0.3600000000000001,0.4,holdout diagnostics only; not used for parameter choice
valid,hybrid_score_70_30,20,0.1794584884133928,-0.1237484987668985,-0.228744424525675,-0.4949882386864319,-0.6611520292579792,-0.1607874986162378,0.5625000000000002,0.25,positive rankic with robust-selected portfolio metrics; validation only for selection
test,hybrid_score_70_30,20,0.0917053004580457,0.0079041454858239,-0.0053770803569944,0.0391450466993984,0.01793371600789,-0.0198831699553868,0.2799999999999999,0.4,holdout diagnostics only; not used for parameter choice
valid,hybrid_score_70_30,30,0.1794584884133928,-0.0533186751584192,-0.1384196478196015,-0.2080310681170331,-0.4506823328300456,-0.1412373786990549,0.5750000000000003,0.25,positive rankic with robust-selected portfolio metrics; validation only for selection
test,hybrid_score_70_30,30,0.0917053004580457,-0.0187238691189891,-0.0323844186867948,-0.098211281151961,-0.1491793326122554,-0.0236298499367729,0.3266666666666667,0.4,holdout diagnostics only; not used for parameter choice
valid,hybrid_score_70_30,30,0.1794584884133928,-0.0511669515311139,-0.1343256314886561,-0.2064620327280052,-0.4599805014264471,-0.1328583630595903,0.5250000000000002,0.25,positive rankic with robust-selected portfolio metrics; validation only for selection
test,hybrid_score_70_30,30,0.0917053004580457,-0.0075385386144752,-0.0211252068763268,-0.0375427211391043,-0.0663048064731195,-0.0284090703707602,0.2533333333333333,0.4,holdout diagnostics only; not used for parameter choice
valid,hybrid_score_70_30,50,0.1794584884133928,-0.0387811487193648,-0.123337243302961,-0.1428914010922909,-0.3927645111886,-0.1440193655433489,0.4650000000000002,0.25,positive rankic with robust-selected portfolio metrics; validation only for selection
test,hybrid_score_70_30,50,0.0917053004580457,-0.0189387703038219,-0.0326706577749065,-0.0940967237373261,-0.1311664901968511,-0.018614366554991,0.2920000000000001,0.4,holdout diagnostics only; not used for parameter choice
valid,hybrid_score_50_50,20,0.1794584884133928,0.4804718248958004,0.5120967387082613,1.919554524008152,0.3270297447348088,-0.0669633304946948,0.9500000000000004,0.75,positive rankic with robust-selected portfolio metrics; validation only for selection
test,hybrid_score_50_50,20,0.0917053004580457,-0.0111904804610358,-0.0237226664264951,-0.0505923715088546,-0.0535021630123574,-0.0360198863435478,0.4400000000000001,0.6,holdout diagnostics only; not used for parameter choice
valid,hybrid_score_50_50,20,0.1794584884133928,0.4953184592074859,0.5159405294330743,2.050393254012058,0.348079951341471,-0.0576065470702529,0.9375000000000004,0.75,positive rankic with robust-selected portfolio metrics; validation only for selection
test,hybrid_score_50_50,20,0.0917053004580457,-0.0236569670891461,-0.034629277358594,-0.1025233186628166,-0.0883469577406848,-0.0633593882797591,0.3700000000000001,0.6,holdout diagnostics only; not used for parameter choice
valid,hybrid_score_50_50,30,0.1794584884133928,0.4362927950650268,0.4812657816935148,1.8972695140802736,0.2855373726168939,-0.0657920395151638,0.941666666666668,0.75,positive rankic with robust-selected portfolio metrics; validation only for selection
test,hybrid_score_50_50,30,0.0917053004580457,0.0152747219497713,0.002657744534656,0.0731170089598344,0.0571113406523844,-0.0382410931825494,0.4666666666666669,0.6,holdout diagnostics only; not used for parameter choice
valid,hybrid_score_50_50,30,0.1794584884133928,0.4307385460514406,0.4778868523706765,1.89180970426576,0.2797624556492498,-0.0657920395151637,0.9250000000000012,0.75,positive rankic with robust-selected portfolio metrics; validation only for selection
test,hybrid_score_50_50,30,0.0917053004580457,-0.0038991604871284,-0.0158188845473322,-0.0185744245764942,-0.0312735999299653,-0.0534559729608005,0.3666666666666669,0.6,holdout diagnostics only; not used for parameter choice
valid,hybrid_score_50_50,50,0.1794584884133928,0.439992482737064,0.4235057865073759,3.048352677547469,0.3543088106662294,0.0,0.9000000000000006,0.75,positive rankic with robust-selected portfolio metrics; validation only for selection
test,hybrid_score_50_50,50,0.0917053004580457,-0.0041985200458206,-0.0182351801355703,-0.0241835059962773,-0.0995945053985849,-0.0241265791523873,0.4360000000000002,0.4,holdout diagnostics only; not used for parameter choice
valid,hybrid_score_50_50,20,0.1794584884133928,0.2337952896287654,0.2968031911941538,0.969774058391868,0.0657341654992005,-0.1034462102854673,0.9375000000000006,0.75,positive rankic with robust-selected portfolio metrics; validation only for selection
test,hybrid_score_50_50,20,0.0917053004580457,-0.0134929052480973,-0.025720628492351,-0.0627499558556492,-0.0699786617366099,-0.056753536363158,0.38,0.6,holdout diagnostics only; not used for parameter choice
valid,hybrid_score_50_50,20,0.1794584884133928,0.2406790560028162,0.2951707775189178,1.0759006514883958,0.0726308069715726,-0.0917436379820244,0.8750000000000004,0.75,positive rankic with robust-selected portfolio metrics; validation only for selection
test,hybrid_score_50_50,20,0.0917053004580457,0.0248694735867918,0.0112443283882493,0.1264524027325451,0.1051556932711988,-0.0429612335813485,0.31,0.6,holdout diagnostics only; not used for parameter choice
valid,hybrid_score_50_50,30,0.1794584884133928,0.2093064486521574,0.2682382745232864,1.097098280350327,0.0272850599630758,-0.0792710855451841,0.8666666666666677,0.75,positive rankic with robust-selected portfolio metrics; validation only for selection
test,hybrid_score_50_50,30,0.0917053004580457,0.0106790242321248,-0.0018135020577981,0.0476836707067117,0.0429089009209335,-0.0562110570078575,0.3666666666666666,0.6,holdout diagnostics only; not used for parameter choice
valid,hybrid_score_50_50,30,0.1794584884133928,0.1630860261862228,0.1891873364474336,0.8794526071556624,-0.0405120534711596,-0.0702420621829124,0.7916666666666674,0.5,positive rankic with robust-selected portfolio metrics; validation only for selection
test,hybrid_score_50_50,30,0.0917053004580457,0.0009226948226244,-0.011564934991653,0.0041087499810872,0.0017408524931168,-0.0615359721811843,0.3266666666666667,0.6,holdout diagnostics only; not used for parameter choice
valid,hybrid_score_50_50,50,0.1794584884133928,0.1510052417904783,0.1440207538645259,1.2993314295097889,-0.0913002909118605,-0.0058107234905709,0.7300000000000004,0.5,positive rankic with robust-selected portfolio metrics; validation only for selection
test,hybrid_score_50_50,50,0.0917053004580457,-0.0292102799919219,-0.0430119034834651,-0.1452914573329812,-0.1870787923939698,-0.0384932287144121,0.3320000000000001,0.4,holdout diagnostics only; not used for parameter choice
valid,hybrid_score_50_50,20,0.1794584884133928,0.0614017277730734,0.0602368418505757,1.5083246895132725,-0.3097524756564679,-0.0007592520620778,0.8625000000000005,0.25,positive rankic with robust-selected portfolio metrics; validation only for selection
test,hybrid_score_50_50,20,0.0917053004580457,0.0043549736143235,-0.0077670308547621,0.0190554278315707,0.0209282551189226,-0.0429612335813485,0.34,0.6,holdout diagnostics only; not used for parameter choice
valid,hybrid_score_50_50,20,0.1794584884133928,0.0078500952773508,0.003409343642855,0.1774711622277456,-0.4433562481932867,-0.0307574713133761,0.6625000000000003,0.25,positive rankic with robust-selected portfolio metrics; validation only for selection
test,hybrid_score_50_50,20,0.0917053004580457,0.0294629278816045,0.0163575891326568,0.1399343494081249,0.1272271869422415,-0.0258631175119994,0.2,0.6,holdout diagnostics only; not used for parameter choice
valid,hybrid_score_50_50,30,0.1794584884133928,0.0060629593551435,0.0151321500065709,0.0647263321654635,-0.3905527617747099,-0.0355051790440004,0.7000000000000005,0.5,positive rankic with robust-selected portfolio metrics; validation only for selection
test,hybrid_score_50_50,30,0.0917053004580457,0.0343198655564094,0.020162299097596,0.1662575311861736,0.1526311993377607,-0.0506466882293876,0.2733333333333333,0.6,holdout diagnostics only; not used for parameter choice
valid,hybrid_score_50_50,30,0.1794584884133928,0.026249031861885,0.0289826907290321,0.2620585445251679,-0.3520495920426094,-0.0244212076183083,0.6750000000000004,0.5,positive rankic with robust-selected portfolio metrics; validation only for selection
test,hybrid_score_50_50,30,0.0917053004580457,0.0277134474946068,0.0137637834339534,0.1393471235829823,0.1195669091619201,-0.0431684792955538,0.2066666666666667,0.6,holdout diagnostics only; not used for parameter choice
valid,hybrid_score_50_50,50,0.1794584884133928,0.0467374915215881,0.0014599051447381,0.4470216591445014,-0.3942220720095445,-0.0488321941840744,0.7000000000000004,0.5,positive rankic with robust-selected portfolio metrics; validation only for selection
test,hybrid_score_50_50,50,0.0917053004580457,-0.0156615426299098,-0.0292929986043821,-0.0825269833490818,-0.1325685949843488,-0.0372486268928713,0.256,0.4,holdout diagnostics only; not used for parameter choice
valid,hybrid_score_30_70,20,0.1794584884133928,0.6205775784811074,0.5242200941091093,3.657337804653807,0.6201318092194529,0.0,0.9500000000000004,0.75,positive rankic with robust-selected portfolio metrics; validation only for selection
test,hybrid_score_30_70,20,0.0917053004580457,-0.0036521484195086,-0.0149449934428053,-0.0171318271166864,-0.0252094093612011,-0.0434271311899675,0.5300000000000001,0.6,holdout diagnostics only; not used for parameter choice
valid,hybrid_score_30_70,20,0.1794584884133928,0.6245927565394149,0.5356578518309524,3.657738408840775,0.6083139532410111,0.0,0.9375000000000004,0.75,positive rankic with robust-selected portfolio metrics; validation only for selection
test,hybrid_score_30_70,20,0.0917053004580457,-0.0012000365750842,-0.0120626427501994,-0.0056366840837719,-0.0143234207498738,-0.0423022685405384,0.44,0.6,holdout diagnostics only; not used for parameter choice
valid,hybrid_score_30_70,30,0.1794584884133928,0.5074392672298937,0.4311626561355479,3.508368021857417,0.5094782544552575,0.0,0.9250000000000012,0.75,positive rankic with robust-selected portfolio metrics; validation only for selection
test,hybrid_score_30_70,30,0.0917053004580457,0.0006711762524436,-0.0107815873234115,0.0033459731697289,-0.0169243288053664,-0.0282949950937698,0.4866666666666669,0.6,holdout diagnostics only; not used for parameter choice
valid,hybrid_score_30_70,30,0.1794584884133928,0.5074392672298937,0.4311626561355479,3.508368021857417,0.5094782544552575,0.0,0.9250000000000012,0.75,positive rankic with robust-selected portfolio metrics; validation only for selection
test,hybrid_score_30_70,30,0.0917053004580457,-0.0259174515646474,-0.0381378090473621,-0.1285903535099478,-0.1473066635854826,-0.0475000348224671,0.4066666666666669,0.6,holdout diagnostics only; not used for parameter choice
valid,hybrid_score_30_70,50,0.1794584884133928,0.4536007343649206,0.400810096762153,3.253518314593038,0.4158496712683561,0.0,0.8900000000000006,0.75,positive rankic with robust-selected portfolio metrics; validation only for selection
test,hybrid_score_30_70,50,0.0917053004580457,0.0078105348327801,-0.0049634228007139,0.0396700780725168,0.0123687834379159,-0.0466851333855361,0.4680000000000002,0.4,holdout diagnostics only; not used for parameter choice
valid,hybrid_score_30_70,20,0.1794584884133928,0.3033472678020512,0.2504588641942216,5.50552960204175,0.2276802625993371,0.0,0.8500000000000004,0.75,positive rankic with robust-selected portfolio metrics; validation only for selection
test,hybrid_score_30_70,20,0.0917053004580457,-0.008430304353089,-0.0208671412319829,-0.0372937115090495,-0.0357530184573068,-0.0428024723916691,0.4400000000000001,0.6,holdout diagnostics only; not used for parameter choice
valid,hybrid_score_30_70,20,0.1794584884133928,0.3008743990204705,0.2489276521802121,5.595808128303779,0.2217670389636879,0.0,0.8250000000000004,0.75,positive rankic with robust-selected portfolio metrics; validation only for selection
test,hybrid_score_30_70,20,0.0917053004580457,-0.0337274687423028,-0.0450940961623652,-0.1533103145147938,-0.1442861126309644,-0.068629139605127,0.3600000000000001,0.6,holdout diagnostics only; not used for parameter choice
valid,hybrid_score_30_70,30,0.1794584884133928,0.3150912795142073,0.2750397529231568,4.674638642761897,0.2298240469996763,0.0,0.8583333333333344,0.75,positive rankic with robust-selected portfolio metrics; validation only for selection
test,hybrid_score_30_70,30,0.0917053004580457,-0.0078565795408352,-0.020759368861824,-0.0385207209972861,-0.0599654919616029,-0.0410144874586345,0.3733333333333333,0.6,holdout diagnostics only; not used for parameter choice
valid,hybrid_score_30_70,30,0.1794584884133928,0.3226495610891851,0.277491242765927,5.067128538872634,0.2504405029224091,0.0,0.850000000000001,0.75,positive rankic with robust-selected portfolio metrics; validation only for selection
test,hybrid_score_30_70,30,0.0917053004580457,-0.0185788608590099,-0.0308009382257513,-0.0981093547415105,-0.1309071375795654,-0.0521781932806812,0.3133333333333333,0.6,holdout diagnostics only; not used for parameter choice
valid,hybrid_score_30_70,50,0.1794584884133928,0.221831677636064,0.1817958804835366,3.320860447824108,0.0441159302611703,0.0,0.8600000000000005,0.75,positive rankic with robust-selected portfolio metrics; validation only for selection
test,hybrid_score_30_70,50,0.0917053004580457,-0.0104783569775679,-0.0239540039042393,-0.053334682369331,-0.0883168909878749,-0.045634351729444,0.3440000000000001,0.6,holdout diagnostics only; not used for parameter choice
valid,hybrid_score_30_70,20,0.1794584884133928,0.1124562329554201,0.1003083970750852,5.284089424712978,-0.207267817441066,0.0,0.8375000000000004,0.25,positive rankic with robust-selected portfolio metrics; validation only for selection
test,hybrid_score_30_70,20,0.0917053004580457,0.0102115282798695,-0.0033175915585908,0.0533438273814799,0.0220774532125321,-0.0565513249051284,0.35,0.6,holdout diagnostics only; not used for parameter choice
valid,hybrid_score_30_70,20,0.1794584884133928,0.1231522485674165,0.1183898002937468,7.571839596448632,-0.1749933765971279,0.0,0.8250000000000004,0.25,positive rankic with robust-selected portfolio metrics; validation only for selection
test,hybrid_score_30_70,20,0.0917053004580457,0.0134347437523381,0.0017958371028238,0.0688852919717046,0.0367978066721667,-0.0600298113652369,0.29,0.6,holdout diagnostics only; not used for parameter choice
valid,hybrid_score_30_70,30,0.1794584884133928,0.1784482768431963,0.1496642450904038,1.6672079380538611,-0.0447387468335155,0.0,0.875000000000001,0.5,positive rankic with robust-selected portfolio metrics; validation only for selection
test,hybrid_score_30_70,30,0.0917053004580457,0.0052870643686784,-0.0084893411659655,0.0280141791693287,-0.0077429684692582,-0.0361180048893756,0.2866666666666667,0.6,holdout diagnostics only; not used for parameter choice
valid,hybrid_score_30_70,30,0.1794584884133928,0.1517115386800669,0.1265678051075131,1.299088600509256,-0.0972835934407558,-0.0070018396054547,0.8583333333333343,0.5,positive rankic with robust-selected portfolio metrics; validation only for selection
test,hybrid_score_30_70,30,0.0917053004580457,0.0210184126569474,0.0065487720834913,0.1068048656661857,0.0927955896049488,-0.0358242770749407,0.24,0.6,holdout diagnostics only; not used for parameter choice
valid,hybrid_score_30_70,50,0.1794584884133928,0.2232600934093631,0.1403950501814624,2.5710178090563063,0.068536499509124,-0.0017246160084631,0.8700000000000006,0.5,positive rankic with robust-selected portfolio metrics; validation only for selection
test,hybrid_score_30_70,50,0.0917053004580457,0.0019723776398492,-0.0111044288331784,0.0101560250938941,-0.0205159821710998,-0.0442678905091923,0.2800000000000001,0.4,holdout diagnostics only; not used for parameter choice
valid,pure_stagewise_score,20,0.1704977821565076,0.9464560884471362,0.6071479012325036,6.046959951271695,2.586730281293561,0.0,0.9250000000000004,1.0,positive rankic with robust-selected portfolio metrics; validation only for selection
test,pure_stagewise_score,20,0.091742551537303,-0.0080874368852401,-0.0206223771919473,-0.0413081039144903,-0.0703924061527925,0.0,0.6100000000000001,0.6,holdout diagnostics only; not used for parameter choice
valid,pure_stagewise_score,20,0.1704977821565076,0.9065884909702062,0.5727419638733656,5.264228099083356,2.4900692844570105,0.0,0.8500000000000004,1.0,positive rankic with robust-selected portfolio metrics; validation only for selection
test,pure_stagewise_score,20,0.091742551537303,-0.0005851064104576,-0.0130803605615651,-0.0029515816338796,-0.0263081866697867,0.0,0.5600000000000003,0.8,holdout diagnostics only; not used for parameter choice
valid,pure_stagewise_score,30,0.1704977821565076,0.7118181895027851,0.485370160474304,5.582217722861836,1.5372191153139934,0.0,0.875000000000001,1.0,positive rankic with robust-selected portfolio metrics; validation only for selection
test,pure_stagewise_score,30,0.091742551537303,0.0122811362830059,-0.0012674415965176,0.0635313221935132,0.0395434692936004,0.0,0.6066666666666669,0.6,holdout diagnostics only; not used for parameter choice
valid,pure_stagewise_score,30,0.1704977821565076,0.7126608808469064,0.4863286167961332,5.611029813942154,1.5360363117833953,0.0,0.8500000000000009,1.0,positive rankic with robust-selected portfolio metrics; validation only for selection
test,pure_stagewise_score,30,0.091742551537303,0.0072951952999551,-0.0062913105676995,0.0381023313553891,0.0087629309570675,0.0,0.5800000000000003,0.6,holdout diagnostics only; not used for parameter choice
valid,pure_stagewise_score,50,0.1704977821565076,0.6279785081331559,0.4396224733886418,5.478345120056202,1.221436040047707,0.0,0.8600000000000005,0.75,positive rankic with robust-selected portfolio metrics; validation only for selection
test,pure_stagewise_score,50,0.091742551537303,0.0176694855675605,0.0040677021480856,0.1003625183496493,0.06540831738558,0.0,0.5800000000000003,0.6,holdout diagnostics only; not used for parameter choice
valid,pure_stagewise_score,20,0.1704977821565076,0.2285165847805743,0.1815796670787534,3.598222552980373,0.0615952685816804,0.0,0.8375000000000004,0.5,positive rankic with robust-selected portfolio metrics; validation only for selection
test,pure_stagewise_score,20,0.091742551537303,0.0217063709675646,0.0097431448747286,0.1082831389688379,0.0858914630959338,0.0,0.6500000000000002,0.6,holdout diagnostics only; not used for parameter choice
valid,pure_stagewise_score,20,0.1704977821565076,0.2337264755374466,0.1896740358705231,3.792599386700064,0.0721518046089447,0.0,0.8125000000000003,0.5,positive rankic with robust-selected portfolio metrics; validation only for selection
test,pure_stagewise_score,20,0.091742551537303,0.0642694759228541,0.0502866563116606,0.3549308131947757,0.322117151479525,0.0,0.5700000000000002,0.8,holdout diagnostics only; not used for parameter choice
valid,pure_stagewise_score,30,0.1704977821565076,0.2925130196703807,0.1679838999385608,1.846265071344392,0.2921551024164396,-0.0118378989114276,0.8083333333333341,0.75,positive rankic with robust-selected portfolio metrics; validation only for selection
test,pure_stagewise_score,30,0.091742551537303,0.0241461660644499,0.0108512713291176,0.1296491869570551,0.1032936943649393,0.0,0.5800000000000003,0.6,holdout diagnostics only; not used for parameter choice
valid,pure_stagewise_score,30,0.1704977821565076,0.3419119872163494,0.209936975606939,2.0922224803395864,0.4124119235496815,0.0,0.7583333333333341,0.75,positive rankic with robust-selected portfolio metrics; validation only for selection
test,pure_stagewise_score,30,0.091742551537303,0.0344763132167733,0.0214034462122932,0.1875184543537883,0.1594568164897709,0.0,0.5533333333333335,0.6,holdout diagnostics only; not used for parameter choice
valid,pure_stagewise_score,50,0.1704977821565076,0.4061272955294288,0.2602885053950343,3.657291976167933,0.8376710813629338,0.0,0.7850000000000006,0.75,positive rankic with robust-selected portfolio metrics; validation only for selection
test,pure_stagewise_score,50,0.091742551537303,0.0218321796544502,0.0080673543376353,0.1189793654966177,0.0978461732063477,0.0,0.5200000000000002,0.8,holdout diagnostics only; not used for parameter choice
valid,pure_stagewise_score,20,0.1704977821565076,0.3250599335746171,0.2128691073625501,3.2338035474366285,0.4163615280131347,0.0,0.8750000000000004,0.5,positive rankic with robust-selected portfolio metrics; validation only for selection
test,pure_stagewise_score,20,0.091742551537303,0.1622138040455378,0.1389052201644073,0.9056330040437806,1.041917703605132,0.0,0.6700000000000003,0.8,holdout diagnostics only; not used for parameter choice
valid,pure_stagewise_score,20,0.1704977821565076,0.3729773631786559,0.2378547037675906,3.3877045913959445,0.6665352230694229,0.0,0.8375000000000004,0.5,positive rankic with robust-selected portfolio metrics; validation only for selection
test,pure_stagewise_score,20,0.091742551537303,0.1159634962686855,0.0966219287495441,0.6972958799449634,0.9574279910477131,0.0,0.5800000000000002,0.8,holdout diagnostics only; not used for parameter choice
valid,pure_stagewise_score,30,0.1704977821565076,0.2844102007689801,0.1803625984811629,2.997499384640618,0.2876879270357316,0.0,0.850000000000001,0.5,positive rankic with robust-selected portfolio metrics; validation only for selection
test,pure_stagewise_score,30,0.091742551537303,0.0783593932983968,0.0620991516825001,0.4400222903143809,0.4990009067225094,0.0,0.5866666666666669,0.8,holdout diagnostics only; not used for parameter choice
valid,pure_stagewise_score,30,0.1704977821565076,0.2951252966606084,0.1684438194187893,2.5100763022644204,0.406492059573165,-0.0009356234647481,0.8083333333333341,0.5,positive rankic with robust-selected portfolio metrics; validation only for selection
test,pure_stagewise_score,30,0.091742551537303,0.1093509814543909,0.0908092419457355,0.6458715900635067,0.8131514064767432,0.0,0.4933333333333334,0.8,holdout diagnostics only; not used for parameter choice
valid,pure_stagewise_score,50,0.1704977821565076,0.3304966826171156,0.1857323064427877,2.3584387769967874,0.5659981842546106,0.0,0.7950000000000004,0.5,positive rankic with robust-selected portfolio metrics; validation only for selection
test,pure_stagewise_score,50,0.091742551537303,0.0627166634736122,0.0471145777492506,0.4113140986796345,0.5577143214108752,0.0,0.4640000000000002,0.6,holdout diagnostics only; not used for parameter choice
valid,pure_promethee_score,20,0.1704977821565076,-0.2221168816986868,-0.3913920861708642,-0.8540473384861231,-1.1394845465137284,-0.2219175404457358,0.325,0.25,positive rankic with robust-selected portfolio metrics; validation only for selection
test,pure_promethee_score,20,0.091742551537303,-0.2015659817286004,-0.2290325854878082,-2.498962752971269,-2.2255001182363308,-0.1575652261608686,0.38,0.0,holdout diagnostics only; not used for parameter choice
valid,pure_promethee_score,20,0.1704977821565076,-0.1132901209821432,-0.2666399283857844,-0.3607041607795931,-0.5617124408125821,-0.2069388424890337,0.125,0.25,positive rankic with robust-selected portfolio metrics; validation only for selection
test,pure_promethee_score,20,0.091742551537303,-0.1673347198647152,-0.1883931186260673,-2.2354036603884,-1.5978688077762393,-0.1256291787888798,0.26,0.0,holdout diagnostics only; not used for parameter choice
valid,pure_promethee_score,30,0.1704977821565076,-0.0853235832102525,-0.2364963999397888,-0.2980241474738578,-0.5875099535179041,-0.1992585743733916,0.2,0.25,positive rankic with robust-selected portfolio metrics; validation only for selection
test,pure_promethee_score,30,0.091742551537303,-0.1986288158179971,-0.2252848314421027,-2.394651544032889,-1.988897789277708,-0.1618037064264748,0.3199999999999999,0.0,holdout diagnostics only; not used for parameter choice
valid,pure_promethee_score,30,0.1704977821565076,-0.1201895470556939,-0.2869687306813743,-0.3994373593553372,-0.6595015348773342,-0.2172195005335326,0.0916666666666666,0.25,positive rankic with robust-selected portfolio metrics; validation only for selection
test,pure_promethee_score,30,0.091742551537303,-0.2196779552555983,-0.2510647954059217,-2.5428055973293646,-2.5990778667192296,-0.1752981344461401,0.2333333333333333,0.0,holdout diagnostics only; not used for parameter choice
valid,pure_promethee_score,50,0.1704977821565076,-0.0687933226616681,-0.223892222461872,-0.2376796282594909,-0.5484713857204621,-0.2020568442759178,0.165,0.25,positive rankic with robust-selected portfolio metrics; validation only for selection
test,pure_promethee_score,50,0.091742551537303,-0.2077026154910263,-0.2386026522499239,-1.8857140917400208,-4.037540285389633,-0.1459093854552798,0.244,0.0,holdout diagnostics only; not used for parameter choice
valid,pure_promethee_score,20,0.1704977821565076,-0.1862197389896982,-0.3409509042192441,-0.6621456841069402,-0.8477318970302663,-0.2153111376498171,0.25,0.25,positive rankic with robust-selected portfolio metrics; validation only for selection
test,pure_promethee_score,20,0.091742551537303,-0.198817165343477,-0.2251816154504273,-2.379359164636881,-1.869901540628176,-0.143659235118248,0.31,0.0,holdout diagnostics only; not used for parameter choice
valid,pure_promethee_score,20,0.1704977821565076,-0.0834186490209536,-0.2360570439401326,-0.2969056380817357,-0.6081563343009883,-0.1959295566366393,0.0875,0.25,positive rankic with robust-selected portfolio metrics; validation only for selection
test,pure_promethee_score,20,0.091742551537303,-0.1996536841172218,-0.2256659312395806,-2.7241377557388224,-1.803819130996031,-0.1604506772327368,0.15,0.0,holdout diagnostics only; not used for parameter choice
valid,pure_promethee_score,30,0.1704977821565076,-0.1089437373284576,-0.2616713514002287,-0.3645969292219628,-0.6005950633825529,-0.2078168861638031,0.1333333333333333,0.25,positive rankic with robust-selected portfolio metrics; validation only for selection
test,pure_promethee_score,30,0.091742551537303,-0.217869370923128,-0.24847553993094,-2.5794971374140045,-2.3135727224024305,-0.1788233043286955,0.24,0.0,holdout diagnostics only; not used for parameter choice
valid,pure_promethee_score,30,0.1704977821565076,-0.1080528818980087,-0.2582787731198221,-0.3329189403746211,-0.5153692092848101,-0.2152554327716976,0.075,0.25,positive rankic with robust-selected portfolio metrics; validation only for selection
test,pure_promethee_score,30,0.091742551537303,-0.2213929480225114,-0.253401395022385,-2.504548537685152,-2.8300125771428184,-0.1713985983311489,0.1666666666666666,0.0,holdout diagnostics only; not used for parameter choice
valid,pure_promethee_score,50,0.1704977821565076,-0.0591559990324662,-0.2077707948049751,-0.1837170046765998,-0.421059924351172,-0.2072701362741034,0.14,0.25,positive rankic with robust-selected portfolio metrics; validation only for selection
test,pure_promethee_score,50,0.091742551537303,-0.2102930266753275,-0.2415132040227778,-1.952769725923941,-3.88888497713293,-0.1489706225374367,0.176,0.0,holdout diagnostics only; not used for parameter choice
valid,pure_promethee_score,20,0.1704977821565076,-0.1805283913588536,-0.3462559844383734,-0.590919276300095,-0.7660491327925659,-0.225161873683948,0.225,0.25,positive rankic with robust-selected portfolio metrics; validation only for selection
test,pure_promethee_score,20,0.091742551537303,-0.2305211639563156,-0.2628620485587398,-2.815367088429402,-2.081539994647681,-0.1777196191750025,0.2299999999999999,0.0,holdout diagnostics only; not used for parameter choice
valid,pure_promethee_score,20,0.1704977821565076,-0.1254079427208424,-0.2935666004699383,-0.411150571934419,-0.6585141420495055,-0.2180968799178152,0.1,0.25,positive rankic with robust-selected portfolio metrics; validation only for selection
test,pure_promethee_score,20,0.091742551537303,-0.2033136534509271,-0.2298615591297075,-2.519964211704017,-1.7242616494420977,-0.1638778996296267,0.1,0.0,holdout diagnostics only; not used for parameter choice
valid,pure_promethee_score,30,0.1704977821565076,-0.094641828309524,-0.2521806845793658,-0.3210027880376741,-0.5963562555790074,-0.2082661912198782,0.1333333333333333,0.25,positive rankic with robust-selected portfolio metrics; validation only for selection
test,pure_promethee_score,30,0.091742551537303,-0.209250405404892,-0.239073073032697,-2.3105538311831006,-2.858481468122225,-0.1544501183298369,0.2066666666666666,0.0,holdout diagnostics only; not used for parameter choice
valid,pure_promethee_score,30,0.1704977821565076,-0.1359490638958147,-0.2954431213401165,-0.4202312407052006,-0.5923438076997374,-0.2259793181133492,0.075,0.25,positive rankic with robust-selected portfolio metrics; validation only for selection
test,pure_promethee_score,30,0.091742551537303,-0.2200907917428013,-0.2521249951118242,-2.363224530446144,-3.0146685715056933,-0.1630224870424864,0.1266666666666666,0.0,holdout diagnostics only; not used for parameter choice
valid,pure_promethee_score,50,0.1704977821565076,-0.0656473190627823,-0.2248396059624021,-0.194478434785369,-0.4137780787261408,-0.2187425542827907,0.0999999999999999,0.25,positive rankic with robust-selected portfolio metrics; validation only for selection
test,pure_promethee_score,50,0.091742551537303,-0.2025931472805027,-0.2330648083150983,-1.7308242196949235,-5.736738734957012,-0.1277817062669696,0.152,0.0,holdout diagnostics only; not used for parameter choice
valid,hybrid_score_70_30,20,0.1704977821565076,0.019757785606395,0.0424592432086801,0.1060047300903588,-0.2770297756550996,-0.0502862292112767,0.8875000000000004,0.5,positive rankic with robust-selected portfolio metrics; validation only for selection
test,hybrid_score_70_30,20,0.091742551537303,0.0143798608541223,0.0002967858367336,0.0638447380920442,0.0671003499436451,-0.0224921284627153,0.4100000000000001,0.6,holdout diagnostics only; not used for parameter choice
valid,hybrid_score_70_30,20,0.1704977821565076,0.0376828773621482,0.0337704462645688,0.175441499691757,-0.2425664093379522,-0.0502704212945734,0.7750000000000004,0.5,positive rankic with robust-selected portfolio metrics; validation only for selection
test,hybrid_score_70_30,20,0.091742551537303,0.0060473690005764,-0.0076027491101923,0.0272267853500713,0.0251117761518874,-0.0274829511171101,0.33,0.6,holdout diagnostics only; not used for parameter choice
valid,hybrid_score_70_30,30,0.1704977821565076,0.1960289900775822,0.1840032942576471,1.2472913490360338,0.0027762046006834,-0.0288141889891555,0.7916666666666675,0.5,positive rankic with robust-selected portfolio metrics; validation only for selection
test,hybrid_score_70_30,30,0.091742551537303,0.0083086205034943,-0.0058598117579578,0.0412918222457859,0.0217152507531286,-0.0329380904831239,0.4000000000000002,0.6,holdout diagnostics only; not used for parameter choice
valid,hybrid_score_70_30,30,0.1704977821565076,0.1306392287388116,0.1060776272582518,0.8083820735853028,-0.1192997984737115,-0.0462956213311062,0.7250000000000006,0.5,positive rankic with robust-selected portfolio metrics; validation only for selection
test,hybrid_score_70_30,30,0.091742551537303,0.0019670387989521,-0.0117950555270328,0.0099462343857002,-0.0176958428513572,-0.0334207605659234,0.3600000000000003,0.6,holdout diagnostics only; not used for parameter choice
valid,hybrid_score_70_30,50,0.1704977821565076,0.1188101864688284,0.0701272055993626,0.6024176450796387,-0.1327347715899052,-0.0892087934090466,0.6700000000000004,0.5,positive rankic with robust-selected portfolio metrics; validation only for selection
test,hybrid_score_70_30,50,0.091742551537303,-0.023022320331132,-0.0375642772479196,-0.1249083148798785,-0.2155884816262138,-0.0219224207314497,0.3720000000000001,0.4,holdout diagnostics only; not used for parameter choice
valid,hybrid_score_70_30,20,0.1704977821565076,-0.0676028583898924,-0.1078788216969313,-0.2558971196044253,-0.4053119504874353,-0.141133150451257,0.6375000000000003,0.25,positive rankic with robust-selected portfolio metrics; validation only for selection
test,hybrid_score_70_30,20,0.091742551537303,0.0444294541739027,0.0296953304555206,0.202918618546547,0.2083302572014687,-0.0149710399847176,0.4000000000000001,0.6,holdout diagnostics only; not used for parameter choice
valid,hybrid_score_70_30,20,0.1704977821565076,-0.0553236394368925,-0.0961502867223137,-0.2108221351174544,-0.3866346056651236,-0.1246295700749904,0.5625000000000002,0.25,positive rankic with robust-selected portfolio metrics; validation only for selection
test,hybrid_score_70_30,20,0.091742551537303,0.0020107788123369,-0.0111358733443255,0.0100192466685595,-0.0130225438393577,-0.0184639672931354,0.3700000000000001,0.4,holdout diagnostics only; not used for parameter choice
valid,hybrid_score_70_30,30,0.1704977821565076,-0.06051132711362,-0.1077016595186405,-0.2128790029373435,-0.3726406656894135,-0.1590019204981168,0.6000000000000002,0.25,positive rankic with robust-selected portfolio metrics; validation only for selection
test,hybrid_score_70_30,30,0.091742551537303,0.0012460599636421,-0.0127923722000561,0.0062169296648341,-0.0193784202153256,-0.0302139294376364,0.4133333333333335,0.6,holdout diagnostics only; not used for parameter choice
valid,hybrid_score_70_30,30,0.1704977821565076,-0.0841948092456231,-0.1195613429752291,-0.2818430839888525,-0.3828011591447449,-0.1565565306455475,0.5500000000000002,0.25,positive rankic with robust-selected portfolio metrics; validation only for selection
test,hybrid_score_70_30,30,0.091742551537303,0.0043760543318882,-0.0089106164227089,0.0218680210890337,-0.0010979863721067,-0.0273736073403233,0.3400000000000001,0.6,holdout diagnostics only; not used for parameter choice
valid,hybrid_score_70_30,50,0.1704977821565076,0.0089747577359757,-0.0655433192791296,0.035077918687845,-0.3114971789114288,-0.1355298527257502,0.5300000000000002,0.25,positive rankic with robust-selected portfolio metrics; validation only for selection
test,hybrid_score_70_30,50,0.091742551537303,-0.042047645584143,-0.0563526064075635,-0.2066985023531976,-0.2570069356864951,-0.040535701785176,0.3360000000000001,0.4,holdout diagnostics only; not used for parameter choice
valid,hybrid_score_70_30,20,0.1704977821565076,-0.0890894941561862,-0.2116601718436475,-0.3379858275935478,-0.5915081239368563,-0.1732286399862096,0.6875000000000002,0.25,positive rankic with robust-selected portfolio metrics; validation only for selection
test,hybrid_score_70_30,20,0.091742551537303,0.0236271272239021,0.0101970835202259,0.1093734382499537,0.0981150686855803,-0.0149710399847176,0.3600000000000001,0.4,holdout diagnostics only; not used for parameter choice
valid,hybrid_score_70_30,20,0.1704977821565076,-0.1047871137245362,-0.2218026747419998,-0.4222061581745266,-0.6630519944462481,-0.1682099988592595,0.5500000000000002,0.25,positive rankic with robust-selected portfolio metrics; validation only for selection
test,hybrid_score_70_30,20,0.091742551537303,0.0079041454858239,-0.0053770803569944,0.0391450466993984,0.01793371600789,-0.0198831699553868,0.2799999999999999,0.4,holdout diagnostics only; not used for parameter choice
valid,hybrid_score_70_30,30,0.1704977821565076,-0.039153243803741,-0.1222764619624556,-0.154736339270956,-0.4246149374412732,-0.1327509825544309,0.5833333333333336,0.25,positive rankic with robust-selected portfolio metrics; validation only for selection
test,hybrid_score_70_30,30,0.091742551537303,-0.0187238691189891,-0.0323844186867948,-0.098211281151961,-0.1491793326122554,-0.0236298499367729,0.3266666666666667,0.4,holdout diagnostics only; not used for parameter choice
valid,hybrid_score_70_30,30,0.1704977821565076,-0.0500120606406785,-0.1340340180623077,-0.2006646692880782,-0.4562124548986803,-0.1322811691534544,0.5083333333333335,0.25,positive rankic with robust-selected portfolio metrics; validation only for selection
test,hybrid_score_70_30,30,0.091742551537303,-0.0075385386144752,-0.0211252068763268,-0.0375427211391043,-0.0663048064731195,-0.0284090703707602,0.2533333333333333,0.4,holdout diagnostics only; not used for parameter choice
valid,hybrid_score_70_30,50,0.1704977821565076,-0.0380549415440263,-0.1179119864685688,-0.1386652748289409,-0.3804723683288631,-0.1408094820655757,0.4650000000000002,0.25,positive rankic with robust-selected portfolio metrics; validation only for selection
test,hybrid_score_70_30,50,0.091742551537303,-0.0189387703038219,-0.0326706577749065,-0.0940967237373261,-0.1311664901968511,-0.018614366554991,0.2960000000000001,0.4,holdout diagnostics only; not used for parameter choice
valid,hybrid_score_50_50,20,0.1704977821565076,0.3393525404996669,0.4281401058722076,1.530414601497751,0.1745178752122504,-0.0669633304946946,0.9375000000000004,0.5,positive rankic with robust-selected portfolio metrics; validation only for selection
test,hybrid_score_50_50,20,0.091742551537303,-0.0111904804610358,-0.0237226664264951,-0.0505923715088546,-0.0535021630123574,-0.0360198863435478,0.4400000000000001,0.6,holdout diagnostics only; not used for parameter choice
valid,hybrid_score_50_50,20,0.1704977821565076,0.3393525404996669,0.4281401058722076,1.530414601497751,0.1745178752122504,-0.0669633304946946,0.9375000000000004,0.5,positive rankic with robust-selected portfolio metrics; validation only for selection
test,hybrid_score_50_50,20,0.091742551537303,-0.0236569670891461,-0.034629277358594,-0.1025233186628166,-0.0883469577406848,-0.0633593882797591,0.3700000000000001,0.6,holdout diagnostics only; not used for parameter choice
valid,hybrid_score_50_50,30,0.1704977821565076,0.3881161878511612,0.4429984153115808,1.8033783378218355,0.2367712283489831,-0.0657920395151637,0.9333333333333346,0.75,positive rankic with robust-selected portfolio metrics; validation only for selection
test,hybrid_score_50_50,30,0.091742551537303,0.0152747219497713,0.002657744534656,0.0731170089598344,0.0571113406523844,-0.0382410931825494,0.4666666666666669,0.6,holdout diagnostics only; not used for parameter choice
valid,hybrid_score_50_50,30,0.1704977821565076,0.4106162392075734,0.4492190458971686,2.046187409789841,0.2689731949840422,-0.0506494114898996,0.9250000000000012,0.75,positive rankic with robust-selected portfolio metrics; validation only for selection
test,hybrid_score_50_50,30,0.091742551537303,0.0012007531542168,-0.0108874411139215,0.0057276507775706,-0.0085539019707015,-0.0488906074269798,0.3733333333333336,0.6,holdout diagnostics only; not used for parameter choice
valid,hybrid_score_50_50,50,0.1704977821565076,0.4343503684016971,0.4175682697083749,3.2058652711720206,0.3513866003588456,0.0,0.8700000000000006,0.75,positive rankic with robust-selected portfolio metrics; validation only for selection
test,hybrid_score_50_50,50,0.091742551537303,-0.0041985200458206,-0.0182351801355703,-0.0241835059962773,-0.0995945053985849,-0.0241265791523873,0.4360000000000002,0.4,holdout diagnostics only; not used for parameter choice
valid,hybrid_score_50_50,20,0.1704977821565076,0.2456933925217386,0.2676782908963486,1.4658199924048405,0.0779666271413952,-0.0383491227757955,0.9000000000000005,0.5,positive rankic with robust-selected portfolio metrics; validation only for selection
test,hybrid_score_50_50,20,0.091742551537303,-0.0134929052480973,-0.025720628492351,-0.0627499558556492,-0.0699786617366099,-0.056753536363158,0.38,0.6,holdout diagnostics only; not used for parameter choice
valid,hybrid_score_50_50,20,0.1704977821565076,0.216900361472734,0.2578918933804232,1.3568396596591887,0.0334029604980981,-0.0445456651871796,0.8000000000000004,0.5,positive rankic with robust-selected portfolio metrics; validation only for selection
test,hybrid_score_50_50,20,0.091742551537303,0.0281952511229515,0.014743220841368,0.1427319293672916,0.1202561049048547,-0.0429612335813485,0.32,0.6,holdout diagnostics only; not used for parameter choice
valid,hybrid_score_50_50,30,0.1704977821565076,0.1858264031225724,0.2378341567266683,1.2375519969053717,-0.0136584338678083,-0.0445267845537752,0.8416666666666676,0.5,positive rankic with robust-selected portfolio metrics; validation only for selection
test,hybrid_score_50_50,30,0.091742551537303,0.0118595945329111,-0.0004707801004746,0.0529710184767626,0.0475066713120728,-0.0562110570078576,0.38,0.6,holdout diagnostics only; not used for parameter choice
valid,hybrid_score_50_50,30,0.1704977821565076,0.1454489043911515,0.1643316481845856,0.9579728259601404,-0.0813250688056845,-0.0396274321431106,0.7916666666666674,0.5,positive rankic with robust-selected portfolio metrics; validation only for selection
test,hybrid_score_50_50,30,0.091742551537303,-0.0004389415101498,-0.0128599289257688,-0.0019504350210333,-0.0037052386312669,-0.063131536647758,0.3266666666666666,0.6,holdout diagnostics only; not used for parameter choice
valid,hybrid_score_50_50,50,0.1704977821565076,0.1415713730751902,0.1356338508733413,1.0950945708769757,-0.1046290598873724,0.0,0.7450000000000006,0.5,positive rankic with robust-selected portfolio metrics; validation only for selection
test,hybrid_score_50_50,50,0.091742551537303,-0.0292102799919219,-0.0430119034834651,-0.1452914573329812,-0.1870787923939699,-0.0384932287144121,0.3360000000000001,0.4,holdout diagnostics only; not used for parameter choice
valid,hybrid_score_50_50,20,0.1704977821565076,0.0597769585580343,0.0524974273727414,1.2819656610777477,-0.3216340031252249,0.0,0.8250000000000004,0.25,positive rankic with robust-selected portfolio metrics; validation only for selection
test,hybrid_score_50_50,20,0.091742551537303,0.0043549736143235,-0.0077670308547621,0.0190554278315707,0.0209282551189226,-0.0429612335813485,0.34,0.6,holdout diagnostics only; not used for parameter choice
valid,hybrid_score_50_50,20,0.1704977821565076,0.0379352056096584,0.0143136846305217,0.6142585994923333,-0.4034246005671,-0.0172632423268009,0.6625000000000002,0.25,positive rankic with robust-selected portfolio metrics; validation only for selection
test,hybrid_score_50_50,20,0.091742551537303,0.0294629278816045,0.0163575891326568,0.1399343494081249,0.1272271869422415,-0.0258631175119994,0.21,0.6,holdout diagnostics only; not used for parameter choice
valid,hybrid_score_50_50,30,0.1704977821565076,0.0541307306672504,0.0363200017069579,0.6243772744007884,-0.3314282417030663,-0.0244369158256685,0.7166666666666672,0.5,positive rankic with robust-selected portfolio metrics; validation only for selection
test,hybrid_score_50_50,30,0.091742551537303,0.0251944660664658,0.0106972646275632,0.1229722598682088,0.111846810373325,-0.0506466882293876,0.2733333333333333,0.6,holdout diagnostics only; not used for parameter choice
valid,hybrid_score_50_50,30,0.1704977821565076,0.0567435625728207,0.0320888956965224,0.646196237977136,-0.3368699215186769,-0.026924188584812,0.6916666666666671,0.5,positive rankic with robust-selected portfolio metrics; validation only for selection
test,hybrid_score_50_50,30,0.091742551537303,0.0121385652291678,-0.0013125869298493,0.0576382817766214,0.0441273080879244,-0.0431684792955538,0.2066666666666667,0.6,holdout diagnostics only; not used for parameter choice
valid,hybrid_score_50_50,50,0.1704977821565076,0.0763455810936795,0.0579864656717618,0.7988547312538764,-0.2726443391755689,-0.0076251850032387,0.6950000000000003,0.5,positive rankic with robust-selected portfolio metrics; validation only for selection
test,hybrid_score_50_50,50,0.091742551537303,-0.0141166804026836,-0.0277597661705243,-0.0745284971697426,-0.1244055533809946,-0.0353595283218172,0.256,0.4,holdout diagnostics only; not used for parameter choice
valid,hybrid_score_30_70,20,0.1704977821565076,0.4799110307536942,0.441077165207089,3.800174070639918,0.4315218145578743,0.0,0.9625000000000004,0.5,positive rankic with robust-selected portfolio metrics; validation only for selection
test,hybrid_score_30_70,20,0.091742551537303,-0.0036521484195086,-0.0149449934428053,-0.0171318271166864,-0.025209409361201,-0.0434271311899675,0.5300000000000001,0.6,holdout diagnostics only; not used for parameter choice
valid,hybrid_score_30_70,20,0.1704977821565076,0.4885833777590447,0.4539354434858251,3.887520365277768,0.4352196983800172,0.0,0.9375000000000004,0.5,positive rankic with robust-selected portfolio metrics; validation only for selection
test,hybrid_score_30_70,20,0.091742551537303,-0.0012000365750842,-0.0120626427501994,-0.0056366840837719,-0.0143234207498737,-0.0423022685405384,0.44,0.6,holdout diagnostics only; not used for parameter choice
valid,hybrid_score_30_70,30,0.1704977821565076,0.5270253489286194,0.4323096152935347,4.319554630969707,0.5916915126707821,0.0,0.9083333333333344,0.75,positive rankic with robust-selected portfolio metrics; validation only for selection
test,hybrid_score_30_70,30,0.091742551537303,-0.0011666733593977,-0.0127874660306146,-0.0058365352005743,-0.0265957798618526,-0.0282949950937698,0.4866666666666669,0.6,holdout diagnostics only; not used for parameter choice
valid,hybrid_score_30_70,30,0.1704977821565076,0.5181847255232614,0.4297982444038505,4.115700521112617,0.5631766296115853,0.0,0.9083333333333344,0.75,positive rankic with robust-selected portfolio metrics; validation only for selection
test,hybrid_score_30_70,30,0.091742551537303,-0.0248998864631617,-0.0370080351603293,-0.1233125412680101,-0.140646938640324,-0.0475000348224671,0.4000000000000002,0.6,holdout diagnostics only; not used for parameter choice
valid,hybrid_score_30_70,50,0.1704977821565076,0.4254972653887552,0.3861764470375834,3.1109163426434194,0.3657884359618089,0.0,0.8850000000000007,0.75,positive rankic with robust-selected portfolio metrics; validation only for selection
test,hybrid_score_30_70,50,0.091742551537303,0.0078105348327801,-0.0049634228007139,0.0396700780725168,0.0123687834379159,-0.0466851333855361,0.4680000000000002,0.4,holdout diagnostics only; not used for parameter choice
valid,hybrid_score_30_70,20,0.1704977821565076,0.3403399497308994,0.2606772881248028,6.637266644235459,0.3594568012086813,0.0,0.8750000000000004,0.5,positive rankic with robust-selected portfolio metrics; validation only for selection
test,hybrid_score_30_70,20,0.091742551537303,-0.008430304353089,-0.0208671412319829,-0.0372937115090495,-0.0357530184573068,-0.0428024723916691,0.4400000000000001,0.6,holdout diagnostics only; not used for parameter choice
valid,hybrid_score_30_70,20,0.1704977821565076,0.3357808349383426,0.2594715313838387,6.689873715753329,0.3411492726354346,0.0,0.8625000000000005,0.5,positive rankic with robust-selected portfolio metrics; validation only for selection
test,hybrid_score_30_70,20,0.091742551537303,-0.0337274687423028,-0.0450940961623652,-0.1533103145147938,-0.1442861126309644,-0.068629139605127,0.3600000000000001,0.6,holdout diagnostics only; not used for parameter choice
valid,hybrid_score_30_70,30,0.1704977821565076,0.3072677544973059,0.2542903943017717,5.762822483826507,0.2357336307839858,0.0,0.8416666666666677,0.5,positive rankic with robust-selected portfolio metrics; validation only for selection
test,hybrid_score_30_70,30,0.091742551537303,-0.0113922175041233,-0.024279316704738,-0.0561522358344732,-0.0793269262697276,-0.0410144874586345,0.3799999999999999,0.6,holdout diagnostics only; not used for parameter choice
valid,hybrid_score_30_70,30,0.1704977821565076,0.3029460767469687,0.2528911618165403,5.859606506274054,0.2234648665225446,0.0,0.825000000000001,0.5,positive rankic with robust-selected portfolio metrics; validation only for selection
test,hybrid_score_30_70,30,0.091742551537303,-0.0225694521546826,-0.0351919801936362,-0.1200816471691566,-0.1597405784544276,-0.0521781932806812,0.3133333333333333,0.6,holdout diagnostics only; not used for parameter choice
valid,hybrid_score_30_70,50,0.1704977821565076,0.1797704990765378,0.1519073652675823,5.075093821123907,-0.0558006240324638,0.0,0.8300000000000005,0.5,positive rankic with robust-selected portfolio metrics; validation only for selection
test,hybrid_score_30_70,50,0.091742551537303,-0.0070477139172248,-0.0206158156914961,-0.0362629982139152,-0.0730950590371822,-0.0389915243883418,0.3440000000000001,0.6,holdout diagnostics only; not used for parameter choice
valid,hybrid_score_30_70,20,0.1704977821565076,0.2596556193409027,0.1925137075569747,3.274110243139259,0.1487774305736822,0.0,0.8875000000000004,0.5,positive rankic with robust-selected portfolio metrics; validation only for selection
test,hybrid_score_30_70,20,0.091742551537303,0.0172472787252448,0.0040746767639828,0.089459885829715,0.0599918114723552,-0.0565513249051284,0.35,0.6,holdout diagnostics only; not used for parameter choice
valid,hybrid_score_30_70,20,0.1704977821565076,0.2971478813304733,0.2193797941868422,3.775854953126808,0.2518469321023341,0.0,0.8125000000000003,0.5,positive rankic with robust-selected portfolio metrics; validation only for selection
test,hybrid_score_30_70,20,0.091742551537303,0.0134347437523381,0.0017958371028238,0.0688852919717046,0.0367978066721667,-0.0600298113652369,0.29,0.6,holdout diagnostics only; not used for parameter choice
valid,hybrid_score_30_70,30,0.1704977821565076,0.2211248404977952,0.1673077987692793,2.2157889980598675,0.048531154700035,0.0,0.850000000000001,0.5,positive rankic with robust-selected portfolio metrics; validation only for selection
test,hybrid_score_30_70,30,0.091742551537303,0.0052870643686784,-0.0084893411659655,0.0280141791693287,-0.0077429684692582,-0.0361180048893756,0.2866666666666667,0.6,holdout diagnostics only; not used for parameter choice
valid,hybrid_score_30_70,30,0.1704977821565076,0.1974074670747867,0.1475115536982167,1.8608234509675587,-0.0057210067746638,-0.0015554140028209,0.8166666666666675,0.5,positive rankic with robust-selected portfolio metrics; validation only for selection
test,hybrid_score_30_70,30,0.091742551537303,0.0204682647843712,0.0060163144823747,0.103783459322726,0.0896075884073203,-0.0358242770749407,0.2333333333333333,0.6,holdout diagnostics only; not used for parameter choice
valid,hybrid_score_30_70,50,0.1704977821565076,0.1620069536609383,0.114176776279672,2.010122048702076,-0.100287928461916,-0.0028438612480906,0.8700000000000006,0.5,positive rankic with robust-selected portfolio metrics; validation only for selection
test,hybrid_score_30_70,50,0.091742551537303,0.0019723776398492,-0.0111044288331784,0.0101560250938941,-0.0205159821710999,-0.0442678905091923,0.2800000000000001,0.4,holdout diagnostics only; not used for parameter choice
valid,pure_stagewise_score,20,0.1543553468241593,0.9421028955951232,0.5751265946441126,4.47105004628782,2.2196699896335867,0.0,0.9625000000000004,1.0,positive rankic with robust-selected portfolio metrics; validation only for selection
test,pure_stagewise_score,20,0.0717572494237452,-0.01377193577296,-0.0265202804554084,-0.0691754847104967,-0.0974971907504854,0.0,0.6800000000000003,0.6,holdout diagnostics only; not used for parameter choice
valid,pure_stagewise_score,20,0.1543553468241593,0.9421028955951232,0.5751265946441126,4.47105004628782,2.2196699896335867,0.0,0.9625000000000004,1.0,positive rankic with robust-selected portfolio metrics; validation only for selection
test,pure_stagewise_score,20,0.0717572494237452,-0.0203333760304827,-0.0334911099604259,-0.102576247305822,-0.1390634390974456,0.0,0.6200000000000002,0.6,holdout diagnostics only; not used for parameter choice
valid,pure_stagewise_score,30,0.1543553468241593,0.8467543022229151,0.5513120525716033,5.92867690112137,2.383038102265787,0.0,0.966666666666668,1.0,positive rankic with robust-selected portfolio metrics; validation only for selection
test,pure_stagewise_score,30,0.0717572494237452,0.0298407406767435,0.0155205240431757,0.1646569412512588,0.1536970303064228,0.0,0.646666666666667,0.6,holdout diagnostics only; not used for parameter choice
valid,pure_stagewise_score,30,0.1543553468241593,0.8467543022229151,0.5513120525716033,5.92867690112137,2.383038102265787,0.0,0.966666666666668,1.0,positive rankic with robust-selected portfolio metrics; validation only for selection
test,pure_stagewise_score,30,0.0717572494237452,0.0209694116284981,0.0069238403417244,0.1196331977958656,0.0931351136339297,0.0,0.6133333333333336,0.6,holdout diagnostics only; not used for parameter choice
valid,pure_stagewise_score,50,0.1543553468241593,0.6688519156299133,0.4405182249406479,5.510302112776728,2.048257624456252,0.0,0.9650000000000007,1.0,positive rankic with robust-selected portfolio metrics; validation only for selection
test,pure_stagewise_score,50,0.0717572494237452,0.0292580099062995,0.015203954263731,0.1595758918003364,0.1386586681913724,0.0,0.6240000000000004,0.6,holdout diagnostics only; not used for parameter choice
valid,pure_stagewise_score,20,0.1543553468241593,0.4013948156839588,0.3079847243236848,4.845853570280767,0.4857152854192962,0.0,0.9375000000000004,0.75,positive rankic with robust-selected portfolio metrics; validation only for selection
test,pure_stagewise_score,20,0.0717572494237452,0.0144193638141156,0.0024159300113356,0.0786639662233733,0.0416858076741778,0.0,0.6700000000000003,0.4,holdout diagnostics only; not used for parameter choice
valid,pure_stagewise_score,20,0.1543553468241593,0.4034378272723269,0.3113564338011658,4.99705055745586,0.4857583715043213,0.0,0.8875000000000004,0.75,positive rankic with robust-selected portfolio metrics; validation only for selection
test,pure_stagewise_score,20,0.0717572494237452,0.0265299376374938,0.0139578153808501,0.1397191389772015,0.1115888117352048,0.0,0.6300000000000002,0.6,holdout diagnostics only; not used for parameter choice
valid,pure_stagewise_score,30,0.1543553468241593,0.4341717633305679,0.2965827230160472,4.584299387263467,0.8030663799597562,0.0,0.8916666666666677,0.75,positive rankic with robust-selected portfolio metrics; validation only for selection
test,pure_stagewise_score,30,0.0717572494237452,0.0171665281981927,0.0041678500991472,0.0858914562589736,0.0682818601410862,0.0,0.6600000000000004,0.6,holdout diagnostics only; not used for parameter choice
valid,pure_stagewise_score,30,0.1543553468241593,0.4348759978678556,0.2975181176623189,4.614543861113914,0.8022573615664554,0.0,0.8833333333333344,0.75,positive rankic with robust-selected portfolio metrics; validation only for selection
test,pure_stagewise_score,30,0.0717572494237452,0.0314390691217818,0.0184204722292191,0.1558586391641329,0.140874660369333,0.0,0.6400000000000003,0.6,holdout diagnostics only; not used for parameter choice
valid,pure_stagewise_score,50,0.1543553468241593,0.2712270969959571,0.1788253487338343,3.416623239964514,0.2259508453722918,0.0,0.8600000000000005,0.5,positive rankic with robust-selected portfolio metrics; validation only for selection
test,pure_stagewise_score,50,0.0717572494237452,0.0118422518610963,-0.0018827576959393,0.0643659781851924,0.0300985818986828,0.0,0.6040000000000003,0.6,holdout diagnostics only; not used for parameter choice
valid,pure_stagewise_score,20,0.1543553468241593,0.3429886729569447,0.2557920056552739,4.81775484288953,0.3768450041525654,0.0,0.9500000000000004,0.5,positive rankic with robust-selected portfolio metrics; validation only for selection
test,pure_stagewise_score,20,0.0717572494237452,0.1471908617416601,0.1270938779670801,0.8167635277451244,0.771689239504506,0.0,0.7100000000000002,0.8,holdout diagnostics only; not used for parameter choice
valid,pure_stagewise_score,20,0.1543553468241593,0.3218162565551898,0.233190004149638,4.483216125301024,0.3394060893749551,0.0,0.9250000000000004,0.5,positive rankic with robust-selected portfolio metrics; validation only for selection
test,pure_stagewise_score,20,0.0717572494237452,0.1047067329372446,0.0883518635905997,0.5717191718714754,0.5356342558107742,0.0,0.6300000000000002,0.8,holdout diagnostics only; not used for parameter choice
valid,pure_stagewise_score,30,0.1543553468241593,0.3319840374567604,0.2296218838893922,3.6834355533601553,0.396534134881462,0.0,0.9250000000000012,0.75,positive rankic with robust-selected portfolio metrics; validation only for selection
test,pure_stagewise_score,30,0.0717572494237452,0.1220735872653331,0.1033581273063505,0.808015070523557,0.955585995159716,0.0,0.6533333333333339,0.8,holdout diagnostics only; not used for parameter choice
valid,pure_stagewise_score,30,0.1543553468241593,0.3274810675044706,0.2233006507490776,3.5061188107577514,0.3913391851655264,0.0,0.916666666666668,0.75,positive rankic with robust-selected portfolio metrics; validation only for selection
test,pure_stagewise_score,30,0.0717572494237452,0.1147193651049245,0.0969003310321235,0.7691382878288265,0.8517981542913404,0.0,0.6000000000000004,0.8,holdout diagnostics only; not used for parameter choice
valid,pure_stagewise_score,50,0.1543553468241593,0.3381701368215926,0.2049616552222844,2.882420008675202,0.5645731406215171,-0.0046589805859477,0.9150000000000004,0.75,positive rankic with robust-selected portfolio metrics; validation only for selection
test,pure_stagewise_score,50,0.0717572494237452,0.0808189796741534,0.0655514994041819,0.5367737623918092,0.5339649336445067,0.0,0.5640000000000004,0.6,holdout diagnostics only; not used for parameter choice
valid,pure_promethee_score,20,0.1543553468241593,-0.1765077783394765,-0.3598132475512404,-0.6580283387819391,-1.1016224549929494,-0.2219175404457358,0.3125,0.25,positive rankic with robust-selected portfolio metrics; validation only for selection
test,pure_promethee_score,20,0.0717572494237452,-0.2042942905542105,-0.2316083035708078,-2.5010169049854625,-1.9000512589986127,-0.1700879409288181,0.5000000000000001,0.0,holdout diagnostics only; not used for parameter choice
valid,pure_promethee_score,20,0.1543553468241593,-0.0960006220755796,-0.2636386870898903,-0.3072062297940749,-0.5631401550580879,-0.2089559155823507,0.1374999999999999,0.25,positive rankic with robust-selected portfolio metrics; validation only for selection
test,pure_promethee_score,20,0.0717572494237452,-0.154298232294113,-0.1732314581541776,-1.745436841177953,-1.270934540456488,-0.1171453581794635,0.34,0.2,holdout diagnostics only; not used for parameter choice
valid,pure_promethee_score,30,0.1543553468241593,-0.0670899243113857,-0.2273027898430611,-0.2281378469823821,-0.5421185128268932,-0.2033566459273594,0.2416666666666666,0.25,positive rankic with robust-selected portfolio metrics; validation only for selection
test,pure_promethee_score,30,0.0717572494237452,-0.2095575176107976,-0.2388748247590737,-2.342508345150291,-2.3235539334760915,-0.1665210631956488,0.3999999999999999,0.0,holdout diagnostics only; not used for parameter choice
valid,pure_promethee_score,30,0.1543553468241593,-0.1035404490674128,-0.2725362857757822,-0.3369730604433988,-0.6029601831384916,-0.2172195005335326,0.1166666666666666,0.25,positive rankic with robust-selected portfolio metrics; validation only for selection
test,pure_promethee_score,30,0.0717572494237452,-0.2028892331619687,-0.2318565880086638,-2.132319330672304,-2.9904818320733284,-0.1496314399865437,0.3133333333333333,0.0,holdout diagnostics only; not used for parameter choice
valid,pure_promethee_score,50,0.1543553468241593,-0.0329938695071141,-0.1948986476668996,-0.1109397049331071,-0.4533958282721648,-0.2020568442759178,0.175,0.25,positive rankic with robust-selected portfolio metrics; validation only for selection
test,pure_promethee_score,50,0.0717572494237452,-0.2094077555559645,-0.2407061979822791,-1.891360262193544,-4.242145808726452,-0.1491153169575998,0.3440000000000001,0.0,holdout diagnostics only; not used for parameter choice
valid,pure_promethee_score,20,0.1543553468241593,-0.1471922446555222,-0.3080761657224254,-0.51409803952121,-0.7648636984658116,-0.2153111376498171,0.2375,0.25,positive rankic with robust-selected portfolio metrics; validation only for selection
test,pure_promethee_score,20,0.0717572494237452,-0.2087830089889975,-0.2374994188902691,-2.367469119376093,-2.1064111641711745,-0.1554810137555801,0.36,0.0,holdout diagnostics only; not used for parameter choice
valid,pure_promethee_score,20,0.1543553468241593,-0.0965759357433934,-0.2614483528763176,-0.3495022165558677,-0.71212556849928,-0.2017779213949327,0.075,0.25,positive rankic with robust-selected portfolio metrics; validation only for selection
test,pure_promethee_score,20,0.0717572494237452,-0.188495827433718,-0.213581376532509,-2.3479359046594324,-2.0395720742723937,-0.1434970054900264,0.27,0.0,holdout diagnostics only; not used for parameter choice
valid,pure_promethee_score,30,0.1543553468241593,-0.1051507181653318,-0.2571491325817093,-0.3480320265969231,-0.5791473030783187,-0.2078168861638031,0.15,0.25,positive rankic with robust-selected portfolio metrics; validation only for selection
test,pure_promethee_score,30,0.0717572494237452,-0.2291447611130178,-0.2637834504322807,-2.2365012884485127,-3.641748835540746,-0.1761949997197506,0.3333333333333333,0.0,holdout diagnostics only; not used for parameter choice
valid,pure_promethee_score,30,0.1543553468241593,-0.0924188623737438,-0.2443783922503578,-0.2869250228072995,-0.4935794740966884,-0.2115367412281129,0.0833333333333333,0.25,positive rankic with robust-selected portfolio metrics; validation only for selection
test,pure_promethee_score,30,0.0717572494237452,-0.2211443898702096,-0.2535804312767422,-2.340062853709301,-3.153600496566746,-0.1703587510322889,0.2466666666666666,0.0,holdout diagnostics only; not used for parameter choice
valid,pure_promethee_score,50,0.1543553468241593,-0.0544423948626779,-0.2052103764952299,-0.1687805713050335,-0.4134225249945292,-0.2063725026388099,0.14,0.25,positive rankic with robust-selected portfolio metrics; validation only for selection
test,pure_promethee_score,50,0.0717572494237452,-0.1948840313744215,-0.2233040523663155,-1.7872558254878257,-3.457139416042469,-0.133059420383474,0.244,0.0,holdout diagnostics only; not used for parameter choice
valid,pure_promethee_score,20,0.1543553468241593,-0.1468987836829317,-0.3121361921008825,-0.5019094904661469,-0.7510337732978517,-0.2195838363685709,0.2249999999999999,0.25,positive rankic with robust-selected portfolio metrics; validation only for selection
test,pure_promethee_score,20,0.0717572494237452,-0.2275069706533304,-0.2593509494052999,-2.842645745048002,-2.1502275504148427,-0.1693836870678362,0.2799999999999999,0.0,holdout diagnostics only; not used for parameter choice
valid,pure_promethee_score,20,0.1543553468241593,-0.0892457280497696,-0.2560407231311843,-0.2960599021090179,-0.5859929379426039,-0.2116293569875177,0.0875,0.25,positive rankic with robust-selected portfolio metrics; validation only for selection
test,pure_promethee_score,20,0.0717572494237452,-0.2180548492432737,-0.2476552015689614,-2.8543830653610804,-1.9722255623935605,-0.170213350468532,0.19,0.0,holdout diagnostics only; not used for parameter choice
valid,pure_promethee_score,30,0.1543553468241593,-0.0932211377069581,-0.2484618992293201,-0.3096068641590113,-0.5645673372548214,-0.2082661912198781,0.1416666666666666,0.25,positive rankic with robust-selected portfolio metrics; validation only for selection
test,pure_promethee_score,30,0.0717572494237452,-0.2225842159835528,-0.2550194919131325,-2.477310579087898,-3.070908770426433,-0.1640349380487181,0.24,0.0,holdout diagnostics only; not used for parameter choice
valid,pure_promethee_score,30,0.1543553468241593,-0.0836076454291153,-0.2361364939394787,-0.2518599057263996,-0.4524765411332374,-0.2129345716486723,0.0916666666666666,0.25,positive rankic with robust-selected portfolio metrics; validation only for selection
test,pure_promethee_score,30,0.0717572494237452,-0.2378445030032312,-0.2730263008301675,-2.8124202357668446,-2.849532190736765,-0.1838787338006486,0.1533333333333333,0.0,holdout diagnostics only; not used for parameter choice
valid,pure_promethee_score,50,0.1543553468241593,-0.0636204397340043,-0.2193962499475026,-0.190371923328826,-0.4126532067501308,-0.2153621577782909,0.1149999999999999,0.25,positive rankic with robust-selected portfolio metrics; validation only for selection
test,pure_promethee_score,50,0.0717572494237452,-0.2077561781742678,-0.2395925349372454,-1.676138135281117,-7.538271497656726,-0.1277915666100129,0.196,0.0,holdout diagnostics only; not used for parameter choice
valid,hybrid_score_70_30,20,0.1543553468241593,0.0074569598843308,-0.1416256408993534,0.0227861382005396,-0.2777611475133315,-0.2257494827328522,0.8625000000000004,0.5,positive rankic with robust-selected portfolio metrics; validation only for selection
test,hybrid_score_70_30,20,0.0717572494237452,0.0100706927352649,-0.0041141314883284,0.0484702602022995,0.037437445389435,-0.0178739897472355,0.4800000000000001,0.6,holdout diagnostics only; not used for parameter choice
valid,hybrid_score_70_30,20,0.1543553468241593,0.055300030235216,-0.1204629131815538,0.1707112869516106,-0.2094625598007862,-0.2002988029875797,0.8000000000000003,0.5,positive rankic with robust-selected portfolio metrics; validation only for selection
test,hybrid_score_70_30,20,0.0717572494237452,-0.0208978484976063,-0.0336439538492774,-0.1020951161472429,-0.1221939072607812,-0.0254183382794422,0.4000000000000001,0.4,holdout diagnostics only; not used for parameter choice
valid,hybrid_score_70_30,30,0.1543553468241593,0.0582879342024191,-0.0831089897339973,0.1931546294861417,-0.2085626040843884,-0.1867428056445107,0.8083333333333341,0.5,positive rankic with robust-selected portfolio metrics; validation only for selection
test,hybrid_score_70_30,30,0.0717572494237452,0.0094561063092271,-0.0047340902959308,0.0469565512300793,0.0285026643280268,-0.0186163400014787,0.4466666666666669,0.4,holdout diagnostics only; not used for parameter choice
valid,hybrid_score_70_30,30,0.1543553468241593,0.0386007320692649,-0.0874412615466905,0.1271378554214369,-0.2333418556858217,-0.1872690093596803,0.7166666666666673,0.25,positive rankic with robust-selected portfolio metrics; validation only for selection
test,hybrid_score_70_30,30,0.0717572494237452,-0.0137173820038879,-0.0276839619947036,-0.0662379106334028,-0.0927106750592621,-0.037089858719134,0.4066666666666669,0.4,holdout diagnostics only; not used for parameter choice
valid,hybrid_score_70_30,50,0.1543553468241593,0.0489613851168997,-0.0542939755965328,0.1905512229900983,-0.2581268935278043,-0.1575537340018155,0.7250000000000003,0.25,positive rankic with robust-selected portfolio metrics; validation only for selection
test,hybrid_score_70_30,50,0.0717572494237452,-0.0399712268683901,-0.0546131383628605,-0.2130017416515124,-0.3124196618875812,-0.0263607172117098,0.4080000000000002,0.4,holdout diagnostics only; not used for parameter choice
valid,hybrid_score_70_30,20,0.1543553468241593,-0.0617959829612463,-0.1376121206576511,-0.1917448506969289,-0.3481463242852939,-0.1805750674955268,0.6625000000000002,0.25,positive rankic with robust-selected portfolio metrics; validation only for selection
test,hybrid_score_70_30,20,0.0717572494237452,-0.0005670422861776,-0.0145180133275371,-0.0029380404224332,-0.0392966194709018,-0.0203613436644507,0.4800000000000001,0.4,holdout diagnostics only; not used for parameter choice
valid,hybrid_score_70_30,20,0.1543553468241593,-0.0569009678482291,-0.1311101114820399,-0.1688905759346451,-0.3204184866017622,-0.1729444084797265,0.6125000000000003,0.25,positive rankic with robust-selected portfolio metrics; validation only for selection
test,hybrid_score_70_30,20,0.0717572494237452,-0.0021199791991148,-0.0146643008195209,-0.0108993340521861,-0.0405560708662319,-0.010682043798716,0.4200000000000001,0.4,holdout diagnostics only; not used for parameter choice
valid,hybrid_score_70_30,30,0.1543553468241593,-0.0142784637969147,-0.1288118310295218,-0.0438537590373036,-0.2917746716203789,-0.2174206463796449,0.6166666666666671,0.25,positive rankic with robust-selected portfolio metrics; validation only for selection
test,hybrid_score_70_30,30,0.0717572494237452,-0.0013643695444842,-0.0153152401336199,-0.0063640812112676,-0.0188001459532869,-0.0288442450237039,0.4466666666666669,0.4,holdout diagnostics only; not used for parameter choice
valid,hybrid_score_70_30,30,0.1543553468241593,-0.0343132274980972,-0.1482297768537063,-0.105406808258113,-0.3271542410231934,-0.2198862154975269,0.5916666666666671,0.25,positive rankic with robust-selected portfolio metrics; validation only for selection
test,hybrid_score_70_30,30,0.0717572494237452,-0.0111946353923736,-0.0248020455748545,-0.0520493179636486,-0.0658077209655305,-0.034800456265122,0.3733333333333335,0.4,holdout diagnostics only; not used for parameter choice
valid,hybrid_score_70_30,50,0.1543553468241593,-0.0906886886346292,-0.1993371585899933,-0.3477408127952145,-0.5670374344176956,-0.1966946691963325,0.5800000000000003,0.25,positive rankic with robust-selected portfolio metrics; validation only for selection
test,hybrid_score_70_30,50,0.0717572494237452,-0.0428372895170298,-0.0570774314608111,-0.2241838118731228,-0.3011512937770307,-0.0303329639709437,0.3760000000000001,0.4,holdout diagnostics only; not used for parameter choice
valid,hybrid_score_70_30,20,0.1543553468241593,-0.0693744144512784,-0.1979313242385839,-0.2504820781213074,-0.5214222095592761,-0.1837948759172721,0.7500000000000003,0.25,positive rankic with robust-selected portfolio metrics; validation only for selection
test,hybrid_score_70_30,20,0.0717572494237452,0.0048712799915695,-0.0078046726343901,0.0235303070871406,0.0047663671101263,-0.0184639672931354,0.4200000000000001,0.4,holdout diagnostics only; not used for parameter choice
valid,hybrid_score_70_30,20,0.1543553468241593,-0.0805399451452327,-0.2003606390140803,-0.2892673491900405,-0.5222687825386348,-0.1785293193193985,0.6375000000000003,0.25,positive rankic with robust-selected portfolio metrics; validation only for selection
test,hybrid_score_70_30,20,0.0717572494237452,-0.0095306540789801,-0.0216951378956974,-0.0463731580091319,-0.0627665735391209,-0.0239789455377207,0.37,0.4,holdout diagnostics only; not used for parameter choice
valid,hybrid_score_70_30,30,0.1543553468241593,-0.08950247521072,-0.2221545574435587,-0.2945548350003814,-0.5001163300936943,-0.1974845998642014,0.6500000000000005,0.25,positive rankic with robust-selected portfolio metrics; validation only for selection
test,hybrid_score_70_30,30,0.0717572494237452,0.0018777792496293,-0.0117386578372372,0.0090020468129745,-0.0083867043940931,-0.0234221338503684,0.3933333333333335,0.4,holdout diagnostics only; not used for parameter choice
valid,hybrid_score_70_30,30,0.1543553468241593,-0.087257071416824,-0.2043655958633483,-0.2840104535584459,-0.4627083497504384,-0.185707749805096,0.5916666666666671,0.25,positive rankic with robust-selected portfolio metrics; validation only for selection
test,hybrid_score_70_30,30,0.0717572494237452,0.0309383427609915,0.0164411945792239,0.1558657757147794,0.1428310256167958,-0.0185426579961266,0.3333333333333334,0.4,holdout diagnostics only; not used for parameter choice
valid,hybrid_score_70_30,50,0.1543553468241593,-0.0627090538892299,-0.187755048574474,-0.2013670272034569,-0.4177741978402928,-0.1887126975450186,0.5750000000000003,0.25,positive rankic with robust-selected portfolio metrics; validation only for selection
test,hybrid_score_70_30,50,0.0717572494237452,-0.0383825371875412,-0.0525891276434038,-0.1986338388171502,-0.2701797423717665,-0.0168806464176589,0.324,0.4,holdout diagnostics only; not used for parameter choice
valid,hybrid_score_50_50,20,0.1543553468241593,0.2936011112731491,0.3099196242037222,1.4340262383561102,0.1452595184954404,-0.0614397745619359,0.9875000000000004,0.75,positive rankic with robust-selected portfolio metrics; validation only for selection
test,hybrid_score_50_50,20,0.0717572494237452,-0.0369959809672891,-0.0495224937908257,-0.1673248136562922,-0.1665205121361284,-0.0576783517686696,0.5200000000000001,0.6,holdout diagnostics only; not used for parameter choice
valid,hybrid_score_50_50,20,0.1543553468241593,0.2944220361177547,0.310164304119471,1.441630707941648,0.1464900954057895,-0.0608441601947974,0.9625000000000004,0.75,positive rankic with robust-selected portfolio metrics; validation only for selection
test,hybrid_score_50_50,20,0.0717572494237452,-0.0153454348703224,-0.0265546546961124,-0.0680761257126624,-0.0622100510309975,-0.0571282709411991,0.4300000000000001,0.6,holdout diagnostics only; not used for parameter choice
valid,hybrid_score_50_50,30,0.1543553468241593,0.3214138049784922,0.2885125387046683,1.4352907144062743,0.1990727969927571,-0.0430627671593627,0.9583333333333346,0.75,positive rankic with robust-selected portfolio metrics; validation only for selection
test,hybrid_score_50_50,30,0.0717572494237452,0.0127791085901853,0.0004471047409924,0.0566582529855648,0.0532260537568774,-0.0327836910015231,0.5133333333333335,0.4,holdout diagnostics only; not used for parameter choice
valid,hybrid_score_50_50,30,0.1543553468241593,0.306833818071913,0.279898545750349,1.402844084490044,0.1779565478865129,-0.0451343139815034,0.941666666666668,0.75,positive rankic with robust-selected portfolio metrics; validation only for selection
test,hybrid_score_50_50,30,0.0717572494237452,0.0177639105089668,0.005329599521789,0.0789804465423165,0.0744447637243355,-0.0297822030159429,0.4333333333333335,0.6,holdout diagnostics only; not used for parameter choice
valid,hybrid_score_50_50,50,0.1543553468241593,0.2807687015279396,0.2429766234987454,1.3515674182282122,0.1479432661960467,-0.0433820372951516,0.9350000000000008,0.75,positive rankic with robust-selected portfolio metrics; validation only for selection
test,hybrid_score_50_50,50,0.0717572494237452,-0.00528847548597,-0.0195080933725892,-0.0284911776946985,-0.0837547761080021,-0.0286858674000975,0.4720000000000002,0.4,holdout diagnostics only; not used for parameter choice
valid,hybrid_score_50_50,20,0.1543553468241593,0.265272581686198,0.3030757893603187,1.036856960766121,0.1071200969203416,-0.09195310100022,0.9500000000000004,0.75,positive rankic with robust-selected portfolio metrics; validation only for selection
test,hybrid_score_50_50,20,0.0717572494237452,-0.008309326625016,-0.020599050304771,-0.0410341501258017,-0.0610434742039856,-0.0591117968474357,0.5500000000000002,0.6,holdout diagnostics only; not used for parameter choice
valid,hybrid_score_50_50,20,0.1543553468241593,0.2549937009739003,0.3000453669717473,0.9733804267698766,0.0947362723471226,-0.0993299349655557,0.9250000000000004,0.75,positive rankic with robust-selected portfolio metrics; validation only for selection
test,hybrid_score_50_50,20,0.0717572494237452,0.0234602857334631,0.0101454264995853,0.1083823733082331,0.0974999522794619,-0.0448204574362982,0.4600000000000001,0.6,holdout diagnostics only; not used for parameter choice
valid,hybrid_score_50_50,30,0.1543553468241593,0.1874825310853487,0.1941347880222668,0.8558445330158894,0.0036659665204393,-0.078302135482961,0.916666666666668,0.5,positive rankic with robust-selected portfolio metrics; validation only for selection
test,hybrid_score_50_50,30,0.0717572494237452,0.0239140644685522,0.0108359145073398,0.1097200057903206,0.1009602864655692,-0.0340705042765657,0.506666666666667,0.6,holdout diagnostics only; not used for parameter choice
valid,hybrid_score_50_50,30,0.1543553468241593,0.1433034477400665,0.1661864038480346,0.6641182058720666,-0.0607925621629305,-0.0928900202419407,0.875000000000001,0.5,positive rankic with robust-selected portfolio metrics; validation only for selection
test,hybrid_score_50_50,30,0.0717572494237452,-0.0065027827017067,-0.0199356574543088,-0.0308457779082526,-0.0468383374398553,-0.0321113164273967,0.4000000000000002,0.6,holdout diagnostics only; not used for parameter choice
valid,hybrid_score_50_50,50,0.1543553468241593,0.097654077962179,0.0548853899980791,0.6401897129646675,-0.2082863378575209,-0.0555538728598193,0.8100000000000005,0.5,positive rankic with robust-selected portfolio metrics; validation only for selection
test,hybrid_score_50_50,50,0.0717572494237452,-0.0479272550179146,-0.0618358837970379,-0.2361302540228071,-0.2781638706684707,-0.0402027637321258,0.4120000000000002,0.4,holdout diagnostics only; not used for parameter choice
valid,hybrid_score_50_50,20,0.1543553468241593,0.1867985730080983,0.175809999806224,1.0367588522812332,-0.0082127180160701,-0.013277142941914,0.8875000000000004,0.5,positive rankic with robust-selected portfolio metrics; validation only for selection
test,hybrid_score_50_50,20,0.0717572494237452,0.0122939796296956,-0.0007173185834965,0.0608922276907977,0.0372095257029984,-0.0406506678204963,0.4900000000000001,0.4,holdout diagnostics only; not used for parameter choice
valid,hybrid_score_50_50,20,0.1543553468241593,0.1780313534387567,0.1700492095192986,0.9793148054737706,-0.0222097457003556,-0.0126408252448054,0.8500000000000004,0.5,positive rankic with robust-selected portfolio metrics; validation only for selection
test,hybrid_score_50_50,20,0.0717572494237452,0.0124099642649482,-0.0001279677979014,0.0597458576634806,0.0397708193479421,-0.0542797115205746,0.3900000000000001,0.4,holdout diagnostics only; not used for parameter choice
valid,hybrid_score_50_50,30,0.1543553468241593,0.0766838977559021,0.0674508128837386,0.4194787627918242,-0.2005761370397062,-0.0486603534699414,0.8333333333333343,0.5,positive rankic with robust-selected portfolio metrics; validation only for selection
test,hybrid_score_50_50,30,0.0717572494237452,0.0033419669749392,-0.0099565994457641,0.0164225341762875,-0.0051088884284758,-0.0411557722063925,0.4333333333333335,0.4,holdout diagnostics only; not used for parameter choice
valid,hybrid_score_50_50,30,0.1543553468241593,0.0826024168092025,0.0734308516228008,0.4397856580196672,-0.1862260886512495,-0.0486603534699414,0.8083333333333342,0.5,positive rankic with robust-selected portfolio metrics; validation only for selection
test,hybrid_score_50_50,30,0.0717572494237452,0.0140624390994545,0.0005610832123872,0.0677265870388184,0.0498588775619353,-0.0464836262710058,0.3800000000000001,0.4,holdout diagnostics only; not used for parameter choice
valid,hybrid_score_50_50,50,0.1543553468241593,0.0779413003469027,0.0362949760942835,0.4319661321929581,-0.2255368724673946,-0.0676617498007863,0.8050000000000004,0.5,positive rankic with robust-selected portfolio metrics; validation only for selection
test,hybrid_score_50_50,50,0.0717572494237452,-0.0102684282047885,-0.0236604739271806,-0.0515257441632606,-0.0822748343998988,-0.0315838431633231,0.3880000000000001,0.4,holdout diagnostics only; not used for parameter choice
valid,hybrid_score_30_70,20,0.1543553468241593,0.4793530334364368,0.3724946746741059,2.509482691796876,0.491603646431784,0.0,0.9875000000000004,0.75,positive rankic with robust-selected portfolio metrics; validation only for selection
test,hybrid_score_30_70,20,0.0717572494237452,-0.0221883786757856,-0.0333540444409639,-0.1033742439817536,-0.1029127874001419,-0.0434271311899675,0.5800000000000002,0.4,holdout diagnostics only; not used for parameter choice
valid,hybrid_score_30_70,20,0.1543553468241593,0.4793530334364368,0.3724946746741059,2.509482691796876,0.491603646431784,0.0,0.9875000000000004,0.75,positive rankic with robust-selected portfolio metrics; validation only for selection
test,hybrid_score_30_70,20,0.0717572494237452,-0.0101668405488876,-0.0209543602325147,-0.0473873617474759,-0.0504599824225191,-0.0361276227194617,0.5100000000000001,0.6,holdout diagnostics only; not used for parameter choice
valid,hybrid_score_30_70,30,0.1543553468241593,0.4154859063565155,0.354450389631327,2.3040295524916,0.3574566237450755,0.0,0.9750000000000012,0.75,positive rankic with robust-selected portfolio metrics; validation only for selection
test,hybrid_score_30_70,30,0.0717572494237452,-0.0034400256746124,-0.0150162990918135,-0.0154680047527672,-0.0168482635304784,-0.0418328214501924,0.5666666666666669,0.6,holdout diagnostics only; not used for parameter choice
valid,hybrid_score_30_70,30,0.1543553468241593,0.4129140666356155,0.3537034758585347,2.273964933713064,0.3514560582309596,-0.0011295627275325,0.966666666666668,0.75,positive rankic with robust-selected portfolio metrics; validation only for selection
test,hybrid_score_30_70,30,0.0717572494237452,-0.0174643855672361,-0.0295819661560945,-0.0798474633035338,-0.0826010973148869,-0.0473219668233071,0.4866666666666669,0.6,holdout diagnostics only; not used for parameter choice
valid,hybrid_score_30_70,50,0.1543553468241593,0.3523644785610851,0.3013617887912048,2.550423096920231,0.2814302959748015,0.0,0.9700000000000006,0.75,positive rankic with robust-selected portfolio metrics; validation only for selection
test,hybrid_score_30_70,50,0.0717572494237452,-0.0055700400317038,-0.017849754355716,-0.0304945376948362,-0.0718853618808534,-0.0471142218436195,0.5240000000000002,0.4,holdout diagnostics only; not used for parameter choice
valid,hybrid_score_30_70,20,0.1543553468241593,0.397924578285733,0.3479118680681102,2.8779621079140467,0.3437448875965628,0.0,0.9500000000000004,0.75,positive rankic with robust-selected portfolio metrics; validation only for selection
test,hybrid_score_30_70,20,0.0717572494237452,0.0205459407780257,0.0072912593545036,0.1026471965963611,0.0815779835113492,-0.0380903580248166,0.6100000000000002,0.6,holdout diagnostics only; not used for parameter choice
valid,hybrid_score_30_70,20,0.1543553468241593,0.3842097169381251,0.3437663810359412,2.6611573763200216,0.311251600836084,0.0,0.9500000000000004,0.75,positive rankic with robust-selected portfolio metrics; validation only for selection
test,hybrid_score_30_70,20,0.0717572494237452,0.0292796173204166,0.0162337604260508,0.1395324809288058,0.1176607081891322,-0.0632193966572149,0.5300000000000001,0.6,holdout diagnostics only; not used for parameter choice
valid,hybrid_score_30_70,30,0.1543553468241593,0.3125743564182484,0.2613144882694052,2.1238943930448486,0.2168609688682747,0.0,0.9500000000000012,0.75,positive rankic with robust-selected portfolio metrics; validation only for selection
test,hybrid_score_30_70,30,0.0717572494237452,0.0118050257750101,-0.0012536229495247,0.0581215381927694,0.0379398283151923,-0.046550545133826,0.5133333333333335,0.6,holdout diagnostics only; not used for parameter choice
valid,hybrid_score_30_70,30,0.1543553468241593,0.3075796162477771,0.2581683581994571,2.117185338003137,0.2075749332174035,0.0,0.9333333333333346,0.75,positive rankic with robust-selected portfolio metrics; validation only for selection
test,hybrid_score_30_70,30,0.0717572494237452,0.0041718125122374,-0.0081996310687976,0.0210881123448128,-0.0045585220330039,-0.0463216253884695,0.4666666666666669,0.6,holdout diagnostics only; not used for parameter choice
valid,hybrid_score_30_70,50,0.1543553468241593,0.2166614378270852,0.1752777087038831,2.031837002485478,0.036448588579281,0.0,0.9450000000000008,0.75,positive rankic with robust-selected portfolio metrics; validation only for selection
test,hybrid_score_30_70,50,0.0717572494237452,-0.0156989178229176,-0.0287376484153133,-0.076332704203064,-0.0981354487667625,-0.0443640909518772,0.4960000000000003,0.6,holdout diagnostics only; not used for parameter choice
valid,hybrid_score_30_70,20,0.1543553468241593,0.1339064520556598,0.172707180557993,1.2968874978704283,-0.1100563980989847,-0.0364048666913013,0.9750000000000004,0.5,positive rankic with robust-selected portfolio metrics; validation only for selection
test,hybrid_score_30_70,20,0.0717572494237452,0.0317174648427196,0.0171543211892333,0.1561775448306396,0.1529578080815028,-0.0300319314930872,0.5800000000000002,0.6,holdout diagnostics only; not used for parameter choice
valid,hybrid_score_30_70,20,0.1543553468241593,0.1339064520556598,0.172707180557993,1.2968874978704283,-0.1100563980989847,-0.0364048666913013,0.9750000000000004,0.5,positive rankic with robust-selected portfolio metrics; validation only for selection
test,hybrid_score_30_70,20,0.0717572494237452,0.0153101661963448,0.0030116932700433,0.0750180019387681,0.0529190577151883,-0.0508708846276096,0.4800000000000001,0.6,holdout diagnostics only; not used for parameter choice
valid,hybrid_score_30_70,30,0.1543553468241593,0.2643828397577654,0.2090100428748519,1.9404046562793469,0.138465300573853,-0.0039505464061874,0.9750000000000012,0.75,positive rankic with robust-selected portfolio metrics; validation only for selection
test,hybrid_score_30_70,30,0.0717572494237452,0.0286208114724351,0.0142819929584135,0.1473956283567284,0.1344324990767532,-0.0322164495706214,0.5000000000000003,0.6,holdout diagnostics only; not used for parameter choice
valid,hybrid_score_30_70,30,0.1543553468241593,0.2643828397577654,0.2090100428748519,1.9404046562793469,0.138465300573853,-0.0039505464061874,0.966666666666668,0.75,positive rankic with robust-selected portfolio metrics; validation only for selection
test,hybrid_score_30_70,30,0.0717572494237452,0.0055257565017963,-0.0082515809992672,0.0260603555579785,0.0145744832122726,-0.0377963581677713,0.4066666666666668,0.6,holdout diagnostics only; not used for parameter choice
valid,hybrid_score_30_70,50,0.1543553468241593,0.2293398418199803,0.176866785650731,1.5901018193178322,0.0686985170384671,-0.0154706496435809,0.9750000000000008,0.75,positive rankic with robust-selected portfolio metrics; validation only for selection
test,hybrid_score_30_70,50,0.0717572494237452,0.0227254021410896,0.0095459565371808,0.1134173520838657,0.0928231579424077,-0.0316862751619372,0.4200000000000002,0.6,holdout diagnostics only; not used for parameter choice
valid,pure_stagewise_score,20,0.1543468633381849,0.9421028955951232,0.5751265946441126,4.47105004628782,2.2196699896335867,0.0,0.9625000000000004,1.0,positive rankic with robust-selected portfolio metrics; validation only for selection
test,pure_stagewise_score,20,0.0717463571520783,-0.01377193577296,-0.0265202804554084,-0.0691754847104967,-0.0974971907504854,0.0,0.6800000000000003,0.6,holdout diagnostics only; not used for parameter choice
valid,pure_stagewise_score,20,0.1543468633381849,0.9421028955951232,0.5751265946441126,4.47105004628782,2.2196699896335867,0.0,0.9625000000000004,1.0,positive rankic with robust-selected portfolio metrics; validation only for selection
test,pure_stagewise_score,20,0.0717463571520783,-0.0203333760304827,-0.0334911099604259,-0.102576247305822,-0.1390634390974456,0.0,0.6200000000000002,0.6,holdout diagnostics only; not used for parameter choice
valid,pure_stagewise_score,30,0.1543468633381849,0.8467543022229151,0.5513120525716033,5.92867690112137,2.383038102265787,0.0,0.966666666666668,1.0,positive rankic with robust-selected portfolio metrics; validation only for selection
test,pure_stagewise_score,30,0.0717463571520783,0.0298407406767435,0.0155205240431757,0.1646569412512588,0.1536970303064228,0.0,0.646666666666667,0.6,holdout diagnostics only; not used for parameter choice
valid,pure_stagewise_score,30,0.1543468633381849,0.8467543022229151,0.5513120525716033,5.92867690112137,2.383038102265787,0.0,0.966666666666668,1.0,positive rankic with robust-selected portfolio metrics; validation only for selection
test,pure_stagewise_score,30,0.0717463571520783,0.0209694116284981,0.0069238403417244,0.1196331977958656,0.0931351136339297,0.0,0.6133333333333336,0.6,holdout diagnostics only; not used for parameter choice
valid,pure_stagewise_score,50,0.1543468633381849,0.6688519156299133,0.4405182249406479,5.510302112776728,2.048257624456252,0.0,0.9650000000000007,1.0,positive rankic with robust-selected portfolio metrics; validation only for selection
test,pure_stagewise_score,50,0.0717463571520783,0.0292580099062995,0.015203954263731,0.1595758918003364,0.1386586681913724,0.0,0.6240000000000004,0.6,holdout diagnostics only; not used for parameter choice
valid,pure_stagewise_score,20,0.1543468633381849,0.4013948156839588,0.3079847243236848,4.845853570280767,0.4857152854192962,0.0,0.9375000000000004,0.75,positive rankic with robust-selected portfolio metrics; validation only for selection
test,pure_stagewise_score,20,0.0717463571520783,0.0144193638141156,0.0024159300113356,0.0786639662233733,0.0416858076741778,0.0,0.6700000000000003,0.4,holdout diagnostics only; not used for parameter choice
valid,pure_stagewise_score,20,0.1543468633381849,0.4034378272723269,0.3113564338011658,4.99705055745586,0.4857583715043213,0.0,0.8875000000000004,0.75,positive rankic with robust-selected portfolio metrics; validation only for selection
test,pure_stagewise_score,20,0.0717463571520783,0.0265299376374938,0.0139578153808501,0.1397191389772015,0.1115888117352048,0.0,0.6300000000000002,0.6,holdout diagnostics only; not used for parameter choice
valid,pure_stagewise_score,30,0.1543468633381849,0.4341717633305679,0.2965827230160472,4.584299387263467,0.8030663799597562,0.0,0.8916666666666677,0.75,positive rankic with robust-selected portfolio metrics; validation only for selection
test,pure_stagewise_score,30,0.0717463571520783,0.0171665281981927,0.0041678500991472,0.0858914562589736,0.0682818601410862,0.0,0.6600000000000004,0.6,holdout diagnostics only; not used for parameter choice
valid,pure_stagewise_score,30,0.1543468633381849,0.4348759978678556,0.2975181176623189,4.614543861113914,0.8022573615664554,0.0,0.8833333333333344,0.75,positive rankic with robust-selected portfolio metrics; validation only for selection
test,pure_stagewise_score,30,0.0717463571520783,0.0314390691217818,0.0184204722292191,0.1558586391641329,0.140874660369333,0.0,0.6400000000000003,0.6,holdout diagnostics only; not used for parameter choice
valid,pure_stagewise_score,50,0.1543468633381849,0.2712270969959571,0.1788253487338343,3.416623239964514,0.2259508453722918,0.0,0.8600000000000005,0.5,positive rankic with robust-selected portfolio metrics; validation only for selection
test,pure_stagewise_score,50,0.0717463571520783,0.0172723041606339,0.0033828309853991,0.0963089185862862,0.0634119583623728,0.0,0.6040000000000003,0.6,holdout diagnostics only; not used for parameter choice
valid,pure_stagewise_score,20,0.1543468633381849,0.3429886729569447,0.2557920056552739,4.81775484288953,0.3768450041525654,0.0,0.9500000000000004,0.5,positive rankic with robust-selected portfolio metrics; validation only for selection
test,pure_stagewise_score,20,0.0717463571520783,0.1471908617416601,0.1270938779670801,0.8167635277451244,0.771689239504506,0.0,0.7100000000000002,0.8,holdout diagnostics only; not used for parameter choice
valid,pure_stagewise_score,20,0.1543468633381849,0.3218162565551898,0.233190004149638,4.483216125301024,0.3394060893749551,0.0,0.9250000000000004,0.5,positive rankic with robust-selected portfolio metrics; validation only for selection
test,pure_stagewise_score,20,0.0717463571520783,0.1047067329372446,0.0883518635905997,0.5717191718714754,0.5356342558107742,0.0,0.6300000000000002,0.8,holdout diagnostics only; not used for parameter choice
valid,pure_stagewise_score,30,0.1543468633381849,0.3319840374567604,0.2296218838893922,3.6834355533601553,0.396534134881462,0.0,0.9250000000000012,0.75,positive rankic with robust-selected portfolio metrics; validation only for selection
test,pure_stagewise_score,30,0.0717463571520783,0.1220735872653331,0.1033581273063505,0.808015070523557,0.955585995159716,0.0,0.6533333333333339,0.8,holdout diagnostics only; not used for parameter choice
valid,pure_stagewise_score,30,0.1543468633381849,0.3274810675044706,0.2233006507490776,3.5061188107577514,0.3913391851655264,0.0,0.916666666666668,0.75,positive rankic with robust-selected portfolio metrics; validation only for selection
test,pure_stagewise_score,30,0.0717463571520783,0.1147193651049245,0.0969003310321235,0.7691382878288265,0.8517981542913404,0.0,0.6000000000000004,0.8,holdout diagnostics only; not used for parameter choice
valid,pure_stagewise_score,50,0.1543468633381849,0.3381701368215926,0.2049616552222844,2.882420008675202,0.5645731406215171,-0.0046589805859477,0.9150000000000004,0.75,positive rankic with robust-selected portfolio metrics; validation only for selection
test,pure_stagewise_score,50,0.0717463571520783,0.0808189796741534,0.0655514994041819,0.5367737623918092,0.5339649336445067,0.0,0.5640000000000004,0.6,holdout diagnostics only; not used for parameter choice
valid,pure_promethee_score,20,0.1543468633381849,-0.1765077783394765,-0.3598132475512404,-0.6580283387819391,-1.1016224549929494,-0.2219175404457358,0.3125,0.25,positive rankic with robust-selected portfolio metrics; validation only for selection
test,pure_promethee_score,20,0.0717463571520783,-0.2042942905542105,-0.2316083035708078,-2.5010169049854625,-1.9000512589986127,-0.1700879409288181,0.5000000000000001,0.0,holdout diagnostics only; not used for parameter choice
valid,pure_promethee_score,20,0.1543468633381849,-0.0960006220755796,-0.2636386870898903,-0.3072062297940749,-0.5631401550580879,-0.2089559155823507,0.1374999999999999,0.25,positive rankic with robust-selected portfolio metrics; validation only for selection
test,pure_promethee_score,20,0.0717463571520783,-0.154298232294113,-0.1732314581541776,-1.745436841177953,-1.270934540456488,-0.1171453581794635,0.34,0.2,holdout diagnostics only; not used for parameter choice
valid,pure_promethee_score,30,0.1543468633381849,-0.0670899243113857,-0.2273027898430611,-0.2281378469823821,-0.5421185128268932,-0.2033566459273594,0.2416666666666666,0.25,positive rankic with robust-selected portfolio metrics; validation only for selection
test,pure_promethee_score,30,0.0717463571520783,-0.2095575176107976,-0.2388748247590737,-2.342508345150291,-2.3235539334760915,-0.1665210631956488,0.3999999999999999,0.0,holdout diagnostics only; not used for parameter choice
valid,pure_promethee_score,30,0.1543468633381849,-0.1035404490674128,-0.2725362857757822,-0.3369730604433988,-0.6029601831384916,-0.2172195005335326,0.1166666666666666,0.25,positive rankic with robust-selected portfolio metrics; validation only for selection
test,pure_promethee_score,30,0.0717463571520783,-0.2028892331619687,-0.2318565880086638,-2.132319330672304,-2.9904818320733284,-0.1496314399865437,0.3133333333333333,0.0,holdout diagnostics only; not used for parameter choice
valid,pure_promethee_score,50,0.1543468633381849,-0.0329938695071141,-0.1948986476668996,-0.1109397049331071,-0.4533958282721648,-0.2020568442759178,0.175,0.25,positive rankic with robust-selected portfolio metrics; validation only for selection
test,pure_promethee_score,50,0.0717463571520783,-0.2094077555559645,-0.2407061979822791,-1.891360262193544,-4.242145808726452,-0.1491153169575998,0.3440000000000001,0.0,holdout diagnostics only; not used for parameter choice
valid,pure_promethee_score,20,0.1543468633381849,-0.1471922446555222,-0.3080761657224254,-0.51409803952121,-0.7648636984658116,-0.2153111376498171,0.2375,0.25,positive rankic with robust-selected portfolio metrics; validation only for selection
test,pure_promethee_score,20,0.0717463571520783,-0.2087830089889975,-0.2374994188902691,-2.367469119376093,-2.1064111641711745,-0.1554810137555801,0.36,0.0,holdout diagnostics only; not used for parameter choice
valid,pure_promethee_score,20,0.1543468633381849,-0.0965759357433934,-0.2614483528763176,-0.3495022165558677,-0.71212556849928,-0.2017779213949327,0.075,0.25,positive rankic with robust-selected portfolio metrics; validation only for selection
test,pure_promethee_score,20,0.0717463571520783,-0.188495827433718,-0.213581376532509,-2.3479359046594324,-2.0395720742723937,-0.1434970054900264,0.27,0.0,holdout diagnostics only; not used for parameter choice
valid,pure_promethee_score,30,0.1543468633381849,-0.1051507181653318,-0.2571491325817093,-0.3480320265969231,-0.5791473030783187,-0.2078168861638031,0.15,0.25,positive rankic with robust-selected portfolio metrics; validation only for selection
test,pure_promethee_score,30,0.0717463571520783,-0.2291447611130178,-0.2637834504322807,-2.2365012884485127,-3.641748835540746,-0.1761949997197506,0.3333333333333333,0.0,holdout diagnostics only; not used for parameter choice
valid,pure_promethee_score,30,0.1543468633381849,-0.0924188623737438,-0.2443783922503578,-0.2869250228072995,-0.4935794740966884,-0.2115367412281129,0.0833333333333333,0.25,positive rankic with robust-selected portfolio metrics; validation only for selection
test,pure_promethee_score,30,0.0717463571520783,-0.2211443898702096,-0.2535804312767422,-2.340062853709301,-3.153600496566746,-0.1703587510322889,0.2466666666666666,0.0,holdout diagnostics only; not used for parameter choice
valid,pure_promethee_score,50,0.1543468633381849,-0.0544423948626779,-0.2052103764952299,-0.1687805713050335,-0.4134225249945292,-0.2063725026388099,0.14,0.25,positive rankic with robust-selected portfolio metrics; validation only for selection
test,pure_promethee_score,50,0.0717463571520783,-0.1948840313744215,-0.2233040523663155,-1.7872558254878257,-3.457139416042469,-0.133059420383474,0.244,0.0,holdout diagnostics only; not used for parameter choice
valid,pure_promethee_score,20,0.1543468633381849,-0.1468987836829317,-0.3121361921008825,-0.5019094904661469,-0.7510337732978517,-0.2195838363685709,0.2249999999999999,0.25,positive rankic with robust-selected portfolio metrics; validation only for selection
test,pure_promethee_score,20,0.0717463571520783,-0.2275069706533304,-0.2593509494052999,-2.842645745048002,-2.1502275504148427,-0.1693836870678362,0.2799999999999999,0.0,holdout diagnostics only; not used for parameter choice
valid,pure_promethee_score,20,0.1543468633381849,-0.0892457280497696,-0.2560407231311843,-0.2960599021090179,-0.5859929379426039,-0.2116293569875177,0.0875,0.25,positive rankic with robust-selected portfolio metrics; validation only for selection
test,pure_promethee_score,20,0.0717463571520783,-0.2180548492432737,-0.2476552015689614,-2.8543830653610804,-1.9722255623935605,-0.170213350468532,0.19,0.0,holdout diagnostics only; not used for parameter choice
valid,pure_promethee_score,30,0.1543468633381849,-0.0932211377069581,-0.2484618992293201,-0.3096068641590113,-0.5645673372548214,-0.2082661912198781,0.1416666666666666,0.25,positive rankic with robust-selected portfolio metrics; validation only for selection
test,pure_promethee_score,30,0.0717463571520783,-0.2225842159835528,-0.2550194919131325,-2.477310579087898,-3.070908770426433,-0.1640349380487181,0.24,0.0,holdout diagnostics only; not used for parameter choice
valid,pure_promethee_score,30,0.1543468633381849,-0.0836076454291153,-0.2361364939394787,-0.2518599057263996,-0.4524765411332374,-0.2129345716486723,0.0916666666666666,0.25,positive rankic with robust-selected portfolio metrics; validation only for selection
test,pure_promethee_score,30,0.0717463571520783,-0.2378445030032312,-0.2730263008301675,-2.8124202357668446,-2.849532190736765,-0.1838787338006486,0.1533333333333333,0.0,holdout diagnostics only; not used for parameter choice
valid,pure_promethee_score,50,0.1543468633381849,-0.0636204397340043,-0.2193962499475026,-0.190371923328826,-0.4126532067501308,-0.2153621577782909,0.1149999999999999,0.25,positive rankic with robust-selected portfolio metrics; validation only for selection
test,pure_promethee_score,50,0.0717463571520783,-0.2077561781742678,-0.2395925349372454,-1.676138135281117,-7.538271497656726,-0.1277915666100129,0.196,0.0,holdout diagnostics only; not used for parameter choice
valid,hybrid_score_70_30,20,0.1543468633381849,0.0074569598843308,-0.1416256408993534,0.0227861382005396,-0.2777611475133315,-0.2257494827328522,0.8625000000000004,0.5,positive rankic with robust-selected portfolio metrics; validation only for selection
test,hybrid_score_70_30,20,0.0717463571520783,0.0100706927352649,-0.0041141314883284,0.0484702602022995,0.037437445389435,-0.0178739897472355,0.4800000000000001,0.6,holdout diagnostics only; not used for parameter choice
valid,hybrid_score_70_30,20,0.1543468633381849,0.055300030235216,-0.1204629131815538,0.1707112869516106,-0.2094625598007862,-0.2002988029875797,0.8000000000000003,0.5,positive rankic with robust-selected portfolio metrics; validation only for selection
test,hybrid_score_70_30,20,0.0717463571520783,-0.0208978484976063,-0.0336439538492774,-0.1020951161472429,-0.1221939072607813,-0.0254183382794422,0.4000000000000001,0.4,holdout diagnostics only; not used for parameter choice
valid,hybrid_score_70_30,30,0.1543468633381849,0.0582879342024191,-0.0831089897339973,0.1931546294861417,-0.2085626040843884,-0.1867428056445107,0.8083333333333341,0.5,positive rankic with robust-selected portfolio metrics; validation only for selection
test,hybrid_score_70_30,30,0.0717463571520783,0.0094561063092271,-0.0047340902959308,0.0469565512300793,0.0285026643280268,-0.0186163400014787,0.4466666666666669,0.4,holdout diagnostics only; not used for parameter choice
valid,hybrid_score_70_30,30,0.1543468633381849,0.0386007320692649,-0.0874412615466905,0.1271378554214369,-0.2333418556858217,-0.1872690093596803,0.7166666666666673,0.25,positive rankic with robust-selected portfolio metrics; validation only for selection
test,hybrid_score_70_30,30,0.0717463571520783,-0.0097325756926723,-0.023580356120267,-0.0470155190246937,-0.0708731070146836,-0.0345321805857408,0.4066666666666669,0.4,holdout diagnostics only; not used for parameter choice
valid,hybrid_score_70_30,50,0.1543468633381849,0.0489613851168997,-0.0542939755965328,0.1905512229900983,-0.2581268935278043,-0.1575537340018155,0.7250000000000003,0.25,positive rankic with robust-selected portfolio metrics; validation only for selection
test,hybrid_score_70_30,50,0.0717463571520783,-0.0399712268683901,-0.0546131383628605,-0.2130017416515124,-0.3124196618875809,-0.0263607172117098,0.4080000000000002,0.4,holdout diagnostics only; not used for parameter choice
valid,hybrid_score_70_30,20,0.1543468633381849,-0.0617959829612463,-0.1376121206576511,-0.1917448506969289,-0.3481463242852939,-0.1805750674955268,0.6625000000000002,0.25,positive rankic with robust-selected portfolio metrics; validation only for selection
test,hybrid_score_70_30,20,0.0717463571520783,-0.0005670422861776,-0.0145180133275371,-0.0029380404224332,-0.0392966194709018,-0.0203613436644507,0.4800000000000001,0.4,holdout diagnostics only; not used for parameter choice
valid,hybrid_score_70_30,20,0.1543468633381849,-0.0569009678482291,-0.1311101114820399,-0.1688905759346451,-0.3204184866017622,-0.1729444084797265,0.6125000000000003,0.25,positive rankic with robust-selected portfolio metrics; validation only for selection
test,hybrid_score_70_30,20,0.0717463571520783,-0.0021199791991148,-0.0146643008195209,-0.0108993340521861,-0.0405560708662319,-0.010682043798716,0.4200000000000001,0.4,holdout diagnostics only; not used for parameter choice
valid,hybrid_score_70_30,30,0.1543468633381849,-0.0142784637969147,-0.1288118310295218,-0.0438537590373036,-0.2917746716203789,-0.2174206463796449,0.6166666666666671,0.25,positive rankic with robust-selected portfolio metrics; validation only for selection
test,hybrid_score_70_30,30,0.0717463571520783,-0.0013643695444842,-0.0153152401336199,-0.0063640812112676,-0.0188001459532868,-0.0288442450237039,0.4466666666666669,0.4,holdout diagnostics only; not used for parameter choice
valid,hybrid_score_70_30,30,0.1543468633381849,-0.0343132274980972,-0.1482297768537063,-0.105406808258113,-0.3271542410231934,-0.2198862154975269,0.5916666666666671,0.25,positive rankic with robust-selected portfolio metrics; validation only for selection
test,hybrid_score_70_30,30,0.0717463571520783,-0.0111946353923736,-0.0248020455748545,-0.0520493179636486,-0.0658077209655304,-0.034800456265122,0.3733333333333335,0.4,holdout diagnostics only; not used for parameter choice
valid,hybrid_score_70_30,50,0.1543468633381849,-0.0898964960614243,-0.1989883865105395,-0.3447503425486352,-0.5664932684411509,-0.1959948290985304,0.5800000000000003,0.25,positive rankic with robust-selected portfolio metrics; validation only for selection
test,hybrid_score_70_30,50,0.0717463571520783,-0.0428372895170298,-0.0570774314608111,-0.2241838118731228,-0.3011512937770307,-0.0303329639709437,0.3760000000000001,0.4,holdout diagnostics only; not used for parameter choice
valid,hybrid_score_70_30,20,0.1543468633381849,-0.0693744144512784,-0.1979313242385839,-0.2504820781213074,-0.5214222095592761,-0.1837948759172721,0.7500000000000003,0.25,positive rankic with robust-selected portfolio metrics; validation only for selection
test,hybrid_score_70_30,20,0.0717463571520783,-0.0097517274029093,-0.0222860191791603,-0.0502718924939373,-0.0804813043697348,-0.0184639672931354,0.41,0.4,holdout diagnostics only; not used for parameter choice
valid,hybrid_score_70_30,20,0.1543468633381849,-0.0805399451452327,-0.2003606390140803,-0.2892673491900405,-0.5222687825386348,-0.1785293193193985,0.6375000000000003,0.25,positive rankic with robust-selected portfolio metrics; validation only for selection
test,hybrid_score_70_30,20,0.0717463571520783,-0.0095306540789801,-0.0216951378956974,-0.0463731580091319,-0.0627665735391209,-0.0239789455377207,0.37,0.4,holdout diagnostics only; not used for parameter choice
valid,hybrid_score_70_30,30,0.1543468633381849,-0.08950247521072,-0.2221545574435587,-0.2945548350003814,-0.5001163300936943,-0.1974845998642014,0.6500000000000005,0.25,positive rankic with robust-selected portfolio metrics; validation only for selection
test,hybrid_score_70_30,30,0.0717463571520783,0.0018777792496293,-0.0117386578372371,0.0090020468129745,-0.0083867043940931,-0.0234221338503684,0.3933333333333335,0.4,holdout diagnostics only; not used for parameter choice
valid,hybrid_score_70_30,30,0.1543468633381849,-0.087257071416824,-0.2043655958633483,-0.2840104535584459,-0.4627083497504384,-0.185707749805096,0.5916666666666671,0.25,positive rankic with robust-selected portfolio metrics; validation only for selection
test,hybrid_score_70_30,30,0.0717463571520783,0.0288932898139766,0.0143236391501541,0.1458135798521945,0.1331251042219132,-0.0185426579961266,0.3266666666666667,0.4,holdout diagnostics only; not used for parameter choice
valid,hybrid_score_70_30,50,0.1543468633381849,-0.0627090538892299,-0.187755048574474,-0.2013670272034569,-0.4177741978402928,-0.1887126975450186,0.5750000000000003,0.25,positive rankic with robust-selected portfolio metrics; validation only for selection
test,hybrid_score_70_30,50,0.0717463571520783,-0.0383825371875412,-0.0525891276434038,-0.1986338388171502,-0.2701797423717665,-0.0168806464176589,0.324,0.4,holdout diagnostics only; not used for parameter choice
valid,hybrid_score_50_50,20,0.1543468633381849,0.2936011112731491,0.3099196242037222,1.4340262383561102,0.1452595184954404,-0.0614397745619359,0.9875000000000004,0.75,positive rankic with robust-selected portfolio metrics; validation only for selection
test,hybrid_score_50_50,20,0.0717463571520783,-0.0369959809672891,-0.0495224937908257,-0.1673248136562922,-0.1665205121361284,-0.0576783517686696,0.5200000000000001,0.6,holdout diagnostics only; not used for parameter choice
valid,hybrid_score_50_50,20,0.1543468633381849,0.2944220361177547,0.310164304119471,1.441630707941648,0.1464900954057895,-0.0608441601947974,0.9625000000000004,0.75,positive rankic with robust-selected portfolio metrics; validation only for selection
test,hybrid_score_50_50,20,0.0717463571520783,-0.0153454348703224,-0.0265546546961124,-0.0680761257126624,-0.0622100510309975,-0.0571282709411991,0.4300000000000001,0.6,holdout diagnostics only; not used for parameter choice
valid,hybrid_score_50_50,30,0.1543468633381849,0.3214138049784922,0.2885125387046683,1.4352907144062743,0.1990727969927571,-0.0430627671593627,0.9583333333333346,0.75,positive rankic with robust-selected portfolio metrics; validation only for selection
test,hybrid_score_50_50,30,0.0717463571520783,0.0127791085901853,0.0004471047409924,0.0566582529855648,0.0532260537568774,-0.0327836910015231,0.5133333333333335,0.4,holdout diagnostics only; not used for parameter choice
valid,hybrid_score_50_50,30,0.1543468633381849,0.306833818071913,0.279898545750349,1.402844084490044,0.1779565478865129,-0.0451343139815034,0.941666666666668,0.75,positive rankic with robust-selected portfolio metrics; validation only for selection
test,hybrid_score_50_50,30,0.0717463571520783,0.0177639105089668,0.005329599521789,0.0789804465423165,0.0744447637243355,-0.0297822030159429,0.4333333333333335,0.6,holdout diagnostics only; not used for parameter choice
valid,hybrid_score_50_50,50,0.1543468633381849,0.2807687015279396,0.2429766234987454,1.3515674182282122,0.1479432661960467,-0.0433820372951516,0.9350000000000008,0.75,positive rankic with robust-selected portfolio metrics; validation only for selection
test,hybrid_score_50_50,50,0.0717463571520783,-0.00528847548597,-0.0195080933725892,-0.0284911776946985,-0.0837547761080021,-0.0286858674000975,0.4720000000000002,0.4,holdout diagnostics only; not used for parameter choice
valid,hybrid_score_50_50,20,0.1543468633381849,0.265272581686198,0.3030757893603187,1.036856960766121,0.1071200969203416,-0.09195310100022,0.9500000000000004,0.75,positive rankic with robust-selected portfolio metrics; validation only for selection
test,hybrid_score_50_50,20,0.0717463571520783,-0.008309326625016,-0.020599050304771,-0.0410341501258017,-0.0610434742039856,-0.0591117968474357,0.5500000000000002,0.6,holdout diagnostics only; not used for parameter choice
valid,hybrid_score_50_50,20,0.1543468633381849,0.2549937009739003,0.3000453669717473,0.9733804267698766,0.0947362723471226,-0.0993299349655557,0.9250000000000004,0.75,positive rankic with robust-selected portfolio metrics; validation only for selection
test,hybrid_score_50_50,20,0.0717463571520783,0.0234602857334631,0.0101454264995853,0.1083823733082331,0.0974999522794619,-0.0448204574362982,0.4600000000000001,0.6,holdout diagnostics only; not used for parameter choice
valid,hybrid_score_50_50,30,0.1543468633381849,0.1874825310853487,0.1941347880222668,0.8558445330158894,0.0036659665204393,-0.078302135482961,0.916666666666668,0.5,positive rankic with robust-selected portfolio metrics; validation only for selection
test,hybrid_score_50_50,30,0.0717463571520783,0.0239140644685522,0.0108359145073398,0.1097200057903206,0.1009602864655692,-0.0340705042765657,0.506666666666667,0.6,holdout diagnostics only; not used for parameter choice
valid,hybrid_score_50_50,30,0.1543468633381849,0.1433034477400665,0.1661864038480346,0.6641182058720666,-0.0607925621629305,-0.0928900202419407,0.875000000000001,0.5,positive rankic with robust-selected portfolio metrics; validation only for selection
test,hybrid_score_50_50,30,0.0717463571520783,-0.0065027827017067,-0.0199356574543088,-0.0308457779082526,-0.0468383374398553,-0.0321113164273967,0.4000000000000002,0.6,holdout diagnostics only; not used for parameter choice
valid,hybrid_score_50_50,50,0.1543468633381849,0.097654077962179,0.0548853899980791,0.6401897129646676,-0.2082863378575209,-0.0555538728598193,0.8100000000000005,0.5,positive rankic with robust-selected portfolio metrics; validation only for selection
test,hybrid_score_50_50,50,0.0717463571520783,-0.0479272550179146,-0.0618358837970379,-0.2361302540228071,-0.2781638706684707,-0.0402027637321258,0.4120000000000002,0.4,holdout diagnostics only; not used for parameter choice
valid,hybrid_score_50_50,20,0.1543468633381849,0.1867985730080983,0.175809999806224,1.0367588522812332,-0.0082127180160701,-0.013277142941914,0.8875000000000004,0.5,positive rankic with robust-selected portfolio metrics; validation only for selection
test,hybrid_score_50_50,20,0.0717463571520783,0.0122939796296956,-0.0007173185834965,0.0608922276907977,0.0372095257029984,-0.0406506678204963,0.4900000000000001,0.4,holdout diagnostics only; not used for parameter choice
valid,hybrid_score_50_50,20,0.1543468633381849,0.1780313534387567,0.1700492095192986,0.9793148054737706,-0.0222097457003556,-0.0126408252448054,0.8500000000000004,0.5,positive rankic with robust-selected portfolio metrics; validation only for selection
test,hybrid_score_50_50,20,0.0717463571520783,0.0124099642649482,-0.0001279677979014,0.0597458576634806,0.0397708193479421,-0.0542797115205746,0.3900000000000001,0.4,holdout diagnostics only; not used for parameter choice
valid,hybrid_score_50_50,30,0.1543468633381849,0.0856503922159692,0.0822864106226483,0.4771466545887938,-0.1826695206300665,-0.0407377109115886,0.8250000000000008,0.5,positive rankic with robust-selected portfolio metrics; validation only for selection
test,hybrid_score_50_50,30,0.0717463571520783,0.0033419669749392,-0.0099565994457641,0.0164225341762875,-0.0051088884284759,-0.0411557722063925,0.4333333333333335,0.4,holdout diagnostics only; not used for parameter choice
valid,hybrid_score_50_50,30,0.1543468633381849,0.0909783451128938,0.0875834080375512,0.4948712338138517,-0.1703829430755567,-0.0407377109115887,0.8000000000000008,0.5,positive rankic with robust-selected portfolio metrics; validation only for selection
test,hybrid_score_50_50,30,0.0717463571520783,0.0098723772568409,-0.0035240829524008,0.0468513617904045,0.0315199876542969,-0.0464836262710058,0.3866666666666668,0.4,holdout diagnostics only; not used for parameter choice
valid,hybrid_score_50_50,50,0.1543468633381849,0.0779413003469027,0.0362949760942835,0.4319661321929581,-0.2255368724673946,-0.0676617498007863,0.8050000000000004,0.5,positive rankic with robust-selected portfolio metrics; validation only for selection
test,hybrid_score_50_50,50,0.0717463571520783,-0.0102684282047885,-0.0236604739271806,-0.0515257441632606,-0.0822748343998988,-0.0315838431633231,0.3880000000000001,0.4,holdout diagnostics only; not used for parameter choice
valid,hybrid_score_30_70,20,0.1543468633381849,0.4793530334364368,0.3724946746741059,2.509482691796876,0.491603646431784,0.0,0.9875000000000004,0.75,positive rankic with robust-selected portfolio metrics; validation only for selection
test,hybrid_score_30_70,20,0.0717463571520783,-0.0221883786757856,-0.0333540444409639,-0.1033742439817536,-0.1029127874001419,-0.0434271311899675,0.5800000000000002,0.4,holdout diagnostics only; not used for parameter choice
valid,hybrid_score_30_70,20,0.1543468633381849,0.4793530334364368,0.3724946746741059,2.509482691796876,0.491603646431784,0.0,0.9875000000000004,0.75,positive rankic with robust-selected portfolio metrics; validation only for selection
test,hybrid_score_30_70,20,0.0717463571520783,-0.0101668405488876,-0.0209543602325147,-0.0473873617474759,-0.0504599824225191,-0.0361276227194617,0.5100000000000001,0.6,holdout diagnostics only; not used for parameter choice
valid,hybrid_score_30_70,30,0.1543468633381849,0.4152612269400053,0.3541471399001316,2.301835652705792,0.3572333033492623,0.0,0.9750000000000012,0.75,positive rankic with robust-selected portfolio metrics; validation only for selection
test,hybrid_score_30_70,30,0.0717463571520783,-0.0034400256746124,-0.0150162990918135,-0.0154680047527672,-0.0168482635304784,-0.0418328214501924,0.5666666666666669,0.6,holdout diagnostics only; not used for parameter choice
valid,hybrid_score_30_70,30,0.1543468633381849,0.4126897954460222,0.3534002261273393,2.271813951118346,0.3512325751826727,-0.0011295627275325,0.966666666666668,0.75,positive rankic with robust-selected portfolio metrics; validation only for selection
test,hybrid_score_30_70,30,0.0717463571520783,-0.0174643855672361,-0.0295819661560945,-0.0798474633035338,-0.0826010973148869,-0.0473219668233071,0.4866666666666669,0.6,holdout diagnostics only; not used for parameter choice
valid,hybrid_score_30_70,50,0.1543468633381849,0.3523644785610851,0.3013617887912048,2.550423096920231,0.2814302959748015,0.0,0.9700000000000006,0.75,positive rankic with robust-selected portfolio metrics; validation only for selection
test,hybrid_score_30_70,50,0.0717463571520783,-0.0055700400317038,-0.017849754355716,-0.0304945376948362,-0.0718853618808535,-0.0471142218436195,0.5240000000000002,0.4,holdout diagnostics only; not used for parameter choice
valid,hybrid_score_30_70,20,0.1543468633381849,0.397924578285733,0.3479118680681102,2.8779621079140467,0.3437448875965628,0.0,0.9500000000000004,0.75,positive rankic with robust-selected portfolio metrics; validation only for selection
test,hybrid_score_30_70,20,0.0717463571520783,0.0205459407780257,0.0072912593545036,0.1026471965963611,0.0815779835113492,-0.0380903580248166,0.6100000000000002,0.6,holdout diagnostics only; not used for parameter choice
valid,hybrid_score_30_70,20,0.1543468633381849,0.3842097169381251,0.3437663810359412,2.6611573763200216,0.311251600836084,0.0,0.9500000000000004,0.75,positive rankic with robust-selected portfolio metrics; validation only for selection
test,hybrid_score_30_70,20,0.0717463571520783,0.0292796173204166,0.0162337604260508,0.1395324809288058,0.1176607081891322,-0.0632193966572149,0.5300000000000001,0.6,holdout diagnostics only; not used for parameter choice
valid,hybrid_score_30_70,30,0.1543468633381849,0.3125743564182484,0.2613144882694052,2.1238943930448486,0.2168609688682747,0.0,0.9500000000000012,0.75,positive rankic with robust-selected portfolio metrics; validation only for selection
test,hybrid_score_30_70,30,0.0717463571520783,0.0118050257750101,-0.0012536229495247,0.0581215381927694,0.0379398283151923,-0.046550545133826,0.5133333333333335,0.6,holdout diagnostics only; not used for parameter choice
valid,hybrid_score_30_70,30,0.1543468633381849,0.3075796162477771,0.2581683581994571,2.117185338003137,0.2075749332174035,0.0,0.9333333333333346,0.75,positive rankic with robust-selected portfolio metrics; validation only for selection
test,hybrid_score_30_70,30,0.0717463571520783,0.0041718125122374,-0.0081996310687975,0.0210881123448128,-0.0045585220330039,-0.0463216253884695,0.4666666666666669,0.6,holdout diagnostics only; not used for parameter choice
valid,hybrid_score_30_70,50,0.1543468633381849,0.2166614378270852,0.1752777087038831,2.031837002485478,0.036448588579281,0.0,0.9450000000000008,0.75,positive rankic with robust-selected portfolio metrics; validation only for selection
test,hybrid_score_30_70,50,0.0717463571520783,-0.0156989178229176,-0.0287376484153133,-0.076332704203064,-0.0981354487667624,-0.0443640909518772,0.4960000000000003,0.6,holdout diagnostics only; not used for parameter choice
valid,hybrid_score_30_70,20,0.1543468633381849,0.1339064520556598,0.172707180557993,1.2968874978704283,-0.1100563980989847,-0.0364048666913013,0.9750000000000004,0.5,positive rankic with robust-selected portfolio metrics; validation only for selection
test,hybrid_score_30_70,20,0.0717463571520783,0.0317174648427196,0.0171543211892333,0.1561775448306396,0.1529578080815028,-0.0300319314930872,0.5800000000000002,0.6,holdout diagnostics only; not used for parameter choice
valid,hybrid_score_30_70,20,0.1543468633381849,0.1339064520556598,0.172707180557993,1.2968874978704283,-0.1100563980989847,-0.0364048666913013,0.9750000000000004,0.5,positive rankic with robust-selected portfolio metrics; validation only for selection
test,hybrid_score_30_70,20,0.0717463571520783,0.0153101661963448,0.0030116932700433,0.0750180019387681,0.0529190577151883,-0.0508708846276096,0.4800000000000001,0.6,holdout diagnostics only; not used for parameter choice
valid,hybrid_score_30_70,30,0.1543468633381849,0.2643828397577654,0.2090100428748519,1.9404046562793469,0.138465300573853,-0.0039505464061874,0.9750000000000012,0.75,positive rankic with robust-selected portfolio metrics; validation only for selection
test,hybrid_score_30_70,30,0.0717463571520783,0.0286208114724351,0.0142819929584135,0.1473956283567284,0.1344324990767532,-0.0322164495706214,0.5000000000000003,0.6,holdout diagnostics only; not used for parameter choice
valid,hybrid_score_30_70,30,0.1543468633381849,0.2643828397577654,0.2090100428748519,1.9404046562793469,0.138465300573853,-0.0039505464061874,0.966666666666668,0.75,positive rankic with robust-selected portfolio metrics; validation only for selection
test,hybrid_score_30_70,30,0.0717463571520783,0.0028744367233413,-0.0108040674514727,0.0134235997507791,0.0030924757441459,-0.0377963581677713,0.4200000000000002,0.6,holdout diagnostics only; not used for parameter choice
valid,hybrid_score_30_70,50,0.1543468633381849,0.2269918577734293,0.1733867137389564,1.5605247052997409,0.0644909601967823,-0.0173510566143466,0.9750000000000008,0.75,positive rankic with robust-selected portfolio metrics; validation only for selection
test,hybrid_score_30_70,50,0.0717463571520783,0.0227254021410896,0.0095459565371808,0.1134173520838657,0.0928231579424077,-0.0316862751619372,0.4200000000000002,0.6,holdout diagnostics only; not used for parameter choice
valid,pure_stagewise_score,20,0.1543525110306136,0.9421028955951232,0.5751265946441126,4.47105004628782,2.2196699896335867,0.0,0.9625000000000004,1.0,positive rankic with robust-selected portfolio metrics; validation only for selection
test,pure_stagewise_score,20,0.0717600765932016,-0.01377193577296,-0.0265202804554084,-0.0691754847104967,-0.0974971907504854,0.0,0.6800000000000003,0.6,holdout diagnostics only; not used for parameter choice
valid,pure_stagewise_score,20,0.1543525110306136,0.9421028955951232,0.5751265946441126,4.47105004628782,2.2196699896335867,0.0,0.9625000000000004,1.0,positive rankic with robust-selected portfolio metrics; validation only for selection
test,pure_stagewise_score,20,0.0717600765932016,-0.0203333760304827,-0.0334911099604259,-0.102576247305822,-0.1390634390974456,0.0,0.6200000000000002,0.6,holdout diagnostics only; not used for parameter choice
valid,pure_stagewise_score,30,0.1543525110306136,0.8467543022229151,0.5513120525716033,5.92867690112137,2.383038102265787,0.0,0.966666666666668,1.0,positive rankic with robust-selected portfolio metrics; validation only for selection
test,pure_stagewise_score,30,0.0717600765932016,0.0298407406767435,0.0155205240431757,0.1646569412512588,0.1536970303064228,0.0,0.646666666666667,0.6,holdout diagnostics only; not used for parameter choice
valid,pure_stagewise_score,30,0.1543525110306136,0.8467543022229151,0.5513120525716033,5.92867690112137,2.383038102265787,0.0,0.966666666666668,1.0,positive rankic with robust-selected portfolio metrics; validation only for selection
test,pure_stagewise_score,30,0.0717600765932016,0.0209694116284981,0.0069238403417244,0.1196331977958656,0.0931351136339297,0.0,0.6133333333333336,0.6,holdout diagnostics only; not used for parameter choice
valid,pure_stagewise_score,50,0.1543525110306136,0.6688519156299133,0.4405182249406479,5.510302112776728,2.048257624456252,0.0,0.9650000000000007,1.0,positive rankic with robust-selected portfolio metrics; validation only for selection
test,pure_stagewise_score,50,0.0717600765932016,0.0292580099062995,0.015203954263731,0.1595758918003364,0.1386586681913724,0.0,0.6240000000000004,0.6,holdout diagnostics only; not used for parameter choice
valid,pure_stagewise_score,20,0.1543525110306136,0.4013948156839588,0.3079847243236848,4.845853570280767,0.4857152854192962,0.0,0.9375000000000004,0.75,positive rankic with robust-selected portfolio metrics; validation only for selection
test,pure_stagewise_score,20,0.0717600765932016,0.0144193638141156,0.0024159300113356,0.0786639662233733,0.0416858076741778,0.0,0.6700000000000003,0.4,holdout diagnostics only; not used for parameter choice
valid,pure_stagewise_score,20,0.1543525110306136,0.4034378272723269,0.3113564338011658,4.99705055745586,0.4857583715043213,0.0,0.8875000000000004,0.75,positive rankic with robust-selected portfolio metrics; validation only for selection
test,pure_stagewise_score,20,0.0717600765932016,0.0265299376374938,0.0139578153808501,0.1397191389772015,0.1115888117352048,0.0,0.6300000000000002,0.6,holdout diagnostics only; not used for parameter choice
valid,pure_stagewise_score,30,0.1543525110306136,0.4341717633305679,0.2965827230160472,4.584299387263467,0.8030663799597562,0.0,0.8916666666666677,0.75,positive rankic with robust-selected portfolio metrics; validation only for selection
test,pure_stagewise_score,30,0.0717600765932016,0.0171665281981927,0.0041678500991472,0.0858914562589736,0.0682818601410862,0.0,0.6600000000000004,0.6,holdout diagnostics only; not used for parameter choice
valid,pure_stagewise_score,30,0.1543525110306136,0.4348759978678556,0.2975181176623189,4.614543861113914,0.8022573615664554,0.0,0.8833333333333344,0.75,positive rankic with robust-selected portfolio metrics; validation only for selection
test,pure_stagewise_score,30,0.0717600765932016,0.0145281398784324,0.0010497231626833,0.0730214020716775,0.0566684820659218,0.0,0.6333333333333336,0.6,holdout diagnostics only; not used for parameter choice
valid,pure_stagewise_score,50,0.1543525110306136,0.2712270969959571,0.1788253487338343,3.416623239964514,0.2259508453722918,0.0,0.8600000000000005,0.5,positive rankic with robust-selected portfolio metrics; validation only for selection
test,pure_stagewise_score,50,0.0717600765932016,0.0172723041606339,0.0033828309853991,0.0963089185862861,0.0634119583623727,0.0,0.6040000000000003,0.6,holdout diagnostics only; not used for parameter choice
valid,pure_stagewise_score,20,0.1543525110306136,0.3429886729569447,0.2557920056552739,4.81775484288953,0.3768450041525654,0.0,0.9500000000000004,0.5,positive rankic with robust-selected portfolio metrics; validation only for selection
test,pure_stagewise_score,20,0.0717600765932016,0.1471908617416601,0.1270938779670801,0.8167635277451244,0.771689239504506,0.0,0.7100000000000002,0.8,holdout diagnostics only; not used for parameter choice
valid,pure_stagewise_score,20,0.1543525110306136,0.3218162565551898,0.233190004149638,4.483216125301024,0.3394060893749551,0.0,0.9250000000000004,0.5,positive rankic with robust-selected portfolio metrics; validation only for selection
test,pure_stagewise_score,20,0.0717600765932016,0.1047067329372446,0.0883518635905997,0.5717191718714754,0.5356342558107742,0.0,0.6300000000000002,0.8,holdout diagnostics only; not used for parameter choice
valid,pure_stagewise_score,30,0.1543525110306136,0.3319840374567604,0.2296218838893922,3.6834355533601553,0.396534134881462,0.0,0.9250000000000012,0.75,positive rankic with robust-selected portfolio metrics; validation only for selection
test,pure_stagewise_score,30,0.0717600765932016,0.1220735872653331,0.1033581273063505,0.808015070523557,0.955585995159716,0.0,0.6533333333333339,0.8,holdout diagnostics only; not used for parameter choice
valid,pure_stagewise_score,30,0.1543525110306136,0.3274810675044706,0.2233006507490776,3.5061188107577514,0.3913391851655264,0.0,0.916666666666668,0.75,positive rankic with robust-selected portfolio metrics; validation only for selection
test,pure_stagewise_score,30,0.0717600765932016,0.1147193651049245,0.0969003310321235,0.7691382878288265,0.8517981542913404,0.0,0.6000000000000004,0.8,holdout diagnostics only; not used for parameter choice
valid,pure_stagewise_score,50,0.1543525110306136,0.3381701368215926,0.2049616552222844,2.882420008675202,0.5645731406215171,-0.0046589805859477,0.9150000000000004,0.75,positive rankic with robust-selected portfolio metrics; validation only for selection
test,pure_stagewise_score,50,0.0717600765932016,0.0808189796741534,0.0655514994041819,0.5367737623918092,0.5339649336445067,0.0,0.5640000000000004,0.6,holdout diagnostics only; not used for parameter choice
valid,pure_promethee_score,20,0.1543525110306136,-0.1765077783394765,-0.3598132475512404,-0.6580283387819391,-1.1016224549929494,-0.2219175404457358,0.3125,0.25,positive rankic with robust-selected portfolio metrics; validation only for selection
test,pure_promethee_score,20,0.0717600765932016,-0.2042942905542105,-0.2316083035708078,-2.5010169049854625,-1.9000512589986127,-0.1700879409288181,0.5000000000000001,0.0,holdout diagnostics only; not used for parameter choice
valid,pure_promethee_score,20,0.1543525110306136,-0.0960006220755796,-0.2636386870898903,-0.3072062297940749,-0.5631401550580879,-0.2089559155823507,0.1374999999999999,0.25,positive rankic with robust-selected portfolio metrics; validation only for selection
test,pure_promethee_score,20,0.0717600765932016,-0.154298232294113,-0.1732314581541776,-1.745436841177953,-1.270934540456488,-0.1171453581794635,0.34,0.2,holdout diagnostics only; not used for parameter choice
valid,pure_promethee_score,30,0.1543525110306136,-0.0670899243113857,-0.2273027898430611,-0.2281378469823821,-0.5421185128268932,-0.2033566459273594,0.2416666666666666,0.25,positive rankic with robust-selected portfolio metrics; validation only for selection
test,pure_promethee_score,30,0.0717600765932016,-0.2095575176107976,-0.2388748247590737,-2.342508345150291,-2.3235539334760915,-0.1665210631956488,0.3999999999999999,0.0,holdout diagnostics only; not used for parameter choice
valid,pure_promethee_score,30,0.1543525110306136,-0.1035404490674128,-0.2725362857757822,-0.3369730604433988,-0.6029601831384916,-0.2172195005335326,0.1166666666666666,0.25,positive rankic with robust-selected portfolio metrics; validation only for selection
test,pure_promethee_score,30,0.0717600765932016,-0.2028892331619687,-0.2318565880086638,-2.132319330672304,-2.9904818320733284,-0.1496314399865437,0.3133333333333333,0.0,holdout diagnostics only; not used for parameter choice
valid,pure_promethee_score,50,0.1543525110306136,-0.0329938695071141,-0.1948986476668996,-0.1109397049331071,-0.4533958282721648,-0.2020568442759178,0.175,0.25,positive rankic with robust-selected portfolio metrics; validation only for selection
test,pure_promethee_score,50,0.0717600765932016,-0.2094077555559645,-0.2407061979822791,-1.891360262193544,-4.242145808726452,-0.1491153169575998,0.3440000000000001,0.0,holdout diagnostics only; not used for parameter choice
valid,pure_promethee_score,20,0.1543525110306136,-0.1471922446555222,-0.3080761657224254,-0.51409803952121,-0.7648636984658116,-0.2153111376498171,0.2375,0.25,positive rankic with robust-selected portfolio metrics; validation only for selection
test,pure_promethee_score,20,0.0717600765932016,-0.2087830089889975,-0.2374994188902691,-2.367469119376093,-2.1064111641711745,-0.1554810137555801,0.36,0.0,holdout diagnostics only; not used for parameter choice
valid,pure_promethee_score,20,0.1543525110306136,-0.0965759357433934,-0.2614483528763176,-0.3495022165558677,-0.71212556849928,-0.2017779213949327,0.075,0.25,positive rankic with robust-selected portfolio metrics; validation only for selection
test,pure_promethee_score,20,0.0717600765932016,-0.188495827433718,-0.213581376532509,-2.3479359046594324,-2.0395720742723937,-0.1434970054900264,0.27,0.0,holdout diagnostics only; not used for parameter choice
valid,pure_promethee_score,30,0.1543525110306136,-0.1051507181653318,-0.2571491325817093,-0.3480320265969231,-0.5791473030783187,-0.2078168861638031,0.15,0.25,positive rankic with robust-selected portfolio metrics; validation only for selection
test,pure_promethee_score,30,0.0717600765932016,-0.2291447611130178,-0.2637834504322807,-2.2365012884485127,-3.641748835540746,-0.1761949997197506,0.3333333333333333,0.0,holdout diagnostics only; not used for parameter choice
valid,pure_promethee_score,30,0.1543525110306136,-0.0924188623737438,-0.2443783922503578,-0.2869250228072995,-0.4935794740966884,-0.2115367412281129,0.0833333333333333,0.25,positive rankic with robust-selected portfolio metrics; validation only for selection
test,pure_promethee_score,30,0.0717600765932016,-0.2211443898702096,-0.2535804312767422,-2.340062853709301,-3.153600496566746,-0.1703587510322889,0.2466666666666666,0.0,holdout diagnostics only; not used for parameter choice
valid,pure_promethee_score,50,0.1543525110306136,-0.0544423948626779,-0.2052103764952299,-0.1687805713050335,-0.4134225249945292,-0.2063725026388099,0.14,0.25,positive rankic with robust-selected portfolio metrics; validation only for selection
test,pure_promethee_score,50,0.0717600765932016,-0.1948840313744215,-0.2233040523663155,-1.7872558254878257,-3.457139416042469,-0.133059420383474,0.244,0.0,holdout diagnostics only; not used for parameter choice
valid,pure_promethee_score,20,0.1543525110306136,-0.1468987836829317,-0.3121361921008825,-0.5019094904661469,-0.7510337732978517,-0.2195838363685709,0.2249999999999999,0.25,positive rankic with robust-selected portfolio metrics; validation only for selection
test,pure_promethee_score,20,0.0717600765932016,-0.2275069706533304,-0.2593509494052999,-2.842645745048002,-2.1502275504148427,-0.1693836870678362,0.2799999999999999,0.0,holdout diagnostics only; not used for parameter choice
valid,pure_promethee_score,20,0.1543525110306136,-0.0892457280497696,-0.2560407231311843,-0.2960599021090179,-0.5859929379426039,-0.2116293569875177,0.0875,0.25,positive rankic with robust-selected portfolio metrics; validation only for selection
test,pure_promethee_score,20,0.0717600765932016,-0.2180548492432737,-0.2476552015689614,-2.8543830653610804,-1.9722255623935605,-0.170213350468532,0.19,0.0,holdout diagnostics only; not used for parameter choice
valid,pure_promethee_score,30,0.1543525110306136,-0.0932211377069581,-0.2484618992293201,-0.3096068641590113,-0.5645673372548214,-0.2082661912198781,0.1416666666666666,0.25,positive rankic with robust-selected portfolio metrics; validation only for selection
test,pure_promethee_score,30,0.0717600765932016,-0.2225842159835528,-0.2550194919131325,-2.477310579087898,-3.070908770426433,-0.1640349380487181,0.24,0.0,holdout diagnostics only; not used for parameter choice
valid,pure_promethee_score,30,0.1543525110306136,-0.0836076454291153,-0.2361364939394787,-0.2518599057263996,-0.4524765411332374,-0.2129345716486723,0.0916666666666666,0.25,positive rankic with robust-selected portfolio metrics; validation only for selection
test,pure_promethee_score,30,0.0717600765932016,-0.2378445030032312,-0.2730263008301675,-2.8124202357668446,-2.849532190736765,-0.1838787338006486,0.1533333333333333,0.0,holdout diagnostics only; not used for parameter choice
valid,pure_promethee_score,50,0.1543525110306136,-0.0636204397340043,-0.2193962499475026,-0.190371923328826,-0.4126532067501308,-0.2153621577782909,0.1149999999999999,0.25,positive rankic with robust-selected portfolio metrics; validation only for selection
test,pure_promethee_score,50,0.0717600765932016,-0.2077561781742678,-0.2395925349372454,-1.676138135281117,-7.538271497656726,-0.1277915666100129,0.196,0.0,holdout diagnostics only; not used for parameter choice
valid,hybrid_score_70_30,20,0.1543525110306136,0.0074569598843308,-0.1416256408993534,0.0227861382005396,-0.2777611475133315,-0.2257494827328522,0.8625000000000004,0.5,positive rankic with robust-selected portfolio metrics; validation only for selection
test,hybrid_score_70_30,20,0.0717600765932016,0.0100706927352649,-0.0041141314883284,0.0484702602022995,0.037437445389435,-0.0178739897472355,0.4800000000000001,0.6,holdout diagnostics only; not used for parameter choice
valid,hybrid_score_70_30,20,0.1543525110306136,0.055300030235216,-0.1204629131815538,0.1707112869516106,-0.2094625598007862,-0.2002988029875797,0.8000000000000003,0.5,positive rankic with robust-selected portfolio metrics; validation only for selection
test,hybrid_score_70_30,20,0.0717600765932016,-0.0208978484976063,-0.0336439538492774,-0.1020951161472429,-0.1221939072607812,-0.0254183382794422,0.4000000000000001,0.4,holdout diagnostics only; not used for parameter choice
valid,hybrid_score_70_30,30,0.1543525110306136,0.0582879342024191,-0.0831089897339973,0.1931546294861417,-0.2085626040843884,-0.1867428056445107,0.8083333333333341,0.5,positive rankic with robust-selected portfolio metrics; validation only for selection
test,hybrid_score_70_30,30,0.0717600765932016,0.0094561063092271,-0.0047340902959308,0.0469565512300793,0.0285026643280268,-0.0186163400014787,0.4466666666666669,0.4,holdout diagnostics only; not used for parameter choice
valid,hybrid_score_70_30,30,0.1543525110306136,0.0386007320692649,-0.0874412615466905,0.1271378554214369,-0.2333418556858217,-0.1872690093596803,0.7166666666666673,0.25,positive rankic with robust-selected portfolio metrics; validation only for selection
test,hybrid_score_70_30,30,0.0717600765932016,-0.0137173820038879,-0.0276839619947036,-0.0662379106334028,-0.0927106750592621,-0.037089858719134,0.4066666666666669,0.4,holdout diagnostics only; not used for parameter choice
valid,hybrid_score_70_30,50,0.1543525110306136,0.0489613851168997,-0.0542939755965328,0.1905512229900983,-0.2581268935278043,-0.1575537340018155,0.7250000000000003,0.25,positive rankic with robust-selected portfolio metrics; validation only for selection
test,hybrid_score_70_30,50,0.0717600765932016,-0.0399712268683901,-0.0546131383628605,-0.2130017416515124,-0.3124196618875812,-0.0263607172117098,0.4080000000000002,0.4,holdout diagnostics only; not used for parameter choice
valid,hybrid_score_70_30,20,0.1543525110306136,-0.0751858088072435,-0.1474989872936407,-0.2309930803352038,-0.36294590363011,-0.1805750674955267,0.6500000000000001,0.25,positive rankic with robust-selected portfolio metrics; validation only for selection
test,hybrid_score_70_30,20,0.0717600765932016,-0.0005670422861776,-0.0145180133275371,-0.0029380404224332,-0.0392966194709018,-0.0203613436644507,0.4800000000000001,0.4,holdout diagnostics only; not used for parameter choice
valid,hybrid_score_70_30,20,0.1543525110306136,-0.056900967848229,-0.1311101114820398,-0.1688905759346448,-0.3204184866017621,-0.1729444084797264,0.6125000000000003,0.25,positive rankic with robust-selected portfolio metrics; validation only for selection
test,hybrid_score_70_30,20,0.0717600765932016,-0.0225787797026352,-0.0359193608998026,-0.1165339988314091,-0.1557128188145349,-0.0252551706387973,0.4200000000000001,0.4,holdout diagnostics only; not used for parameter choice
valid,hybrid_score_70_30,30,0.1543525110306136,-0.0142784637969147,-0.1288118310295217,-0.0438537590373036,-0.2917746716203788,-0.2174206463796449,0.6166666666666671,0.25,positive rankic with robust-selected portfolio metrics; validation only for selection
test,hybrid_score_70_30,30,0.0717600765932016,-0.0013643695444842,-0.0153152401336199,-0.0063640812112676,-0.0188001459532869,-0.0288442450237039,0.4466666666666669,0.4,holdout diagnostics only; not used for parameter choice
valid,hybrid_score_70_30,30,0.1543525110306136,-0.0259852733230161,-0.1353605946683758,-0.0812027956793846,-0.3167141634635788,-0.2131586180677165,0.5916666666666671,0.25,positive rankic with robust-selected portfolio metrics; validation only for selection
test,hybrid_score_70_30,30,0.0717600765932016,-0.0111946353923736,-0.0248020455748545,-0.0520493179636486,-0.0658077209655305,-0.034800456265122,0.3733333333333335,0.4,holdout diagnostics only; not used for parameter choice
valid,hybrid_score_70_30,50,0.1543525110306136,-0.0906886886346292,-0.1993371585899933,-0.3477408127952145,-0.5670374344176958,-0.1966946691963325,0.5800000000000003,0.25,positive rankic with robust-selected portfolio metrics; validation only for selection
test,hybrid_score_70_30,50,0.0717600765932016,-0.0428372895170298,-0.0570774314608111,-0.2241838118731228,-0.3011512937770307,-0.0303329639709437,0.3760000000000001,0.4,holdout diagnostics only; not used for parameter choice
valid,hybrid_score_70_30,20,0.1543525110306136,-0.0663620019138617,-0.1941897599531566,-0.2370727134457934,-0.5046784087792869,-0.1837948759172721,0.7625000000000003,0.25,positive rankic with robust-selected portfolio metrics; validation only for selection
test,hybrid_score_70_30,20,0.0717600765932016,0.0048712799915695,-0.0078046726343901,0.0235303070871406,0.0047663671101263,-0.0184639672931354,0.41,0.4,holdout diagnostics only; not used for parameter choice
valid,hybrid_score_70_30,20,0.1543525110306136,-0.0882526159318612,-0.2171727699396519,-0.2908340974007419,-0.4919856069850082,-0.1953392336612895,0.6250000000000003,0.25,positive rankic with robust-selected portfolio metrics; validation only for selection
test,hybrid_score_70_30,20,0.0717600765932016,-0.0017040782243228,-0.0140047304722792,-0.0085472462817129,-0.0328294391271918,-0.0239789455377207,0.36,0.4,holdout diagnostics only; not used for parameter choice
valid,hybrid_score_70_30,30,0.1543525110306136,-0.08950247521072,-0.2221545574435587,-0.2945548350003814,-0.5001163300936943,-0.1974845998642014,0.6500000000000005,0.25,positive rankic with robust-selected portfolio metrics; validation only for selection
test,hybrid_score_70_30,30,0.0717600765932016,0.0018777792496293,-0.0117386578372372,0.0090020468129745,-0.0083867043940931,-0.0234221338503684,0.3933333333333335,0.4,holdout diagnostics only; not used for parameter choice
valid,hybrid_score_70_30,30,0.1543525110306136,-0.087257071416824,-0.2043655958633483,-0.2840104535584459,-0.4627083497504384,-0.185707749805096,0.5916666666666671,0.25,positive rankic with robust-selected portfolio metrics; validation only for selection
test,hybrid_score_70_30,30,0.0717600765932016,0.0309383427609915,0.0164411945792239,0.1558657757147794,0.1428310256167958,-0.0185426579961266,0.3333333333333334,0.4,holdout diagnostics only; not used for parameter choice
valid,hybrid_score_70_30,50,0.1543525110306136,-0.0627090538892299,-0.187755048574474,-0.2013670272034569,-0.4177741978402928,-0.1887126975450186,0.5750000000000003,0.25,positive rankic with robust-selected portfolio metrics; validation only for selection
test,hybrid_score_70_30,50,0.0717600765932016,-0.0383825371875412,-0.0525891276434038,-0.1986338388171503,-0.2701797423717664,-0.0168806464176589,0.324,0.4,holdout diagnostics only; not used for parameter choice
valid,hybrid_score_50_50,20,0.1543525110306136,0.2936011112731491,0.3099196242037222,1.4340262383561102,0.1452595184954404,-0.0614397745619359,0.9875000000000004,0.75,positive rankic with robust-selected portfolio metrics; validation only for selection
test,hybrid_score_50_50,20,0.0717600765932016,-0.0369959809672891,-0.0495224937908257,-0.1673248136562922,-0.1665205121361284,-0.0576783517686696,0.5200000000000001,0.6,holdout diagnostics only; not used for parameter choice
valid,hybrid_score_50_50,20,0.1543525110306136,0.2944220361177547,0.310164304119471,1.441630707941648,0.1464900954057895,-0.0608441601947974,0.9625000000000004,0.75,positive rankic with robust-selected portfolio metrics; validation only for selection
test,hybrid_score_50_50,20,0.0717600765932016,-0.0153454348703224,-0.0265546546961124,-0.0680761257126624,-0.0622100510309975,-0.0571282709411991,0.4300000000000001,0.6,holdout diagnostics only; not used for parameter choice
valid,hybrid_score_50_50,30,0.1543525110306136,0.3214138049784922,0.2885125387046683,1.4352907144062743,0.1990727969927571,-0.0430627671593627,0.9583333333333346,0.75,positive rankic with robust-selected portfolio metrics; validation only for selection
test,hybrid_score_50_50,30,0.0717600765932016,0.0127791085901853,0.0004471047409924,0.0566582529855648,0.0532260537568774,-0.0327836910015231,0.5133333333333335,0.4,holdout diagnostics only; not used for parameter choice
valid,hybrid_score_50_50,30,0.1543525110306136,0.306833818071913,0.279898545750349,1.402844084490044,0.1779565478865129,-0.0451343139815034,0.941666666666668,0.75,positive rankic with robust-selected portfolio metrics; validation only for selection
test,hybrid_score_50_50,30,0.0717600765932016,0.0177639105089668,0.005329599521789,0.0789804465423165,0.0744447637243355,-0.0297822030159429,0.4333333333333335,0.6,holdout diagnostics only; not used for parameter choice
valid,hybrid_score_50_50,50,0.1543525110306136,0.2807687015279396,0.2429766234987454,1.3515674182282122,0.1479432661960467,-0.0433820372951516,0.9350000000000008,0.75,positive rankic with robust-selected portfolio metrics; validation only for selection
test,hybrid_score_50_50,50,0.0717600765932016,-0.00528847548597,-0.0195080933725892,-0.0284911776946985,-0.083754776108002,-0.0286858674000975,0.4720000000000002,0.4,holdout diagnostics only; not used for parameter choice
valid,hybrid_score_50_50,20,0.1543525110306136,0.265272581686198,0.3030757893603187,1.036856960766121,0.1071200969203416,-0.09195310100022,0.9500000000000004,0.75,positive rankic with robust-selected portfolio metrics; validation only for selection
test,hybrid_score_50_50,20,0.0717600765932016,-0.008309326625016,-0.020599050304771,-0.0410341501258017,-0.0610434742039856,-0.0591117968474357,0.5500000000000002,0.6,holdout diagnostics only; not used for parameter choice
valid,hybrid_score_50_50,20,0.1543525110306136,0.2549937009739003,0.3000453669717473,0.9733804267698766,0.0947362723471226,-0.0993299349655557,0.9250000000000004,0.75,positive rankic with robust-selected portfolio metrics; validation only for selection
test,hybrid_score_50_50,20,0.0717600765932016,0.0234602857334631,0.0101454264995853,0.1083823733082331,0.0974999522794619,-0.0448204574362982,0.4600000000000001,0.6,holdout diagnostics only; not used for parameter choice
valid,hybrid_score_50_50,30,0.1543525110306136,0.1874825310853487,0.1941347880222668,0.8558445330158894,0.0036659665204393,-0.078302135482961,0.916666666666668,0.5,positive rankic with robust-selected portfolio metrics; validation only for selection
test,hybrid_score_50_50,30,0.0717600765932016,0.0239140644685522,0.0108359145073398,0.1097200057903206,0.1009602864655692,-0.0340705042765657,0.506666666666667,0.6,holdout diagnostics only; not used for parameter choice
valid,hybrid_score_50_50,30,0.1543525110306136,0.1433034477400665,0.1661864038480346,0.6641182058720666,-0.0607925621629305,-0.0928900202419407,0.875000000000001,0.5,positive rankic with robust-selected portfolio metrics; validation only for selection
test,hybrid_score_50_50,30,0.0717600765932016,-0.0163879248454934,-0.0295072200768126,-0.0765771553652801,-0.0898126052893543,-0.0463501246064452,0.4066666666666668,0.6,holdout diagnostics only; not used for parameter choice
valid,hybrid_score_50_50,50,0.1543525110306136,0.097654077962179,0.0548853899980791,0.6401897129646675,-0.2082863378575209,-0.0555538728598193,0.8100000000000005,0.5,positive rankic with robust-selected portfolio metrics; validation only for selection
test,hybrid_score_50_50,50,0.0717600765932016,-0.0479272550179146,-0.0618358837970379,-0.2361302540228071,-0.2781638706684707,-0.0402027637321258,0.4120000000000002,0.4,holdout diagnostics only; not used for parameter choice
valid,hybrid_score_50_50,20,0.1543525110306136,0.1958640026260196,0.1848436870368789,1.035704529000667,0.0085908206197691,-0.013277142941914,0.8875000000000004,0.5,positive rankic with robust-selected portfolio metrics; validation only for selection
test,hybrid_score_50_50,20,0.0717600765932016,0.0122939796296956,-0.0007173185834965,0.0608922276907977,0.0372095257029984,-0.0406506678204963,0.4800000000000001,0.4,holdout diagnostics only; not used for parameter choice
valid,hybrid_score_50_50,20,0.1543525110306136,0.1870298141423583,0.1790828967499535,0.9803885529908488,-0.00524902635316,-0.0126408252448054,0.8500000000000004,0.5,positive rankic with robust-selected portfolio metrics; validation only for selection
test,hybrid_score_50_50,20,0.0717600765932016,0.0061794467817595,-0.0062072724223417,0.0291055115934426,0.0146893719936908,-0.0542797115205746,0.3800000000000001,0.4,holdout diagnostics only; not used for parameter choice
valid,hybrid_score_50_50,30,0.1543525110306136,0.0766838977559021,0.0674508128837386,0.4194787627918242,-0.2005761370397062,-0.0486603534699414,0.8333333333333343,0.5,positive rankic with robust-selected portfolio metrics; validation only for selection
test,hybrid_score_50_50,30,0.0717600765932016,0.0033419669749392,-0.0099565994457641,0.0164225341762875,-0.0051088884284758,-0.0411557722063925,0.4333333333333335,0.4,holdout diagnostics only; not used for parameter choice
valid,hybrid_score_50_50,30,0.1543525110306136,0.0826024168092025,0.0734308516228008,0.4397856580196673,-0.1862260886512495,-0.0486603534699414,0.8083333333333342,0.5,positive rankic with robust-selected portfolio metrics; validation only for selection
test,hybrid_score_50_50,30,0.0717600765932016,0.0140624390994545,0.0005610832123872,0.0677265870388184,0.0498588775619354,-0.0464836262710058,0.3800000000000001,0.4,holdout diagnostics only; not used for parameter choice
valid,hybrid_score_50_50,50,0.1543525110306136,0.079776184223514,0.0382555009859277,0.4376529852952608,-0.2198463430478851,-0.0676617498007863,0.8050000000000004,0.5,positive rankic with robust-selected portfolio metrics; validation only for selection
test,hybrid_score_50_50,50,0.0717600765932016,-0.0102684282047885,-0.0236604739271806,-0.0515257441632606,-0.0822748343998988,-0.0315838431633231,0.3840000000000001,0.4,holdout diagnostics only; not used for parameter choice
valid,hybrid_score_30_70,20,0.1543525110306136,0.4657524784994764,0.3641304355858203,2.5755766209546023,0.4782123302295512,0.0,0.9875000000000004,0.75,positive rankic with robust-selected portfolio metrics; validation only for selection
test,hybrid_score_30_70,20,0.0717600765932016,-0.0221883786757856,-0.0333540444409639,-0.1033742439817536,-0.1029127874001419,-0.0434271311899675,0.5800000000000002,0.4,holdout diagnostics only; not used for parameter choice
valid,hybrid_score_30_70,20,0.1543525110306136,0.4657524784994764,0.3641304355858203,2.5755766209546023,0.4782123302295512,0.0,0.9875000000000004,0.75,positive rankic with robust-selected portfolio metrics; validation only for selection
test,hybrid_score_30_70,20,0.0717600765932016,-0.0101668405488876,-0.0209543602325147,-0.0473873617474759,-0.0504599824225191,-0.0361276227194617,0.5100000000000001,0.6,holdout diagnostics only; not used for parameter choice
valid,hybrid_score_30_70,30,0.1543525110306136,0.4154859063565155,0.354450389631327,2.3040295524916,0.3574566237450755,0.0,0.9750000000000012,0.75,positive rankic with robust-selected portfolio metrics; validation only for selection
test,hybrid_score_30_70,30,0.0717600765932016,-0.0034400256746124,-0.0150162990918135,-0.0154680047527672,-0.0168482635304784,-0.0418328214501924,0.5666666666666669,0.6,holdout diagnostics only; not used for parameter choice
valid,hybrid_score_30_70,30,0.1543525110306136,0.4129140666356155,0.3537034758585347,2.273964933713064,0.3514560582309596,-0.0011295627275325,0.966666666666668,0.75,positive rankic with robust-selected portfolio metrics; validation only for selection
test,hybrid_score_30_70,30,0.0717600765932016,-0.0174643855672361,-0.0295819661560945,-0.0798474633035338,-0.0826010973148869,-0.0473219668233071,0.4866666666666669,0.6,holdout diagnostics only; not used for parameter choice
valid,hybrid_score_30_70,50,0.1543525110306136,0.3523644785610851,0.3013617887912048,2.550423096920231,0.2814302959748015,0.0,0.9700000000000006,0.75,positive rankic with robust-selected portfolio metrics; validation only for selection
test,hybrid_score_30_70,50,0.0717600765932016,-0.0055700400317038,-0.017849754355716,-0.0304945376948362,-0.0718853618808534,-0.0471142218436195,0.5240000000000002,0.4,holdout diagnostics only; not used for parameter choice
valid,hybrid_score_30_70,20,0.1543525110306136,0.397924578285733,0.3479118680681102,2.8779621079140467,0.3437448875965628,0.0,0.9500000000000004,0.75,positive rankic with robust-selected portfolio metrics; validation only for selection
test,hybrid_score_30_70,20,0.0717600765932016,0.0205459407780257,0.0072912593545036,0.1026471965963611,0.0815779835113491,-0.0380903580248166,0.6100000000000002,0.6,holdout diagnostics only; not used for parameter choice
valid,hybrid_score_30_70,20,0.1543525110306136,0.3842097169381251,0.3437663810359412,2.6611573763200216,0.311251600836084,0.0,0.9500000000000004,0.75,positive rankic with robust-selected portfolio metrics; validation only for selection
test,hybrid_score_30_70,20,0.0717600765932016,0.0292796173204166,0.0162337604260507,0.1395324809288058,0.1176607081891322,-0.0632193966572149,0.5300000000000001,0.6,holdout diagnostics only; not used for parameter choice
valid,hybrid_score_30_70,30,0.1543525110306136,0.3125743564182484,0.2613144882694052,2.1238943930448486,0.2168609688682747,0.0,0.9500000000000012,0.75,positive rankic with robust-selected portfolio metrics; validation only for selection
test,hybrid_score_30_70,30,0.0717600765932016,0.0118050257750101,-0.0012536229495247,0.0581215381927694,0.0379398283151923,-0.046550545133826,0.5133333333333335,0.6,holdout diagnostics only; not used for parameter choice
valid,hybrid_score_30_70,30,0.1543525110306136,0.3075796162477771,0.2581683581994571,2.117185338003137,0.2075749332174035,0.0,0.9333333333333346,0.75,positive rankic with robust-selected portfolio metrics; validation only for selection
test,hybrid_score_30_70,30,0.0717600765932016,0.0041718125122374,-0.0081996310687975,0.0210881123448128,-0.0045585220330039,-0.0463216253884695,0.4666666666666669,0.6,holdout diagnostics only; not used for parameter choice
valid,hybrid_score_30_70,50,0.1543525110306136,0.2166614378270852,0.1752777087038831,2.031837002485478,0.036448588579281,0.0,0.9450000000000008,0.75,positive rankic with robust-selected portfolio metrics; validation only for selection
test,hybrid_score_30_70,50,0.0717600765932016,-0.0156989178229176,-0.0287376484153133,-0.076332704203064,-0.0981354487667625,-0.0443640909518772,0.4960000000000003,0.6,holdout diagnostics only; not used for parameter choice
valid,hybrid_score_30_70,20,0.1543525110306136,0.1339064520556598,0.172707180557993,1.2968874978704283,-0.1100563980989847,-0.0364048666913013,0.9750000000000004,0.5,positive rankic with robust-selected portfolio metrics; validation only for selection
test,hybrid_score_30_70,20,0.0717600765932016,0.0317174648427196,0.0171543211892333,0.1561775448306396,0.1529578080815028,-0.0300319314930872,0.5800000000000002,0.6,holdout diagnostics only; not used for parameter choice
valid,hybrid_score_30_70,20,0.1543525110306136,0.1339064520556598,0.172707180557993,1.2968874978704283,-0.1100563980989847,-0.0364048666913013,0.9750000000000004,0.5,positive rankic with robust-selected portfolio metrics; validation only for selection
test,hybrid_score_30_70,20,0.0717600765932016,0.0153101661963448,0.0030116932700433,0.0750180019387681,0.0529190577151883,-0.0508708846276096,0.4800000000000001,0.6,holdout diagnostics only; not used for parameter choice
valid,hybrid_score_30_70,30,0.1543525110306136,0.2643828397577654,0.2090100428748519,1.9404046562793469,0.138465300573853,-0.0039505464061874,0.9750000000000012,0.75,positive rankic with robust-selected portfolio metrics; validation only for selection
test,hybrid_score_30_70,30,0.0717600765932016,0.0286208114724351,0.0142819929584135,0.1473956283567284,0.1344324990767532,-0.0322164495706214,0.5000000000000003,0.6,holdout diagnostics only; not used for parameter choice
valid,hybrid_score_30_70,30,0.1543525110306136,0.2643828397577654,0.2090100428748519,1.9404046562793469,0.138465300573853,-0.0039505464061874,0.966666666666668,0.75,positive rankic with robust-selected portfolio metrics; validation only for selection
test,hybrid_score_30_70,30,0.0717600765932016,0.0013838126200917,-0.0122999771424134,0.0066261691164172,-0.0093055736499548,-0.0377963581677713,0.4133333333333334,0.6,holdout diagnostics only; not used for parameter choice
valid,hybrid_score_30_70,50,0.1543525110306136,0.2318643142537702,0.1806084403786605,1.622290172517154,0.0731795280549438,-0.0134489001478904,0.9750000000000008,0.75,positive rankic with robust-selected portfolio metrics; validation only for selection
test,hybrid_score_30_70,50,0.0717600765932016,0.0217855016877468,0.0086456808263771,0.1083205671910168,0.0881730358110234,-0.0316862751619372,0.4280000000000002,0.6,holdout diagnostics only; not used for parameter choice
