quarter_idx,split,stock_id,stock_name,future_return_1q,score,portfolio_rank,weight,strategy,score_col,topk
13,train,000017.SZ,深中华A,-16.9144981412639,1.0,1,0.1,pure_stagewise_score_top10,pure_stagewise_score,10
13,train,600421.SH,华嵘控股,-29.1139240506329,0.9992977528089888,2,0.1,pure_stagewise_score_top10,pure_stagewise_score,10
13,train,600610.SH,中毅达,-21.256038647343,0.9985955056179775,3,0.1,pure_stagewise_score_top10,pure_stagewise_score,10
13,train,002248.SZ,华东数控,-7.32177263969174,0.9978932584269663,4,0.1,pure_stagewise_score_top10,pure_stagewise_score,10
13,train,000677.SZ,恒天海龙,-27.2727272727273,0.9971910112359551,5,0.1,pure_stagewise_score_top10,pure_stagewise_score,10
13,train,600234.SH,*ST科新,-9.20398009950247,0.9964887640449438,6,0.1,pure_stagewise_score_top10,pure_stagewise_score,10
13,train,600800.SH,渤海化学,-24.5635910224439,0.9957865168539326,7,0.1,pure_stagewise_score_top10,pure_stagewise_score,10
13,train,600319.SH,亚星化学,-16.5261382799325,0.9950842696629213,8,0.1,pure_stagewise_score_top10,pure_stagewise_score,10
13,train,000020.SZ,深华发A,-12.64,0.9943820224719101,9,0.1,pure_stagewise_score_top10,pure_stagewise_score,10
13,train,600678.SH,四川金顶,-16.0283687943262,0.9936797752808989,10,0.1,pure_stagewise_score_top10,pure_stagewise_score,10
14,train,600883.SH,博闻科技,-8.53146853146852,1.0,1,0.1,pure_stagewise_score_top10,pure_stagewise_score,10
14,train,002625.SZ,光启技术,-3.55220667384283,0.9992977528089888,2,0.1,pure_stagewise_score_top10,pure_stagewise_score,10
14,train,600191.SH,华资实业,-5.44464609800363,0.9985955056179775,3,0.1,pure_stagewise_score_top10,pure_stagewise_score,10
14,train,600345.SH,长江通信,-13.9422435645043,0.9978932584269663,4,0.1,pure_stagewise_score_top10,pure_stagewise_score,10
14,train,600615.SH,丰华股份,19.8047419804742,0.9971910112359551,5,0.1,pure_stagewise_score_top10,pure_stagewise_score,10
14,train,000670.SZ,盈方微,3.94736842105263,0.9964887640449438,6,0.1,pure_stagewise_score_top10,pure_stagewise_score,10
14,train,600610.SH,中毅达,0.0,0.9957865168539326,7,0.1,pure_stagewise_score_top10,pure_stagewise_score,10
14,train,000820.SZ,神雾节能,-33.7552742616034,0.9950842696629213,8,0.1,pure_stagewise_score_top10,pure_stagewise_score,10
14,train,000536.SZ,华映科技,9.52380952380951,0.9943820224719101,9,0.1,pure_stagewise_score_top10,pure_stagewise_score,10
14,train,002248.SZ,华东数控,-19.1268191268191,0.9936797752808989,10,0.1,pure_stagewise_score_top10,pure_stagewise_score,10
15,train,600416.SH,湘电股份,3.77906976744184,1.0,1,0.1,pure_stagewise_score_top10,pure_stagewise_score,10
15,train,002374.SZ,中锐股份,2.82685512367491,0.9992977528089888,2,0.1,pure_stagewise_score_top10,pure_stagewise_score,10
15,train,000536.SZ,华映科技,-2.52707581227436,0.9985955056179775,3,0.1,pure_stagewise_score_top10,pure_stagewise_score,10
15,train,002472.SZ,双环传动,4.28305400372437,0.9978932584269663,4,0.1,pure_stagewise_score_top10,pure_stagewise_score,10
15,train,002122.SZ,汇洲智能,-2.5,0.9971910112359551,5,0.1,pure_stagewise_score_top10,pure_stagewise_score,10
15,train,002501.SZ,利源股份,33.0769230769231,0.9964887640449438,6,0.1,pure_stagewise_score_top10,pure_stagewise_score,10
15,train,600961.SH,株冶集团,-8.78155872667397,0.9957865168539326,7,0.1,pure_stagewise_score_top10,pure_stagewise_score,10
15,train,002625.SZ,光启技术,3.27313769751694,0.9950842696629213,8,0.1,pure_stagewise_score_top10,pure_stagewise_score,10
15,train,600458.SH,时代新材,-22.6125137211855,0.9943820224719101,9,0.1,pure_stagewise_score_top10,pure_stagewise_score,10
15,train,600742.SH,一汽富维,1.85341196293176,0.9936797752808989,10,0.1,pure_stagewise_score_top10,pure_stagewise_score,10
16,train,300137.SZ,先河环保,-6.91003911342895,1.0,1,0.1,pure_stagewise_score_top10,pure_stagewise_score,10
16,train,002397.SZ,梦洁股份,-9.57230142566191,0.9992977528089888,2,0.1,pure_stagewise_score_top10,pure_stagewise_score,10
16,train,600351.SH,亚宝药业,-12.9824561403509,0.9985955056179775,3,0.1,pure_stagewise_score_top10,pure_stagewise_score,10
16,train,600724.SH,宁波富达,-0.537634408602161,0.9978932584269663,4,0.1,pure_stagewise_score_top10,pure_stagewise_score,10
16,train,300005.SZ,探路者,-23.0941704035874,0.9971910112359551,5,0.1,pure_stagewise_score_top10,pure_stagewise_score,10
16,train,300049.SZ,福瑞股份,-0.26666666666666,0.9964887640449438,6,0.1,pure_stagewise_score_top10,pure_stagewise_score,10
16,train,002233.SZ,塔牌集团,-0.0808407437348446,0.9957865168539326,7,0.1,pure_stagewise_score_top10,pure_stagewise_score,10
16,train,002328.SZ,新朋股份,27.2952853598015,0.9950842696629213,8,0.1,pure_stagewise_score_top10,pure_stagewise_score,10
16,train,600742.SH,一汽富维,-16.0626029654036,0.9943820224719101,9,0.1,pure_stagewise_score_top10,pure_stagewise_score,10
16,train,600866.SH,星湖科技,25.5125284738041,0.9936797752808989,10,0.1,pure_stagewise_score_top10,pure_stagewise_score,10
17,train,600220.SH,ST阳光(退市),26.6746041805538,1.0,1,0.1,pure_stagewise_score_top10,pure_stagewise_score,10
17,train,600877.SH,电科芯片,-21.8967921896792,0.9992977528089888,2,0.1,pure_stagewise_score_top10,pure_stagewise_score,10
17,train,002690.SZ,美亚光电,41.1146912035334,0.9985955056179775,3,0.1,pure_stagewise_score_top10,pure_stagewise_score,10
17,train,000422.SZ,湖北宜化,0.393700787401574,0.9978932584269663,4,0.1,pure_stagewise_score_top10,pure_stagewise_score,10
17,train,600779.SH,水井坊,44.7923915564834,0.9971910112359551,5,0.1,pure_stagewise_score_top10,pure_stagewise_score,10
17,train,600724.SH,宁波富达,0.663284471534298,0.9964887640449438,6,0.1,pure_stagewise_score_top10,pure_stagewise_score,10
17,train,600817.SH,宇通重工,-1.7989417989418,0.9957865168539326,7,0.1,pure_stagewise_score_top10,pure_stagewise_score,10
17,train,000677.SZ,恒天海龙,-6.74846625766869,0.9950842696629213,8,0.1,pure_stagewise_score_top10,pure_stagewise_score,10
17,train,600399.SH,抚顺特钢,3.24189526184537,0.9943820224719101,9,0.1,pure_stagewise_score_top10,pure_stagewise_score,10
17,train,002521.SZ,齐峰新材,0.600520167309893,0.9936797752808989,10,0.1,pure_stagewise_score_top10,pure_stagewise_score,10
18,train,300116.SZ,*ST保力(退市),135.374149659864,1.0,1,0.1,pure_stagewise_score_top10,pure_stagewise_score,10
18,train,600883.SH,博闻科技,-16.4179104477612,0.9992977528089888,2,0.1,pure_stagewise_score_top10,pure_stagewise_score,10
18,train,000820.SZ,神雾节能,15.7894736842106,0.9985955056179775,3,0.1,pure_stagewise_score_top10,pure_stagewise_score,10
18,train,600321.SH,正源股份(退市),6.15384257930578,0.9978932584269663,4,0.1,pure_stagewise_score_top10,pure_stagewise_score,10
18,train,000691.SZ,亚太实业,-2.86806883365202,0.9971910112359551,5,0.1,pure_stagewise_score_top10,pure_stagewise_score,10
18,train,600345.SH,长江通信,-0.498731920200701,0.9964887640449438,6,0.1,pure_stagewise_score_top10,pure_stagewise_score,10
18,train,002716.SZ,湖南白银,34.9315068493151,0.9957865168539326,7,0.1,pure_stagewise_score_top10,pure_stagewise_score,10
18,train,600186.SH,莲花控股,4.78087649402392,0.9950842696629213,8,0.1,pure_stagewise_score_top10,pure_stagewise_score,10
18,train,000982.SZ,中银绒业(退市),-7.8740157480315,0.9943820224719101,9,0.1,pure_stagewise_score_top10,pure_stagewise_score,10
18,train,000523.SZ,红棉股份,-23.1002885975427,0.9936797752808989,10,0.1,pure_stagewise_score_top10,pure_stagewise_score,10
19,train,300116.SZ,*ST保力(退市),-44.1666666666667,1.0,1,0.1,pure_stagewise_score_top10,pure_stagewise_score,10
19,train,603288.SH,海天味业,26.6675088428499,0.9992977528089888,2,0.1,pure_stagewise_score_top10,pure_stagewise_score,10
19,train,300122.SZ,智飞生物,9.56296296296295,0.9985955056179775,3,0.1,pure_stagewise_score_top10,pure_stagewise_score,10
19,train,000911.SZ,广农糖业,-8.47255369928402,0.9978932584269663,4,0.1,pure_stagewise_score_top10,pure_stagewise_score,10
19,train,600610.SH,中毅达,10.2620087336244,0.9971910112359551,5,0.1,pure_stagewise_score_top10,pure_stagewise_score,10
19,train,601777.SH,力帆科技,-14.4665461121157,0.9964887640449438,6,0.1,pure_stagewise_score_top10,pure_stagewise_score,10
19,train,600436.SH,片仔癀,13.4767116314584,0.9957865168539326,7,0.1,pure_stagewise_score_top10,pure_stagewise_score,10
19,train,600319.SH,亚星化学,11.3733905579399,0.9950842696629213,8,0.1,pure_stagewise_score_top10,pure_stagewise_score,10
19,train,600234.SH,*ST科新,3.76106194690267,0.9943820224719101,9,0.1,pure_stagewise_score_top10,pure_stagewise_score,10
19,train,600132.SH,重庆啤酒,14.3145354981266,0.9936797752808989,10,0.1,pure_stagewise_score_top10,pure_stagewise_score,10
20,train,601766.SH,中国中车,21.8216318785579,1.0,1,0.1,pure_stagewise_score_top10,pure_stagewise_score,10
20,train,600104.SH,上汽集团,-19.4182712003277,0.9992977528089888,2,0.1,pure_stagewise_score_top10,pure_stagewise_score,10
20,train,600019.SH,宝钢股份,35.3433835845896,0.9985955056179775,3,0.1,pure_stagewise_score_top10,pure_stagewise_score,10
20,train,600150.SH,中国船舶,-11.8458884416331,0.9978932584269663,4,0.1,pure_stagewise_score_top10,pure_stagewise_score,10
20,train,000651.SZ,格力电器,2.33393177737882,0.9971910112359551,5,0.1,pure_stagewise_score_top10,pure_stagewise_score,10
20,train,600690.SH,海尔智家,10.9608540925267,0.9964887640449438,6,0.1,pure_stagewise_score_top10,pure_stagewise_score,10
20,train,000725.SZ,京东方A,5.20134228187918,0.9957865168539326,7,0.1,pure_stagewise_score_top10,pure_stagewise_score,10
20,train,000063.SZ,中兴通讯,-12.3205741626794,0.9950842696629213,8,0.1,pure_stagewise_score_top10,pure_stagewise_score,10
20,train,600585.SH,海螺水泥,-0.233735878457353,0.9943820224719101,9,0.1,pure_stagewise_score_top10,pure_stagewise_score,10
20,train,600196.SH,复星医药,-23.1704962347944,0.9936797752808989,10,0.1,pure_stagewise_score_top10,pure_stagewise_score,10
21,train,300357.SZ,我武生物,12.4582610190038,1.0,1,0.1,pure_stagewise_score_top10,pure_stagewise_score,10
21,train,600809.SH,山西汾酒,30.8449429013698,0.9992977528089888,2,0.1,pure_stagewise_score_top10,pure_stagewise_score,10
21,train,600132.SH,重庆啤酒,77.7408637873754,0.9985955056179775,3,0.1,pure_stagewise_score_top10,pure_stagewise_score,10
21,train,000995.SZ,皇台酒业,49.030612244898,0.9978932584269663,4,0.1,pure_stagewise_score_top10,pure_stagewise_score,10
21,train,603288.SH,海天味业,10.9033513186847,0.9971910112359551,5,0.1,pure_stagewise_score_top10,pure_stagewise_score,10
21,train,300122.SZ,智飞生物,6.00022706630334,0.9964887640449438,6,0.1,pure_stagewise_score_top10,pure_stagewise_score,10
21,train,300111.SZ,向日葵,1.74825174825175,0.9957865168539326,7,0.1,pure_stagewise_score_top10,pure_stagewise_score,10
21,train,600436.SH,片仔癀,55.998175526153,0.9950842696629213,8,0.1,pure_stagewise_score_top10,pure_stagewise_score,10
21,train,600696.SH,岩石股份,156.401384083045,0.9943820224719101,9,0.1,pure_stagewise_score_top10,pure_stagewise_score,10
21,train,600877.SH,电科芯片,23.8244514106583,0.9936797752808989,10,0.1,pure_stagewise_score_top10,pure_stagewise_score,10
22,valid,600331.SH,宏达股份,110.39603960396,1.0,1,0.1,pure_stagewise_score_top10,pure_stagewise_score,10
22,valid,300116.SZ,*ST保力(退市),29.2682926829269,0.9992977528089888,2,0.1,pure_stagewise_score_top10,pure_stagewise_score,10
22,valid,002248.SZ,华东数控,47.4258970358814,0.9985955056179775,3,0.1,pure_stagewise_score_top10,pure_stagewise_score,10
22,valid,000410.SZ,沈阳机床,11.6945107398568,0.9978932584269663,4,0.1,pure_stagewise_score_top10,pure_stagewise_score,10
22,valid,000972.SZ,中基健康,-1.33928571428572,0.9971910112359551,5,0.1,pure_stagewise_score_top10,pure_stagewise_score,10
22,valid,002506.SZ,协鑫集成,26.1538461538461,0.9964887640449438,6,0.1,pure_stagewise_score_top10,pure_stagewise_score,10
22,valid,000890.SZ,法尔胜,-23.462783171521,0.9957865168539326,7,0.1,pure_stagewise_score_top10,pure_stagewise_score,10
22,valid,600319.SH,亚星化学,-2.0979020979021,0.9950842696629213,8,0.1,pure_stagewise_score_top10,pure_stagewise_score,10
22,valid,600238.SH,海南椰岛,-29.4402985074627,0.9943820224719101,9,0.1,pure_stagewise_score_top10,pure_stagewise_score,10
22,valid,002547.SZ,春兴精工,-7.58620689655173,0.9936797752808989,10,0.1,pure_stagewise_score_top10,pure_stagewise_score,10
23,valid,002515.SZ,金字火腿,7.8740157480315,1.0,1,0.1,pure_stagewise_score_top10,pure_stagewise_score,10
23,valid,002708.SZ,光洋股份,24.4206773618538,0.9992977528089888,2,0.1,pure_stagewise_score_top10,pure_stagewise_score,10
23,valid,300343.SZ,联创股份,-8.98395721925135,0.9985955056179775,3,0.1,pure_stagewise_score_top10,pure_stagewise_score,10
23,valid,000536.SZ,华映科技,3.36134453781511,0.9978932584269663,4,0.1,pure_stagewise_score_top10,pure_stagewise_score,10
23,valid,000931.SZ,中关村,8.64022662889519,0.9971910112359551,5,0.1,pure_stagewise_score_top10,pure_stagewise_score,10
23,valid,601012.SH,隆基绿能,6.32786480819048,0.9964887640449438,6,0.1,pure_stagewise_score_top10,pure_stagewise_score,10
23,valid,600010.SH,包钢股份,-9.41558441558442,0.9957865168539326,7,0.1,pure_stagewise_score_top10,pure_stagewise_score,10
23,valid,601727.SH,上海电气,-7.25190839694657,0.9950842696629213,8,0.1,pure_stagewise_score_top10,pure_stagewise_score,10
23,valid,600760.SH,中航沈飞,2.70497291889134,0.9943820224719101,9,0.1,pure_stagewise_score_top10,pure_stagewise_score,10
23,valid,000333.SZ,美的集团,5.03771168350649,0.9936797752808989,10,0.1,pure_stagewise_score_top10,pure_stagewise_score,10
24,valid,600319.SH,亚星化学,38.0333951762523,1.0,1,0.1,pure_stagewise_score_top10,pure_stagewise_score,10
24,valid,600071.SH,凤凰光学,-36.0709712822389,0.9992977528089888,2,0.1,pure_stagewise_score_top10,pure_stagewise_score,10
24,valid,600792.SH,云煤能源,0.242718446601931,0.9985955056179775,3,0.1,pure_stagewise_score_top10,pure_stagewise_score,10
24,valid,002515.SZ,金字火腿,-10.6422018348624,0.9978932584269663,4,0.1,pure_stagewise_score_top10,pure_stagewise_score,10
24,valid,300092.SZ,科新机电,-21.5102974828375,0.9971910112359551,5,0.1,pure_stagewise_score_top10,pure_stagewise_score,10
24,valid,000677.SZ,恒天海龙,4.90797546012269,0.9964887640449438,6,0.1,pure_stagewise_score_top10,pure_stagewise_score,10
24,valid,000410.SZ,沈阳机床,-5.98802395209581,0.9957865168539326,7,0.1,pure_stagewise_score_top10,pure_stagewise_score,10
24,valid,002478.SZ,常宝股份,4.35779816513762,0.9950842696629213,8,0.1,pure_stagewise_score_top10,pure_stagewise_score,10
24,valid,000820.SZ,神雾节能,-1.17302052785924,0.9943820224719101,9,0.1,pure_stagewise_score_top10,pure_stagewise_score,10
24,valid,600336.SH,澳柯玛,-15.8485273492286,0.9936797752808989,10,0.1,pure_stagewise_score_top10,pure_stagewise_score,10
25,valid,000410.SZ,沈阳机床,1.49253731343282,1.0,1,0.1,pure_stagewise_score_top10,pure_stagewise_score,10
25,valid,600601.SH,方正科技,-4.48979591836736,0.9992977528089888,2,0.1,pure_stagewise_score_top10,pure_stagewise_score,10
25,valid,600127.SH,金健米业,-16.2857142857143,0.9985955056179775,3,0.1,pure_stagewise_score_top10,pure_stagewise_score,10
25,valid,600732.SH,爱旭股份,119.986675549634,0.9978932584269663,4,0.1,pure_stagewise_score_top10,pure_stagewise_score,10
25,valid,300068.SZ,南都电源,26.2551440329218,0.9971910112359551,5,0.1,pure_stagewise_score_top10,pure_stagewise_score,10
25,valid,600983.SH,惠而浦,-3.24594257178527,0.9964887640449438,6,0.1,pure_stagewise_score_top10,pure_stagewise_score,10
25,valid,300032.SZ,金龙机电,-5.43130990415336,0.9957865168539326,7,0.1,pure_stagewise_score_top10,pure_stagewise_score,10
25,valid,300201.SZ,海伦哲,-39.5770392749245,0.9950842696629213,8,0.1,pure_stagewise_score_top10,pure_stagewise_score,10
25,valid,002036.SZ,联创电子,3.01810865191146,0.9943820224719101,9,0.1,pure_stagewise_score_top10,pure_stagewise_score,10
25,valid,000017.SZ,深中华A,31.8452380952381,0.9936797752808989,10,0.1,pure_stagewise_score_top10,pure_stagewise_score,10
26,test,600276.SH,恒瑞医药,-0.796897651005557,1.0,1,0.1,pure_stagewise_score_top10,pure_stagewise_score,10
26,test,002304.SZ,洋河股份,-11.6973757677275,0.9992977528089888,2,0.1,pure_stagewise_score_top10,pure_stagewise_score,10
26,test,002466.SZ,天齐锂业,-18.2410423452769,0.9985955056179775,3,0.1,pure_stagewise_score_top10,pure_stagewise_score,10
26,test,000725.SZ,京东方A,-16.5816326530612,0.9978932584269663,4,0.1,pure_stagewise_score_top10,pure_stagewise_score,10
26,test,000858.SZ,五粮液,-11.859375,0.9971910112359551,5,0.1,pure_stagewise_score_top10,pure_stagewise_score,10
26,test,000568.SZ,泸州老窖,-0.759066023169841,0.9964887640449438,6,0.1,pure_stagewise_score_top10,pure_stagewise_score,10
26,test,600585.SH,海螺水泥,-16.8782458165032,0.9957865168539326,7,0.1,pure_stagewise_score_top10,pure_stagewise_score,10
26,test,002460.SZ,赣锋锂业,-26.6685642538095,0.9950842696629213,8,0.1,pure_stagewise_score_top10,pure_stagewise_score,10
26,test,002415.SZ,海康威视,-15.9668508287293,0.9943820224719101,9,0.1,pure_stagewise_score_top10,pure_stagewise_score,10
26,test,601766.SH,中国中车,-6.35450398190529,0.9936797752808989,10,0.1,pure_stagewise_score_top10,pure_stagewise_score,10
27,test,002466.SZ,天齐锂业,-24.1283258092402,1.0,1,0.1,pure_stagewise_score_top10,pure_stagewise_score,10
27,test,600519.SH,贵州茅台,-6.98555126426281,0.9992977528089888,2,0.1,pure_stagewise_score_top10,pure_stagewise_score,10
27,test,002304.SZ,洋河股份,0.671140939597303,0.9985955056179775,3,0.1,pure_stagewise_score_top10,pure_stagewise_score,10
27,test,000858.SZ,五粮液,7.22805768203669,0.9978932584269663,4,0.1,pure_stagewise_score_top10,pure_stagewise_score,10
27,test,600276.SH,恒瑞医药,10.1801544180726,0.9971910112359551,5,0.1,pure_stagewise_score_top10,pure_stagewise_score,10
27,test,000568.SZ,泸州老窖,-2.90909090909092,0.9964887640449438,6,0.1,pure_stagewise_score_top10,pure_stagewise_score,10
27,test,601633.SH,长城汽车,5.40925266903916,0.9957865168539326,7,0.1,pure_stagewise_score_top10,pure_stagewise_score,10
27,test,000651.SZ,格力电器,-0.706605222734247,0.9950842696629213,8,0.1,pure_stagewise_score_top10,pure_stagewise_score,10
27,test,000792.SZ,盐湖股份,-4.94344365312108,0.9943820224719101,9,0.1,pure_stagewise_score_top10,pure_stagewise_score,10
27,test,600438.SH,通威股份,-19.591496456857,0.9936797752808989,10,0.1,pure_stagewise_score_top10,pure_stagewise_score,10
28,test,600148.SH,长春一东,5.96465390279823,1.0,1,0.1,pure_stagewise_score_top10,pure_stagewise_score,10
28,test,002483.SZ,润邦股份,6.56063618290257,0.9992977528089888,2,0.1,pure_stagewise_score_top10,pure_stagewise_score,10
28,test,002339.SZ,积成电子,18.037518037518,0.9985955056179775,3,0.1,pure_stagewise_score_top10,pure_stagewise_score,10
28,test,600080.SH,金花股份,1.79257362355953,0.9978932584269663,4,0.1,pure_stagewise_score_top10,pure_stagewise_score,10
28,test,603518.SH,锦泓集团,24.1791044776119,0.9971910112359551,5,0.1,pure_stagewise_score_top10,pure_stagewise_score,10
28,test,002272.SZ,川润股份,10.4132231404959,0.9964887640449438,6,0.1,pure_stagewise_score_top10,pure_stagewise_score,10
28,test,000725.SZ,京东方A,31.3609467455622,0.9957865168539326,7,0.1,pure_stagewise_score_top10,pure_stagewise_score,10
28,test,300317.SZ,珈伟新能,53.416149068323,0.9950842696629213,8,0.1,pure_stagewise_score_top10,pure_stagewise_score,10
28,test,002308.SZ,*ST威创,32.0843091334895,0.9943820224719101,9,0.1,pure_stagewise_score_top10,pure_stagewise_score,10
28,test,300155.SZ,安居宝,12.6086956521739,0.9936797752808989,10,0.1,pure_stagewise_score_top10,pure_stagewise_score,10
29,test,600809.SH,山西汾酒,-31.3340433623405,1.0,1,0.1,pure_stagewise_score_top10,pure_stagewise_score,10
29,test,600519.SH,贵州茅台,-4.08049868791905,0.9992977528089888,2,0.1,pure_stagewise_score_top10,pure_stagewise_score,10
29,test,000568.SZ,泸州老窖,-17.3554696742645,0.9985955056179775,3,0.1,pure_stagewise_score_top10,pure_stagewise_score,10
29,test,000858.SZ,五粮液,-14.2943410513453,0.9978932584269663,4,0.1,pure_stagewise_score_top10,pure_stagewise_score,10
29,test,000792.SZ,盐湖股份,-14.1129032258064,0.9971910112359551,5,0.1,pure_stagewise_score_top10,pure_stagewise_score,10
29,test,000596.SZ,古井贡酒,-12.2330234868374,0.9964887640449438,6,0.1,pure_stagewise_score_top10,pure_stagewise_score,10
29,test,600436.SH,片仔癀,1.72646536412078,0.9957865168539326,7,0.1,pure_stagewise_score_top10,pure_stagewise_score,10
29,test,600276.SH,恒瑞医药,11.3740365777554,0.9950842696629213,8,0.1,pure_stagewise_score_top10,pure_stagewise_score,10
29,test,002304.SZ,洋河股份,-20.3438522924149,0.9943820224719101,9,0.1,pure_stagewise_score_top10,pure_stagewise_score,10
29,test,002466.SZ,天齐锂业,-3.08065015854772,0.9936797752808989,10,0.1,pure_stagewise_score_top10,pure_stagewise_score,10
30,test,600550.SH,保变电气,-6.73267326732673,1.0,1,0.1,pure_stagewise_score_top10,pure_stagewise_score,10
30,test,601113.SH,华鼎股份,9.40438871473355,0.9992977528089888,2,0.1,pure_stagewise_score_top10,pure_stagewise_score,10
30,test,002388.SZ,新亚制程,-11.0953058321479,0.9985955056179775,3,0.1,pure_stagewise_score_top10,pure_stagewise_score,10
30,test,002471.SZ,中超控股,8.92193308550187,0.9978932584269663,4,0.1,pure_stagewise_score_top10,pure_stagewise_score,10
30,test,002483.SZ,润邦股份,3.78006872852232,0.9971910112359551,5,0.1,pure_stagewise_score_top10,pure_stagewise_score,10
30,test,600470.SH,六国化工,0.579150579150589,0.9964887640449438,6,0.1,pure_stagewise_score_top10,pure_stagewise_score,10
30,test,002132.SZ,恒星科技,-9.42857142857142,0.9957865168539326,7,0.1,pure_stagewise_score_top10,pure_stagewise_score,10
30,test,300411.SZ,金盾股份,0.304414003044129,0.9950842696629213,8,0.1,pure_stagewise_score_top10,pure_stagewise_score,10
30,test,002172.SZ,澳洋健康,9.56521739130434,0.9943820224719101,9,0.1,pure_stagewise_score_top10,pure_stagewise_score,10
30,test,000959.SZ,首钢股份,9.5100864553314,0.9936797752808989,10,0.1,pure_stagewise_score_top10,pure_stagewise_score,10
13,train,000017.SZ,深中华A,-16.9144981412639,1.0,1,0.05,pure_stagewise_score_top20,pure_stagewise_score,20
13,train,600421.SH,华嵘控股,-29.1139240506329,0.9992977528089888,2,0.05,pure_stagewise_score_top20,pure_stagewise_score,20
13,train,600610.SH,中毅达,-21.256038647343,0.9985955056179775,3,0.05,pure_stagewise_score_top20,pure_stagewise_score,20
13,train,002248.SZ,华东数控,-7.32177263969174,0.9978932584269663,4,0.05,pure_stagewise_score_top20,pure_stagewise_score,20
13,train,000677.SZ,恒天海龙,-27.2727272727273,0.9971910112359551,5,0.05,pure_stagewise_score_top20,pure_stagewise_score,20
13,train,600234.SH,*ST科新,-9.20398009950247,0.9964887640449438,6,0.05,pure_stagewise_score_top20,pure_stagewise_score,20
13,train,600800.SH,渤海化学,-24.5635910224439,0.9957865168539326,7,0.05,pure_stagewise_score_top20,pure_stagewise_score,20
13,train,600319.SH,亚星化学,-16.5261382799325,0.9950842696629213,8,0.05,pure_stagewise_score_top20,pure_stagewise_score,20
13,train,000020.SZ,深华发A,-12.64,0.9943820224719101,9,0.05,pure_stagewise_score_top20,pure_stagewise_score,20
13,train,600678.SH,四川金顶,-16.0283687943262,0.9936797752808989,10,0.05,pure_stagewise_score_top20,pure_stagewise_score,20
13,train,000422.SZ,湖北宜化,-28.4090909090909,0.9929775280898876,11,0.05,pure_stagewise_score_top20,pure_stagewise_score,20
13,train,300236.SZ,上海新阳,-22.3923444976077,0.9922752808988764,12,0.05,pure_stagewise_score_top20,pure_stagewise_score,20
13,train,002213.SZ,大为股份,-20.7547169811321,0.9915730337078652,13,0.05,pure_stagewise_score_top20,pure_stagewise_score,20
13,train,000670.SZ,盈方微,-61.4864864864865,0.9908707865168539,14,0.05,pure_stagewise_score_top20,pure_stagewise_score,20
13,train,300139.SZ,晓程科技,-17.3234200743494,0.9901685393258427,15,0.05,pure_stagewise_score_top20,pure_stagewise_score,20
13,train,300122.SZ,智飞生物,-14.6393882517423,0.9894662921348315,16,0.05,pure_stagewise_score_top20,pure_stagewise_score,20
13,train,600405.SH,动力源,-9.27272727272728,0.9887640449438202,17,0.05,pure_stagewise_score_top20,pure_stagewise_score,20
13,train,300111.SZ,向日葵,-7.77385159010601,0.988061797752809,18,0.05,pure_stagewise_score_top20,pure_stagewise_score,20
13,train,002058.SZ,威尔泰,0.807043286867204,0.9873595505617978,19,0.05,pure_stagewise_score_top20,pure_stagewise_score,20
13,train,300176.SZ,派生科技,-72.0,0.9866573033707865,20,0.05,pure_stagewise_score_top20,pure_stagewise_score,20
14,train,600883.SH,博闻科技,-8.53146853146852,1.0,1,0.05,pure_stagewise_score_top20,pure_stagewise_score,20
14,train,002625.SZ,光启技术,-3.55220667384283,0.9992977528089888,2,0.05,pure_stagewise_score_top20,pure_stagewise_score,20
14,train,600191.SH,华资实业,-5.44464609800363,0.9985955056179775,3,0.05,pure_stagewise_score_top20,pure_stagewise_score,20
14,train,600345.SH,长江通信,-13.9422435645043,0.9978932584269663,4,0.05,pure_stagewise_score_top20,pure_stagewise_score,20
14,train,600615.SH,丰华股份,19.8047419804742,0.9971910112359551,5,0.05,pure_stagewise_score_top20,pure_stagewise_score,20
14,train,000670.SZ,盈方微,3.94736842105263,0.9964887640449438,6,0.05,pure_stagewise_score_top20,pure_stagewise_score,20
14,train,600610.SH,中毅达,0.0,0.9957865168539326,7,0.05,pure_stagewise_score_top20,pure_stagewise_score,20
14,train,000820.SZ,神雾节能,-33.7552742616034,0.9950842696629213,8,0.05,pure_stagewise_score_top20,pure_stagewise_score,20
14,train,000536.SZ,华映科技,9.52380952380951,0.9943820224719101,9,0.05,pure_stagewise_score_top20,pure_stagewise_score,20
14,train,002248.SZ,华东数控,-19.1268191268191,0.9936797752808989,10,0.05,pure_stagewise_score_top20,pure_stagewise_score,20
14,train,300125.SZ,ST聆达,0.207325501036615,0.9929775280898876,11,0.05,pure_stagewise_score_top20,pure_stagewise_score,20
14,train,002529.SZ,海源复材,-23.4200743494424,0.9922752808988764,12,0.05,pure_stagewise_score_top20,pure_stagewise_score,20
14,train,002665.SZ,ST航高(退市),-6.48967551622419,0.9915730337078652,13,0.05,pure_stagewise_score_top20,pure_stagewise_score,20
14,train,600423.SH,柳化股份,10.3225806451613,0.9908707865168539,14,0.05,pure_stagewise_score_top20,pure_stagewise_score,20
14,train,600165.SH,*ST宁科,-1.26262626262627,0.9901685393258427,15,0.05,pure_stagewise_score_top20,pure_stagewise_score,20
14,train,600381.SH,ST春天,-12.3152709359606,0.9894662921348315,16,0.05,pure_stagewise_score_top20,pure_stagewise_score,20
14,train,600800.SH,渤海化学,-10.2479338842975,0.9887640449438202,17,0.05,pure_stagewise_score_top20,pure_stagewise_score,20
14,train,600302.SH,标准股份,-16.1410018552876,0.988061797752809,18,0.05,pure_stagewise_score_top20,pure_stagewise_score,20
14,train,600416.SH,湘电股份,17.2757475083056,0.9873595505617978,19,0.05,pure_stagewise_score_top20,pure_stagewise_score,20
14,train,000691.SZ,亚太实业,-4.97512437810944,0.9866573033707865,20,0.05,pure_stagewise_score_top20,pure_stagewise_score,20
15,train,600416.SH,湘电股份,3.77906976744184,1.0,1,0.05,pure_stagewise_score_top20,pure_stagewise_score,20
15,train,002374.SZ,中锐股份,2.82685512367491,0.9992977528089888,2,0.05,pure_stagewise_score_top20,pure_stagewise_score,20
15,train,000536.SZ,华映科技,-2.52707581227436,0.9985955056179775,3,0.05,pure_stagewise_score_top20,pure_stagewise_score,20
15,train,002472.SZ,双环传动,4.28305400372437,0.9978932584269663,4,0.05,pure_stagewise_score_top20,pure_stagewise_score,20
15,train,002122.SZ,汇洲智能,-2.5,0.9971910112359551,5,0.05,pure_stagewise_score_top20,pure_stagewise_score,20
15,train,002501.SZ,利源股份,33.0769230769231,0.9964887640449438,6,0.05,pure_stagewise_score_top20,pure_stagewise_score,20
15,train,600961.SH,株冶集团,-8.78155872667397,0.9957865168539326,7,0.05,pure_stagewise_score_top20,pure_stagewise_score,20
15,train,002625.SZ,光启技术,3.27313769751694,0.9950842696629213,8,0.05,pure_stagewise_score_top20,pure_stagewise_score,20
15,train,600458.SH,时代新材,-22.6125137211855,0.9943820224719101,9,0.05,pure_stagewise_score_top20,pure_stagewise_score,20
15,train,600742.SH,一汽富维,1.85341196293176,0.9936797752808989,10,0.05,pure_stagewise_score_top20,pure_stagewise_score,20
15,train,000823.SZ,超声电子,24.2870285188593,0.9929775280898876,11,0.05,pure_stagewise_score_top20,pure_stagewise_score,20
15,train,002328.SZ,新朋股份,6.13333333333332,0.9922752808988764,12,0.05,pure_stagewise_score_top20,pure_stagewise_score,20
15,train,002513.SZ,蓝丰生化,33.8983050847458,0.9915730337078652,13,0.05,pure_stagewise_score_top20,pure_stagewise_score,20
15,train,002681.SZ,奋达科技,24.5535714285714,0.9908707865168539,14,0.05,pure_stagewise_score_top20,pure_stagewise_score,20
15,train,300083.SZ,创世纪,23.1481481481481,0.9901685393258427,15,0.05,pure_stagewise_score_top20,pure_stagewise_score,20
15,train,002528.SZ,ST英飞拓,21.7592592592593,0.9894662921348315,16,0.05,pure_stagewise_score_top20,pure_stagewise_score,20
15,train,002327.SZ,富安娜,4.83383685800605,0.9887640449438202,17,0.05,pure_stagewise_score_top20,pure_stagewise_score,20
15,train,002233.SZ,塔牌集团,31.6614420062696,0.988061797752809,18,0.05,pure_stagewise_score_top20,pure_stagewise_score,20
15,train,600595.SH,中孚实业,54.9295774647888,0.9873595505617978,19,0.05,pure_stagewise_score_top20,pure_stagewise_score,20
15,train,000663.SZ,永安林业,-13.9784946236559,0.9866573033707865,20,0.05,pure_stagewise_score_top20,pure_stagewise_score,20
16,train,300137.SZ,先河环保,-6.91003911342895,1.0,1,0.05,pure_stagewise_score_top20,pure_stagewise_score,20
16,train,002397.SZ,梦洁股份,-9.57230142566191,0.9992977528089888,2,0.05,pure_stagewise_score_top20,pure_stagewise_score,20
16,train,600351.SH,亚宝药业,-12.9824561403509,0.9985955056179775,3,0.05,pure_stagewise_score_top20,pure_stagewise_score,20
16,train,600724.SH,宁波富达,-0.537634408602161,0.9978932584269663,4,0.05,pure_stagewise_score_top20,pure_stagewise_score,20
16,train,300005.SZ,探路者,-23.0941704035874,0.9971910112359551,5,0.05,pure_stagewise_score_top20,pure_stagewise_score,20
16,train,300049.SZ,福瑞股份,-0.26666666666666,0.9964887640449438,6,0.05,pure_stagewise_score_top20,pure_stagewise_score,20
16,train,002233.SZ,塔牌集团,-0.0808407437348446,0.9957865168539326,7,0.05,pure_stagewise_score_top20,pure_stagewise_score,20
16,train,002328.SZ,新朋股份,27.2952853598015,0.9950842696629213,8,0.05,pure_stagewise_score_top20,pure_stagewise_score,20
16,train,600742.SH,一汽富维,-16.0626029654036,0.9943820224719101,9,0.05,pure_stagewise_score_top20,pure_stagewise_score,20
16,train,600866.SH,星湖科技,25.5125284738041,0.9936797752808989,10,0.05,pure_stagewise_score_top20,pure_stagewise_score,20
16,train,300097.SZ,智云股份,22.0020855057351,0.9929775280898876,11,0.05,pure_stagewise_score_top20,pure_stagewise_score,20
16,train,600361.SH,创新新材,28.3422459893048,0.9922752808988764,12,0.05,pure_stagewise_score_top20,pure_stagewise_score,20
16,train,000635.SZ,英力特,-4.9367088607595,0.9915730337078652,13,0.05,pure_stagewise_score_top20,pure_stagewise_score,20
16,train,002528.SZ,ST英飞拓,-11.047619047619,0.9908707865168539,14,0.05,pure_stagewise_score_top20,pure_stagewise_score,20
16,train,002342.SZ,巨力索具,-0.32051282051283,0.9901685393258427,15,0.05,pure_stagewise_score_top20,pure_stagewise_score,20
16,train,600169.SH,太原重工,-11.6379310344828,0.9894662921348315,16,0.05,pure_stagewise_score_top20,pure_stagewise_score,20
16,train,600416.SH,湘电股份,16.57223796034,0.9887640449438202,17,0.05,pure_stagewise_score_top20,pure_stagewise_score,20
16,train,600579.SH,克劳斯,1.06870229007634,0.988061797752809,18,0.05,pure_stagewise_score_top20,pure_stagewise_score,20
16,train,002122.SZ,汇洲智能,-23.1958762886598,0.9873595505617978,19,0.05,pure_stagewise_score_top20,pure_stagewise_score,20
16,train,002480.SZ,新筑股份,13.0434782608696,0.9866573033707865,20,0.05,pure_stagewise_score_top20,pure_stagewise_score,20
17,train,600220.SH,ST阳光(退市),26.6746041805538,1.0,1,0.05,pure_stagewise_score_top20,pure_stagewise_score,20
17,train,600877.SH,电科芯片,-21.8967921896792,0.9992977528089888,2,0.05,pure_stagewise_score_top20,pure_stagewise_score,20
17,train,002690.SZ,美亚光电,41.1146912035334,0.9985955056179775,3,0.05,pure_stagewise_score_top20,pure_stagewise_score,20
17,train,000422.SZ,湖北宜化,0.393700787401574,0.9978932584269663,4,0.05,pure_stagewise_score_top20,pure_stagewise_score,20
17,train,600779.SH,水井坊,44.7923915564834,0.9971910112359551,5,0.05,pure_stagewise_score_top20,pure_stagewise_score,20
17,train,600724.SH,宁波富达,0.663284471534298,0.9964887640449438,6,0.05,pure_stagewise_score_top20,pure_stagewise_score,20
17,train,600817.SH,宇通重工,-1.7989417989418,0.9957865168539326,7,0.05,pure_stagewise_score_top20,pure_stagewise_score,20
17,train,000677.SZ,恒天海龙,-6.74846625766869,0.9950842696629213,8,0.05,pure_stagewise_score_top20,pure_stagewise_score,20
17,train,600399.SH,抚顺特钢,3.24189526184537,0.9943820224719101,9,0.05,pure_stagewise_score_top20,pure_stagewise_score,20
17,train,002521.SZ,齐峰新材,0.600520167309893,0.9936797752808989,10,0.05,pure_stagewise_score_top20,pure_stagewise_score,20
17,train,000403.SZ,派林生物,93.3489827856025,0.9929775280898876,11,0.05,pure_stagewise_score_top20,pure_stagewise_score,20
17,train,600203.SH,福日电子,5.2910052910053,0.9922752808988764,12,0.05,pure_stagewise_score_top20,pure_stagewise_score,20
17,train,002347.SZ,泰尔股份,-5.37343809780894,0.9915730337078652,13,0.05,pure_stagewise_score_top20,pure_stagewise_score,20
17,train,000988.SZ,华工科技,11.9102153000458,0.9908707865168539,14,0.05,pure_stagewise_score_top20,pure_stagewise_score,20
17,train,002182.SZ,宝武镁业,-0.750321284467004,0.9901685393258427,15,0.05,pure_stagewise_score_top20,pure_stagewise_score,20
17,train,600169.SH,太原重工,-8.17307692307693,0.9894662921348315,16,0.05,pure_stagewise_score_top20,pure_stagewise_score,20
17,train,000716.SZ,黑芝麻,-3.5264483627204,0.9887640449438202,17,0.05,pure_stagewise_score_top20,pure_stagewise_score,20
17,train,600768.SH,宁波富邦,-9.27342256214151,0.988061797752809,18,0.05,pure_stagewise_score_top20,pure_stagewise_score,20
17,train,002328.SZ,新朋股份,8.35773613243243,0.9873595505617978,19,0.05,pure_stagewise_score_top20,pure_stagewise_score,20
17,train,000931.SZ,中关村,16.1512027491409,0.9866573033707865,20,0.05,pure_stagewise_score_top20,pure_stagewise_score,20
18,train,300116.SZ,*ST保力(退市),135.374149659864,1.0,1,0.05,pure_stagewise_score_top20,pure_stagewise_score,20
18,train,600883.SH,博闻科技,-16.4179104477612,0.9992977528089888,2,0.05,pure_stagewise_score_top20,pure_stagewise_score,20
18,train,000820.SZ,神雾节能,15.7894736842106,0.9985955056179775,3,0.05,pure_stagewise_score_top20,pure_stagewise_score,20
18,train,600321.SH,正源股份(退市),6.15384257930578,0.9978932584269663,4,0.05,pure_stagewise_score_top20,pure_stagewise_score,20
18,train,000691.SZ,亚太实业,-2.86806883365202,0.9971910112359551,5,0.05,pure_stagewise_score_top20,pure_stagewise_score,20
18,train,600345.SH,长江通信,-0.498731920200701,0.9964887640449438,6,0.05,pure_stagewise_score_top20,pure_stagewise_score,20
18,train,002716.SZ,湖南白银,34.9315068493151,0.9957865168539326,7,0.05,pure_stagewise_score_top20,pure_stagewise_score,20
18,train,600186.SH,莲花控股,4.78087649402392,0.9950842696629213,8,0.05,pure_stagewise_score_top20,pure_stagewise_score,20
18,train,000982.SZ,中银绒业(退市),-7.8740157480315,0.9943820224719101,9,0.05,pure_stagewise_score_top20,pure_stagewise_score,20
18,train,000523.SZ,红棉股份,-23.1002885975427,0.9936797752808989,10,0.05,pure_stagewise_score_top20,pure_stagewise_score,20
18,train,000410.SZ,沈阳机床,0.455580865603666,0.9929775280898876,11,0.05,pure_stagewise_score_top20,pure_stagewise_score,20
18,train,002346.SZ,柘中股份,4.62962962962961,0.9922752808988764,12,0.05,pure_stagewise_score_top20,pure_stagewise_score,20
18,train,600191.SH,华资实业,-4.72126437339035,0.9915730337078652,13,0.05,pure_stagewise_score_top20,pure_stagewise_score,20
18,train,002535.SZ,林州重机,8.27067669172934,0.9908707865168539,14,0.05,pure_stagewise_score_top20,pure_stagewise_score,20
18,train,000633.SZ,合金投资,20.0,0.9901685393258427,15,0.05,pure_stagewise_score_top20,pure_stagewise_score,20
18,train,000980.SZ,众泰汽车,-11.8012422360249,0.9894662921348315,16,0.05,pure_stagewise_score_top20,pure_stagewise_score,20
18,train,600381.SH,ST春天,5.76923076923077,0.9887640449438202,17,0.05,pure_stagewise_score_top20,pure_stagewise_score,20
18,train,300208.SZ,*ST中程,117.589576547231,0.988061797752809,18,0.05,pure_stagewise_score_top20,pure_stagewise_score,20
18,train,600165.SH,*ST宁科,38.0863039399625,0.9873595505617978,19,0.05,pure_stagewise_score_top20,pure_stagewise_score,20
18,train,600815.SH,厦工股份,-0.420168067226889,0.9866573033707865,20,0.05,pure_stagewise_score_top20,pure_stagewise_score,20
19,train,300116.SZ,*ST保力(退市),-44.1666666666667,1.0,1,0.05,pure_stagewise_score_top20,pure_stagewise_score,20
19,train,603288.SH,海天味业,26.6675088428499,0.9992977528089888,2,0.05,pure_stagewise_score_top20,pure_stagewise_score,20
19,train,300122.SZ,智飞生物,9.56296296296295,0.9985955056179775,3,0.05,pure_stagewise_score_top20,pure_stagewise_score,20
19,train,000911.SZ,广农糖业,-8.47255369928402,0.9978932584269663,4,0.05,pure_stagewise_score_top20,pure_stagewise_score,20
19,train,600610.SH,中毅达,10.2620087336244,0.9971910112359551,5,0.05,pure_stagewise_score_top20,pure_stagewise_score,20
19,train,601777.SH,力帆科技,-14.4665461121157,0.9964887640449438,6,0.05,pure_stagewise_score_top20,pure_stagewise_score,20
19,train,600436.SH,片仔癀,13.4767116314584,0.9957865168539326,7,0.05,pure_stagewise_score_top20,pure_stagewise_score,20
19,train,600319.SH,亚星化学,11.3733905579399,0.9950842696629213,8,0.05,pure_stagewise_score_top20,pure_stagewise_score,20
19,train,600234.SH,*ST科新,3.76106194690267,0.9943820224719101,9,0.05,pure_stagewise_score_top20,pure_stagewise_score,20
19,train,600132.SH,重庆啤酒,14.3145354981266,0.9936797752808989,10,0.05,pure_stagewise_score_top20,pure_stagewise_score,20
19,train,300111.SZ,向日葵,-16.6666666666667,0.9929775280898876,11,0.05,pure_stagewise_score_top20,pure_stagewise_score,20
19,train,600421.SH,华嵘控股,-35.5807743658211,0.9922752808988764,12,0.05,pure_stagewise_score_top20,pure_stagewise_score,20
19,train,002248.SZ,华东数控,-18.2203389830509,0.9915730337078652,13,0.05,pure_stagewise_score_top20,pure_stagewise_score,20
19,train,002475.SZ,立讯精密,-1.37082601054481,0.9908707865168539,14,0.05,pure_stagewise_score_top20,pure_stagewise_score,20
19,train,000017.SZ,深中华A,-1.6326530612245,0.9901685393258427,15,0.05,pure_stagewise_score_top20,pure_stagewise_score,20
19,train,600809.SH,山西汾酒,90.8124872889974,0.9894662921348315,16,0.05,pure_stagewise_score_top20,pure_stagewise_score,20
19,train,000691.SZ,亚太实业,-9.84251968503937,0.9887640449438202,17,0.05,pure_stagewise_score_top20,pure_stagewise_score,20
19,train,300357.SZ,我武生物,40.1937488576129,0.988061797752809,18,0.05,pure_stagewise_score_top20,pure_stagewise_score,20
19,train,000403.SZ,派林生物,9.66810966810967,0.9873595505617978,19,0.05,pure_stagewise_score_top20,pure_stagewise_score,20
19,train,600817.SH,宇通重工,33.3938294010889,0.9866573033707865,20,0.05,pure_stagewise_score_top20,pure_stagewise_score,20
20,train,601766.SH,中国中车,21.8216318785579,1.0,1,0.05,pure_stagewise_score_top20,pure_stagewise_score,20
20,train,600104.SH,上汽集团,-19.4182712003277,0.9992977528089888,2,0.05,pure_stagewise_score_top20,pure_stagewise_score,20
20,train,600019.SH,宝钢股份,35.3433835845896,0.9985955056179775,3,0.05,pure_stagewise_score_top20,pure_stagewise_score,20
20,train,600150.SH,中国船舶,-11.8458884416331,0.9978932584269663,4,0.05,pure_stagewise_score_top20,pure_stagewise_score,20
20,train,000651.SZ,格力电器,2.33393177737882,0.9971910112359551,5,0.05,pure_stagewise_score_top20,pure_stagewise_score,20
20,train,600690.SH,海尔智家,10.9608540925267,0.9964887640449438,6,0.05,pure_stagewise_score_top20,pure_stagewise_score,20
20,train,000725.SZ,京东方A,5.20134228187918,0.9957865168539326,7,0.05,pure_stagewise_score_top20,pure_stagewise_score,20
20,train,000063.SZ,中兴通讯,-12.3205741626794,0.9950842696629213,8,0.05,pure_stagewise_score_top20,pure_stagewise_score,20
20,train,600585.SH,海螺水泥,-0.233735878457353,0.9943820224719101,9,0.05,pure_stagewise_score_top20,pure_stagewise_score,20
20,train,600196.SH,复星医药,-23.1704962347944,0.9936797752808989,10,0.05,pure_stagewise_score_top20,pure_stagewise_score,20
20,train,000538.SZ,云南白药,7.59821428571428,0.9929775280898876,11,0.05,pure_stagewise_score_top20,pure_stagewise_score,20
20,train,600893.SH,航发动力,-16.0405156537753,0.9922752808988764,12,0.05,pure_stagewise_score_top20,pure_stagewise_score,20
20,train,000625.SZ,长安汽车,-34.091964700418,0.9915730337078652,13,0.05,pure_stagewise_score_top20,pure_stagewise_score,20
20,train,601238.SH,广汽集团,-23.1753197893153,0.9908707865168539,14,0.05,pure_stagewise_score_top20,pure_stagewise_score,20
20,train,000925.SZ,众合科技,5.11182108626198,0.9901685393258427,15,0.05,pure_stagewise_score_top20,pure_stagewise_score,20
20,train,600346.SH,恒力石化,3.74955783516093,0.9894662921348315,16,0.05,pure_stagewise_score_top20,pure_stagewise_score,20
20,train,600031.SH,三一重工,-0.870827285921627,0.9887640449438202,17,0.05,pure_stagewise_score_top20,pure_stagewise_score,20
20,train,600438.SH,通威股份,-13.7285902503294,0.988061797752809,18,0.05,pure_stagewise_score_top20,pure_stagewise_score,20
20,train,601989.SH,中国重工,0.245098039215685,0.9873595505617978,19,0.05,pure_stagewise_score_top20,pure_stagewise_score,20
20,train,600166.SH,福田汽车,28.343949044586,0.9866573033707865,20,0.05,pure_stagewise_score_top20,pure_stagewise_score,20
21,train,300357.SZ,我武生物,12.4582610190038,1.0,1,0.05,pure_stagewise_score_top20,pure_stagewise_score,20
21,train,600809.SH,山西汾酒,30.8449429013698,0.9992977528089888,2,0.05,pure_stagewise_score_top20,pure_stagewise_score,20
21,train,600132.SH,重庆啤酒,77.7408637873754,0.9985955056179775,3,0.05,pure_stagewise_score_top20,pure_stagewise_score,20
21,train,000995.SZ,皇台酒业,49.030612244898,0.9978932584269663,4,0.05,pure_stagewise_score_top20,pure_stagewise_score,20
21,train,603288.SH,海天味业,10.9033513186847,0.9971910112359551,5,0.05,pure_stagewise_score_top20,pure_stagewise_score,20
21,train,300122.SZ,智飞生物,6.00022706630334,0.9964887640449438,6,0.05,pure_stagewise_score_top20,pure_stagewise_score,20
21,train,300111.SZ,向日葵,1.74825174825175,0.9957865168539326,7,0.05,pure_stagewise_score_top20,pure_stagewise_score,20
21,train,600436.SH,片仔癀,55.998175526153,0.9950842696629213,8,0.05,pure_stagewise_score_top20,pure_stagewise_score,20
21,train,600696.SH,岩石股份,156.401384083045,0.9943820224719101,9,0.05,pure_stagewise_score_top20,pure_stagewise_score,20
21,train,600877.SH,电科芯片,23.8244514106583,0.9936797752808989,10,0.05,pure_stagewise_score_top20,pure_stagewise_score,20
21,train,000799.SZ,酒鬼酒,61.5982803312891,0.9929775280898876,11,0.05,pure_stagewise_score_top20,pure_stagewise_score,20
21,train,600779.SH,水井坊,73.6769759450172,0.9922752808988764,12,0.05,pure_stagewise_score_top20,pure_stagewise_score,20
21,train,600610.SH,中毅达,103.671328671329,0.9915730337078652,13,0.05,pure_stagewise_score_top20,pure_stagewise_score,20
21,train,002568.SZ,百润股份,25.6445267799422,0.9908707865168539,14,0.05,pure_stagewise_score_top20,pure_stagewise_score,20
21,train,002076.SZ,星光股份,2.95566502463054,0.9901685393258427,15,0.05,pure_stagewise_score_top20,pure_stagewise_score,20
21,train,600519.SH,贵州茅台,2.06305768108639,0.9894662921348315,16,0.05,pure_stagewise_score_top20,pure_stagewise_score,20
21,train,000017.SZ,深中华A,24.7349823321555,0.9887640449438202,17,0.05,pure_stagewise_score_top20,pure_stagewise_score,20
21,train,000890.SZ,法尔胜,17.2211350293542,0.988061797752809,18,0.05,pure_stagewise_score_top20,pure_stagewise_score,20
21,train,600421.SH,华嵘控股,29.8597194388778,0.9873595505617978,19,0.05,pure_stagewise_score_top20,pure_stagewise_score,20
21,train,601100.SH,恒立液压,-5.00443299196558,0.9866573033707865,20,0.05,pure_stagewise_score_top20,pure_stagewise_score,20
22,valid,600331.SH,宏达股份,110.39603960396,1.0,1,0.05,pure_stagewise_score_top20,pure_stagewise_score,20
22,valid,300116.SZ,*ST保力(退市),29.2682926829269,0.9992977528089888,2,0.05,pure_stagewise_score_top20,pure_stagewise_score,20
22,valid,002248.SZ,华东数控,47.4258970358814,0.9985955056179775,3,0.05,pure_stagewise_score_top20,pure_stagewise_score,20
22,valid,000410.SZ,沈阳机床,11.6945107398568,0.9978932584269663,4,0.05,pure_stagewise_score_top20,pure_stagewise_score,20
22,valid,000972.SZ,中基健康,-1.33928571428572,0.9971910112359551,5,0.05,pure_stagewise_score_top20,pure_stagewise_score,20
22,valid,002506.SZ,协鑫集成,26.1538461538461,0.9964887640449438,6,0.05,pure_stagewise_score_top20,pure_stagewise_score,20
22,valid,000890.SZ,法尔胜,-23.462783171521,0.9957865168539326,7,0.05,pure_stagewise_score_top20,pure_stagewise_score,20
22,valid,600319.SH,亚星化学,-2.0979020979021,0.9950842696629213,8,0.05,pure_stagewise_score_top20,pure_stagewise_score,20
22,valid,600238.SH,海南椰岛,-29.4402985074627,0.9943820224719101,9,0.05,pure_stagewise_score_top20,pure_stagewise_score,20
22,valid,002547.SZ,春兴精工,-7.58620689655173,0.9936797752808989,10,0.05,pure_stagewise_score_top20,pure_stagewise_score,20
22,valid,002466.SZ,天齐锂业,63.8387096774194,0.9929775280898876,11,0.05,pure_stagewise_score_top20,pure_stagewise_score,20
22,valid,300353.SZ,东土科技,-4.71596998928188,0.9922752808988764,12,0.05,pure_stagewise_score_top20,pure_stagewise_score,20
22,valid,600460.SH,士兰微,1.31322094055013,0.9915730337078652,13,0.05,pure_stagewise_score_top20,pure_stagewise_score,20
22,valid,600601.SH,方正科技,-9.06148867313916,0.9908707865168539,14,0.05,pure_stagewise_score_top20,pure_stagewise_score,20
22,valid,002371.SZ,北方华创,33.5665587721669,0.9901685393258427,15,0.05,pure_stagewise_score_top20,pure_stagewise_score,20
22,valid,600610.SH,中毅达,56.060606060606,0.9894662921348315,16,0.05,pure_stagewise_score_top20,pure_stagewise_score,20
22,valid,600213.SH,*ST亚星,-3.17241379310346,0.9887640449438202,17,0.05,pure_stagewise_score_top20,pure_stagewise_score,20
22,valid,002709.SZ,天赐材料,42.3012160898036,0.988061797752809,18,0.05,pure_stagewise_score_top20,pure_stagewise_score,20
22,valid,000908.SZ,*ST景峰,-13.1914893617021,0.9873595505617978,19,0.05,pure_stagewise_score_top20,pure_stagewise_score,20
22,valid,600877.SH,电科芯片,-4.03785488958991,0.9866573033707865,20,0.05,pure_stagewise_score_top20,pure_stagewise_score,20
23,valid,002515.SZ,金字火腿,7.8740157480315,1.0,1,0.05,pure_stagewise_score_top20,pure_stagewise_score,20
23,valid,002708.SZ,光洋股份,24.4206773618538,0.9992977528089888,2,0.05,pure_stagewise_score_top20,pure_stagewise_score,20
23,valid,300343.SZ,联创股份,-8.98395721925135,0.9985955056179775,3,0.05,pure_stagewise_score_top20,pure_stagewise_score,20
23,valid,000536.SZ,华映科技,3.36134453781511,0.9978932584269663,4,0.05,pure_stagewise_score_top20,pure_stagewise_score,20
23,valid,000931.SZ,中关村,8.64022662889519,0.9971910112359551,5,0.05,pure_stagewise_score_top20,pure_stagewise_score,20
23,valid,601012.SH,隆基绿能,6.32786480819048,0.9964887640449438,6,0.05,pure_stagewise_score_top20,pure_stagewise_score,20
23,valid,600010.SH,包钢股份,-9.41558441558442,0.9957865168539326,7,0.05,pure_stagewise_score_top20,pure_stagewise_score,20
23,valid,601727.SH,上海电气,-7.25190839694657,0.9950842696629213,8,0.05,pure_stagewise_score_top20,pure_stagewise_score,20
23,valid,600760.SH,中航沈飞,2.70497291889134,0.9943820224719101,9,0.05,pure_stagewise_score_top20,pure_stagewise_score,20
23,valid,000333.SZ,美的集团,5.03771168350649,0.9936797752808989,10,0.05,pure_stagewise_score_top20,pure_stagewise_score,20
23,valid,600703.SH,三安光电,16.7184586699814,0.9929775280898876,11,0.05,pure_stagewise_score_top20,pure_stagewise_score,20
23,valid,601877.SH,正泰电器,-1.02846648301195,0.9922752808988764,12,0.05,pure_stagewise_score_top20,pure_stagewise_score,20
23,valid,600745.SH,闻泰科技,38.7190215642099,0.9915730337078652,13,0.05,pure_stagewise_score_top20,pure_stagewise_score,20
23,valid,600815.SH,厦工股份,13.3333333333333,0.9908707865168539,14,0.05,pure_stagewise_score_top20,pure_stagewise_score,20
23,valid,600893.SH,航发动力,19.7358490566038,0.9901685393258427,15,0.05,pure_stagewise_score_top20,pure_stagewise_score,20
23,valid,600031.SH,三一重工,-9.45194598888007,0.9894662921348315,16,0.05,pure_stagewise_score_top20,pure_stagewise_score,20
23,valid,002493.SZ,荣盛石化,-2.31307154384078,0.9887640449438202,17,0.05,pure_stagewise_score_top20,pure_stagewise_score,20
23,valid,300207.SZ,欣旺达,15.0027277686852,0.988061797752809,18,0.05,pure_stagewise_score_top20,pure_stagewise_score,20
23,valid,000725.SZ,京东方A,0.397614314115313,0.9873595505617978,19,0.05,pure_stagewise_score_top20,pure_stagewise_score,20
23,valid,601633.SH,长城汽车,-5.1705759778523,0.9866573033707865,20,0.05,pure_stagewise_score_top20,pure_stagewise_score,20
24,valid,600319.SH,亚星化学,38.0333951762523,1.0,1,0.05,pure_stagewise_score_top20,pure_stagewise_score,20
24,valid,600071.SH,凤凰光学,-36.0709712822389,0.9992977528089888,2,0.05,pure_stagewise_score_top20,pure_stagewise_score,20
24,valid,600792.SH,云煤能源,0.242718446601931,0.9985955056179775,3,0.05,pure_stagewise_score_top20,pure_stagewise_score,20
24,valid,002515.SZ,金字火腿,-10.6422018348624,0.9978932584269663,4,0.05,pure_stagewise_score_top20,pure_stagewise_score,20
24,valid,300092.SZ,科新机电,-21.5102974828375,0.9971910112359551,5,0.05,pure_stagewise_score_top20,pure_stagewise_score,20
24,valid,000677.SZ,恒天海龙,4.90797546012269,0.9964887640449438,6,0.05,pure_stagewise_score_top20,pure_stagewise_score,20
24,valid,000410.SZ,沈阳机床,-5.98802395209581,0.9957865168539326,7,0.05,pure_stagewise_score_top20,pure_stagewise_score,20
24,valid,002478.SZ,常宝股份,4.35779816513762,0.9950842696629213,8,0.05,pure_stagewise_score_top20,pure_stagewise_score,20
24,valid,000820.SZ,神雾节能,-1.17302052785924,0.9943820224719101,9,0.05,pure_stagewise_score_top20,pure_stagewise_score,20
24,valid,600336.SH,澳柯玛,-15.8485273492286,0.9936797752808989,10,0.05,pure_stagewise_score_top20,pure_stagewise_score,20
24,valid,000953.SZ,河化股份,32.7102803738318,0.9929775280898876,11,0.05,pure_stagewise_score_top20,pure_stagewise_score,20
24,valid,300111.SZ,向日葵,6.64556962025318,0.9922752808988764,12,0.05,pure_stagewise_score_top20,pure_stagewise_score,20
24,valid,000989.SZ,ST九芝,-2.34962406015039,0.9915730337078652,13,0.05,pure_stagewise_score_top20,pure_stagewise_score,20
24,valid,002248.SZ,华东数控,-21.7842323651452,0.9908707865168539,14,0.05,pure_stagewise_score_top20,pure_stagewise_score,20
24,valid,600601.SH,方正科技,-1.61943319838057,0.9901685393258427,15,0.05,pure_stagewise_score_top20,pure_stagewise_score,20
24,valid,000995.SZ,皇台酒业,-46.6074313408724,0.9894662921348315,16,0.05,pure_stagewise_score_top20,pure_stagewise_score,20
24,valid,002231.SZ,奥维通信,2.64900662251655,0.9887640449438202,17,0.05,pure_stagewise_score_top20,pure_stagewise_score,20
24,valid,000707.SZ,双环科技,53.8987688098495,0.988061797752809,18,0.05,pure_stagewise_score_top20,pure_stagewise_score,20
24,valid,600577.SH,精达股份,-30.3070761014686,0.9873595505617978,19,0.05,pure_stagewise_score_top20,pure_stagewise_score,20
24,valid,002590.SZ,万安科技,-25.1461988304094,0.9866573033707865,20,0.05,pure_stagewise_score_top20,pure_stagewise_score,20
25,valid,000410.SZ,沈阳机床,1.49253731343282,1.0,1,0.05,pure_stagewise_score_top20,pure_stagewise_score,20
25,valid,600601.SH,方正科技,-4.48979591836736,0.9992977528089888,2,0.05,pure_stagewise_score_top20,pure_stagewise_score,20
25,valid,600127.SH,金健米业,-16.2857142857143,0.9985955056179775,3,0.05,pure_stagewise_score_top20,pure_stagewise_score,20
25,valid,600732.SH,爱旭股份,119.986675549634,0.9978932584269663,4,0.05,pure_stagewise_score_top20,pure_stagewise_score,20
25,valid,300068.SZ,南都电源,26.2551440329218,0.9971910112359551,5,0.05,pure_stagewise_score_top20,pure_stagewise_score,20
25,valid,600983.SH,惠而浦,-3.24594257178527,0.9964887640449438,6,0.05,pure_stagewise_score_top20,pure_stagewise_score,20
25,valid,300032.SZ,金龙机电,-5.43130990415336,0.9957865168539326,7,0.05,pure_stagewise_score_top20,pure_stagewise_score,20
25,valid,300201.SZ,海伦哲,-39.5770392749245,0.9950842696629213,8,0.05,pure_stagewise_score_top20,pure_stagewise_score,20
25,valid,002036.SZ,联创电子,3.01810865191146,0.9943820224719101,9,0.05,pure_stagewise_score_top20,pure_stagewise_score,20
25,valid,000017.SZ,深中华A,31.8452380952381,0.9936797752808989,10,0.05,pure_stagewise_score_top20,pure_stagewise_score,20
25,valid,600537.SH,亿晶光电,18.7951807228915,0.9929775280898876,11,0.05,pure_stagewise_score_top20,pure_stagewise_score,20
25,valid,002134.SZ,天津普林,6.984126984127,0.9922752808988764,12,0.05,pure_stagewise_score_top20,pure_stagewise_score,20
25,valid,600118.SH,中国卫星,-9.11686349300897,0.9915730337078652,13,0.05,pure_stagewise_score_top20,pure_stagewise_score,20
25,valid,002486.SZ,嘉麟杰,-0.680272108843538,0.9908707865168539,14,0.05,pure_stagewise_score_top20,pure_stagewise_score,20
25,valid,002547.SZ,春兴精工,7.08860759493672,0.9901685393258427,15,0.05,pure_stagewise_score_top20,pure_stagewise_score,20
25,valid,002514.SZ,宝馨科技,93.9655172413793,0.9894662921348315,16,0.05,pure_stagewise_score_top20,pure_stagewise_score,20
25,valid,601877.SH,正泰电器,-7.37768573647424,0.9887640449438202,17,0.05,pure_stagewise_score_top20,pure_stagewise_score,20
25,valid,002296.SZ,辉煌科技,-6.28415300546448,0.988061797752809,18,0.05,pure_stagewise_score_top20,pure_stagewise_score,20
25,valid,300278.SZ,华昌达,20.9068010075567,0.9873595505617978,19,0.05,pure_stagewise_score_top20,pure_stagewise_score,20
25,valid,000901.SZ,航天科技,-0.0021567311395132,0.9866573033707865,20,0.05,pure_stagewise_score_top20,pure_stagewise_score,20
26,test,600276.SH,恒瑞医药,-0.796897651005557,1.0,1,0.05,pure_stagewise_score_top20,pure_stagewise_score,20
26,test,002304.SZ,洋河股份,-11.6973757677275,0.9992977528089888,2,0.05,pure_stagewise_score_top20,pure_stagewise_score,20
26,test,002466.SZ,天齐锂业,-18.2410423452769,0.9985955056179775,3,0.05,pure_stagewise_score_top20,pure_stagewise_score,20
26,test,000725.SZ,京东方A,-16.5816326530612,0.9978932584269663,4,0.05,pure_stagewise_score_top20,pure_stagewise_score,20
26,test,000858.SZ,五粮液,-11.859375,0.9971910112359551,5,0.05,pure_stagewise_score_top20,pure_stagewise_score,20
26,test,000568.SZ,泸州老窖,-0.759066023169841,0.9964887640449438,6,0.05,pure_stagewise_score_top20,pure_stagewise_score,20
26,test,600585.SH,海螺水泥,-16.8782458165032,0.9957865168539326,7,0.05,pure_stagewise_score_top20,pure_stagewise_score,20
26,test,002460.SZ,赣锋锂业,-26.6685642538095,0.9950842696629213,8,0.05,pure_stagewise_score_top20,pure_stagewise_score,20
26,test,002415.SZ,海康威视,-15.9668508287293,0.9943820224719101,9,0.05,pure_stagewise_score_top20,pure_stagewise_score,20
26,test,601766.SH,中国中车,-6.35450398190529,0.9936797752808989,10,0.05,pure_stagewise_score_top20,pure_stagewise_score,20
26,test,600031.SH,三一重工,-24.5652173913043,0.9929775280898876,11,0.05,pure_stagewise_score_top20,pure_stagewise_score,20
26,test,000651.SZ,格力电器,3.83579055808798,0.9922752808988764,12,0.05,pure_stagewise_score_top20,pure_stagewise_score,20
26,test,002371.SZ,北方华创,2.03571665131286,0.9915730337078652,13,0.05,pure_stagewise_score_top20,pure_stagewise_score,20
26,test,000792.SZ,盐湖股份,-20.133779264214,0.9908707865168539,14,0.05,pure_stagewise_score_top20,pure_stagewise_score,20
26,test,601633.SH,长城汽车,-26.8613522757169,0.9901685393258427,15,0.05,pure_stagewise_score_top20,pure_stagewise_score,20
26,test,600104.SH,上汽集团,-16.9388204144045,0.9894662921348315,16,0.05,pure_stagewise_score_top20,pure_stagewise_score,20
26,test,600436.SH,片仔癀,-23.2665056540643,0.9887640449438202,17,0.05,pure_stagewise_score_top20,pure_stagewise_score,20
26,test,300014.SZ,亿纬锂能,-13.1683197670993,0.988061797752809,18,0.05,pure_stagewise_score_top20,pure_stagewise_score,20
26,test,000596.SZ,古井贡酒,14.0729865771812,0.9873595505617978,19,0.05,pure_stagewise_score_top20,pure_stagewise_score,20
26,test,600019.SH,宝钢股份,-12.0401439194274,0.9866573033707865,20,0.05,pure_stagewise_score_top20,pure_stagewise_score,20
27,test,002466.SZ,天齐锂业,-24.1283258092402,1.0,1,0.05,pure_stagewise_score_top20,pure_stagewise_score,20
27,test,600519.SH,贵州茅台,-6.98555126426281,0.9992977528089888,2,0.05,pure_stagewise_score_top20,pure_stagewise_score,20
27,test,002304.SZ,洋河股份,0.671140939597303,0.9985955056179775,3,0.05,pure_stagewise_score_top20,pure_stagewise_score,20
27,test,000858.SZ,五粮液,7.22805768203669,0.9978932584269663,4,0.05,pure_stagewise_score_top20,pure_stagewise_score,20
27,test,600276.SH,恒瑞医药,10.1801544180726,0.9971910112359551,5,0.05,pure_stagewise_score_top20,pure_stagewise_score,20
27,test,000568.SZ,泸州老窖,-2.90909090909092,0.9964887640449438,6,0.05,pure_stagewise_score_top20,pure_stagewise_score,20
27,test,601633.SH,长城汽车,5.40925266903916,0.9957865168539326,7,0.05,pure_stagewise_score_top20,pure_stagewise_score,20
27,test,000651.SZ,格力电器,-0.706605222734247,0.9950842696629213,8,0.05,pure_stagewise_score_top20,pure_stagewise_score,20
27,test,000792.SZ,盐湖股份,-4.94344365312108,0.9943820224719101,9,0.05,pure_stagewise_score_top20,pure_stagewise_score,20
27,test,600438.SH,通威股份,-19.591496456857,0.9936797752808989,10,0.05,pure_stagewise_score_top20,pure_stagewise_score,20
27,test,000333.SZ,美的集团,2.57425742574258,0.9929775280898876,11,0.05,pure_stagewise_score_top20,pure_stagewise_score,20
27,test,000725.SZ,京东方A,4.32098765432096,0.9922752808988764,12,0.05,pure_stagewise_score_top20,pure_stagewise_score,20
27,test,002493.SZ,荣盛石化,-10.4151493080845,0.9915730337078652,13,0.05,pure_stagewise_score_top20,pure_stagewise_score,20
27,test,600104.SH,上汽集团,0.981079187105816,0.9908707865168539,14,0.05,pure_stagewise_score_top20,pure_stagewise_score,20
27,test,601012.SH,隆基绿能,-15.6150159744409,0.9901685393258427,15,0.05,pure_stagewise_score_top20,pure_stagewise_score,20
27,test,000596.SZ,古井贡酒,-2.92780505546464,0.9894662921348315,16,0.05,pure_stagewise_score_top20,pure_stagewise_score,20
27,test,600309.SH,万华化学,3.53112079561964,0.9887640449438202,17,0.05,pure_stagewise_score_top20,pure_stagewise_score,20
27,test,002129.SZ,TCL中环,-16.7734806629834,0.988061797752809,18,0.05,pure_stagewise_score_top20,pure_stagewise_score,20
27,test,002415.SZ,海康威视,14.0414337389017,0.9873595505617978,19,0.05,pure_stagewise_score_top20,pure_stagewise_score,20
27,test,600690.SH,海尔智家,-1.92461908580593,0.9866573033707865,20,0.05,pure_stagewise_score_top20,pure_stagewise_score,20
28,test,600148.SH,长春一东,5.96465390279823,1.0,1,0.05,pure_stagewise_score_top20,pure_stagewise_score,20
28,test,002483.SZ,润邦股份,6.56063618290257,0.9992977528089888,2,0.05,pure_stagewise_score_top20,pure_stagewise_score,20
28,test,002339.SZ,积成电子,18.037518037518,0.9985955056179775,3,0.05,pure_stagewise_score_top20,pure_stagewise_score,20
28,test,600080.SH,金花股份,1.79257362355953,0.9978932584269663,4,0.05,pure_stagewise_score_top20,pure_stagewise_score,20
28,test,603518.SH,锦泓集团,24.1791044776119,0.9971910112359551,5,0.05,pure_stagewise_score_top20,pure_stagewise_score,20
28,test,002272.SZ,川润股份,10.4132231404959,0.9964887640449438,6,0.05,pure_stagewise_score_top20,pure_stagewise_score,20
28,test,000725.SZ,京东方A,31.3609467455622,0.9957865168539326,7,0.05,pure_stagewise_score_top20,pure_stagewise_score,20
28,test,300317.SZ,珈伟新能,53.416149068323,0.9950842696629213,8,0.05,pure_stagewise_score_top20,pure_stagewise_score,20
28,test,002308.SZ,*ST威创,32.0843091334895,0.9943820224719101,9,0.05,pure_stagewise_score_top20,pure_stagewise_score,20
28,test,300155.SZ,安居宝,12.6086956521739,0.9936797752808989,10,0.05,pure_stagewise_score_top20,pure_stagewise_score,20
28,test,000623.SZ,吉林敖东,2.13475650433623,0.9929775280898876,11,0.05,pure_stagewise_score_top20,pure_stagewise_score,20
28,test,600252.SH,中恒集团,2.28136882129277,0.9922752808988764,12,0.05,pure_stagewise_score_top20,pure_stagewise_score,20
28,test,300040.SZ,九洲集团,7.21649484536082,0.9915730337078652,13,0.05,pure_stagewise_score_top20,pure_stagewise_score,20
28,test,002177.SZ,御银股份,-1.92926045016077,0.9908707865168539,14,0.05,pure_stagewise_score_top20,pure_stagewise_score,20
28,test,002432.SZ,九安医疗,-13.5785560555664,0.9901685393258427,15,0.05,pure_stagewise_score_top20,pure_stagewise_score,20
28,test,600616.SH,金枫酒业,9.19540229885056,0.9894662921348315,16,0.05,pure_stagewise_score_top20,pure_stagewise_score,20
28,test,600241.SH,时代万恒,-13.5245901639344,0.9887640449438202,17,0.05,pure_stagewise_score_top20,pure_stagewise_score,20
28,test,601113.SH,华鼎股份,2.98102981029809,0.988061797752809,18,0.05,pure_stagewise_score_top20,pure_stagewise_score,20
28,test,300194.SZ,福安药业,11.3888888888889,0.9873595505617978,19,0.05,pure_stagewise_score_top20,pure_stagewise_score,20
28,test,002393.SZ,力生制药,7.23344293095349,0.9866573033707865,20,0.05,pure_stagewise_score_top20,pure_stagewise_score,20
29,test,600809.SH,山西汾酒,-31.3340433623405,1.0,1,0.05,pure_stagewise_score_top20,pure_stagewise_score,20
29,test,600519.SH,贵州茅台,-4.08049868791905,0.9992977528089888,2,0.05,pure_stagewise_score_top20,pure_stagewise_score,20
29,test,000568.SZ,泸州老窖,-17.3554696742645,0.9985955056179775,3,0.05,pure_stagewise_score_top20,pure_stagewise_score,20
29,test,000858.SZ,五粮液,-14.2943410513453,0.9978932584269663,4,0.05,pure_stagewise_score_top20,pure_stagewise_score,20
29,test,000792.SZ,盐湖股份,-14.1129032258064,0.9971910112359551,5,0.05,pure_stagewise_score_top20,pure_stagewise_score,20
29,test,000596.SZ,古井贡酒,-12.2330234868374,0.9964887640449438,6,0.05,pure_stagewise_score_top20,pure_stagewise_score,20
29,test,600436.SH,片仔癀,1.72646536412078,0.9957865168539326,7,0.05,pure_stagewise_score_top20,pure_stagewise_score,20
29,test,600276.SH,恒瑞医药,11.3740365777554,0.9950842696629213,8,0.05,pure_stagewise_score_top20,pure_stagewise_score,20
29,test,002304.SZ,洋河股份,-20.3438522924149,0.9943820224719101,9,0.05,pure_stagewise_score_top20,pure_stagewise_score,20
29,test,002466.SZ,天齐锂业,-3.08065015854772,0.9936797752808989,10,0.05,pure_stagewise_score_top20,pure_stagewise_score,20
29,test,603288.SH,海天味业,-24.0156299099651,0.9929775280898876,11,0.05,pure_stagewise_score_top20,pure_stagewise_score,20
29,test,600132.SH,重庆啤酒,-22.4131401173157,0.9922752808988764,12,0.05,pure_stagewise_score_top20,pure_stagewise_score,20
29,test,600438.SH,通威股份,-3.9415657309497,0.9915730337078652,13,0.05,pure_stagewise_score_top20,pure_stagewise_score,20
29,test,002415.SZ,海康威视,-21.0854404211959,0.9908707865168539,14,0.05,pure_stagewise_score_top20,pure_stagewise_score,20
29,test,300124.SZ,汇川技术,-7.38451059256517,0.9901685393258427,15,0.05,pure_stagewise_score_top20,pure_stagewise_score,20
29,test,300122.SZ,智飞生物,-19.4214340371574,0.9894662921348315,16,0.05,pure_stagewise_score_top20,pure_stagewise_score,20
29,test,002172.SZ,澳洋健康,-3.57142857142859,0.9887640449438202,17,0.05,pure_stagewise_score_top20,pure_stagewise_score,20
29,test,002049.SZ,紫光国微,-10.5944391179291,0.988061797752809,18,0.05,pure_stagewise_score_top20,pure_stagewise_score,20
29,test,002594.SZ,比亚迪,4.2672587807832,0.9873595505617978,19,0.05,pure_stagewise_score_top20,pure_stagewise_score,20
29,test,300274.SZ,阳光电源,11.71382108246,0.9866573033707865,20,0.05,pure_stagewise_score_top20,pure_stagewise_score,20
30,test,600550.SH,保变电气,-6.73267326732673,1.0,1,0.05,pure_stagewise_score_top20,pure_stagewise_score,20
30,test,601113.SH,华鼎股份,9.40438871473355,0.9992977528089888,2,0.05,pure_stagewise_score_top20,pure_stagewise_score,20
30,test,002388.SZ,新亚制程,-11.0953058321479,0.9985955056179775,3,0.05,pure_stagewise_score_top20,pure_stagewise_score,20
30,test,002471.SZ,中超控股,8.92193308550187,0.9978932584269663,4,0.05,pure_stagewise_score_top20,pure_stagewise_score,20
30,test,002483.SZ,润邦股份,3.78006872852232,0.9971910112359551,5,0.05,pure_stagewise_score_top20,pure_stagewise_score,20
30,test,600470.SH,六国化工,0.579150579150589,0.9964887640449438,6,0.05,pure_stagewise_score_top20,pure_stagewise_score,20
30,test,002132.SZ,恒星科技,-9.42857142857142,0.9957865168539326,7,0.05,pure_stagewise_score_top20,pure_stagewise_score,20
30,test,300411.SZ,金盾股份,0.304414003044129,0.9950842696629213,8,0.05,pure_stagewise_score_top20,pure_stagewise_score,20
30,test,002172.SZ,澳洋健康,9.56521739130434,0.9943820224719101,9,0.05,pure_stagewise_score_top20,pure_stagewise_score,20
30,test,000959.SZ,首钢股份,9.5100864553314,0.9936797752808989,10,0.05,pure_stagewise_score_top20,pure_stagewise_score,20
30,test,000709.SZ,河钢股份,3.17348408506539,0.9929775280898876,11,0.05,pure_stagewise_score_top20,pure_stagewise_score,20
30,test,000876.SZ,新希望,-5.90248075278016,0.9922752808988764,12,0.05,pure_stagewise_score_top20,pure_stagewise_score,20
30,test,600150.SH,中国船舶,-14.3880811884086,0.9915730337078652,13,0.05,pure_stagewise_score_top20,pure_stagewise_score,20
30,test,600782.SH,新钢股份,11.716621253406,0.9908707865168539,14,0.05,pure_stagewise_score_top20,pure_stagewise_score,20
30,test,000420.SZ,吉林化纤,-10.5113636363636,0.9901685393258427,15,0.05,pure_stagewise_score_top20,pure_stagewise_score,20
30,test,002164.SZ,宁波东力,-15.3729071537291,0.9894662921348315,16,0.05,pure_stagewise_score_top20,pure_stagewise_score,20
30,test,002669.SZ,康达新材,10.1957585644372,0.9887640449438202,17,0.05,pure_stagewise_score_top20,pure_stagewise_score,20
30,test,002250.SZ,联化科技,-18.0782153565859,0.988061797752809,18,0.05,pure_stagewise_score_top20,pure_stagewise_score,20
30,test,300211.SZ,亿通科技,-5.72012257405514,0.9873595505617978,19,0.05,pure_stagewise_score_top20,pure_stagewise_score,20
30,test,600080.SH,金花股份,3.28317373461013,0.9866573033707865,20,0.05,pure_stagewise_score_top20,pure_stagewise_score,20
13,train,000017.SZ,深中华A,-16.9144981412639,1.0,1,0.03333333333333333,pure_stagewise_score_top30,pure_stagewise_score,30
13,train,600421.SH,华嵘控股,-29.1139240506329,0.9992977528089888,2,0.03333333333333333,pure_stagewise_score_top30,pure_stagewise_score,30
13,train,600610.SH,中毅达,-21.256038647343,0.9985955056179775,3,0.03333333333333333,pure_stagewise_score_top30,pure_stagewise_score,30
13,train,002248.SZ,华东数控,-7.32177263969174,0.9978932584269663,4,0.03333333333333333,pure_stagewise_score_top30,pure_stagewise_score,30
13,train,000677.SZ,恒天海龙,-27.2727272727273,0.9971910112359551,5,0.03333333333333333,pure_stagewise_score_top30,pure_stagewise_score,30
13,train,600234.SH,*ST科新,-9.20398009950247,0.9964887640449438,6,0.03333333333333333,pure_stagewise_score_top30,pure_stagewise_score,30
13,train,600800.SH,渤海化学,-24.5635910224439,0.9957865168539326,7,0.03333333333333333,pure_stagewise_score_top30,pure_stagewise_score,30
13,train,600319.SH,亚星化学,-16.5261382799325,0.9950842696629213,8,0.03333333333333333,pure_stagewise_score_top30,pure_stagewise_score,30
13,train,000020.SZ,深华发A,-12.64,0.9943820224719101,9,0.03333333333333333,pure_stagewise_score_top30,pure_stagewise_score,30
13,train,600678.SH,四川金顶,-16.0283687943262,0.9936797752808989,10,0.03333333333333333,pure_stagewise_score_top30,pure_stagewise_score,30
13,train,000422.SZ,湖北宜化,-28.4090909090909,0.9929775280898876,11,0.03333333333333333,pure_stagewise_score_top30,pure_stagewise_score,30
13,train,300236.SZ,上海新阳,-22.3923444976077,0.9922752808988764,12,0.03333333333333333,pure_stagewise_score_top30,pure_stagewise_score,30
13,train,002213.SZ,大为股份,-20.7547169811321,0.9915730337078652,13,0.03333333333333333,pure_stagewise_score_top30,pure_stagewise_score,30
13,train,000670.SZ,盈方微,-61.4864864864865,0.9908707865168539,14,0.03333333333333333,pure_stagewise_score_top30,pure_stagewise_score,30
13,train,300139.SZ,晓程科技,-17.3234200743494,0.9901685393258427,15,0.03333333333333333,pure_stagewise_score_top30,pure_stagewise_score,30
13,train,300122.SZ,智飞生物,-14.6393882517423,0.9894662921348315,16,0.03333333333333333,pure_stagewise_score_top30,pure_stagewise_score,30
13,train,600405.SH,动力源,-9.27272727272728,0.9887640449438202,17,0.03333333333333333,pure_stagewise_score_top30,pure_stagewise_score,30
13,train,300111.SZ,向日葵,-7.77385159010601,0.988061797752809,18,0.03333333333333333,pure_stagewise_score_top30,pure_stagewise_score,30
13,train,002058.SZ,威尔泰,0.807043286867204,0.9873595505617978,19,0.03333333333333333,pure_stagewise_score_top30,pure_stagewise_score,30
13,train,300176.SZ,派生科技,-72.0,0.9866573033707865,20,0.03333333333333333,pure_stagewise_score_top30,pure_stagewise_score,30
13,train,600199.SH,金种子酒,-4.85933503836316,0.9859550561797753,21,0.03333333333333333,pure_stagewise_score_top30,pure_stagewise_score,30
13,train,600764.SH,中国海防,-17.6366322008863,0.985252808988764,22,0.03333333333333333,pure_stagewise_score_top30,pure_stagewise_score,30
13,train,300357.SZ,我武生物,28.7125508458193,0.9845505617977528,23,0.03333333333333333,pure_stagewise_score_top30,pure_stagewise_score,30
13,train,002459.SZ,晶澳科技,6.93739424703892,0.9838483146067416,24,0.03333333333333333,pure_stagewise_score_top30,pure_stagewise_score,30
13,train,000691.SZ,亚太实业,-21.7898832684825,0.9831460674157303,25,0.03333333333333333,pure_stagewise_score_top30,pure_stagewise_score,30
13,train,300101.SZ,振芯科技,-18.6951120087299,0.9824438202247191,26,0.03333333333333333,pure_stagewise_score_top30,pure_stagewise_score,30
13,train,000403.SZ,派林生物,-6.64335664335665,0.9817415730337079,27,0.03333333333333333,pure_stagewise_score_top30,pure_stagewise_score,30
13,train,600882.SH,妙可蓝多,19.4942044257113,0.9810393258426966,28,0.03333333333333333,pure_stagewise_score_top30,pure_stagewise_score,30
13,train,002451.SZ,摩恩电气,-16.4166666666667,0.9803370786516854,29,0.03333333333333333,pure_stagewise_score_top30,pure_stagewise_score,30
13,train,600331.SH,宏达股份,-15.3034300791557,0.9796348314606742,30,0.03333333333333333,pure_stagewise_score_top30,pure_stagewise_score,30
14,train,600883.SH,博闻科技,-8.53146853146852,1.0,1,0.03333333333333333,pure_stagewise_score_top30,pure_stagewise_score,30
14,train,002625.SZ,光启技术,-3.55220667384283,0.9992977528089888,2,0.03333333333333333,pure_stagewise_score_top30,pure_stagewise_score,30
14,train,600191.SH,华资实业,-5.44464609800363,0.9985955056179775,3,0.03333333333333333,pure_stagewise_score_top30,pure_stagewise_score,30
14,train,600345.SH,长江通信,-13.9422435645043,0.9978932584269663,4,0.03333333333333333,pure_stagewise_score_top30,pure_stagewise_score,30
14,train,600615.SH,丰华股份,19.8047419804742,0.9971910112359551,5,0.03333333333333333,pure_stagewise_score_top30,pure_stagewise_score,30
14,train,000670.SZ,盈方微,3.94736842105263,0.9964887640449438,6,0.03333333333333333,pure_stagewise_score_top30,pure_stagewise_score,30
14,train,600610.SH,中毅达,0.0,0.9957865168539326,7,0.03333333333333333,pure_stagewise_score_top30,pure_stagewise_score,30
14,train,000820.SZ,神雾节能,-33.7552742616034,0.9950842696629213,8,0.03333333333333333,pure_stagewise_score_top30,pure_stagewise_score,30
14,train,000536.SZ,华映科技,9.52380952380951,0.9943820224719101,9,0.03333333333333333,pure_stagewise_score_top30,pure_stagewise_score,30
14,train,002248.SZ,华东数控,-19.1268191268191,0.9936797752808989,10,0.03333333333333333,pure_stagewise_score_top30,pure_stagewise_score,30
14,train,300125.SZ,ST聆达,0.207325501036615,0.9929775280898876,11,0.03333333333333333,pure_stagewise_score_top30,pure_stagewise_score,30
14,train,002529.SZ,海源复材,-23.4200743494424,0.9922752808988764,12,0.03333333333333333,pure_stagewise_score_top30,pure_stagewise_score,30
14,train,002665.SZ,ST航高(退市),-6.48967551622419,0.9915730337078652,13,0.03333333333333333,pure_stagewise_score_top30,pure_stagewise_score,30
14,train,600423.SH,柳化股份,10.3225806451613,0.9908707865168539,14,0.03333333333333333,pure_stagewise_score_top30,pure_stagewise_score,30
14,train,600165.SH,*ST宁科,-1.26262626262627,0.9901685393258427,15,0.03333333333333333,pure_stagewise_score_top30,pure_stagewise_score,30
14,train,600381.SH,ST春天,-12.3152709359606,0.9894662921348315,16,0.03333333333333333,pure_stagewise_score_top30,pure_stagewise_score,30
14,train,600800.SH,渤海化学,-10.2479338842975,0.9887640449438202,17,0.03333333333333333,pure_stagewise_score_top30,pure_stagewise_score,30
14,train,600302.SH,标准股份,-16.1410018552876,0.988061797752809,18,0.03333333333333333,pure_stagewise_score_top30,pure_stagewise_score,30
14,train,600416.SH,湘电股份,17.2757475083056,0.9873595505617978,19,0.03333333333333333,pure_stagewise_score_top30,pure_stagewise_score,30
14,train,000691.SZ,亚太实业,-4.97512437810944,0.9866573033707865,20,0.03333333333333333,pure_stagewise_score_top30,pure_stagewise_score,30
14,train,000633.SZ,合金投资,-18.4158415841584,0.9859550561797753,21,0.03333333333333333,pure_stagewise_score_top30,pure_stagewise_score,30
14,train,300076.SZ,GQY视讯,-0.184501845018448,0.985252808988764,22,0.03333333333333333,pure_stagewise_score_top30,pure_stagewise_score,30
14,train,300345.SZ,华民股份,13.941018766756,0.9845505617977528,23,0.03333333333333333,pure_stagewise_score_top30,pure_stagewise_score,30
14,train,300208.SZ,*ST中程,0.791755889702572,0.9838483146067416,24,0.03333333333333333,pure_stagewise_score_top30,pure_stagewise_score,30
14,train,600171.SH,上海贝岭,-7.07692307692308,0.9831460674157303,25,0.03333333333333333,pure_stagewise_score_top30,pure_stagewise_score,30
14,train,600889.SH,南京化纤,-10.915494487117,0.9824438202247191,26,0.03333333333333333,pure_stagewise_score_top30,pure_stagewise_score,30
14,train,600421.SH,华嵘控股,-24.5039682539683,0.9817415730337079,27,0.03333333333333333,pure_stagewise_score_top30,pure_stagewise_score,30
14,train,002387.SZ,维信诺,30.0383141762452,0.9810393258426966,28,0.03333333333333333,pure_stagewise_score_top30,pure_stagewise_score,30
14,train,000622.SZ,*ST恒立,-15.045871559633,0.9803370786516854,29,0.03333333333333333,pure_stagewise_score_top30,pure_stagewise_score,30
14,train,002472.SZ,双环传动,-3.87453874538746,0.9796348314606742,30,0.03333333333333333,pure_stagewise_score_top30,pure_stagewise_score,30
15,train,600416.SH,湘电股份,3.77906976744184,1.0,1,0.03333333333333333,pure_stagewise_score_top30,pure_stagewise_score,30
15,train,002374.SZ,中锐股份,2.82685512367491,0.9992977528089888,2,0.03333333333333333,pure_stagewise_score_top30,pure_stagewise_score,30
15,train,000536.SZ,华映科技,-2.52707581227436,0.9985955056179775,3,0.03333333333333333,pure_stagewise_score_top30,pure_stagewise_score,30
15,train,002472.SZ,双环传动,4.28305400372437,0.9978932584269663,4,0.03333333333333333,pure_stagewise_score_top30,pure_stagewise_score,30
15,train,002122.SZ,汇洲智能,-2.5,0.9971910112359551,5,0.03333333333333333,pure_stagewise_score_top30,pure_stagewise_score,30
15,train,002501.SZ,利源股份,33.0769230769231,0.9964887640449438,6,0.03333333333333333,pure_stagewise_score_top30,pure_stagewise_score,30
15,train,600961.SH,株冶集团,-8.78155872667397,0.9957865168539326,7,0.03333333333333333,pure_stagewise_score_top30,pure_stagewise_score,30
15,train,002625.SZ,光启技术,3.27313769751694,0.9950842696629213,8,0.03333333333333333,pure_stagewise_score_top30,pure_stagewise_score,30
15,train,600458.SH,时代新材,-22.6125137211855,0.9943820224719101,9,0.03333333333333333,pure_stagewise_score_top30,pure_stagewise_score,30
15,train,600742.SH,一汽富维,1.85341196293176,0.9936797752808989,10,0.03333333333333333,pure_stagewise_score_top30,pure_stagewise_score,30
15,train,000823.SZ,超声电子,24.2870285188593,0.9929775280898876,11,0.03333333333333333,pure_stagewise_score_top30,pure_stagewise_score,30
15,train,002328.SZ,新朋股份,6.13333333333332,0.9922752808988764,12,0.03333333333333333,pure_stagewise_score_top30,pure_stagewise_score,30
15,train,002513.SZ,蓝丰生化,33.8983050847458,0.9915730337078652,13,0.03333333333333333,pure_stagewise_score_top30,pure_stagewise_score,30
15,train,002681.SZ,奋达科技,24.5535714285714,0.9908707865168539,14,0.03333333333333333,pure_stagewise_score_top30,pure_stagewise_score,30
15,train,300083.SZ,创世纪,23.1481481481481,0.9901685393258427,15,0.03333333333333333,pure_stagewise_score_top30,pure_stagewise_score,30
15,train,002528.SZ,ST英飞拓,21.7592592592593,0.9894662921348315,16,0.03333333333333333,pure_stagewise_score_top30,pure_stagewise_score,30
15,train,002327.SZ,富安娜,4.83383685800605,0.9887640449438202,17,0.03333333333333333,pure_stagewise_score_top30,pure_stagewise_score,30
15,train,002233.SZ,塔牌集团,31.6614420062696,0.988061797752809,18,0.03333333333333333,pure_stagewise_score_top30,pure_stagewise_score,30
15,train,600595.SH,中孚实业,54.9295774647888,0.9873595505617978,19,0.03333333333333333,pure_stagewise_score_top30,pure_stagewise_score,30
15,train,000663.SZ,永安林业,-13.9784946236559,0.9866573033707865,20,0.03333333333333333,pure_stagewise_score_top30,pure_stagewise_score,30
15,train,300077.SZ,国民技术,-5.20504731861199,0.9859550561797753,21,0.03333333333333333,pure_stagewise_score_top30,pure_stagewise_score,30
15,train,002185.SZ,华天科技,32.4468085106383,0.985252808988764,22,0.03333333333333333,pure_stagewise_score_top30,pure_stagewise_score,30
15,train,600732.SH,爱旭股份,-2.86783042394015,0.9845505617977528,23,0.03333333333333333,pure_stagewise_score_top30,pure_stagewise_score,30
15,train,600421.SH,华嵘控股,12.551724137931,0.9838483146067416,24,0.03333333333333333,pure_stagewise_score_top30,pure_stagewise_score,30
15,train,300035.SZ,中科电气,42.8312159709619,0.9831460674157303,25,0.03333333333333333,pure_stagewise_score_top30,pure_stagewise_score,30
15,train,600399.SH,抚顺特钢,18.705035971223,0.9824438202247191,26,0.03333333333333333,pure_stagewise_score_top30,pure_stagewise_score,30
15,train,300032.SZ,金龙机电,29.0657439446367,0.9817415730337079,27,0.03333333333333333,pure_stagewise_score_top30,pure_stagewise_score,30
15,train,600883.SH,博闻科技,12.1879588839941,0.9810393258426966,28,0.03333333333333333,pure_stagewise_score_top30,pure_stagewise_score,30
15,train,002577.SZ,雷柏科技,30.7222787385554,0.9803370786516854,29,0.03333333333333333,pure_stagewise_score_top30,pure_stagewise_score,30
15,train,601777.SH,力帆科技,-13.2394366197183,0.9796348314606742,30,0.03333333333333333,pure_stagewise_score_top30,pure_stagewise_score,30
16,train,300137.SZ,先河环保,-6.91003911342895,1.0,1,0.03333333333333333,pure_stagewise_score_top30,pure_stagewise_score,30
16,train,002397.SZ,梦洁股份,-9.57230142566191,0.9992977528089888,2,0.03333333333333333,pure_stagewise_score_top30,pure_stagewise_score,30
16,train,600351.SH,亚宝药业,-12.9824561403509,0.9985955056179775,3,0.03333333333333333,pure_stagewise_score_top30,pure_stagewise_score,30
16,train,600724.SH,宁波富达,-0.537634408602161,0.9978932584269663,4,0.03333333333333333,pure_stagewise_score_top30,pure_stagewise_score,30
16,train,300005.SZ,探路者,-23.0941704035874,0.9971910112359551,5,0.03333333333333333,pure_stagewise_score_top30,pure_stagewise_score,30
16,train,300049.SZ,福瑞股份,-0.26666666666666,0.9964887640449438,6,0.03333333333333333,pure_stagewise_score_top30,pure_stagewise_score,30
16,train,002233.SZ,塔牌集团,-0.0808407437348446,0.9957865168539326,7,0.03333333333333333,pure_stagewise_score_top30,pure_stagewise_score,30
16,train,002328.SZ,新朋股份,27.2952853598015,0.9950842696629213,8,0.03333333333333333,pure_stagewise_score_top30,pure_stagewise_score,30
16,train,600742.SH,一汽富维,-16.0626029654036,0.9943820224719101,9,0.03333333333333333,pure_stagewise_score_top30,pure_stagewise_score,30
16,train,600866.SH,星湖科技,25.5125284738041,0.9936797752808989,10,0.03333333333333333,pure_stagewise_score_top30,pure_stagewise_score,30
16,train,300097.SZ,智云股份,22.0020855057351,0.9929775280898876,11,0.03333333333333333,pure_stagewise_score_top30,pure_stagewise_score,30
16,train,600361.SH,创新新材,28.3422459893048,0.9922752808988764,12,0.03333333333333333,pure_stagewise_score_top30,pure_stagewise_score,30
16,train,000635.SZ,英力特,-4.9367088607595,0.9915730337078652,13,0.03333333333333333,pure_stagewise_score_top30,pure_stagewise_score,30
16,train,002528.SZ,ST英飞拓,-11.047619047619,0.9908707865168539,14,0.03333333333333333,pure_stagewise_score_top30,pure_stagewise_score,30
16,train,002342.SZ,巨力索具,-0.32051282051283,0.9901685393258427,15,0.03333333333333333,pure_stagewise_score_top30,pure_stagewise_score,30
16,train,600169.SH,太原重工,-11.6379310344828,0.9894662921348315,16,0.03333333333333333,pure_stagewise_score_top30,pure_stagewise_score,30
16,train,600416.SH,湘电股份,16.57223796034,0.9887640449438202,17,0.03333333333333333,pure_stagewise_score_top30,pure_stagewise_score,30
16,train,600579.SH,克劳斯,1.06870229007634,0.988061797752809,18,0.03333333333333333,pure_stagewise_score_top30,pure_stagewise_score,30
16,train,002122.SZ,汇洲智能,-23.1958762886598,0.9873595505617978,19,0.03333333333333333,pure_stagewise_score_top30,pure_stagewise_score,30
16,train,002480.SZ,新筑股份,13.0434782608696,0.9866573033707865,20,0.03333333333333333,pure_stagewise_score_top30,pure_stagewise_score,30
16,train,002681.SZ,奋达科技,-39.7482014388489,0.9859550561797753,21,0.03333333333333333,pure_stagewise_score_top30,pure_stagewise_score,30
16,train,600080.SH,金花股份,2.52951096121417,0.985252808988764,22,0.03333333333333333,pure_stagewise_score_top30,pure_stagewise_score,30
16,train,002349.SZ,精华制药,30.2059496567506,0.9845505617977528,23,0.03333333333333333,pure_stagewise_score_top30,pure_stagewise_score,30
16,train,000566.SZ,海南海药,41.5672913117547,0.9838483146067416,24,0.03333333333333333,pure_stagewise_score_top30,pure_stagewise_score,30
16,train,600594.SH,益佰制药,1.86721991701244,0.9831460674157303,25,0.03333333333333333,pure_stagewise_score_top30,pure_stagewise_score,30
16,train,603308.SH,应流股份,-9.17615539182853,0.9824438202247191,26,0.03333333333333333,pure_stagewise_score_top30,pure_stagewise_score,30
16,train,000825.SZ,太钢不锈,-20.3931203931204,0.9817415730337079,27,0.03333333333333333,pure_stagewise_score_top30,pure_stagewise_score,30
16,train,601126.SH,四方股份,7.02702702702704,0.9810393258426966,28,0.03333333333333333,pure_stagewise_score_top30,pure_stagewise_score,30
16,train,002583.SZ,海能达,-30.2631578947368,0.9803370786516854,29,0.03333333333333333,pure_stagewise_score_top30,pure_stagewise_score,30
16,train,000988.SZ,华工科技,-2.2288261515602,0.9796348314606742,30,0.03333333333333333,pure_stagewise_score_top30,pure_stagewise_score,30
17,train,600220.SH,ST阳光(退市),26.6746041805538,1.0,1,0.03333333333333333,pure_stagewise_score_top30,pure_stagewise_score,30
17,train,600877.SH,电科芯片,-21.8967921896792,0.9992977528089888,2,0.03333333333333333,pure_stagewise_score_top30,pure_stagewise_score,30
17,train,002690.SZ,美亚光电,41.1146912035334,0.9985955056179775,3,0.03333333333333333,pure_stagewise_score_top30,pure_stagewise_score,30
17,train,000422.SZ,湖北宜化,0.393700787401574,0.9978932584269663,4,0.03333333333333333,pure_stagewise_score_top30,pure_stagewise_score,30
17,train,600779.SH,水井坊,44.7923915564834,0.9971910112359551,5,0.03333333333333333,pure_stagewise_score_top30,pure_stagewise_score,30
17,train,600724.SH,宁波富达,0.663284471534298,0.9964887640449438,6,0.03333333333333333,pure_stagewise_score_top30,pure_stagewise_score,30
17,train,600817.SH,宇通重工,-1.7989417989418,0.9957865168539326,7,0.03333333333333333,pure_stagewise_score_top30,pure_stagewise_score,30
17,train,000677.SZ,恒天海龙,-6.74846625766869,0.9950842696629213,8,0.03333333333333333,pure_stagewise_score_top30,pure_stagewise_score,30
17,train,600399.SH,抚顺特钢,3.24189526184537,0.9943820224719101,9,0.03333333333333333,pure_stagewise_score_top30,pure_stagewise_score,30
17,train,002521.SZ,齐峰新材,0.600520167309893,0.9936797752808989,10,0.03333333333333333,pure_stagewise_score_top30,pure_stagewise_score,30
17,train,000403.SZ,派林生物,93.3489827856025,0.9929775280898876,11,0.03333333333333333,pure_stagewise_score_top30,pure_stagewise_score,30
17,train,600203.SH,福日电子,5.2910052910053,0.9922752808988764,12,0.03333333333333333,pure_stagewise_score_top30,pure_stagewise_score,30
17,train,002347.SZ,泰尔股份,-5.37343809780894,0.9915730337078652,13,0.03333333333333333,pure_stagewise_score_top30,pure_stagewise_score,30
17,train,000988.SZ,华工科技,11.9102153000458,0.9908707865168539,14,0.03333333333333333,pure_stagewise_score_top30,pure_stagewise_score,30
17,train,002182.SZ,宝武镁业,-0.750321284467004,0.9901685393258427,15,0.03333333333333333,pure_stagewise_score_top30,pure_stagewise_score,30
17,train,600169.SH,太原重工,-8.17307692307693,0.9894662921348315,16,0.03333333333333333,pure_stagewise_score_top30,pure_stagewise_score,30
17,train,000716.SZ,黑芝麻,-3.5264483627204,0.9887640449438202,17,0.03333333333333333,pure_stagewise_score_top30,pure_stagewise_score,30
17,train,600768.SH,宁波富邦,-9.27342256214151,0.988061797752809,18,0.03333333333333333,pure_stagewise_score_top30,pure_stagewise_score,30
17,train,002328.SZ,新朋股份,8.35773613243243,0.9873595505617978,19,0.03333333333333333,pure_stagewise_score_top30,pure_stagewise_score,30
17,train,000931.SZ,中关村,16.1512027491409,0.9866573033707865,20,0.03333333333333333,pure_stagewise_score_top30,pure_stagewise_score,30
17,train,600103.SH,青山纸业,-7.72946859903381,0.9859550561797753,21,0.03333333333333333,pure_stagewise_score_top30,pure_stagewise_score,30
17,train,600114.SH,东睦股份,17.6256070174353,0.985252808988764,22,0.03333333333333333,pure_stagewise_score_top30,pure_stagewise_score,30
17,train,600268.SH,国电南自,36.8863092634363,0.9845505617977528,23,0.03333333333333333,pure_stagewise_score_top30,pure_stagewise_score,30
17,train,600191.SH,华资实业,-2.02360876897133,0.9838483146067416,24,0.03333333333333333,pure_stagewise_score_top30,pure_stagewise_score,30
17,train,603609.SH,禾丰股份,32.3741109006285,0.9831460674157303,25,0.03333333333333333,pure_stagewise_score_top30,pure_stagewise_score,30
17,train,000020.SZ,深华发A,22.9367631296892,0.9824438202247191,26,0.03333333333333333,pure_stagewise_score_top30,pure_stagewise_score,30
17,train,002227.SZ,奥特迅,-4.09060416931845,0.9817415730337079,27,0.03333333333333333,pure_stagewise_score_top30,pure_stagewise_score,30
17,train,000599.SZ,青岛双星,4.69135802469136,0.9810393258426966,28,0.03333333333333333,pure_stagewise_score_top30,pure_stagewise_score,30
17,train,600678.SH,四川金顶,-20.1079622132254,0.9803370786516854,29,0.03333333333333333,pure_stagewise_score_top30,pure_stagewise_score,30
17,train,002519.SZ,银河电子,-5.03432494279177,0.9796348314606742,30,0.03333333333333333,pure_stagewise_score_top30,pure_stagewise_score,30
18,train,300116.SZ,*ST保力(退市),135.374149659864,1.0,1,0.03333333333333333,pure_stagewise_score_top30,pure_stagewise_score,30
18,train,600883.SH,博闻科技,-16.4179104477612,0.9992977528089888,2,0.03333333333333333,pure_stagewise_score_top30,pure_stagewise_score,30
18,train,000820.SZ,神雾节能,15.7894736842106,0.9985955056179775,3,0.03333333333333333,pure_stagewise_score_top30,pure_stagewise_score,30
18,train,600321.SH,正源股份(退市),6.15384257930578,0.9978932584269663,4,0.03333333333333333,pure_stagewise_score_top30,pure_stagewise_score,30
18,train,000691.SZ,亚太实业,-2.86806883365202,0.9971910112359551,5,0.03333333333333333,pure_stagewise_score_top30,pure_stagewise_score,30
18,train,600345.SH,长江通信,-0.498731920200701,0.9964887640449438,6,0.03333333333333333,pure_stagewise_score_top30,pure_stagewise_score,30
18,train,002716.SZ,湖南白银,34.9315068493151,0.9957865168539326,7,0.03333333333333333,pure_stagewise_score_top30,pure_stagewise_score,30
18,train,600186.SH,莲花控股,4.78087649402392,0.9950842696629213,8,0.03333333333333333,pure_stagewise_score_top30,pure_stagewise_score,30
18,train,000982.SZ,中银绒业(退市),-7.8740157480315,0.9943820224719101,9,0.03333333333333333,pure_stagewise_score_top30,pure_stagewise_score,30
18,train,000523.SZ,红棉股份,-23.1002885975427,0.9936797752808989,10,0.03333333333333333,pure_stagewise_score_top30,pure_stagewise_score,30
18,train,000410.SZ,沈阳机床,0.455580865603666,0.9929775280898876,11,0.03333333333333333,pure_stagewise_score_top30,pure_stagewise_score,30
18,train,002346.SZ,柘中股份,4.62962962962961,0.9922752808988764,12,0.03333333333333333,pure_stagewise_score_top30,pure_stagewise_score,30
18,train,600191.SH,华资实业,-4.72126437339035,0.9915730337078652,13,0.03333333333333333,pure_stagewise_score_top30,pure_stagewise_score,30
18,train,002535.SZ,林州重机,8.27067669172934,0.9908707865168539,14,0.03333333333333333,pure_stagewise_score_top30,pure_stagewise_score,30
18,train,000633.SZ,合金投资,20.0,0.9901685393258427,15,0.03333333333333333,pure_stagewise_score_top30,pure_stagewise_score,30
18,train,000980.SZ,众泰汽车,-11.8012422360249,0.9894662921348315,16,0.03333333333333333,pure_stagewise_score_top30,pure_stagewise_score,30
18,train,600381.SH,ST春天,5.76923076923077,0.9887640449438202,17,0.03333333333333333,pure_stagewise_score_top30,pure_stagewise_score,30
18,train,300208.SZ,*ST中程,117.589576547231,0.988061797752809,18,0.03333333333333333,pure_stagewise_score_top30,pure_stagewise_score,30
18,train,600165.SH,*ST宁科,38.0863039399625,0.9873595505617978,19,0.03333333333333333,pure_stagewise_score_top30,pure_stagewise_score,30
18,train,600815.SH,厦工股份,-0.420168067226889,0.9866573033707865,20,0.03333333333333333,pure_stagewise_score_top30,pure_stagewise_score,30
18,train,002665.SZ,ST航高(退市),6.19834710743801,0.9859550561797753,21,0.03333333333333333,pure_stagewise_score_top30,pure_stagewise_score,30
18,train,002211.SZ,宏达新材,21.9281663516068,0.985252808988764,22,0.03333333333333333,pure_stagewise_score_top30,pure_stagewise_score,30
18,train,600733.SH,北汽蓝谷,-8.09968847352024,0.9845505617977528,23,0.03333333333333333,pure_stagewise_score_top30,pure_stagewise_score,30
18,train,000707.SZ,双环科技,8.29875518672198,0.9838483146067416,24,0.03333333333333333,pure_stagewise_score_top30,pure_stagewise_score,30
18,train,002172.SZ,澳洋健康,6.07287449392713,0.9831460674157303,25,0.03333333333333333,pure_stagewise_score_top30,pure_stagewise_score,30
18,train,600691.SH,阳煤化工,4.6875,0.9824438202247191,26,0.03333333333333333,pure_stagewise_score_top30,pure_stagewise_score,30
18,train,600615.SH,丰华股份,-8.19112627986347,0.9817415730337079,27,0.03333333333333333,pure_stagewise_score_top30,pure_stagewise_score,30
18,train,600281.SH,华阳新材,3.37662337662337,0.9810393258426966,28,0.03333333333333333,pure_stagewise_score_top30,pure_stagewise_score,30
18,train,002515.SZ,金字火腿,-0.481540930979119,0.9803370786516854,29,0.03333333333333333,pure_stagewise_score_top30,pure_stagewise_score,30
18,train,600316.SH,洪都航空,137.645460208367,0.9796348314606742,30,0.03333333333333333,pure_stagewise_score_top30,pure_stagewise_score,30
19,train,300116.SZ,*ST保力(退市),-44.1666666666667,1.0,1,0.03333333333333333,pure_stagewise_score_top30,pure_stagewise_score,30
19,train,603288.SH,海天味业,26.6675088428499,0.9992977528089888,2,0.03333333333333333,pure_stagewise_score_top30,pure_stagewise_score,30
19,train,300122.SZ,智飞生物,9.56296296296295,0.9985955056179775,3,0.03333333333333333,pure_stagewise_score_top30,pure_stagewise_score,30
19,train,000911.SZ,广农糖业,-8.47255369928402,0.9978932584269663,4,0.03333333333333333,pure_stagewise_score_top30,pure_stagewise_score,30
19,train,600610.SH,中毅达,10.2620087336244,0.9971910112359551,5,0.03333333333333333,pure_stagewise_score_top30,pure_stagewise_score,30
19,train,601777.SH,力帆科技,-14.4665461121157,0.9964887640449438,6,0.03333333333333333,pure_stagewise_score_top30,pure_stagewise_score,30
19,train,600436.SH,片仔癀,13.4767116314584,0.9957865168539326,7,0.03333333333333333,pure_stagewise_score_top30,pure_stagewise_score,30
19,train,600319.SH,亚星化学,11.3733905579399,0.9950842696629213,8,0.03333333333333333,pure_stagewise_score_top30,pure_stagewise_score,30
19,train,600234.SH,*ST科新,3.76106194690267,0.9943820224719101,9,0.03333333333333333,pure_stagewise_score_top30,pure_stagewise_score,30
19,train,600132.SH,重庆啤酒,14.3145354981266,0.9936797752808989,10,0.03333333333333333,pure_stagewise_score_top30,pure_stagewise_score,30
19,train,300111.SZ,向日葵,-16.6666666666667,0.9929775280898876,11,0.03333333333333333,pure_stagewise_score_top30,pure_stagewise_score,30
19,train,600421.SH,华嵘控股,-35.5807743658211,0.9922752808988764,12,0.03333333333333333,pure_stagewise_score_top30,pure_stagewise_score,30
19,train,002248.SZ,华东数控,-18.2203389830509,0.9915730337078652,13,0.03333333333333333,pure_stagewise_score_top30,pure_stagewise_score,30
19,train,002475.SZ,立讯精密,-1.37082601054481,0.9908707865168539,14,0.03333333333333333,pure_stagewise_score_top30,pure_stagewise_score,30
19,train,000017.SZ,深中华A,-1.6326530612245,0.9901685393258427,15,0.03333333333333333,pure_stagewise_score_top30,pure_stagewise_score,30
19,train,600809.SH,山西汾酒,90.8124872889974,0.9894662921348315,16,0.03333333333333333,pure_stagewise_score_top30,pure_stagewise_score,30
19,train,000691.SZ,亚太实业,-9.84251968503937,0.9887640449438202,17,0.03333333333333333,pure_stagewise_score_top30,pure_stagewise_score,30
19,train,300357.SZ,我武生物,40.1937488576129,0.988061797752809,18,0.03333333333333333,pure_stagewise_score_top30,pure_stagewise_score,30
19,train,000403.SZ,派林生物,9.66810966810967,0.9873595505617978,19,0.03333333333333333,pure_stagewise_score_top30,pure_stagewise_score,30
19,train,600817.SH,宇通重工,33.3938294010889,0.9866573033707865,20,0.03333333333333333,pure_stagewise_score_top30,pure_stagewise_score,30
19,train,601100.SH,恒立液压,57.7331099944165,0.9859550561797753,21,0.03333333333333333,pure_stagewise_score_top30,pure_stagewise_score,30
19,train,600276.SH,恒瑞医药,23.9959951051285,0.985252808988764,22,0.03333333333333333,pure_stagewise_score_top30,pure_stagewise_score,30
19,train,600779.SH,水井坊,29.2542425657792,0.9845505617977528,23,0.03333333333333333,pure_stagewise_score_top30,pure_stagewise_score,30
19,train,002049.SZ,紫光国微,13.5041140045805,0.9838483146067416,24,0.03333333333333333,pure_stagewise_score_top30,pure_stagewise_score,30
19,train,002007.SZ,华兰生物,-23.8232642019838,0.9831460674157303,25,0.03333333333333333,pure_stagewise_score_top30,pure_stagewise_score,30
19,train,000661.SZ,长春高新,20.9380640642259,0.9824438202247191,26,0.03333333333333333,pure_stagewise_score_top30,pure_stagewise_score,30
19,train,300278.SZ,华昌达,-24.6353322528363,0.9817415730337079,27,0.03333333333333333,pure_stagewise_score_top30,pure_stagewise_score,30
19,train,300014.SZ,亿纬锂能,62.5772990225414,0.9810393258426966,28,0.03333333333333333,pure_stagewise_score_top30,pure_stagewise_score,30
19,train,002690.SZ,美亚光电,-7.76921474692771,0.9803370786516854,29,0.03333333333333333,pure_stagewise_score_top30,pure_stagewise_score,30
19,train,600519.SH,贵州茅台,20.9223506627126,0.9796348314606742,30,0.03333333333333333,pure_stagewise_score_top30,pure_stagewise_score,30
20,train,601766.SH,中国中车,21.8216318785579,1.0,1,0.03333333333333333,pure_stagewise_score_top30,pure_stagewise_score,30
20,train,600104.SH,上汽集团,-19.4182712003277,0.9992977528089888,2,0.03333333333333333,pure_stagewise_score_top30,pure_stagewise_score,30
20,train,600019.SH,宝钢股份,35.3433835845896,0.9985955056179775,3,0.03333333333333333,pure_stagewise_score_top30,pure_stagewise_score,30
20,train,600150.SH,中国船舶,-11.8458884416331,0.9978932584269663,4,0.03333333333333333,pure_stagewise_score_top30,pure_stagewise_score,30
20,train,000651.SZ,格力电器,2.33393177737882,0.9971910112359551,5,0.03333333333333333,pure_stagewise_score_top30,pure_stagewise_score,30
20,train,600690.SH,海尔智家,10.9608540925267,0.9964887640449438,6,0.03333333333333333,pure_stagewise_score_top30,pure_stagewise_score,30
20,train,000725.SZ,京东方A,5.20134228187918,0.9957865168539326,7,0.03333333333333333,pure_stagewise_score_top30,pure_stagewise_score,30
20,train,000063.SZ,中兴通讯,-12.3205741626794,0.9950842696629213,8,0.03333333333333333,pure_stagewise_score_top30,pure_stagewise_score,30
20,train,600585.SH,海螺水泥,-0.233735878457353,0.9943820224719101,9,0.03333333333333333,pure_stagewise_score_top30,pure_stagewise_score,30
20,train,600196.SH,复星医药,-23.1704962347944,0.9936797752808989,10,0.03333333333333333,pure_stagewise_score_top30,pure_stagewise_score,30
20,train,000538.SZ,云南白药,7.59821428571428,0.9929775280898876,11,0.03333333333333333,pure_stagewise_score_top30,pure_stagewise_score,30
20,train,600893.SH,航发动力,-16.0405156537753,0.9922752808988764,12,0.03333333333333333,pure_stagewise_score_top30,pure_stagewise_score,30
20,train,000625.SZ,长安汽车,-34.091964700418,0.9915730337078652,13,0.03333333333333333,pure_stagewise_score_top30,pure_stagewise_score,30
20,train,601238.SH,广汽集团,-23.1753197893153,0.9908707865168539,14,0.03333333333333333,pure_stagewise_score_top30,pure_stagewise_score,30
20,train,000925.SZ,众合科技,5.11182108626198,0.9901685393258427,15,0.03333333333333333,pure_stagewise_score_top30,pure_stagewise_score,30
20,train,600346.SH,恒力石化,3.74955783516093,0.9894662921348315,16,0.03333333333333333,pure_stagewise_score_top30,pure_stagewise_score,30
20,train,600031.SH,三一重工,-0.870827285921627,0.9887640449438202,17,0.03333333333333333,pure_stagewise_score_top30,pure_stagewise_score,30
20,train,600438.SH,通威股份,-13.7285902503294,0.988061797752809,18,0.03333333333333333,pure_stagewise_score_top30,pure_stagewise_score,30
20,train,601989.SH,中国重工,0.245098039215685,0.9873595505617978,19,0.03333333333333333,pure_stagewise_score_top30,pure_stagewise_score,30
20,train,600166.SH,福田汽车,28.343949044586,0.9866573033707865,20,0.03333333333333333,pure_stagewise_score_top30,pure_stagewise_score,30
20,train,601633.SH,长城汽车,-18.1653562914766,0.9859550561797753,21,0.03333333333333333,pure_stagewise_score_top30,pure_stagewise_score,30
20,train,600703.SH,三安光电,-13.7777777777778,0.985252808988764,22,0.03333333333333333,pure_stagewise_score_top30,pure_stagewise_score,30
20,train,002493.SZ,荣盛石化,0.62111801242235,0.9845505617977528,23,0.03333333333333333,pure_stagewise_score_top30,pure_stagewise_score,30
20,train,600745.SH,闻泰科技,-0.101936799184499,0.9838483146067416,24,0.03333333333333333,pure_stagewise_score_top30,pure_stagewise_score,30
20,train,600309.SH,万华化学,15.7640868230651,0.9831460674157303,25,0.03333333333333333,pure_stagewise_score_top30,pure_stagewise_score,30
20,train,600381.SH,ST春天,-20.9450830140485,0.9824438202247191,26,0.03333333333333333,pure_stagewise_score_top30,pure_stagewise_score,30
20,train,002308.SZ,*ST威创,-7.97546012269938,0.9817415730337079,27,0.03333333333333333,pure_stagewise_score_top30,pure_stagewise_score,30
20,train,002513.SZ,蓝丰生化,13.9949109414758,0.9810393258426966,28,0.03333333333333333,pure_stagewise_score_top30,pure_stagewise_score,30
20,train,000333.SZ,美的集团,-14.3259012294228,0.9803370786516854,29,0.03333333333333333,pure_stagewise_score_top30,pure_stagewise_score,30
20,train,600741.SH,华域汽车,-5.35530381050463,0.9796348314606742,30,0.03333333333333333,pure_stagewise_score_top30,pure_stagewise_score,30
21,train,300357.SZ,我武生物,12.4582610190038,1.0,1,0.03333333333333333,pure_stagewise_score_top30,pure_stagewise_score,30
21,train,600809.SH,山西汾酒,30.8449429013698,0.9992977528089888,2,0.03333333333333333,pure_stagewise_score_top30,pure_stagewise_score,30
21,train,600132.SH,重庆啤酒,77.7408637873754,0.9985955056179775,3,0.03333333333333333,pure_stagewise_score_top30,pure_stagewise_score,30
21,train,000995.SZ,皇台酒业,49.030612244898,0.9978932584269663,4,0.03333333333333333,pure_stagewise_score_top30,pure_stagewise_score,30
21,train,603288.SH,海天味业,10.9033513186847,0.9971910112359551,5,0.03333333333333333,pure_stagewise_score_top30,pure_stagewise_score,30
21,train,300122.SZ,智飞生物,6.00022706630334,0.9964887640449438,6,0.03333333333333333,pure_stagewise_score_top30,pure_stagewise_score,30
21,train,300111.SZ,向日葵,1.74825174825175,0.9957865168539326,7,0.03333333333333333,pure_stagewise_score_top30,pure_stagewise_score,30
21,train,600436.SH,片仔癀,55.998175526153,0.9950842696629213,8,0.03333333333333333,pure_stagewise_score_top30,pure_stagewise_score,30
21,train,600696.SH,岩石股份,156.401384083045,0.9943820224719101,9,0.03333333333333333,pure_stagewise_score_top30,pure_stagewise_score,30
21,train,600877.SH,电科芯片,23.8244514106583,0.9936797752808989,10,0.03333333333333333,pure_stagewise_score_top30,pure_stagewise_score,30
21,train,000799.SZ,酒鬼酒,61.5982803312891,0.9929775280898876,11,0.03333333333333333,pure_stagewise_score_top30,pure_stagewise_score,30
21,train,600779.SH,水井坊,73.6769759450172,0.9922752808988764,12,0.03333333333333333,pure_stagewise_score_top30,pure_stagewise_score,30
21,train,600610.SH,中毅达,103.671328671329,0.9915730337078652,13,0.03333333333333333,pure_stagewise_score_top30,pure_stagewise_score,30
21,train,002568.SZ,百润股份,25.6445267799422,0.9908707865168539,14,0.03333333333333333,pure_stagewise_score_top30,pure_stagewise_score,30
21,train,002076.SZ,星光股份,2.95566502463054,0.9901685393258427,15,0.03333333333333333,pure_stagewise_score_top30,pure_stagewise_score,30
21,train,600519.SH,贵州茅台,2.06305768108639,0.9894662921348315,16,0.03333333333333333,pure_stagewise_score_top30,pure_stagewise_score,30
21,train,000017.SZ,深中华A,24.7349823321555,0.9887640449438202,17,0.03333333333333333,pure_stagewise_score_top30,pure_stagewise_score,30
21,train,000890.SZ,法尔胜,17.2211350293542,0.988061797752809,18,0.03333333333333333,pure_stagewise_score_top30,pure_stagewise_score,30
21,train,600421.SH,华嵘控股,29.8597194388778,0.9873595505617978,19,0.03333333333333333,pure_stagewise_score_top30,pure_stagewise_score,30
21,train,601100.SH,恒立液压,-5.00443299196558,0.9866573033707865,20,0.03333333333333333,pure_stagewise_score_top30,pure_stagewise_score,30
21,train,000661.SZ,长春高新,-12.1883169365361,0.9859550561797753,21,0.03333333333333333,pure_stagewise_score_top30,pure_stagewise_score,30
21,train,000911.SZ,广农糖业,16.4759725400458,0.985252808988764,22,0.03333333333333333,pure_stagewise_score_top30,pure_stagewise_score,30
21,train,600276.SH,恒瑞医药,-9.69140865540787,0.9845505617977528,23,0.03333333333333333,pure_stagewise_score_top30,pure_stagewise_score,30
21,train,000568.SZ,泸州老窖,5.10513186029937,0.9838483146067416,24,0.03333333333333333,pure_stagewise_score_top30,pure_stagewise_score,30
21,train,000858.SZ,五粮液,9.48215663934728,0.9831460674157303,25,0.03333333333333333,pure_stagewise_score_top30,pure_stagewise_score,30
21,train,000691.SZ,亚太实业,-3.40909090909092,0.9824438202247191,26,0.03333333333333333,pure_stagewise_score_top30,pure_stagewise_score,30
21,train,600678.SH,四川金顶,-7.44500846023689,0.9817415730337079,27,0.03333333333333333,pure_stagewise_score_top30,pure_stagewise_score,30
21,train,300151.SZ,昌红科技,0.843988975701881,0.9810393258426966,28,0.03333333333333333,pure_stagewise_score_top30,pure_stagewise_score,30
21,train,002414.SZ,高德红外,7.49100872493973,0.9803370786516854,29,0.03333333333333333,pure_stagewise_score_top30,pure_stagewise_score,30
21,train,002690.SZ,美亚光电,31.1389653894217,0.9796348314606742,30,0.03333333333333333,pure_stagewise_score_top30,pure_stagewise_score,30
22,valid,600331.SH,宏达股份,110.39603960396,1.0,1,0.03333333333333333,pure_stagewise_score_top30,pure_stagewise_score,30
22,valid,300116.SZ,*ST保力(退市),29.2682926829269,0.9992977528089888,2,0.03333333333333333,pure_stagewise_score_top30,pure_stagewise_score,30
22,valid,002248.SZ,华东数控,47.4258970358814,0.9985955056179775,3,0.03333333333333333,pure_stagewise_score_top30,pure_stagewise_score,30
22,valid,000410.SZ,沈阳机床,11.6945107398568,0.9978932584269663,4,0.03333333333333333,pure_stagewise_score_top30,pure_stagewise_score,30
22,valid,000972.SZ,中基健康,-1.33928571428572,0.9971910112359551,5,0.03333333333333333,pure_stagewise_score_top30,pure_stagewise_score,30
22,valid,002506.SZ,协鑫集成,26.1538461538461,0.9964887640449438,6,0.03333333333333333,pure_stagewise_score_top30,pure_stagewise_score,30
22,valid,000890.SZ,法尔胜,-23.462783171521,0.9957865168539326,7,0.03333333333333333,pure_stagewise_score_top30,pure_stagewise_score,30
22,valid,600319.SH,亚星化学,-2.0979020979021,0.9950842696629213,8,0.03333333333333333,pure_stagewise_score_top30,pure_stagewise_score,30
22,valid,600238.SH,海南椰岛,-29.4402985074627,0.9943820224719101,9,0.03333333333333333,pure_stagewise_score_top30,pure_stagewise_score,30
22,valid,002547.SZ,春兴精工,-7.58620689655173,0.9936797752808989,10,0.03333333333333333,pure_stagewise_score_top30,pure_stagewise_score,30
22,valid,002466.SZ,天齐锂业,63.8387096774194,0.9929775280898876,11,0.03333333333333333,pure_stagewise_score_top30,pure_stagewise_score,30
22,valid,300353.SZ,东土科技,-4.71596998928188,0.9922752808988764,12,0.03333333333333333,pure_stagewise_score_top30,pure_stagewise_score,30
22,valid,600460.SH,士兰微,1.31322094055013,0.9915730337078652,13,0.03333333333333333,pure_stagewise_score_top30,pure_stagewise_score,30
22,valid,600601.SH,方正科技,-9.06148867313916,0.9908707865168539,14,0.03333333333333333,pure_stagewise_score_top30,pure_stagewise_score,30
22,valid,002371.SZ,北方华创,33.5665587721669,0.9901685393258427,15,0.03333333333333333,pure_stagewise_score_top30,pure_stagewise_score,30
22,valid,600610.SH,中毅达,56.060606060606,0.9894662921348315,16,0.03333333333333333,pure_stagewise_score_top30,pure_stagewise_score,30
22,valid,600213.SH,*ST亚星,-3.17241379310346,0.9887640449438202,17,0.03333333333333333,pure_stagewise_score_top30,pure_stagewise_score,30
22,valid,002709.SZ,天赐材料,42.3012160898036,0.988061797752809,18,0.03333333333333333,pure_stagewise_score_top30,pure_stagewise_score,30
22,valid,000908.SZ,*ST景峰,-13.1914893617021,0.9873595505617978,19,0.03333333333333333,pure_stagewise_score_top30,pure_stagewise_score,30
22,valid,600877.SH,电科芯片,-4.03785488958991,0.9866573033707865,20,0.03333333333333333,pure_stagewise_score_top30,pure_stagewise_score,30
22,valid,002172.SZ,澳洋健康,-31.758034026465,0.9859550561797753,21,0.03333333333333333,pure_stagewise_score_top30,pure_stagewise_score,30
22,valid,000953.SZ,河化股份,-5.62248995983936,0.985252808988764,22,0.03333333333333333,pure_stagewise_score_top30,pure_stagewise_score,30
22,valid,600696.SH,岩石股份,-35.8507330075522,0.9845505617977528,23,0.03333333333333333,pure_stagewise_score_top30,pure_stagewise_score,30
22,valid,600436.SH,片仔癀,-15.8639407354675,0.9838483146067416,24,0.03333333333333333,pure_stagewise_score_top30,pure_stagewise_score,30
22,valid,002231.SZ,奥维通信,-5.24344569288391,0.9831460674157303,25,0.03333333333333333,pure_stagewise_score_top30,pure_stagewise_score,30
22,valid,300124.SZ,汇川技术,-8.61618798955613,0.9824438202247191,26,0.03333333333333333,pure_stagewise_score_top30,pure_stagewise_score,30
22,valid,600293.SH,三峡新材,18.7290969899665,0.9817415730337079,27,0.03333333333333333,pure_stagewise_score_top30,pure_stagewise_score,30
22,valid,002366.SZ,融发核电,51.8105849582173,0.9810393258426966,28,0.03333333333333333,pure_stagewise_score_top30,pure_stagewise_score,30
22,valid,000017.SZ,深中华A,0.574712643678166,0.9803370786516854,29,0.03333333333333333,pure_stagewise_score_top30,pure_stagewise_score,30
22,valid,002514.SZ,宝馨科技,4.58937198067635,0.9796348314606742,30,0.03333333333333333,pure_stagewise_score_top30,pure_stagewise_score,30
23,valid,002515.SZ,金字火腿,7.8740157480315,1.0,1,0.03333333333333333,pure_stagewise_score_top30,pure_stagewise_score,30
23,valid,002708.SZ,光洋股份,24.4206773618538,0.9992977528089888,2,0.03333333333333333,pure_stagewise_score_top30,pure_stagewise_score,30
23,valid,300343.SZ,联创股份,-8.98395721925135,0.9985955056179775,3,0.03333333333333333,pure_stagewise_score_top30,pure_stagewise_score,30
23,valid,000536.SZ,华映科技,3.36134453781511,0.9978932584269663,4,0.03333333333333333,pure_stagewise_score_top30,pure_stagewise_score,30
23,valid,000931.SZ,中关村,8.64022662889519,0.9971910112359551,5,0.03333333333333333,pure_stagewise_score_top30,pure_stagewise_score,30
23,valid,601012.SH,隆基绿能,6.32786480819048,0.9964887640449438,6,0.03333333333333333,pure_stagewise_score_top30,pure_stagewise_score,30
23,valid,600010.SH,包钢股份,-9.41558441558442,0.9957865168539326,7,0.03333333333333333,pure_stagewise_score_top30,pure_stagewise_score,30
23,valid,601727.SH,上海电气,-7.25190839694657,0.9950842696629213,8,0.03333333333333333,pure_stagewise_score_top30,pure_stagewise_score,30
23,valid,600760.SH,中航沈飞,2.70497291889134,0.9943820224719101,9,0.03333333333333333,pure_stagewise_score_top30,pure_stagewise_score,30
23,valid,000333.SZ,美的集团,5.03771168350649,0.9936797752808989,10,0.03333333333333333,pure_stagewise_score_top30,pure_stagewise_score,30
23,valid,600703.SH,三安光电,16.7184586699814,0.9929775280898876,11,0.03333333333333333,pure_stagewise_score_top30,pure_stagewise_score,30
23,valid,601877.SH,正泰电器,-1.02846648301195,0.9922752808988764,12,0.03333333333333333,pure_stagewise_score_top30,pure_stagewise_score,30
23,valid,600745.SH,闻泰科技,38.7190215642099,0.9915730337078652,13,0.03333333333333333,pure_stagewise_score_top30,pure_stagewise_score,30
23,valid,600815.SH,厦工股份,13.3333333333333,0.9908707865168539,14,0.03333333333333333,pure_stagewise_score_top30,pure_stagewise_score,30
23,valid,600893.SH,航发动力,19.7358490566038,0.9901685393258427,15,0.03333333333333333,pure_stagewise_score_top30,pure_stagewise_score,30
23,valid,600031.SH,三一重工,-9.45194598888007,0.9894662921348315,16,0.03333333333333333,pure_stagewise_score_top30,pure_stagewise_score,30
23,valid,002493.SZ,荣盛石化,-2.31307154384078,0.9887640449438202,17,0.03333333333333333,pure_stagewise_score_top30,pure_stagewise_score,30
23,valid,300207.SZ,欣旺达,15.0027277686852,0.988061797752809,18,0.03333333333333333,pure_stagewise_score_top30,pure_stagewise_score,30
23,valid,000725.SZ,京东方A,0.397614314115313,0.9873595505617978,19,0.03333333333333333,pure_stagewise_score_top30,pure_stagewise_score,30
23,valid,601633.SH,长城汽车,-5.1705759778523,0.9866573033707865,20,0.03333333333333333,pure_stagewise_score_top30,pure_stagewise_score,30
23,valid,300124.SZ,汇川技术,9.21827734437191,0.9859550561797753,21,0.03333333333333333,pure_stagewise_score_top30,pure_stagewise_score,30
23,valid,002241.SZ,歌尔股份,27.8959810874705,0.985252808988764,22,0.03333333333333333,pure_stagewise_score_top30,pure_stagewise_score,30
23,valid,002475.SZ,立讯精密,37.7765331839821,0.9845505617977528,23,0.03333333333333333,pure_stagewise_score_top30,pure_stagewise_score,30
23,valid,002137.SZ,实益达,12.453531598513,0.9838483146067416,24,0.03333333333333333,pure_stagewise_score_top30,pure_stagewise_score,30
23,valid,002129.SZ,TCL中环,-7.3868677905945,0.9831460674157303,25,0.03333333333333333,pure_stagewise_score_top30,pure_stagewise_score,30
23,valid,000301.SZ,东方盛虹,-26.4638783269962,0.9824438202247191,26,0.03333333333333333,pure_stagewise_score_top30,pure_stagewise_score,30
23,valid,000651.SZ,格力电器,-5.77608142493637,0.9817415730337079,27,0.03333333333333333,pure_stagewise_score_top30,pure_stagewise_score,30
23,valid,600438.SH,通威股份,-10.5451651412654,0.9810393258426966,28,0.03333333333333333,pure_stagewise_score_top30,pure_stagewise_score,30
23,valid,600346.SH,恒力石化,-8.33998403830806,0.9803370786516854,29,0.03333333333333333,pure_stagewise_score_top30,pure_stagewise_score,30
23,valid,300278.SZ,华昌达,-15.9412373223202,0.9796348314606742,30,0.03333333333333333,pure_stagewise_score_top30,pure_stagewise_score,30
24,valid,600319.SH,亚星化学,38.0333951762523,1.0,1,0.03333333333333333,pure_stagewise_score_top30,pure_stagewise_score,30
24,valid,600071.SH,凤凰光学,-36.0709712822389,0.9992977528089888,2,0.03333333333333333,pure_stagewise_score_top30,pure_stagewise_score,30
24,valid,600792.SH,云煤能源,0.242718446601931,0.9985955056179775,3,0.03333333333333333,pure_stagewise_score_top30,pure_stagewise_score,30
24,valid,002515.SZ,金字火腿,-10.6422018348624,0.9978932584269663,4,0.03333333333333333,pure_stagewise_score_top30,pure_stagewise_score,30
24,valid,300092.SZ,科新机电,-21.5102974828375,0.9971910112359551,5,0.03333333333333333,pure_stagewise_score_top30,pure_stagewise_score,30
24,valid,000677.SZ,恒天海龙,4.90797546012269,0.9964887640449438,6,0.03333333333333333,pure_stagewise_score_top30,pure_stagewise_score,30
24,valid,000410.SZ,沈阳机床,-5.98802395209581,0.9957865168539326,7,0.03333333333333333,pure_stagewise_score_top30,pure_stagewise_score,30
24,valid,002478.SZ,常宝股份,4.35779816513762,0.9950842696629213,8,0.03333333333333333,pure_stagewise_score_top30,pure_stagewise_score,30
24,valid,000820.SZ,神雾节能,-1.17302052785924,0.9943820224719101,9,0.03333333333333333,pure_stagewise_score_top30,pure_stagewise_score,30
24,valid,600336.SH,澳柯玛,-15.8485273492286,0.9936797752808989,10,0.03333333333333333,pure_stagewise_score_top30,pure_stagewise_score,30
24,valid,000953.SZ,河化股份,32.7102803738318,0.9929775280898876,11,0.03333333333333333,pure_stagewise_score_top30,pure_stagewise_score,30
24,valid,300111.SZ,向日葵,6.64556962025318,0.9922752808988764,12,0.03333333333333333,pure_stagewise_score_top30,pure_stagewise_score,30
24,valid,000989.SZ,ST九芝,-2.34962406015039,0.9915730337078652,13,0.03333333333333333,pure_stagewise_score_top30,pure_stagewise_score,30
24,valid,002248.SZ,华东数控,-21.7842323651452,0.9908707865168539,14,0.03333333333333333,pure_stagewise_score_top30,pure_stagewise_score,30
24,valid,600601.SH,方正科技,-1.61943319838057,0.9901685393258427,15,0.03333333333333333,pure_stagewise_score_top30,pure_stagewise_score,30
24,valid,000995.SZ,皇台酒业,-46.6074313408724,0.9894662921348315,16,0.03333333333333333,pure_stagewise_score_top30,pure_stagewise_score,30
24,valid,002231.SZ,奥维通信,2.64900662251655,0.9887640449438202,17,0.03333333333333333,pure_stagewise_score_top30,pure_stagewise_score,30
24,valid,000707.SZ,双环科技,53.8987688098495,0.988061797752809,18,0.03333333333333333,pure_stagewise_score_top30,pure_stagewise_score,30
24,valid,600577.SH,精达股份,-30.3070761014686,0.9873595505617978,19,0.03333333333333333,pure_stagewise_score_top30,pure_stagewise_score,30
24,valid,002590.SZ,万安科技,-25.1461988304094,0.9866573033707865,20,0.03333333333333333,pure_stagewise_score_top30,pure_stagewise_score,30
24,valid,600331.SH,宏达股份,-4.60122699386503,0.9859550561797753,21,0.03333333333333333,pure_stagewise_score_top30,pure_stagewise_score,30
24,valid,600127.SH,金健米业,11.9952494061758,0.985252808988764,22,0.03333333333333333,pure_stagewise_score_top30,pure_stagewise_score,30
24,valid,000823.SZ,超声电子,-19.5906432748538,0.9845505617977528,23,0.03333333333333333,pure_stagewise_score_top30,pure_stagewise_score,30
24,valid,300105.SZ,龙源技术,-22.3201174743025,0.9838483146067416,24,0.03333333333333333,pure_stagewise_score_top30,pure_stagewise_score,30
24,valid,000691.SZ,亚太实业,18.4322033898305,0.9831460674157303,25,0.03333333333333333,pure_stagewise_score_top30,pure_stagewise_score,30
24,valid,600987.SH,航民股份,-1.97486535008977,0.9824438202247191,26,0.03333333333333333,pure_stagewise_score_top30,pure_stagewise_score,30
24,valid,600696.SH,岩石股份,-23.7072619384007,0.9817415730337079,27,0.03333333333333333,pure_stagewise_score_top30,pure_stagewise_score,30
24,valid,600610.SH,中毅达,-1.93021529324424,0.9810393258426966,28,0.03333333333333333,pure_stagewise_score_top30,pure_stagewise_score,30
24,valid,002520.SZ,日发精机,-38.5948026948989,0.9803370786516854,29,0.03333333333333333,pure_stagewise_score_top30,pure_stagewise_score,30
24,valid,300032.SZ,金龙机电,-3.28638497652582,0.9796348314606742,30,0.03333333333333333,pure_stagewise_score_top30,pure_stagewise_score,30
25,valid,000410.SZ,沈阳机床,1.49253731343282,1.0,1,0.03333333333333333,pure_stagewise_score_top30,pure_stagewise_score,30
25,valid,600601.SH,方正科技,-4.48979591836736,0.9992977528089888,2,0.03333333333333333,pure_stagewise_score_top30,pure_stagewise_score,30
25,valid,600127.SH,金健米业,-16.2857142857143,0.9985955056179775,3,0.03333333333333333,pure_stagewise_score_top30,pure_stagewise_score,30
25,valid,600732.SH,爱旭股份,119.986675549634,0.9978932584269663,4,0.03333333333333333,pure_stagewise_score_top30,pure_stagewise_score,30
25,valid,300068.SZ,南都电源,26.2551440329218,0.9971910112359551,5,0.03333333333333333,pure_stagewise_score_top30,pure_stagewise_score,30
25,valid,600983.SH,惠而浦,-3.24594257178527,0.9964887640449438,6,0.03333333333333333,pure_stagewise_score_top30,pure_stagewise_score,30
25,valid,300032.SZ,金龙机电,-5.43130990415336,0.9957865168539326,7,0.03333333333333333,pure_stagewise_score_top30,pure_stagewise_score,30
25,valid,300201.SZ,海伦哲,-39.5770392749245,0.9950842696629213,8,0.03333333333333333,pure_stagewise_score_top30,pure_stagewise_score,30
25,valid,002036.SZ,联创电子,3.01810865191146,0.9943820224719101,9,0.03333333333333333,pure_stagewise_score_top30,pure_stagewise_score,30
25,valid,000017.SZ,深中华A,31.8452380952381,0.9936797752808989,10,0.03333333333333333,pure_stagewise_score_top30,pure_stagewise_score,30
25,valid,600537.SH,亿晶光电,18.7951807228915,0.9929775280898876,11,0.03333333333333333,pure_stagewise_score_top30,pure_stagewise_score,30
25,valid,002134.SZ,天津普林,6.984126984127,0.9922752808988764,12,0.03333333333333333,pure_stagewise_score_top30,pure_stagewise_score,30
25,valid,600118.SH,中国卫星,-9.11686349300897,0.9915730337078652,13,0.03333333333333333,pure_stagewise_score_top30,pure_stagewise_score,30
25,valid,002486.SZ,嘉麟杰,-0.680272108843538,0.9908707865168539,14,0.03333333333333333,pure_stagewise_score_top30,pure_stagewise_score,30
25,valid,002547.SZ,春兴精工,7.08860759493672,0.9901685393258427,15,0.03333333333333333,pure_stagewise_score_top30,pure_stagewise_score,30
25,valid,002514.SZ,宝馨科技,93.9655172413793,0.9894662921348315,16,0.03333333333333333,pure_stagewise_score_top30,pure_stagewise_score,30
25,valid,601877.SH,正泰电器,-7.37768573647424,0.9887640449438202,17,0.03333333333333333,pure_stagewise_score_top30,pure_stagewise_score,30
25,valid,002296.SZ,辉煌科技,-6.28415300546448,0.988061797752809,18,0.03333333333333333,pure_stagewise_score_top30,pure_stagewise_score,30
25,valid,300278.SZ,华昌达,20.9068010075567,0.9873595505617978,19,0.03333333333333333,pure_stagewise_score_top30,pure_stagewise_score,30
25,valid,000901.SZ,航天科技,-0.0021567311395132,0.9866573033707865,20,0.03333333333333333,pure_stagewise_score_top30,pure_stagewise_score,30
25,valid,300204.SZ,舒泰神,-41.7787418655098,0.9859550561797753,21,0.03333333333333333,pure_stagewise_score_top30,pure_stagewise_score,30
25,valid,002172.SZ,澳洋健康,-6.37755102040817,0.985252808988764,22,0.03333333333333333,pure_stagewise_score_top30,pure_stagewise_score,30
25,valid,000823.SZ,超声电子,-3.76063217813899,0.9845505617977528,23,0.03333333333333333,pure_stagewise_score_top30,pure_stagewise_score,30
25,valid,002519.SZ,银河电子,12.6262626262626,0.9838483146067416,24,0.03333333333333333,pure_stagewise_score_top30,pure_stagewise_score,30
25,valid,600843.SH,上工申贝,0.744878957169459,0.9831460674157303,25,0.03333333333333333,pure_stagewise_score_top30,pure_stagewise_score,30
25,valid,600071.SH,凤凰光学,-38.5677308024159,0.9824438202247191,26,0.03333333333333333,pure_stagewise_score_top30,pure_stagewise_score,30
25,valid,002671.SZ,龙泉股份,-12.2137404580153,0.9817415730337079,27,0.03333333333333333,pure_stagewise_score_top30,pure_stagewise_score,30
25,valid,300092.SZ,科新机电,-0.95182152148745,0.9810393258426966,28,0.03333333333333333,pure_stagewise_score_top30,pure_stagewise_score,30
25,valid,300279.SZ,和晶科技,-16.5963431786217,0.9803370786516854,29,0.03333333333333333,pure_stagewise_score_top30,pure_stagewise_score,30
25,valid,600519.SH,贵州茅台,23.9991368946232,0.9796348314606742,30,0.03333333333333333,pure_stagewise_score_top30,pure_stagewise_score,30
26,test,600276.SH,恒瑞医药,-0.796897651005557,1.0,1,0.03333333333333333,pure_stagewise_score_top30,pure_stagewise_score,30
26,test,002304.SZ,洋河股份,-11.6973757677275,0.9992977528089888,2,0.03333333333333333,pure_stagewise_score_top30,pure_stagewise_score,30
26,test,002466.SZ,天齐锂业,-18.2410423452769,0.9985955056179775,3,0.03333333333333333,pure_stagewise_score_top30,pure_stagewise_score,30
26,test,000725.SZ,京东方A,-16.5816326530612,0.9978932584269663,4,0.03333333333333333,pure_stagewise_score_top30,pure_stagewise_score,30
26,test,000858.SZ,五粮液,-11.859375,0.9971910112359551,5,0.03333333333333333,pure_stagewise_score_top30,pure_stagewise_score,30
26,test,000568.SZ,泸州老窖,-0.759066023169841,0.9964887640449438,6,0.03333333333333333,pure_stagewise_score_top30,pure_stagewise_score,30
26,test,600585.SH,海螺水泥,-16.8782458165032,0.9957865168539326,7,0.03333333333333333,pure_stagewise_score_top30,pure_stagewise_score,30
26,test,002460.SZ,赣锋锂业,-26.6685642538095,0.9950842696629213,8,0.03333333333333333,pure_stagewise_score_top30,pure_stagewise_score,30
26,test,002415.SZ,海康威视,-15.9668508287293,0.9943820224719101,9,0.03333333333333333,pure_stagewise_score_top30,pure_stagewise_score,30
26,test,601766.SH,中国中车,-6.35450398190529,0.9936797752808989,10,0.03333333333333333,pure_stagewise_score_top30,pure_stagewise_score,30
26,test,600031.SH,三一重工,-24.5652173913043,0.9929775280898876,11,0.03333333333333333,pure_stagewise_score_top30,pure_stagewise_score,30
26,test,000651.SZ,格力电器,3.83579055808798,0.9922752808988764,12,0.03333333333333333,pure_stagewise_score_top30,pure_stagewise_score,30
26,test,002371.SZ,北方华创,2.03571665131286,0.9915730337078652,13,0.03333333333333333,pure_stagewise_score_top30,pure_stagewise_score,30
26,test,000792.SZ,盐湖股份,-20.133779264214,0.9908707865168539,14,0.03333333333333333,pure_stagewise_score_top30,pure_stagewise_score,30
26,test,601633.SH,长城汽车,-26.8613522757169,0.9901685393258427,15,0.03333333333333333,pure_stagewise_score_top30,pure_stagewise_score,30
26,test,600104.SH,上汽集团,-16.9388204144045,0.9894662921348315,16,0.03333333333333333,pure_stagewise_score_top30,pure_stagewise_score,30
26,test,600436.SH,片仔癀,-23.2665056540643,0.9887640449438202,17,0.03333333333333333,pure_stagewise_score_top30,pure_stagewise_score,30
26,test,300014.SZ,亿纬锂能,-13.1683197670993,0.988061797752809,18,0.03333333333333333,pure_stagewise_score_top30,pure_stagewise_score,30
26,test,000596.SZ,古井贡酒,14.0729865771812,0.9873595505617978,19,0.03333333333333333,pure_stagewise_score_top30,pure_stagewise_score,30
26,test,600019.SH,宝钢股份,-12.0401439194274,0.9866573033707865,20,0.03333333333333333,pure_stagewise_score_top30,pure_stagewise_score,30
26,test,002129.SZ,TCL中环,-16.3989540530445,0.9859550561797753,21,0.03333333333333333,pure_stagewise_score_top30,pure_stagewise_score,30
26,test,002493.SZ,荣盛石化,-10.0195185426155,0.985252808988764,22,0.03333333333333333,pure_stagewise_score_top30,pure_stagewise_score,30
26,test,600519.SH,贵州茅台,-6.76333340883127,0.9845505617977528,23,0.03333333333333333,pure_stagewise_score_top30,pure_stagewise_score,30
26,test,600703.SH,三安光电,-27.5557806350567,0.9838483146067416,24,0.03333333333333333,pure_stagewise_score_top30,pure_stagewise_score,30
26,test,600690.SH,海尔智家,-5.86894721903799,0.9831460674157303,25,0.03333333333333333,pure_stagewise_score_top30,pure_stagewise_score,30
26,test,000625.SZ,长安汽车,-31.4410480349345,0.9824438202247191,26,0.03333333333333333,pure_stagewise_score_top30,pure_stagewise_score,30
26,test,300124.SZ,汇川技术,-11.9699984693097,0.9817415730337079,27,0.03333333333333333,pure_stagewise_score_top30,pure_stagewise_score,30
26,test,600809.SH,山西汾酒,-4.13053111350257,0.9810393258426966,28,0.03333333333333333,pure_stagewise_score_top30,pure_stagewise_score,30
26,test,000333.SZ,美的集团,-16.8044541926776,0.9803370786516854,29,0.03333333333333333,pure_stagewise_score_top30,pure_stagewise_score,30
26,test,300274.SZ,阳光电源,20.1085776330076,0.9796348314606742,30,0.03333333333333333,pure_stagewise_score_top30,pure_stagewise_score,30
27,test,002466.SZ,天齐锂业,-24.1283258092402,1.0,1,0.03333333333333333,pure_stagewise_score_top30,pure_stagewise_score,30
27,test,600519.SH,贵州茅台,-6.98555126426281,0.9992977528089888,2,0.03333333333333333,pure_stagewise_score_top30,pure_stagewise_score,30
27,test,002304.SZ,洋河股份,0.671140939597303,0.9985955056179775,3,0.03333333333333333,pure_stagewise_score_top30,pure_stagewise_score,30
27,test,000858.SZ,五粮液,7.22805768203669,0.9978932584269663,4,0.03333333333333333,pure_stagewise_score_top30,pure_stagewise_score,30
27,test,600276.SH,恒瑞医药,10.1801544180726,0.9971910112359551,5,0.03333333333333333,pure_stagewise_score_top30,pure_stagewise_score,30
27,test,000568.SZ,泸州老窖,-2.90909090909092,0.9964887640449438,6,0.03333333333333333,pure_stagewise_score_top30,pure_stagewise_score,30
27,test,601633.SH,长城汽车,5.40925266903916,0.9957865168539326,7,0.03333333333333333,pure_stagewise_score_top30,pure_stagewise_score,30
27,test,000651.SZ,格力电器,-0.706605222734247,0.9950842696629213,8,0.03333333333333333,pure_stagewise_score_top30,pure_stagewise_score,30
27,test,000792.SZ,盐湖股份,-4.94344365312108,0.9943820224719101,9,0.03333333333333333,pure_stagewise_score_top30,pure_stagewise_score,30
27,test,600438.SH,通威股份,-19.591496456857,0.9936797752808989,10,0.03333333333333333,pure_stagewise_score_top30,pure_stagewise_score,30
27,test,000333.SZ,美的集团,2.57425742574258,0.9929775280898876,11,0.03333333333333333,pure_stagewise_score_top30,pure_stagewise_score,30
27,test,000725.SZ,京东方A,4.32098765432096,0.9922752808988764,12,0.03333333333333333,pure_stagewise_score_top30,pure_stagewise_score,30
27,test,002493.SZ,荣盛石化,-10.4151493080845,0.9915730337078652,13,0.03333333333333333,pure_stagewise_score_top30,pure_stagewise_score,30
27,test,600104.SH,上汽集团,0.981079187105816,0.9908707865168539,14,0.03333333333333333,pure_stagewise_score_top30,pure_stagewise_score,30
27,test,601012.SH,隆基绿能,-15.6150159744409,0.9901685393258427,15,0.03333333333333333,pure_stagewise_score_top30,pure_stagewise_score,30
27,test,000596.SZ,古井贡酒,-2.92780505546464,0.9894662921348315,16,0.03333333333333333,pure_stagewise_score_top30,pure_stagewise_score,30
27,test,600309.SH,万华化学,3.53112079561964,0.9887640449438202,17,0.03333333333333333,pure_stagewise_score_top30,pure_stagewise_score,30
27,test,002129.SZ,TCL中环,-16.7734806629834,0.988061797752809,18,0.03333333333333333,pure_stagewise_score_top30,pure_stagewise_score,30
27,test,002415.SZ,海康威视,14.0414337389017,0.9873595505617978,19,0.03333333333333333,pure_stagewise_score_top30,pure_stagewise_score,30
27,test,600690.SH,海尔智家,-1.92461908580593,0.9866573033707865,20,0.03333333333333333,pure_stagewise_score_top30,pure_stagewise_score,30
27,test,600887.SH,伊利股份,-6.90690690690691,0.9859550561797753,21,0.03333333333333333,pure_stagewise_score_top30,pure_stagewise_score,30
27,test,601766.SH,中国中车,9.1880341880342,0.985252808988764,22,0.03333333333333333,pure_stagewise_score_top30,pure_stagewise_score,30
27,test,600436.SH,片仔癀,8.40285606914692,0.9845505617977528,23,0.03333333333333333,pure_stagewise_score_top30,pure_stagewise_score,30
27,test,002594.SZ,比亚迪,-2.87258570510638,0.9838483146067416,24,0.03333333333333333,pure_stagewise_score_top30,pure_stagewise_score,30
27,test,300124.SZ,汇川技术,20.6597222222222,0.9831460674157303,25,0.03333333333333333,pure_stagewise_score_top30,pure_stagewise_score,30
27,test,002459.SZ,晶澳科技,-9.70698722764838,0.9824438202247191,26,0.03333333333333333,pure_stagewise_score_top30,pure_stagewise_score,30
27,test,002460.SZ,赣锋锂业,-9.4450234497134,0.9817415730337079,27,0.03333333333333333,pure_stagewise_score_top30,pure_stagewise_score,30
27,test,002371.SZ,北方华创,-22.7842895332099,0.9810393258426966,28,0.03333333333333333,pure_stagewise_score_top30,pure_stagewise_score,30
27,test,300014.SZ,亿纬锂能,0.825877494838267,0.9803370786516854,29,0.03333333333333333,pure_stagewise_score_top30,pure_stagewise_score,30
27,test,600031.SH,三一重工,14.0794223826715,0.9796348314606742,30,0.03333333333333333,pure_stagewise_score_top30,pure_stagewise_score,30
28,test,600148.SH,长春一东,5.96465390279823,1.0,1,0.03333333333333333,pure_stagewise_score_top30,pure_stagewise_score,30
28,test,002483.SZ,润邦股份,6.56063618290257,0.9992977528089888,2,0.03333333333333333,pure_stagewise_score_top30,pure_stagewise_score,30
28,test,002339.SZ,积成电子,18.037518037518,0.9985955056179775,3,0.03333333333333333,pure_stagewise_score_top30,pure_stagewise_score,30
28,test,600080.SH,金花股份,1.79257362355953,0.9978932584269663,4,0.03333333333333333,pure_stagewise_score_top30,pure_stagewise_score,30
28,test,603518.SH,锦泓集团,24.1791044776119,0.9971910112359551,5,0.03333333333333333,pure_stagewise_score_top30,pure_stagewise_score,30
28,test,002272.SZ,川润股份,10.4132231404959,0.9964887640449438,6,0.03333333333333333,pure_stagewise_score_top30,pure_stagewise_score,30
28,test,000725.SZ,京东方A,31.3609467455622,0.9957865168539326,7,0.03333333333333333,pure_stagewise_score_top30,pure_stagewise_score,30
28,test,300317.SZ,珈伟新能,53.416149068323,0.9950842696629213,8,0.03333333333333333,pure_stagewise_score_top30,pure_stagewise_score,30
28,test,002308.SZ,*ST威创,32.0843091334895,0.9943820224719101,9,0.03333333333333333,pure_stagewise_score_top30,pure_stagewise_score,30
28,test,300155.SZ,安居宝,12.6086956521739,0.9936797752808989,10,0.03333333333333333,pure_stagewise_score_top30,pure_stagewise_score,30
28,test,000623.SZ,吉林敖东,2.13475650433623,0.9929775280898876,11,0.03333333333333333,pure_stagewise_score_top30,pure_stagewise_score,30
28,test,600252.SH,中恒集团,2.28136882129277,0.9922752808988764,12,0.03333333333333333,pure_stagewise_score_top30,pure_stagewise_score,30
28,test,300040.SZ,九洲集团,7.21649484536082,0.9915730337078652,13,0.03333333333333333,pure_stagewise_score_top30,pure_stagewise_score,30
28,test,002177.SZ,御银股份,-1.92926045016077,0.9908707865168539,14,0.03333333333333333,pure_stagewise_score_top30,pure_stagewise_score,30
28,test,002432.SZ,九安医疗,-13.5785560555664,0.9901685393258427,15,0.03333333333333333,pure_stagewise_score_top30,pure_stagewise_score,30
28,test,600616.SH,金枫酒业,9.19540229885056,0.9894662921348315,16,0.03333333333333333,pure_stagewise_score_top30,pure_stagewise_score,30
28,test,600241.SH,时代万恒,-13.5245901639344,0.9887640449438202,17,0.03333333333333333,pure_stagewise_score_top30,pure_stagewise_score,30
28,test,601113.SH,华鼎股份,2.98102981029809,0.988061797752809,18,0.03333333333333333,pure_stagewise_score_top30,pure_stagewise_score,30
28,test,300194.SZ,福安药业,11.3888888888889,0.9873595505617978,19,0.03333333333333333,pure_stagewise_score_top30,pure_stagewise_score,30
28,test,002393.SZ,力生制药,7.23344293095349,0.9866573033707865,20,0.03333333333333333,pure_stagewise_score_top30,pure_stagewise_score,30
28,test,002038.SZ,双鹭药业,4.74452554744522,0.9859550561797753,21,0.03333333333333333,pure_stagewise_score_top30,pure_stagewise_score,30
28,test,000915.SZ,华特达因,-20.4175824175824,0.985252808988764,22,0.03333333333333333,pure_stagewise_score_top30,pure_stagewise_score,30
28,test,300039.SZ,上海凯宝,-7.07196029776677,0.9845505617977528,23,0.03333333333333333,pure_stagewise_score_top30,pure_stagewise_score,30
28,test,600211.SH,西藏药业,47.5779510022272,0.9838483146067416,24,0.03333333333333333,pure_stagewise_score_top30,pure_stagewise_score,30
28,test,000893.SZ,亚钾国际,0.551876379690941,0.9831460674157303,25,0.03333333333333333,pure_stagewise_score_top30,pure_stagewise_score,30
28,test,002571.SZ,德力股份,1.92307692307694,0.9824438202247191,26,0.03333333333333333,pure_stagewise_score_top30,pure_stagewise_score,30
28,test,000813.SZ,德展健康,-8.08625336927223,0.9817415730337079,27,0.03333333333333333,pure_stagewise_score_top30,pure_stagewise_score,30
28,test,002665.SZ,ST航高(退市),2.23463687150838,0.9810393258426966,28,0.03333333333333333,pure_stagewise_score_top30,pure_stagewise_score,30
28,test,002023.SZ,海特高新,11.9709794437727,0.9803370786516854,29,0.03333333333333333,pure_stagewise_score_top30,pure_stagewise_score,30
28,test,300306.SZ,远方信息,24.0301724137931,0.9796348314606742,30,0.03333333333333333,pure_stagewise_score_top30,pure_stagewise_score,30
29,test,600809.SH,山西汾酒,-31.3340433623405,1.0,1,0.03333333333333333,pure_stagewise_score_top30,pure_stagewise_score,30
29,test,600519.SH,贵州茅台,-4.08049868791905,0.9992977528089888,2,0.03333333333333333,pure_stagewise_score_top30,pure_stagewise_score,30
29,test,000568.SZ,泸州老窖,-17.3554696742645,0.9985955056179775,3,0.03333333333333333,pure_stagewise_score_top30,pure_stagewise_score,30
29,test,000858.SZ,五粮液,-14.2943410513453,0.9978932584269663,4,0.03333333333333333,pure_stagewise_score_top30,pure_stagewise_score,30
29,test,000792.SZ,盐湖股份,-14.1129032258064,0.9971910112359551,5,0.03333333333333333,pure_stagewise_score_top30,pure_stagewise_score,30
29,test,000596.SZ,古井贡酒,-12.2330234868374,0.9964887640449438,6,0.03333333333333333,pure_stagewise_score_top30,pure_stagewise_score,30
29,test,600436.SH,片仔癀,1.72646536412078,0.9957865168539326,7,0.03333333333333333,pure_stagewise_score_top30,pure_stagewise_score,30
29,test,600276.SH,恒瑞医药,11.3740365777554,0.9950842696629213,8,0.03333333333333333,pure_stagewise_score_top30,pure_stagewise_score,30
29,test,002304.SZ,洋河股份,-20.3438522924149,0.9943820224719101,9,0.03333333333333333,pure_stagewise_score_top30,pure_stagewise_score,30
29,test,002466.SZ,天齐锂业,-3.08065015854772,0.9936797752808989,10,0.03333333333333333,pure_stagewise_score_top30,pure_stagewise_score,30
29,test,603288.SH,海天味业,-24.0156299099651,0.9929775280898876,11,0.03333333333333333,pure_stagewise_score_top30,pure_stagewise_score,30
29,test,600132.SH,重庆啤酒,-22.4131401173157,0.9922752808988764,12,0.03333333333333333,pure_stagewise_score_top30,pure_stagewise_score,30
29,test,600438.SH,通威股份,-3.9415657309497,0.9915730337078652,13,0.03333333333333333,pure_stagewise_score_top30,pure_stagewise_score,30
29,test,002415.SZ,海康威视,-21.0854404211959,0.9908707865168539,14,0.03333333333333333,pure_stagewise_score_top30,pure_stagewise_score,30
29,test,300124.SZ,汇川技术,-7.38451059256517,0.9901685393258427,15,0.03333333333333333,pure_stagewise_score_top30,pure_stagewise_score,30
29,test,300122.SZ,智飞生物,-19.4214340371574,0.9894662921348315,16,0.03333333333333333,pure_stagewise_score_top30,pure_stagewise_score,30
29,test,002172.SZ,澳洋健康,-3.57142857142859,0.9887640449438202,17,0.03333333333333333,pure_stagewise_score_top30,pure_stagewise_score,30
29,test,002049.SZ,紫光国微,-10.5944391179291,0.988061797752809,18,0.03333333333333333,pure_stagewise_score_top30,pure_stagewise_score,30
29,test,002594.SZ,比亚迪,4.2672587807832,0.9873595505617978,19,0.03333333333333333,pure_stagewise_score_top30,pure_stagewise_score,30
29,test,300274.SZ,阳光电源,11.71382108246,0.9866573033707865,20,0.03333333333333333,pure_stagewise_score_top30,pure_stagewise_score,30
29,test,002371.SZ,北方华创,16.8389303711333,0.9859550561797753,21,0.03333333333333333,pure_stagewise_score_top30,pure_stagewise_score,30
29,test,603369.SH,今世缘,-16.3408392815147,0.985252808988764,22,0.03333333333333333,pure_stagewise_score_top30,pure_stagewise_score,30
29,test,002459.SZ,晶澳科技,3.15825155275113,0.9845505617977528,23,0.03333333333333333,pure_stagewise_score_top30,pure_stagewise_score,30
29,test,002475.SZ,立讯精密,7.94028482666009,0.9838483146067416,24,0.03333333333333333,pure_stagewise_score_top30,pure_stagewise_score,30
29,test,600887.SH,伊利股份,2.23308064445511,0.9831460674157303,25,0.03333333333333333,pure_stagewise_score_top30,pure_stagewise_score,30
29,test,002460.SZ,赣锋锂业,-9.17759237187128,0.9824438202247191,26,0.03333333333333333,pure_stagewise_score_top30,pure_stagewise_score,30
29,test,603688.SH,石英股份,-4.26124389291501,0.9817415730337079,27,0.03333333333333333,pure_stagewise_score_top30,pure_stagewise_score,30
29,test,000063.SZ,中兴通讯,32.9731098563794,0.9810393258426966,28,0.03333333333333333,pure_stagewise_score_top30,pure_stagewise_score,30
29,test,600702.SH,舍得酒业,-36.8015529394759,0.9803370786516854,29,0.03333333333333333,pure_stagewise_score_top30,pure_stagewise_score,30
29,test,601766.SH,中国中车,9.61214165261384,0.9796348314606742,30,0.03333333333333333,pure_stagewise_score_top30,pure_stagewise_score,30
30,test,600550.SH,保变电气,-6.73267326732673,1.0,1,0.03333333333333333,pure_stagewise_score_top30,pure_stagewise_score,30
30,test,601113.SH,华鼎股份,9.40438871473355,0.9992977528089888,2,0.03333333333333333,pure_stagewise_score_top30,pure_stagewise_score,30
30,test,002388.SZ,新亚制程,-11.0953058321479,0.9985955056179775,3,0.03333333333333333,pure_stagewise_score_top30,pure_stagewise_score,30
30,test,002471.SZ,中超控股,8.92193308550187,0.9978932584269663,4,0.03333333333333333,pure_stagewise_score_top30,pure_stagewise_score,30
30,test,002483.SZ,润邦股份,3.78006872852232,0.9971910112359551,5,0.03333333333333333,pure_stagewise_score_top30,pure_stagewise_score,30
30,test,600470.SH,六国化工,0.579150579150589,0.9964887640449438,6,0.03333333333333333,pure_stagewise_score_top30,pure_stagewise_score,30
30,test,002132.SZ,恒星科技,-9.42857142857142,0.9957865168539326,7,0.03333333333333333,pure_stagewise_score_top30,pure_stagewise_score,30
30,test,300411.SZ,金盾股份,0.304414003044129,0.9950842696629213,8,0.03333333333333333,pure_stagewise_score_top30,pure_stagewise_score,30
30,test,002172.SZ,澳洋健康,9.56521739130434,0.9943820224719101,9,0.03333333333333333,pure_stagewise_score_top30,pure_stagewise_score,30
30,test,000959.SZ,首钢股份,9.5100864553314,0.9936797752808989,10,0.03333333333333333,pure_stagewise_score_top30,pure_stagewise_score,30
30,test,000709.SZ,河钢股份,3.17348408506539,0.9929775280898876,11,0.03333333333333333,pure_stagewise_score_top30,pure_stagewise_score,30
30,test,000876.SZ,新希望,-5.90248075278016,0.9922752808988764,12,0.03333333333333333,pure_stagewise_score_top30,pure_stagewise_score,30
30,test,600150.SH,中国船舶,-14.3880811884086,0.9915730337078652,13,0.03333333333333333,pure_stagewise_score_top30,pure_stagewise_score,30
30,test,600782.SH,新钢股份,11.716621253406,0.9908707865168539,14,0.03333333333333333,pure_stagewise_score_top30,pure_stagewise_score,30
30,test,000420.SZ,吉林化纤,-10.5113636363636,0.9901685393258427,15,0.03333333333333333,pure_stagewise_score_top30,pure_stagewise_score,30
30,test,002164.SZ,宁波东力,-15.3729071537291,0.9894662921348315,16,0.03333333333333333,pure_stagewise_score_top30,pure_stagewise_score,30
30,test,002669.SZ,康达新材,10.1957585644372,0.9887640449438202,17,0.03333333333333333,pure_stagewise_score_top30,pure_stagewise_score,30
30,test,002250.SZ,联化科技,-18.0782153565859,0.988061797752809,18,0.03333333333333333,pure_stagewise_score_top30,pure_stagewise_score,30
30,test,300211.SZ,亿通科技,-5.72012257405514,0.9873595505617978,19,0.03333333333333333,pure_stagewise_score_top30,pure_stagewise_score,30
30,test,600080.SH,金花股份,3.28317373461013,0.9866573033707865,20,0.03333333333333333,pure_stagewise_score_top30,pure_stagewise_score,30
30,test,603011.SH,合锻智能,-11.0828025477707,0.9859550561797753,21,0.03333333333333333,pure_stagewise_score_top30,pure_stagewise_score,30
30,test,002170.SZ,芭田股份,-18.9910979228487,0.985252808988764,22,0.03333333333333333,pure_stagewise_score_top30,pure_stagewise_score,30
30,test,000990.SZ,诚志股份,4.55153949129852,0.9845505617977528,23,0.03333333333333333,pure_stagewise_score_top30,pure_stagewise_score,30
30,test,000581.SZ,威孚高科,7.90487890421796,0.9838483146067416,24,0.03333333333333333,pure_stagewise_score_top30,pure_stagewise_score,30
30,test,601608.SH,中信重工,-10.2268830327303,0.9831460674157303,25,0.03333333333333333,pure_stagewise_score_top30,pure_stagewise_score,30
30,test,300243.SZ,瑞丰高材,6.52173913043477,0.9824438202247191,26,0.03333333333333333,pure_stagewise_score_top30,pure_stagewise_score,30
30,test,000533.SZ,顺钠股份,-4.24528301886794,0.9817415730337079,27,0.03333333333333333,pure_stagewise_score_top30,pure_stagewise_score,30
30,test,600714.SH,金瑞矿业,5.51643192488263,0.9810393258426966,28,0.03333333333333333,pure_stagewise_score_top30,pure_stagewise_score,30
30,test,300267.SZ,尔康制药,6.26959247648904,0.9803370786516854,29,0.03333333333333333,pure_stagewise_score_top30,pure_stagewise_score,30
30,test,600624.SH,复旦复华,-3.24149108589952,0.9796348314606742,30,0.03333333333333333,pure_stagewise_score_top30,pure_stagewise_score,30
13,train,600421.SH,华嵘控股,-29.1139240506329,1.0,1,0.1,pure_promethee_score_top10,pure_promethee_score,10
13,train,600234.SH,*ST科新,-9.20398009950247,0.9992977528089888,2,0.1,pure_promethee_score_top10,pure_promethee_score,10
13,train,002248.SZ,华东数控,-7.32177263969174,0.9985955056179775,3,0.1,pure_promethee_score_top10,pure_promethee_score,10
13,train,600610.SH,中毅达,-21.256038647343,0.9978932584269663,4,0.1,pure_promethee_score_top10,pure_promethee_score,10
13,train,600800.SH,渤海化学,-24.5635910224439,0.9971910112359551,5,0.1,pure_promethee_score_top10,pure_promethee_score,10
13,train,000017.SZ,深中华A,-16.9144981412639,0.9964887640449438,6,0.1,pure_promethee_score_top10,pure_promethee_score,10
13,train,600678.SH,四川金顶,-16.0283687943262,0.9957865168539326,7,0.1,pure_promethee_score_top10,pure_promethee_score,10
13,train,600319.SH,亚星化学,-16.5261382799325,0.9950842696629213,8,0.1,pure_promethee_score_top10,pure_promethee_score,10
13,train,000422.SZ,湖北宜化,-28.4090909090909,0.9943820224719101,9,0.1,pure_promethee_score_top10,pure_promethee_score,10
13,train,300122.SZ,智飞生物,-14.6393882517423,0.9936797752808989,10,0.1,pure_promethee_score_top10,pure_promethee_score,10
14,train,600421.SH,华嵘控股,-24.5039682539683,1.0,1,0.1,pure_promethee_score_top10,pure_promethee_score,10
14,train,002248.SZ,华东数控,-19.1268191268191,0.9992977528089888,2,0.1,pure_promethee_score_top10,pure_promethee_score,10
14,train,600883.SH,博闻科技,-8.53146853146852,0.9985955056179775,3,0.1,pure_promethee_score_top10,pure_promethee_score,10
14,train,600800.SH,渤海化学,-10.2479338842975,0.9978932584269663,4,0.1,pure_promethee_score_top10,pure_promethee_score,10
14,train,000820.SZ,神雾节能,-33.7552742616034,0.9971910112359551,5,0.1,pure_promethee_score_top10,pure_promethee_score,10
14,train,000691.SZ,亚太实业,-4.97512437810944,0.9964887640449438,6,0.1,pure_promethee_score_top10,pure_promethee_score,10
14,train,300142.SZ,沃森生物,-4.72385767353223,0.9957865168539326,7,0.1,pure_promethee_score_top10,pure_promethee_score,10
14,train,002625.SZ,光启技术,-3.55220667384283,0.9950842696629213,8,0.1,pure_promethee_score_top10,pure_promethee_score,10
14,train,002575.SZ,群兴玩具,7.10227272727273,0.9943820224719101,9,0.1,pure_promethee_score_top10,pure_promethee_score,10
14,train,600610.SH,中毅达,0.0,0.9936797752808989,10,0.1,pure_promethee_score_top10,pure_promethee_score,10
15,train,000670.SZ,盈方微,-8.58369098712447,1.0,1,0.1,pure_promethee_score_top10,pure_promethee_score,10
15,train,000017.SZ,深中华A,-7.18685831622178,0.9992977528089888,2,0.1,pure_promethee_score_top10,pure_promethee_score,10
15,train,300357.SZ,我武生物,14.3782383419689,0.9985955056179775,3,0.1,pure_promethee_score_top10,pure_promethee_score,10
15,train,000820.SZ,神雾节能,7.00636942675157,0.9978932584269663,4,0.1,pure_promethee_score_top10,pure_promethee_score,10
15,train,600800.SH,渤海化学,-0.180180180180178,0.9971910112359551,5,0.1,pure_promethee_score_top10,pure_promethee_score,10
15,train,002248.SZ,华东数控,1.66666666666668,0.9964887640449438,6,0.1,pure_promethee_score_top10,pure_promethee_score,10
15,train,000691.SZ,亚太实业,6.08465608465609,0.9957865168539326,7,0.1,pure_promethee_score_top10,pure_promethee_score,10
15,train,300142.SZ,沃森生物,17.8350889938249,0.9950842696629213,8,0.1,pure_promethee_score_top10,pure_promethee_score,10
15,train,600883.SH,博闻科技,12.1879588839941,0.9943820224719101,9,0.1,pure_promethee_score_top10,pure_promethee_score,10
15,train,300345.SZ,华民股份,-7.74731823599524,0.9936797752808989,10,0.1,pure_promethee_score_top10,pure_promethee_score,10
16,train,300357.SZ,我武生物,3.28932128793142,1.0,1,0.1,pure_promethee_score_top10,pure_promethee_score,10
16,train,000820.SZ,神雾节能,-27.2189349112426,0.9992977528089888,2,0.1,pure_promethee_score_top10,pure_promethee_score,10
16,train,600276.SH,恒瑞医药,7.6374269005848,0.9985955056179775,3,0.1,pure_promethee_score_top10,pure_promethee_score,10
16,train,600779.SH,水井坊,-18.3576711549403,0.9978932584269663,4,0.1,pure_promethee_score_top10,pure_promethee_score,10
16,train,600877.SH,电科芯片,20.7547169811321,0.9971910112359551,5,0.1,pure_promethee_score_top10,pure_promethee_score,10
16,train,600678.SH,四川金顶,-8.73239436619717,0.9964887640449438,6,0.1,pure_promethee_score_top10,pure_promethee_score,10
16,train,600234.SH,*ST科新,2.78396436525614,0.9957865168539326,7,0.1,pure_promethee_score_top10,pure_promethee_score,10
16,train,603288.SH,海天味业,16.4263789414938,0.9950842696629213,8,0.1,pure_promethee_score_top10,pure_promethee_score,10
16,train,600132.SH,重庆啤酒,-12.8828483920368,0.9943820224719101,9,0.1,pure_promethee_score_top10,pure_promethee_score,10
16,train,600519.SH,贵州茅台,-6.30797773654916,0.9936797752808989,10,0.1,pure_promethee_score_top10,pure_promethee_score,10
17,train,603288.SH,海天味业,30.7746283364851,1.0,1,0.1,pure_promethee_score_top10,pure_promethee_score,10
17,train,600276.SH,恒瑞医药,22.1520647457205,0.9992977528089888,2,0.1,pure_promethee_score_top10,pure_promethee_score,10
17,train,300122.SZ,智飞生物,48.9440809042237,0.9985955056179775,3,0.1,pure_promethee_score_top10,pure_promethee_score,10
17,train,600519.SH,贵州茅台,37.6069780692297,0.9978932584269663,4,0.1,pure_promethee_score_top10,pure_promethee_score,10
17,train,000661.SZ,长春高新,64.2104612003888,0.9971910112359551,5,0.1,pure_promethee_score_top10,pure_promethee_score,10
17,train,000858.SZ,五粮液,49.7490449325323,0.9964887640449438,6,0.1,pure_promethee_score_top10,pure_promethee_score,10
17,train,002475.SZ,立讯精密,80.5805782505585,0.9957865168539326,7,0.1,pure_promethee_score_top10,pure_promethee_score,10
17,train,600887.SH,伊利股份,11.4599443005144,0.9950842696629213,8,0.1,pure_promethee_score_top10,pure_promethee_score,10
17,train,002415.SZ,海康威视,9.56581127264517,0.9943820224719101,9,0.1,pure_promethee_score_top10,pure_promethee_score,10
17,train,000895.SZ,双汇发展,26.0670308433915,0.9936797752808989,10,0.1,pure_promethee_score_top10,pure_promethee_score,10
18,train,300122.SZ,智飞生物,41.6222364813503,1.0,1,0.1,pure_promethee_score_top10,pure_promethee_score,10
18,train,603288.SH,海天味业,30.0441235459286,0.9992977528089888,2,0.1,pure_promethee_score_top10,pure_promethee_score,10
18,train,000661.SZ,长春高新,-12.8207547169811,0.9985955056179775,3,0.1,pure_promethee_score_top10,pure_promethee_score,10
18,train,600276.SH,恒瑞医药,-2.61303263580182,0.9978932584269663,4,0.1,pure_promethee_score_top10,pure_promethee_score,10
18,train,002475.SZ,立讯精密,18.9464917759734,0.9971910112359551,5,0.1,pure_promethee_score_top10,pure_promethee_score,10
18,train,600809.SH,山西汾酒,37.85212492175,0.9964887640449438,6,0.1,pure_promethee_score_top10,pure_promethee_score,10
18,train,600519.SH,贵州茅台,14.0332292214848,0.9957865168539326,7,0.1,pure_promethee_score_top10,pure_promethee_score,10
18,train,600436.SH,片仔癀,46.9323671497585,0.9950842696629213,8,0.1,pure_promethee_score_top10,pure_promethee_score,10
18,train,000895.SZ,双汇发展,14.9153278332609,0.9943820224719101,9,0.1,pure_promethee_score_top10,pure_promethee_score,10
18,train,600887.SH,伊利股份,24.6761658031088,0.9936797752808989,10,0.1,pure_promethee_score_top10,pure_promethee_score,10
19,train,300122.SZ,智飞生物,9.56296296296295,1.0,1,0.1,pure_promethee_score_top10,pure_promethee_score,10
19,train,603288.SH,海天味业,26.6675088428499,0.9992977528089888,2,0.1,pure_promethee_score_top10,pure_promethee_score,10
19,train,600436.SH,片仔癀,13.4767116314584,0.9985955056179775,3,0.1,pure_promethee_score_top10,pure_promethee_score,10
19,train,600809.SH,山西汾酒,90.8124872889974,0.9978932584269663,4,0.1,pure_promethee_score_top10,pure_promethee_score,10
19,train,002475.SZ,立讯精密,-1.37082601054481,0.9971910112359551,5,0.1,pure_promethee_score_top10,pure_promethee_score,10
19,train,600276.SH,恒瑞医药,23.9959951051285,0.9964887640449438,6,0.1,pure_promethee_score_top10,pure_promethee_score,10
19,train,000661.SZ,长春高新,20.9380640642259,0.9957865168539326,7,0.1,pure_promethee_score_top10,pure_promethee_score,10
19,train,600519.SH,贵州茅台,20.9223506627126,0.9950842696629213,8,0.1,pure_promethee_score_top10,pure_promethee_score,10
19,train,000895.SZ,双汇发展,-7.96067823342804,0.9943820224719101,9,0.1,pure_promethee_score_top10,pure_promethee_score,10
19,train,000858.SZ,五粮液,32.8220998498157,0.9936797752808989,10,0.1,pure_promethee_score_top10,pure_promethee_score,10
20,train,600809.SH,山西汾酒,-8.5412773441794,1.0,1,0.1,pure_promethee_score_top10,pure_promethee_score,10
20,train,603288.SH,海天味业,-20.0880132019803,0.9992977528089888,2,0.1,pure_promethee_score_top10,pure_promethee_score,10
20,train,600276.SH,恒瑞医药,-18.2874889086069,0.9985955056179775,3,0.1,pure_promethee_score_top10,pure_promethee_score,10
20,train,600519.SH,贵州茅台,3.93171236420073,0.9978932584269663,4,0.1,pure_promethee_score_top10,pure_promethee_score,10
20,train,600436.SH,片仔癀,12.4892199137593,0.9971910112359551,5,0.1,pure_promethee_score_top10,pure_promethee_score,10
20,train,000661.SZ,长春高新,2.89318181818181,0.9964887640449438,6,0.1,pure_promethee_score_top10,pure_promethee_score,10
20,train,601100.SH,恒立液压,-18.3179618299699,0.9957865168539326,7,0.1,pure_promethee_score_top10,pure_promethee_score,10
20,train,000568.SZ,泸州老窖,0.0533570475766965,0.9950842696629213,8,0.1,pure_promethee_score_top10,pure_promethee_score,10
20,train,300122.SZ,智飞生物,16.5394230119587,0.9943820224719101,9,0.1,pure_promethee_score_top10,pure_promethee_score,10
20,train,000858.SZ,五粮液,-6.58812046848857,0.9936797752808989,10,0.1,pure_promethee_score_top10,pure_promethee_score,10
21,train,600436.SH,片仔癀,55.998175526153,1.0,1,0.1,pure_promethee_score_top10,pure_promethee_score,10
21,train,600809.SH,山西汾酒,30.8449429013698,0.9992977528089888,2,0.1,pure_promethee_score_top10,pure_promethee_score,10
21,train,603288.SH,海天味业,10.9033513186847,0.9985955056179775,3,0.1,pure_promethee_score_top10,pure_promethee_score,10
21,train,300122.SZ,智飞生物,6.00022706630334,0.9978932584269663,4,0.1,pure_promethee_score_top10,pure_promethee_score,10
21,train,600519.SH,贵州茅台,2.06305768108639,0.9971910112359551,5,0.1,pure_promethee_score_top10,pure_promethee_score,10
21,train,000661.SZ,长春高新,-12.1883169365361,0.9964887640449438,6,0.1,pure_promethee_score_top10,pure_promethee_score,10
21,train,600276.SH,恒瑞医药,-9.69140865540787,0.9957865168539326,7,0.1,pure_promethee_score_top10,pure_promethee_score,10
21,train,300357.SZ,我武生物,12.4582610190038,0.9950842696629213,8,0.1,pure_promethee_score_top10,pure_promethee_score,10
21,train,601100.SH,恒立液压,-5.00443299196558,0.9943820224719101,9,0.1,pure_promethee_score_top10,pure_promethee_score,10
21,train,000568.SZ,泸州老窖,5.10513186029937,0.9936797752808989,10,0.1,pure_promethee_score_top10,pure_promethee_score,10
22,valid,600436.SH,片仔癀,-15.8639407354675,1.0,1,0.1,pure_promethee_score_top10,pure_promethee_score,10
22,valid,603288.SH,海天味业,-14.9462615015851,0.9992977528089888,2,0.1,pure_promethee_score_top10,pure_promethee_score,10
22,valid,600809.SH,山西汾酒,-1.51420657728252,0.9985955056179775,3,0.1,pure_promethee_score_top10,pure_promethee_score,10
22,valid,002371.SZ,北方华创,33.5665587721669,0.9978932584269663,4,0.1,pure_promethee_score_top10,pure_promethee_score,10
22,valid,300122.SZ,智飞生物,-13.8861402222608,0.9971910112359551,5,0.1,pure_promethee_score_top10,pure_promethee_score,10
22,valid,300124.SZ,汇川技术,-8.61618798955613,0.9964887640449438,6,0.1,pure_promethee_score_top10,pure_promethee_score,10
22,valid,600132.SH,重庆啤酒,-33.9257842001913,0.9957865168539326,7,0.1,pure_promethee_score_top10,pure_promethee_score,10
22,valid,300274.SZ,阳光电源,28.8468218131296,0.9950842696629213,8,0.1,pure_promethee_score_top10,pure_promethee_score,10
22,valid,600519.SH,贵州茅台,-11.2512124151309,0.9943820224719101,9,0.1,pure_promethee_score_top10,pure_promethee_score,10
22,valid,002709.SZ,天赐材料,42.3012160898036,0.9936797752808989,10,0.1,pure_promethee_score_top10,pure_promethee_score,10
23,valid,002371.SZ,北方华创,-4.19105466593043,1.0,1,0.1,pure_promethee_score_top10,pure_promethee_score,10
23,valid,002466.SZ,天齐锂业,11.4583333333333,0.9992977528089888,2,0.1,pure_promethee_score_top10,pure_promethee_score,10
23,valid,603288.SH,海天味业,-4.22779043280184,0.9985955056179775,3,0.1,pure_promethee_score_top10,pure_promethee_score,10
23,valid,002709.SZ,天赐材料,-17.0945115337334,0.9978932584269663,4,0.1,pure_promethee_score_top10,pure_promethee_score,10
23,valid,600436.SH,片仔癀,22.9503585993531,0.9971910112359551,5,0.1,pure_promethee_score_top10,pure_promethee_score,10
23,valid,000792.SZ,盐湖股份,25.0972074938141,0.9964887640449438,6,0.1,pure_promethee_score_top10,pure_promethee_score,10
23,valid,600809.SH,山西汾酒,-0.698113207547169,0.9957865168539326,7,0.1,pure_promethee_score_top10,pure_promethee_score,10
23,valid,300274.SZ,阳光电源,-1.07877060858944,0.9950842696629213,8,0.1,pure_promethee_score_top10,pure_promethee_score,10
23,valid,002049.SZ,紫光国微,11.2484548825711,0.9943820224719101,9,0.1,pure_promethee_score_top10,pure_promethee_score,10
23,valid,300122.SZ,智飞生物,-20.1282051282051,0.9936797752808989,10,0.1,pure_promethee_score_top10,pure_promethee_score,10
24,valid,600319.SH,亚星化学,38.0333951762523,1.0,1,0.1,pure_promethee_score_top10,pure_promethee_score,10
24,valid,600071.SH,凤凰光学,-36.0709712822389,0.9992977528089888,2,0.1,pure_promethee_score_top10,pure_promethee_score,10
24,valid,600779.SH,水井坊,-32.1443281983689,0.9985955056179775,3,0.1,pure_promethee_score_top10,pure_promethee_score,10
24,valid,000995.SZ,皇台酒业,-46.6074313408724,0.9978932584269663,4,0.1,pure_promethee_score_top10,pure_promethee_score,10
24,valid,600696.SH,岩石股份,-23.7072619384007,0.9971910112359551,5,0.1,pure_promethee_score_top10,pure_promethee_score,10
24,valid,600809.SH,山西汾酒,-20.4382296023472,0.9964887640449438,6,0.1,pure_promethee_score_top10,pure_promethee_score,10
24,valid,600132.SH,重庆啤酒,-31.2628205128205,0.9957865168539326,7,0.1,pure_promethee_score_top10,pure_promethee_score,10
24,valid,300111.SZ,向日葵,6.64556962025318,0.9950842696629213,8,0.1,pure_promethee_score_top10,pure_promethee_score,10
24,valid,000410.SZ,沈阳机床,-5.98802395209581,0.9943820224719101,9,0.1,pure_promethee_score_top10,pure_promethee_score,10
24,valid,000820.SZ,神雾节能,-1.17302052785924,0.9936797752808989,10,0.1,pure_promethee_score_top10,pure_promethee_score,10
25,valid,600436.SH,片仔癀,15.4839753965685,1.0,1,0.1,pure_promethee_score_top10,pure_promethee_score,10
25,valid,600809.SH,山西汾酒,34.4807179344146,0.9992977528089888,2,0.1,pure_promethee_score_top10,pure_promethee_score,10
25,valid,002049.SZ,紫光国微,-7.9743888242142,0.9985955056179775,3,0.1,pure_promethee_score_top10,pure_promethee_score,10
25,valid,600519.SH,贵州茅台,23.9991368946232,0.9978932584269663,4,0.1,pure_promethee_score_top10,pure_promethee_score,10
25,valid,000792.SZ,盐湖股份,-6.52106084243368,0.9971910112359551,5,0.1,pure_promethee_score_top10,pure_promethee_score,10
25,valid,603288.SH,海天味业,18.6866689503085,0.9964887640449438,6,0.1,pure_promethee_score_top10,pure_promethee_score,10
25,valid,000568.SZ,泸州老窖,37.9090451418023,0.9957865168539326,7,0.1,pure_promethee_score_top10,pure_promethee_score,10
25,valid,002371.SZ,北方华创,0.438548802145622,0.9950842696629213,8,0.1,pure_promethee_score_top10,pure_promethee_score,10
25,valid,002466.SZ,天齐锂业,51.62191714251,0.9943820224719101,9,0.1,pure_promethee_score_top10,pure_promethee_score,10
25,valid,300122.SZ,智飞生物,-19.5579710144927,0.9936797752808989,10,0.1,pure_promethee_score_top10,pure_promethee_score,10
26,test,600519.SH,贵州茅台,-6.76333340883127,1.0,1,0.1,pure_promethee_score_top10,pure_promethee_score,10
26,test,000568.SZ,泸州老窖,-0.759066023169841,0.9992977528089888,2,0.1,pure_promethee_score_top10,pure_promethee_score,10
26,test,600436.SH,片仔癀,-23.2665056540643,0.9985955056179775,3,0.1,pure_promethee_score_top10,pure_promethee_score,10
26,test,002466.SZ,天齐锂业,-18.2410423452769,0.9978932584269663,4,0.1,pure_promethee_score_top10,pure_promethee_score,10
26,test,600809.SH,山西汾酒,-4.13053111350257,0.9971910112359551,5,0.1,pure_promethee_score_top10,pure_promethee_score,10
26,test,600276.SH,恒瑞医药,-0.796897651005557,0.9964887640449438,6,0.1,pure_promethee_score_top10,pure_promethee_score,10
26,test,000858.SZ,五粮液,-11.859375,0.9957865168539326,7,0.1,pure_promethee_score_top10,pure_promethee_score,10
26,test,002304.SZ,洋河股份,-11.6973757677275,0.9950842696629213,8,0.1,pure_promethee_score_top10,pure_promethee_score,10
26,test,002460.SZ,赣锋锂业,-26.6685642538095,0.9943820224719101,9,0.1,pure_promethee_score_top10,pure_promethee_score,10
26,test,000792.SZ,盐湖股份,-20.133779264214,0.9936797752808989,10,0.1,pure_promethee_score_top10,pure_promethee_score,10
27,test,600519.SH,贵州茅台,-6.98555126426281,1.0,1,0.1,pure_promethee_score_top10,pure_promethee_score,10
27,test,600436.SH,片仔癀,8.40285606914692,0.9992977528089888,2,0.1,pure_promethee_score_top10,pure_promethee_score,10
27,test,000568.SZ,泸州老窖,-2.90909090909092,0.9985955056179775,3,0.1,pure_promethee_score_top10,pure_promethee_score,10
27,test,600809.SH,山西汾酒,-6.33955567240698,0.9978932584269663,4,0.1,pure_promethee_score_top10,pure_promethee_score,10
27,test,600276.SH,恒瑞医药,10.1801544180726,0.9971910112359551,5,0.1,pure_promethee_score_top10,pure_promethee_score,10
27,test,002371.SZ,北方华创,-22.7842895332099,0.9964887640449438,6,0.1,pure_promethee_score_top10,pure_promethee_score,10
27,test,603288.SH,海天味业,-5.23809523809525,0.9957865168539326,7,0.1,pure_promethee_score_top10,pure_promethee_score,10
27,test,002466.SZ,天齐锂业,-24.1283258092402,0.9950842696629213,8,0.1,pure_promethee_score_top10,pure_promethee_score,10
27,test,000858.SZ,五粮液,7.22805768203669,0.9943820224719101,9,0.1,pure_promethee_score_top10,pure_promethee_score,10
27,test,002049.SZ,紫光国微,-8.36924787988323,0.9936797752808989,10,0.1,pure_promethee_score_top10,pure_promethee_score,10
28,test,600276.SH,恒瑞医药,11.1341811575396,1.0,1,0.1,pure_promethee_score_top10,pure_promethee_score,10
28,test,002304.SZ,洋河股份,3.09034267912773,0.9992977528089888,2,0.1,pure_promethee_score_top10,pure_promethee_score,10
28,test,000568.SZ,泸州老窖,13.6035313001605,0.9985955056179775,3,0.1,pure_promethee_score_top10,pure_promethee_score,10
28,test,000858.SZ,五粮液,9.02650949139412,0.9978932584269663,4,0.1,pure_promethee_score_top10,pure_promethee_score,10
28,test,600809.SH,山西汾酒,-4.41769886662691,0.9971910112359551,5,0.1,pure_promethee_score_top10,pure_promethee_score,10
28,test,600519.SH,贵州茅台,5.38506079907355,0.9964887640449438,6,0.1,pure_promethee_score_top10,pure_promethee_score,10
28,test,002415.SZ,海康威视,23.0103806228374,0.9957865168539326,7,0.1,pure_promethee_score_top10,pure_promethee_score,10
28,test,600436.SH,片仔癀,-1.41440754350689,0.9950842696629213,8,0.1,pure_promethee_score_top10,pure_promethee_score,10
28,test,600690.SH,海尔智家,-7.27718724448079,0.9943820224719101,9,0.1,pure_promethee_score_top10,pure_promethee_score,10
28,test,000792.SZ,盐湖股份,-1.45438519171441,0.9936797752808989,10,0.1,pure_promethee_score_top10,pure_promethee_score,10
29,test,600809.SH,山西汾酒,-31.3340433623405,1.0,1,0.1,pure_promethee_score_top10,pure_promethee_score,10
29,test,000568.SZ,泸州老窖,-17.3554696742645,0.9992977528089888,2,0.1,pure_promethee_score_top10,pure_promethee_score,10
29,test,600519.SH,贵州茅台,-4.08049868791905,0.9985955056179775,3,0.1,pure_promethee_score_top10,pure_promethee_score,10
29,test,600436.SH,片仔癀,1.72646536412078,0.9978932584269663,4,0.1,pure_promethee_score_top10,pure_promethee_score,10
29,test,600276.SH,恒瑞医药,11.3740365777554,0.9971910112359551,5,0.1,pure_promethee_score_top10,pure_promethee_score,10
29,test,000858.SZ,五粮液,-14.2943410513453,0.9964887640449438,6,0.1,pure_promethee_score_top10,pure_promethee_score,10
29,test,603288.SH,海天味业,-24.0156299099651,0.9957865168539326,7,0.1,pure_promethee_score_top10,pure_promethee_score,10
29,test,000596.SZ,古井贡酒,-12.2330234868374,0.9950842696629213,8,0.1,pure_promethee_score_top10,pure_promethee_score,10
29,test,002304.SZ,洋河股份,-20.3438522924149,0.9943820224719101,9,0.1,pure_promethee_score_top10,pure_promethee_score,10
29,test,300124.SZ,汇川技术,-7.38451059256517,0.9936797752808989,10,0.1,pure_promethee_score_top10,pure_promethee_score,10
30,test,600150.SH,中国船舶,-14.3880811884086,1.0,1,0.1,pure_promethee_score_top10,pure_promethee_score,10
30,test,000725.SZ,京东方A,-2.52525252525252,0.9992977528089888,2,0.1,pure_promethee_score_top10,pure_promethee_score,10
30,test,600104.SH,上汽集团,7.03292914052538,0.9985955056179775,3,0.1,pure_promethee_score_top10,pure_promethee_score,10
30,test,601766.SH,中国中车,-8.05779612245919,0.9978932584269663,4,0.1,pure_promethee_score_top10,pure_promethee_score,10
30,test,600309.SH,万华化学,0.477815699658679,0.9971910112359551,5,0.1,pure_promethee_score_top10,pure_promethee_score,10
30,test,000651.SZ,格力电器,1.34204926819697,0.9964887640449438,6,0.1,pure_promethee_score_top10,pure_promethee_score,10
30,test,601633.SH,长城汽车,3.38190489236978,0.9957865168539326,7,0.1,pure_promethee_score_top10,pure_promethee_score,10
30,test,002129.SZ,TCL中环,-27.7279752704791,0.9950842696629213,8,0.1,pure_promethee_score_top10,pure_promethee_score,10
30,test,002594.SZ,比亚迪,-7.0254690815685,0.9943820224719101,9,0.1,pure_promethee_score_top10,pure_promethee_score,10
30,test,600031.SH,三一重工,-3.16879951249238,0.9936797752808989,10,0.1,pure_promethee_score_top10,pure_promethee_score,10
13,train,600421.SH,华嵘控股,-29.1139240506329,1.0,1,0.05,pure_promethee_score_top20,pure_promethee_score,20
13,train,600234.SH,*ST科新,-9.20398009950247,0.9992977528089888,2,0.05,pure_promethee_score_top20,pure_promethee_score,20
13,train,002248.SZ,华东数控,-7.32177263969174,0.9985955056179775,3,0.05,pure_promethee_score_top20,pure_promethee_score,20
13,train,600610.SH,中毅达,-21.256038647343,0.9978932584269663,4,0.05,pure_promethee_score_top20,pure_promethee_score,20
13,train,600800.SH,渤海化学,-24.5635910224439,0.9971910112359551,5,0.05,pure_promethee_score_top20,pure_promethee_score,20
13,train,000017.SZ,深中华A,-16.9144981412639,0.9964887640449438,6,0.05,pure_promethee_score_top20,pure_promethee_score,20
13,train,600678.SH,四川金顶,-16.0283687943262,0.9957865168539326,7,0.05,pure_promethee_score_top20,pure_promethee_score,20
13,train,600319.SH,亚星化学,-16.5261382799325,0.9950842696629213,8,0.05,pure_promethee_score_top20,pure_promethee_score,20
13,train,000422.SZ,湖北宜化,-28.4090909090909,0.9943820224719101,9,0.05,pure_promethee_score_top20,pure_promethee_score,20
13,train,300122.SZ,智飞生物,-14.6393882517423,0.9936797752808989,10,0.05,pure_promethee_score_top20,pure_promethee_score,20
13,train,000691.SZ,亚太实业,-21.7898832684825,0.9929775280898876,11,0.05,pure_promethee_score_top20,pure_promethee_score,20
13,train,000633.SZ,合金投资,-13.8225255972696,0.9922752808988764,12,0.05,pure_promethee_score_top20,pure_promethee_score,20
13,train,000670.SZ,盈方微,-61.4864864864865,0.9915730337078652,13,0.05,pure_promethee_score_top20,pure_promethee_score,20
13,train,600276.SH,恒瑞医药,0.886579027820233,0.9908707865168539,14,0.05,pure_promethee_score_top20,pure_promethee_score,20
13,train,603288.SH,海天味业,22.463346837386,0.9901685393258427,15,0.05,pure_promethee_score_top20,pure_promethee_score,20
13,train,300176.SZ,派生科技,-72.0,0.9894662921348315,16,0.05,pure_promethee_score_top20,pure_promethee_score,20
13,train,600817.SH,宇通重工,-4.99999999999999,0.9887640449438202,17,0.05,pure_promethee_score_top20,pure_promethee_score,20
13,train,000622.SZ,*ST恒立,-17.9216867469879,0.988061797752809,18,0.05,pure_promethee_score_top20,pure_promethee_score,20
13,train,300111.SZ,向日葵,-7.77385159010601,0.9873595505617978,19,0.05,pure_promethee_score_top20,pure_promethee_score,20
13,train,300357.SZ,我武生物,28.7125508458193,0.9866573033707865,20,0.05,pure_promethee_score_top20,pure_promethee_score,20
14,train,600421.SH,华嵘控股,-24.5039682539683,1.0,1,0.05,pure_promethee_score_top20,pure_promethee_score,20
14,train,002248.SZ,华东数控,-19.1268191268191,0.9992977528089888,2,0.05,pure_promethee_score_top20,pure_promethee_score,20
14,train,600883.SH,博闻科技,-8.53146853146852,0.9985955056179775,3,0.05,pure_promethee_score_top20,pure_promethee_score,20
14,train,600800.SH,渤海化学,-10.2479338842975,0.9978932584269663,4,0.05,pure_promethee_score_top20,pure_promethee_score,20
14,train,000820.SZ,神雾节能,-33.7552742616034,0.9971910112359551,5,0.05,pure_promethee_score_top20,pure_promethee_score,20
14,train,000691.SZ,亚太实业,-4.97512437810944,0.9964887640449438,6,0.05,pure_promethee_score_top20,pure_promethee_score,20
14,train,300142.SZ,沃森生物,-4.72385767353223,0.9957865168539326,7,0.05,pure_promethee_score_top20,pure_promethee_score,20
14,train,002625.SZ,光启技术,-3.55220667384283,0.9950842696629213,8,0.05,pure_promethee_score_top20,pure_promethee_score,20
14,train,002575.SZ,群兴玩具,7.10227272727273,0.9943820224719101,9,0.05,pure_promethee_score_top20,pure_promethee_score,20
14,train,600610.SH,中毅达,0.0,0.9936797752808989,10,0.05,pure_promethee_score_top20,pure_promethee_score,20
14,train,600345.SH,长江通信,-13.9422435645043,0.9929775280898876,11,0.05,pure_promethee_score_top20,pure_promethee_score,20
14,train,300357.SZ,我武生物,21.6981132075472,0.9922752808988764,12,0.05,pure_promethee_score_top20,pure_promethee_score,20
14,train,600191.SH,华资实业,-5.44464609800363,0.9915730337078652,13,0.05,pure_promethee_score_top20,pure_promethee_score,20
14,train,600817.SH,宇通重工,-10.1591187270502,0.9908707865168539,14,0.05,pure_promethee_score_top20,pure_promethee_score,20
14,train,300125.SZ,ST聆达,0.207325501036615,0.9901685393258427,15,0.05,pure_promethee_score_top20,pure_promethee_score,20
14,train,600764.SH,中国海防,2.69010043041609,0.9894662921348315,16,0.05,pure_promethee_score_top20,pure_promethee_score,20
14,train,000670.SZ,盈方微,3.94736842105263,0.9887640449438202,17,0.05,pure_promethee_score_top20,pure_promethee_score,20
14,train,000017.SZ,深中华A,6.71140939597314,0.988061797752809,18,0.05,pure_promethee_score_top20,pure_promethee_score,20
14,train,300345.SZ,华民股份,13.941018766756,0.9873595505617978,19,0.05,pure_promethee_score_top20,pure_promethee_score,20
14,train,300076.SZ,GQY视讯,-0.184501845018448,0.9866573033707865,20,0.05,pure_promethee_score_top20,pure_promethee_score,20
15,train,000670.SZ,盈方微,-8.58369098712447,1.0,1,0.05,pure_promethee_score_top20,pure_promethee_score,20
15,train,000017.SZ,深中华A,-7.18685831622178,0.9992977528089888,2,0.05,pure_promethee_score_top20,pure_promethee_score,20
15,train,300357.SZ,我武生物,14.3782383419689,0.9985955056179775,3,0.05,pure_promethee_score_top20,pure_promethee_score,20
15,train,000820.SZ,神雾节能,7.00636942675157,0.9978932584269663,4,0.05,pure_promethee_score_top20,pure_promethee_score,20
15,train,600800.SH,渤海化学,-0.180180180180178,0.9971910112359551,5,0.05,pure_promethee_score_top20,pure_promethee_score,20
15,train,002248.SZ,华东数控,1.66666666666668,0.9964887640449438,6,0.05,pure_promethee_score_top20,pure_promethee_score,20
15,train,000691.SZ,亚太实业,6.08465608465609,0.9957865168539326,7,0.05,pure_promethee_score_top20,pure_promethee_score,20
15,train,300142.SZ,沃森生物,17.8350889938249,0.9950842696629213,8,0.05,pure_promethee_score_top20,pure_promethee_score,20
15,train,600883.SH,博闻科技,12.1879588839941,0.9943820224719101,9,0.05,pure_promethee_score_top20,pure_promethee_score,20
15,train,300345.SZ,华民股份,-7.74731823599524,0.9936797752808989,10,0.05,pure_promethee_score_top20,pure_promethee_score,20
15,train,600764.SH,中国海防,-3.03236797274276,0.9929775280898876,11,0.05,pure_promethee_score_top20,pure_promethee_score,20
15,train,002575.SZ,群兴玩具,-5.89022757697457,0.9922752808988764,12,0.05,pure_promethee_score_top20,pure_promethee_score,20
15,train,002625.SZ,光启技术,3.27313769751694,0.9915730337078652,13,0.05,pure_promethee_score_top20,pure_promethee_score,20
15,train,300125.SZ,ST聆达,14.8548278190412,0.9908707865168539,14,0.05,pure_promethee_score_top20,pure_promethee_score,20
15,train,600732.SH,爱旭股份,-2.86783042394015,0.9901685393258427,15,0.05,pure_promethee_score_top20,pure_promethee_score,20
15,train,300223.SZ,北京君正,69.9492979719189,0.9894662921348315,16,0.05,pure_promethee_score_top20,pure_promethee_score,20
15,train,600234.SH,*ST科新,10.1466992665037,0.9887640449438202,17,0.05,pure_promethee_score_top20,pure_promethee_score,20
15,train,600421.SH,华嵘控股,12.551724137931,0.988061797752809,18,0.05,pure_promethee_score_top20,pure_promethee_score,20
15,train,603288.SH,海天味业,-1.63769441903018,0.9873595505617978,19,0.05,pure_promethee_score_top20,pure_promethee_score,20
15,train,600817.SH,宇通重工,-0.410958904109582,0.9866573033707865,20,0.05,pure_promethee_score_top20,pure_promethee_score,20
16,train,300357.SZ,我武生物,3.28932128793142,1.0,1,0.05,pure_promethee_score_top20,pure_promethee_score,20
16,train,000820.SZ,神雾节能,-27.2189349112426,0.9992977528089888,2,0.05,pure_promethee_score_top20,pure_promethee_score,20
16,train,600276.SH,恒瑞医药,7.6374269005848,0.9985955056179775,3,0.05,pure_promethee_score_top20,pure_promethee_score,20
16,train,600779.SH,水井坊,-18.3576711549403,0.9978932584269663,4,0.05,pure_promethee_score_top20,pure_promethee_score,20
16,train,600877.SH,电科芯片,20.7547169811321,0.9971910112359551,5,0.05,pure_promethee_score_top20,pure_promethee_score,20
16,train,600678.SH,四川金顶,-8.73239436619717,0.9964887640449438,6,0.05,pure_promethee_score_top20,pure_promethee_score,20
16,train,600234.SH,*ST科新,2.78396436525614,0.9957865168539326,7,0.05,pure_promethee_score_top20,pure_promethee_score,20
16,train,603288.SH,海天味业,16.4263789414938,0.9950842696629213,8,0.05,pure_promethee_score_top20,pure_promethee_score,20
16,train,600132.SH,重庆啤酒,-12.8828483920368,0.9943820224719101,9,0.05,pure_promethee_score_top20,pure_promethee_score,20
16,train,600519.SH,贵州茅台,-6.30797773654916,0.9936797752808989,10,0.05,pure_promethee_score_top20,pure_promethee_score,20
16,train,300142.SZ,沃森生物,-0.157678965625996,0.9929775280898876,11,0.05,pure_promethee_score_top20,pure_promethee_score,20
16,train,600319.SH,亚星化学,13.8228941684665,0.9922752808988764,12,0.05,pure_promethee_score_top20,pure_promethee_score,20
16,train,600696.SH,岩石股份,-4.20560747663552,0.9915730337078652,13,0.05,pure_promethee_score_top20,pure_promethee_score,20
16,train,600800.SH,渤海化学,-5.79710144927534,0.9908707865168539,14,0.05,pure_promethee_score_top20,pure_promethee_score,20
16,train,000017.SZ,深中华A,-20.9354120267261,0.9901685393258427,15,0.05,pure_promethee_score_top20,pure_promethee_score,20
16,train,600809.SH,山西汾酒,-0.0443360673908155,0.9894662921348315,16,0.05,pure_promethee_score_top20,pure_promethee_score,20
16,train,000422.SZ,湖北宜化,-8.68055555555556,0.9887640449438202,17,0.05,pure_promethee_score_top20,pure_promethee_score,20
16,train,000596.SZ,古井贡酒,-15.1274240285311,0.988061797752809,18,0.05,pure_promethee_score_top20,pure_promethee_score,20
16,train,300122.SZ,智飞生物,39.3218937357867,0.9873595505617978,19,0.05,pure_promethee_score_top20,pure_promethee_score,20
16,train,002653.SZ,海思科,-1.05000000000001,0.9866573033707865,20,0.05,pure_promethee_score_top20,pure_promethee_score,20
17,train,603288.SH,海天味业,30.7746283364851,1.0,1,0.05,pure_promethee_score_top20,pure_promethee_score,20
17,train,600276.SH,恒瑞医药,22.1520647457205,0.9992977528089888,2,0.05,pure_promethee_score_top20,pure_promethee_score,20
17,train,300122.SZ,智飞生物,48.9440809042237,0.9985955056179775,3,0.05,pure_promethee_score_top20,pure_promethee_score,20
17,train,600519.SH,贵州茅台,37.6069780692297,0.9978932584269663,4,0.05,pure_promethee_score_top20,pure_promethee_score,20
17,train,000661.SZ,长春高新,64.2104612003888,0.9971910112359551,5,0.05,pure_promethee_score_top20,pure_promethee_score,20
17,train,000858.SZ,五粮液,49.7490449325323,0.9964887640449438,6,0.05,pure_promethee_score_top20,pure_promethee_score,20
17,train,002475.SZ,立讯精密,80.5805782505585,0.9957865168539326,7,0.05,pure_promethee_score_top20,pure_promethee_score,20
17,train,600887.SH,伊利股份,11.4599443005144,0.9950842696629213,8,0.05,pure_promethee_score_top20,pure_promethee_score,20
17,train,002415.SZ,海康威视,9.56581127264517,0.9943820224719101,9,0.05,pure_promethee_score_top20,pure_promethee_score,20
17,train,000895.SZ,双汇发展,26.0670308433915,0.9936797752808989,10,0.05,pure_promethee_score_top20,pure_promethee_score,20
17,train,000568.SZ,泸州老窖,22.3087248322148,0.9929775280898876,11,0.05,pure_promethee_score_top20,pure_promethee_score,20
17,train,002304.SZ,洋河股份,25.9287378732962,0.9922752808988764,12,0.05,pure_promethee_score_top20,pure_promethee_score,20
17,train,600809.SH,山西汾酒,61.6129484146831,0.9915730337078652,13,0.05,pure_promethee_score_top20,pure_promethee_score,20
17,train,000063.SZ,中兴通讯,-7.51325190135975,0.9908707865168539,14,0.05,pure_promethee_score_top20,pure_promethee_score,20
17,train,300357.SZ,我武生物,47.6331366989705,0.9901685393258427,15,0.05,pure_promethee_score_top20,pure_promethee_score,20
17,train,600877.SH,电科芯片,-21.8967921896792,0.9894662921348315,16,0.05,pure_promethee_score_top20,pure_promethee_score,20
17,train,000876.SZ,新希望,7.21224099149234,0.9887640449438202,17,0.05,pure_promethee_score_top20,pure_promethee_score,20
17,train,600031.SH,三一重工,8.75362318840582,0.988061797752809,18,0.05,pure_promethee_score_top20,pure_promethee_score,20
17,train,600436.SH,片仔癀,37.1334723260174,0.9873595505617978,19,0.05,pure_promethee_score_top20,pure_promethee_score,20
17,train,000333.SZ,美的集团,24.177837361316,0.9866573033707865,20,0.05,pure_promethee_score_top20,pure_promethee_score,20
18,train,300122.SZ,智飞生物,41.6222364813503,1.0,1,0.05,pure_promethee_score_top20,pure_promethee_score,20
18,train,603288.SH,海天味业,30.0441235459286,0.9992977528089888,2,0.05,pure_promethee_score_top20,pure_promethee_score,20
18,train,000661.SZ,长春高新,-12.8207547169811,0.9985955056179775,3,0.05,pure_promethee_score_top20,pure_promethee_score,20
18,train,600276.SH,恒瑞医药,-2.61303263580182,0.9978932584269663,4,0.05,pure_promethee_score_top20,pure_promethee_score,20
18,train,002475.SZ,立讯精密,18.9464917759734,0.9971910112359551,5,0.05,pure_promethee_score_top20,pure_promethee_score,20
18,train,600809.SH,山西汾酒,37.85212492175,0.9964887640449438,6,0.05,pure_promethee_score_top20,pure_promethee_score,20
18,train,600519.SH,贵州茅台,14.0332292214848,0.9957865168539326,7,0.05,pure_promethee_score_top20,pure_promethee_score,20
18,train,600436.SH,片仔癀,46.9323671497585,0.9950842696629213,8,0.05,pure_promethee_score_top20,pure_promethee_score,20
18,train,000895.SZ,双汇发展,14.9153278332609,0.9943820224719101,9,0.05,pure_promethee_score_top20,pure_promethee_score,20
18,train,600887.SH,伊利股份,24.6761658031088,0.9936797752808989,10,0.05,pure_promethee_score_top20,pure_promethee_score,20
18,train,000858.SZ,五粮液,31.9402985074627,0.9929775280898876,11,0.05,pure_promethee_score_top20,pure_promethee_score,20
18,train,300142.SZ,沃森生物,-3.50709559126892,0.9922752808988764,12,0.05,pure_promethee_score_top20,pure_promethee_score,20
18,train,002007.SZ,华兰生物,14.0484290574345,0.9915730337078652,13,0.05,pure_promethee_score_top20,pure_promethee_score,20
18,train,002415.SZ,海康威视,29.537729435758,0.9908707865168539,14,0.05,pure_promethee_score_top20,pure_promethee_score,20
18,train,002371.SZ,北方华创,-4.31905678537056,0.9901685393258427,15,0.05,pure_promethee_score_top20,pure_promethee_score,20
18,train,600132.SH,重庆啤酒,49.4207935128874,0.9894662921348315,16,0.05,pure_promethee_score_top20,pure_promethee_score,20
18,train,600745.SH,闻泰科技,-5.56849796684929,0.9887640449438202,17,0.05,pure_promethee_score_top20,pure_promethee_score,20
18,train,300357.SZ,我武生物,-6.30000000000001,0.988061797752809,18,0.05,pure_promethee_score_top20,pure_promethee_score,20
18,train,000063.SZ,中兴通讯,-15.1148147632273,0.9873595505617978,19,0.05,pure_promethee_score_top20,pure_promethee_score,20
18,train,000568.SZ,泸州老窖,59.9445298303896,0.9866573033707865,20,0.05,pure_promethee_score_top20,pure_promethee_score,20
19,train,300122.SZ,智飞生物,9.56296296296295,1.0,1,0.05,pure_promethee_score_top20,pure_promethee_score,20
19,train,603288.SH,海天味业,26.6675088428499,0.9992977528089888,2,0.05,pure_promethee_score_top20,pure_promethee_score,20
19,train,600436.SH,片仔癀,13.4767116314584,0.9985955056179775,3,0.05,pure_promethee_score_top20,pure_promethee_score,20
19,train,600809.SH,山西汾酒,90.8124872889974,0.9978932584269663,4,0.05,pure_promethee_score_top20,pure_promethee_score,20
19,train,002475.SZ,立讯精密,-1.37082601054481,0.9971910112359551,5,0.05,pure_promethee_score_top20,pure_promethee_score,20
19,train,600276.SH,恒瑞医药,23.9959951051285,0.9964887640449438,6,0.05,pure_promethee_score_top20,pure_promethee_score,20
19,train,000661.SZ,长春高新,20.9380640642259,0.9957865168539326,7,0.05,pure_promethee_score_top20,pure_promethee_score,20
19,train,600519.SH,贵州茅台,20.9223506627126,0.9950842696629213,8,0.05,pure_promethee_score_top20,pure_promethee_score,20
19,train,000895.SZ,双汇发展,-7.96067823342804,0.9943820224719101,9,0.05,pure_promethee_score_top20,pure_promethee_score,20
19,train,000858.SZ,五粮液,32.8220998498157,0.9936797752808989,10,0.05,pure_promethee_score_top20,pure_promethee_score,20
19,train,000568.SZ,泸州老窖,57.0555555555556,0.9929775280898876,11,0.05,pure_promethee_score_top20,pure_promethee_score,20
19,train,601012.SH,隆基绿能,23.1121141987737,0.9922752808988764,12,0.05,pure_promethee_score_top20,pure_promethee_score,20
19,train,600887.SH,伊利股份,15.8788195351267,0.9915730337078652,13,0.05,pure_promethee_score_top20,pure_promethee_score,20
19,train,002007.SZ,华兰生物,-23.8232642019838,0.9908707865168539,14,0.05,pure_promethee_score_top20,pure_promethee_score,20
19,train,002415.SZ,海康威视,30.3681805966138,0.9901685393258427,15,0.05,pure_promethee_score_top20,pure_promethee_score,20
19,train,002241.SZ,歌尔股份,-8.16929133858267,0.9894662921348315,16,0.05,pure_promethee_score_top20,pure_promethee_score,20
19,train,601100.SH,恒立液压,57.7331099944165,0.9887640449438202,17,0.05,pure_promethee_score_top20,pure_promethee_score,20
19,train,002594.SZ,比亚迪,80.0908332560942,0.988061797752809,18,0.05,pure_promethee_score_top20,pure_promethee_score,20
19,train,600309.SH,万华化学,29.4284901905033,0.9873595505617978,19,0.05,pure_promethee_score_top20,pure_promethee_score,20
19,train,000333.SZ,美的集团,35.8730158730159,0.9866573033707865,20,0.05,pure_promethee_score_top20,pure_promethee_score,20
20,train,600809.SH,山西汾酒,-8.5412773441794,1.0,1,0.05,pure_promethee_score_top20,pure_promethee_score,20
20,train,603288.SH,海天味业,-20.0880132019803,0.9992977528089888,2,0.05,pure_promethee_score_top20,pure_promethee_score,20
20,train,600276.SH,恒瑞医药,-18.2874889086069,0.9985955056179775,3,0.05,pure_promethee_score_top20,pure_promethee_score,20
20,train,600519.SH,贵州茅台,3.93171236420073,0.9978932584269663,4,0.05,pure_promethee_score_top20,pure_promethee_score,20
20,train,600436.SH,片仔癀,12.4892199137593,0.9971910112359551,5,0.05,pure_promethee_score_top20,pure_promethee_score,20
20,train,000661.SZ,长春高新,2.89318181818181,0.9964887640449438,6,0.05,pure_promethee_score_top20,pure_promethee_score,20
20,train,601100.SH,恒立液压,-18.3179618299699,0.9957865168539326,7,0.05,pure_promethee_score_top20,pure_promethee_score,20
20,train,000568.SZ,泸州老窖,0.0533570475766965,0.9950842696629213,8,0.05,pure_promethee_score_top20,pure_promethee_score,20
20,train,300122.SZ,智飞生物,16.5394230119587,0.9943820224719101,9,0.05,pure_promethee_score_top20,pure_promethee_score,20
20,train,000858.SZ,五粮液,-6.58812046848857,0.9936797752808989,10,0.05,pure_promethee_score_top20,pure_promethee_score,20
20,train,300014.SZ,亿纬锂能,-5.17350157728707,0.9929775280898876,11,0.05,pure_promethee_score_top20,pure_promethee_score,20
20,train,300124.SZ,汇川技术,-2.341251713111,0.9922752808988764,12,0.05,pure_promethee_score_top20,pure_promethee_score,20
20,train,002304.SZ,洋河股份,-29.0086206896552,0.9915730337078652,13,0.05,pure_promethee_score_top20,pure_promethee_score,20
20,train,002460.SZ,赣锋锂业,-6.67326732673267,0.9908707865168539,14,0.05,pure_promethee_score_top20,pure_promethee_score,20
20,train,002475.SZ,立讯精密,-39.6754636233951,0.9901685393258427,15,0.05,pure_promethee_score_top20,pure_promethee_score,20
20,train,000596.SZ,古井贡酒,-23.014652014652,0.9894662921348315,16,0.05,pure_promethee_score_top20,pure_promethee_score,20
20,train,002415.SZ,海康威视,19.0628328008519,0.9887640449438202,17,0.05,pure_promethee_score_top20,pure_promethee_score,20
20,train,601012.SH,隆基绿能,-3.0196164866652,0.988061797752809,18,0.05,pure_promethee_score_top20,pure_promethee_score,20
20,train,600887.SH,伊利股份,-8.93994540491355,0.9873595505617978,19,0.05,pure_promethee_score_top20,pure_promethee_score,20
20,train,002594.SZ,比亚迪,-11.5537634408602,0.9866573033707865,20,0.05,pure_promethee_score_top20,pure_promethee_score,20
21,train,600436.SH,片仔癀,55.998175526153,1.0,1,0.05,pure_promethee_score_top20,pure_promethee_score,20
21,train,600809.SH,山西汾酒,30.8449429013698,0.9992977528089888,2,0.05,pure_promethee_score_top20,pure_promethee_score,20
21,train,603288.SH,海天味业,10.9033513186847,0.9985955056179775,3,0.05,pure_promethee_score_top20,pure_promethee_score,20
21,train,300122.SZ,智飞生物,6.00022706630334,0.9978932584269663,4,0.05,pure_promethee_score_top20,pure_promethee_score,20
21,train,600519.SH,贵州茅台,2.06305768108639,0.9971910112359551,5,0.05,pure_promethee_score_top20,pure_promethee_score,20
21,train,000661.SZ,长春高新,-12.1883169365361,0.9964887640449438,6,0.05,pure_promethee_score_top20,pure_promethee_score,20
21,train,600276.SH,恒瑞医药,-9.69140865540787,0.9957865168539326,7,0.05,pure_promethee_score_top20,pure_promethee_score,20
21,train,300357.SZ,我武生物,12.4582610190038,0.9950842696629213,8,0.05,pure_promethee_score_top20,pure_promethee_score,20
21,train,601100.SH,恒立液压,-5.00443299196558,0.9943820224719101,9,0.05,pure_promethee_score_top20,pure_promethee_score,20
21,train,000568.SZ,泸州老窖,5.10513186029937,0.9936797752808989,10,0.05,pure_promethee_score_top20,pure_promethee_score,20
21,train,002568.SZ,百润股份,25.6445267799422,0.9929775280898876,11,0.05,pure_promethee_score_top20,pure_promethee_score,20
21,train,000858.SZ,五粮液,9.48215663934728,0.9922752808988764,12,0.05,pure_promethee_score_top20,pure_promethee_score,20
21,train,600696.SH,岩石股份,156.401384083045,0.9915730337078652,13,0.05,pure_promethee_score_top20,pure_promethee_score,20
21,train,000799.SZ,酒鬼酒,61.5982803312891,0.9908707865168539,14,0.05,pure_promethee_score_top20,pure_promethee_score,20
21,train,300014.SZ,亿纬锂能,41.4867888144784,0.9901685393258427,15,0.05,pure_promethee_score_top20,pure_promethee_score,20
21,train,300124.SZ,汇川技术,32.0081787119122,0.9894662921348315,16,0.05,pure_promethee_score_top20,pure_promethee_score,20
21,train,000995.SZ,皇台酒业,49.030612244898,0.9887640449438202,17,0.05,pure_promethee_score_top20,pure_promethee_score,20
21,train,600132.SH,重庆啤酒,77.7408637873754,0.988061797752809,18,0.05,pure_promethee_score_top20,pure_promethee_score,20
21,train,600610.SH,中毅达,103.671328671329,0.9873595505617978,19,0.05,pure_promethee_score_top20,pure_promethee_score,20
21,train,600877.SH,电科芯片,23.8244514106583,0.9866573033707865,20,0.05,pure_promethee_score_top20,pure_promethee_score,20
22,valid,600436.SH,片仔癀,-15.8639407354675,1.0,1,0.05,pure_promethee_score_top20,pure_promethee_score,20
22,valid,603288.SH,海天味业,-14.9462615015851,0.9992977528089888,2,0.05,pure_promethee_score_top20,pure_promethee_score,20
22,valid,600809.SH,山西汾酒,-1.51420657728252,0.9985955056179775,3,0.05,pure_promethee_score_top20,pure_promethee_score,20
22,valid,002371.SZ,北方华创,33.5665587721669,0.9978932584269663,4,0.05,pure_promethee_score_top20,pure_promethee_score,20
22,valid,300122.SZ,智飞生物,-13.8861402222608,0.9971910112359551,5,0.05,pure_promethee_score_top20,pure_promethee_score,20
22,valid,300124.SZ,汇川技术,-8.61618798955613,0.9964887640449438,6,0.05,pure_promethee_score_top20,pure_promethee_score,20
22,valid,600132.SH,重庆啤酒,-33.9257842001913,0.9957865168539326,7,0.05,pure_promethee_score_top20,pure_promethee_score,20
22,valid,300274.SZ,阳光电源,28.8468218131296,0.9950842696629213,8,0.05,pure_promethee_score_top20,pure_promethee_score,20
22,valid,600519.SH,贵州茅台,-11.2512124151309,0.9943820224719101,9,0.05,pure_promethee_score_top20,pure_promethee_score,20
22,valid,002709.SZ,天赐材料,42.3012160898036,0.9936797752808989,10,0.05,pure_promethee_score_top20,pure_promethee_score,20
22,valid,601012.SH,隆基绿能,-7.11711711711711,0.9929775280898876,11,0.05,pure_promethee_score_top20,pure_promethee_score,20
22,valid,002466.SZ,天齐锂业,63.8387096774194,0.9922752808988764,12,0.05,pure_promethee_score_top20,pure_promethee_score,20
22,valid,000799.SZ,酒鬼酒,-1.81547064890096,0.9915730337078652,13,0.05,pure_promethee_score_top20,pure_promethee_score,20
22,valid,600276.SH,恒瑞医药,-26.3489736070381,0.9908707865168539,14,0.05,pure_promethee_score_top20,pure_promethee_score,20
22,valid,300014.SZ,亿纬锂能,-4.3280842430683,0.9901685393258427,15,0.05,pure_promethee_score_top20,pure_promethee_score,20
22,valid,600460.SH,士兰微,1.31322094055013,0.9894662921348315,16,0.05,pure_promethee_score_top20,pure_promethee_score,20
22,valid,000661.SZ,长春高新,-28.7189868161528,0.9887640449438202,17,0.05,pure_promethee_score_top20,pure_promethee_score,20
22,valid,000568.SZ,泸州老窖,-1.74049306941745,0.988061797752809,18,0.05,pure_promethee_score_top20,pure_promethee_score,20
22,valid,601100.SH,恒立液压,-1.66259737239857,0.9873595505617978,19,0.05,pure_promethee_score_top20,pure_promethee_score,20
22,valid,002475.SZ,立讯精密,-24.6222673940158,0.9866573033707865,20,0.05,pure_promethee_score_top20,pure_promethee_score,20
23,valid,002371.SZ,北方华创,-4.19105466593043,1.0,1,0.05,pure_promethee_score_top20,pure_promethee_score,20
23,valid,002466.SZ,天齐锂业,11.4583333333333,0.9992977528089888,2,0.05,pure_promethee_score_top20,pure_promethee_score,20
23,valid,603288.SH,海天味业,-4.22779043280184,0.9985955056179775,3,0.05,pure_promethee_score_top20,pure_promethee_score,20
23,valid,002709.SZ,天赐材料,-17.0945115337334,0.9978932584269663,4,0.05,pure_promethee_score_top20,pure_promethee_score,20
23,valid,600436.SH,片仔癀,22.9503585993531,0.9971910112359551,5,0.05,pure_promethee_score_top20,pure_promethee_score,20
23,valid,000792.SZ,盐湖股份,25.0972074938141,0.9964887640449438,6,0.05,pure_promethee_score_top20,pure_promethee_score,20
23,valid,600809.SH,山西汾酒,-0.698113207547169,0.9957865168539326,7,0.05,pure_promethee_score_top20,pure_promethee_score,20
23,valid,300274.SZ,阳光电源,-1.07877060858944,0.9950842696629213,8,0.05,pure_promethee_score_top20,pure_promethee_score,20
23,valid,002049.SZ,紫光国微,11.2484548825711,0.9943820224719101,9,0.05,pure_promethee_score_top20,pure_promethee_score,20
23,valid,300122.SZ,智飞生物,-20.1282051282051,0.9936797752808989,10,0.05,pure_promethee_score_top20,pure_promethee_score,20
23,valid,000799.SZ,酒鬼酒,-15.1696606786427,0.9929775280898876,11,0.05,pure_promethee_score_top20,pure_promethee_score,20
23,valid,600760.SH,中航沈飞,2.70497291889134,0.9922752808988764,12,0.05,pure_promethee_score_top20,pure_promethee_score,20
23,valid,600519.SH,贵州茅台,12.6373626373626,0.9915730337078652,13,0.05,pure_promethee_score_top20,pure_promethee_score,20
23,valid,600111.SH,北方稀土,10.4945717732207,0.9908707865168539,14,0.05,pure_promethee_score_top20,pure_promethee_score,20
23,valid,002460.SZ,赣锋锂业,-6.61567627639407,0.9901685393258427,15,0.05,pure_promethee_score_top20,pure_promethee_score,20
23,valid,000568.SZ,泸州老窖,20.033096926714,0.9894662921348315,16,0.05,pure_promethee_score_top20,pure_promethee_score,20
23,valid,300124.SZ,汇川技术,9.21827734437191,0.9887640449438202,17,0.05,pure_promethee_score_top20,pure_promethee_score,20
23,valid,600132.SH,重庆啤酒,15.5114503816794,0.988061797752809,18,0.05,pure_promethee_score_top20,pure_promethee_score,20
23,valid,300390.SZ,天华新能,-13.3689839572192,0.9873595505617978,19,0.05,pure_promethee_score_top20,pure_promethee_score,20
23,valid,300014.SZ,亿纬锂能,25.924347362813,0.9866573033707865,20,0.05,pure_promethee_score_top20,pure_promethee_score,20
24,valid,600319.SH,亚星化学,38.0333951762523,1.0,1,0.05,pure_promethee_score_top20,pure_promethee_score,20
24,valid,600071.SH,凤凰光学,-36.0709712822389,0.9992977528089888,2,0.05,pure_promethee_score_top20,pure_promethee_score,20
24,valid,600779.SH,水井坊,-32.1443281983689,0.9985955056179775,3,0.05,pure_promethee_score_top20,pure_promethee_score,20
24,valid,000995.SZ,皇台酒业,-46.6074313408724,0.9978932584269663,4,0.05,pure_promethee_score_top20,pure_promethee_score,20
24,valid,600696.SH,岩石股份,-23.7072619384007,0.9971910112359551,5,0.05,pure_promethee_score_top20,pure_promethee_score,20
24,valid,600809.SH,山西汾酒,-20.4382296023472,0.9964887640449438,6,0.05,pure_promethee_score_top20,pure_promethee_score,20
24,valid,600132.SH,重庆啤酒,-31.2628205128205,0.9957865168539326,7,0.05,pure_promethee_score_top20,pure_promethee_score,20
24,valid,300111.SZ,向日葵,6.64556962025318,0.9950842696629213,8,0.05,pure_promethee_score_top20,pure_promethee_score,20
24,valid,000410.SZ,沈阳机床,-5.98802395209581,0.9943820224719101,9,0.05,pure_promethee_score_top20,pure_promethee_score,20
24,valid,000820.SZ,神雾节能,-1.17302052785924,0.9936797752808989,10,0.05,pure_promethee_score_top20,pure_promethee_score,20
24,valid,002248.SZ,华东数控,-21.7842323651452,0.9929775280898876,11,0.05,pure_promethee_score_top20,pure_promethee_score,20
24,valid,600601.SH,方正科技,-1.61943319838057,0.9922752808988764,12,0.05,pure_promethee_score_top20,pure_promethee_score,20
24,valid,600610.SH,中毅达,-1.93021529324424,0.9915730337078652,13,0.05,pure_promethee_score_top20,pure_promethee_score,20
24,valid,600436.SH,片仔癀,-25.0100465688013,0.9908707865168539,14,0.05,pure_promethee_score_top20,pure_promethee_score,20
24,valid,300343.SZ,联创股份,-18.2095006090134,0.9901685393258427,15,0.05,pure_promethee_score_top20,pure_promethee_score,20
24,valid,600421.SH,华嵘控股,4.19651995905834,0.9894662921348315,16,0.05,pure_promethee_score_top20,pure_promethee_score,20
24,valid,000017.SZ,深中华A,-3.72492836676218,0.9887640449438202,17,0.05,pure_promethee_score_top20,pure_promethee_score,20
24,valid,002172.SZ,澳洋健康,-7.2992700729927,0.988061797752809,18,0.05,pure_promethee_score_top20,pure_promethee_score,20
24,valid,000890.SZ,法尔胜,0.443458980044364,0.9873595505617978,19,0.05,pure_promethee_score_top20,pure_promethee_score,20
24,valid,000792.SZ,盐湖股份,-9.78097809780977,0.9866573033707865,20,0.05,pure_promethee_score_top20,pure_promethee_score,20
25,valid,600436.SH,片仔癀,15.4839753965685,1.0,1,0.05,pure_promethee_score_top20,pure_promethee_score,20
25,valid,600809.SH,山西汾酒,34.4807179344146,0.9992977528089888,2,0.05,pure_promethee_score_top20,pure_promethee_score,20
25,valid,002049.SZ,紫光国微,-7.9743888242142,0.9985955056179775,3,0.05,pure_promethee_score_top20,pure_promethee_score,20
25,valid,600519.SH,贵州茅台,23.9991368946232,0.9978932584269663,4,0.05,pure_promethee_score_top20,pure_promethee_score,20
25,valid,000792.SZ,盐湖股份,-6.52106084243368,0.9971910112359551,5,0.05,pure_promethee_score_top20,pure_promethee_score,20
25,valid,603288.SH,海天味业,18.6866689503085,0.9964887640449438,6,0.05,pure_promethee_score_top20,pure_promethee_score,20
25,valid,000568.SZ,泸州老窖,37.9090451418023,0.9957865168539326,7,0.05,pure_promethee_score_top20,pure_promethee_score,20
25,valid,002371.SZ,北方华创,0.438548802145622,0.9950842696629213,8,0.05,pure_promethee_score_top20,pure_promethee_score,20
25,valid,002466.SZ,天齐锂业,51.62191714251,0.9943820224719101,9,0.05,pure_promethee_score_top20,pure_promethee_score,20
25,valid,300122.SZ,智飞生物,-19.5579710144927,0.9936797752808989,10,0.05,pure_promethee_score_top20,pure_promethee_score,20
25,valid,600276.SH,恒瑞医药,3.25723830734967,0.9929775280898876,11,0.05,pure_promethee_score_top20,pure_promethee_score,20
25,valid,002460.SZ,赣锋锂业,19.6106821106821,0.9922752808988764,12,0.05,pure_promethee_score_top20,pure_promethee_score,20
25,valid,300274.SZ,阳光电源,-10.0625032733089,0.9915730337078652,13,0.05,pure_promethee_score_top20,pure_promethee_score,20
25,valid,000858.SZ,五粮液,37.4389343825704,0.9908707865168539,14,0.05,pure_promethee_score_top20,pure_promethee_score,20
25,valid,300124.SZ,汇川技术,22.5119884955417,0.9901685393258427,15,0.05,pure_promethee_score_top20,pure_promethee_score,20
25,valid,300014.SZ,亿纬锂能,28.492356352135,0.9894662921348315,16,0.05,pure_promethee_score_top20,pure_promethee_score,20
25,valid,601012.SH,隆基绿能,25.895784682124,0.9887640449438202,17,0.05,pure_promethee_score_top20,pure_promethee_score,20
25,valid,002304.SZ,洋河股份,40.3366670893255,0.988061797752809,18,0.05,pure_promethee_score_top20,pure_promethee_score,20
25,valid,600111.SH,北方稀土,-7.03537428235302,0.9873595505617978,19,0.05,pure_promethee_score_top20,pure_promethee_score,20
25,valid,002415.SZ,海康威视,-6.91510572503767,0.9866573033707865,20,0.05,pure_promethee_score_top20,pure_promethee_score,20
26,test,600519.SH,贵州茅台,-6.76333340883127,1.0,1,0.05,pure_promethee_score_top20,pure_promethee_score,20
26,test,000568.SZ,泸州老窖,-0.759066023169841,0.9992977528089888,2,0.05,pure_promethee_score_top20,pure_promethee_score,20
26,test,600436.SH,片仔癀,-23.2665056540643,0.9985955056179775,3,0.05,pure_promethee_score_top20,pure_promethee_score,20
26,test,002466.SZ,天齐锂业,-18.2410423452769,0.9978932584269663,4,0.05,pure_promethee_score_top20,pure_promethee_score,20
26,test,600809.SH,山西汾酒,-4.13053111350257,0.9971910112359551,5,0.05,pure_promethee_score_top20,pure_promethee_score,20
26,test,600276.SH,恒瑞医药,-0.796897651005557,0.9964887640449438,6,0.05,pure_promethee_score_top20,pure_promethee_score,20
26,test,000858.SZ,五粮液,-11.859375,0.9957865168539326,7,0.05,pure_promethee_score_top20,pure_promethee_score,20
26,test,002304.SZ,洋河股份,-11.6973757677275,0.9950842696629213,8,0.05,pure_promethee_score_top20,pure_promethee_score,20
26,test,002460.SZ,赣锋锂业,-26.6685642538095,0.9943820224719101,9,0.05,pure_promethee_score_top20,pure_promethee_score,20
26,test,000792.SZ,盐湖股份,-20.133779264214,0.9936797752808989,10,0.05,pure_promethee_score_top20,pure_promethee_score,20
26,test,002371.SZ,北方华创,2.03571665131286,0.9929775280898876,11,0.05,pure_promethee_score_top20,pure_promethee_score,20
26,test,603288.SH,海天味业,-4.25433526011562,0.9922752808988764,12,0.05,pure_promethee_score_top20,pure_promethee_score,20
26,test,300124.SZ,汇川技术,-11.9699984693097,0.9915730337078652,13,0.05,pure_promethee_score_top20,pure_promethee_score,20
26,test,002415.SZ,海康威视,-15.9668508287293,0.9908707865168539,14,0.05,pure_promethee_score_top20,pure_promethee_score,20
26,test,300122.SZ,智飞生物,-20.6333310938931,0.9901685393258427,15,0.05,pure_promethee_score_top20,pure_promethee_score,20
26,test,300014.SZ,亿纬锂能,-13.1683197670993,0.9894662921348315,16,0.05,pure_promethee_score_top20,pure_promethee_score,20
26,test,002049.SZ,紫光国微,6.93149432617117,0.9887640449438202,17,0.05,pure_promethee_score_top20,pure_promethee_score,20
26,test,300274.SZ,阳光电源,20.1085776330076,0.988061797752809,18,0.05,pure_promethee_score_top20,pure_promethee_score,20
26,test,600438.SH,通威股份,-17.5127349376427,0.9873595505617978,19,0.05,pure_promethee_score_top20,pure_promethee_score,20
26,test,600585.SH,海螺水泥,-16.8782458165032,0.9866573033707865,20,0.05,pure_promethee_score_top20,pure_promethee_score,20
27,test,600519.SH,贵州茅台,-6.98555126426281,1.0,1,0.05,pure_promethee_score_top20,pure_promethee_score,20
27,test,600436.SH,片仔癀,8.40285606914692,0.9992977528089888,2,0.05,pure_promethee_score_top20,pure_promethee_score,20
27,test,000568.SZ,泸州老窖,-2.90909090909092,0.9985955056179775,3,0.05,pure_promethee_score_top20,pure_promethee_score,20
27,test,600809.SH,山西汾酒,-6.33955567240698,0.9978932584269663,4,0.05,pure_promethee_score_top20,pure_promethee_score,20
27,test,600276.SH,恒瑞医药,10.1801544180726,0.9971910112359551,5,0.05,pure_promethee_score_top20,pure_promethee_score,20
27,test,002371.SZ,北方华创,-22.7842895332099,0.9964887640449438,6,0.05,pure_promethee_score_top20,pure_promethee_score,20
27,test,603288.SH,海天味业,-5.23809523809525,0.9957865168539326,7,0.05,pure_promethee_score_top20,pure_promethee_score,20
27,test,002466.SZ,天齐锂业,-24.1283258092402,0.9950842696629213,8,0.05,pure_promethee_score_top20,pure_promethee_score,20
27,test,000858.SZ,五粮液,7.22805768203669,0.9943820224719101,9,0.05,pure_promethee_score_top20,pure_promethee_score,20
27,test,002049.SZ,紫光国微,-8.36924787988323,0.9936797752808989,10,0.05,pure_promethee_score_top20,pure_promethee_score,20
27,test,002304.SZ,洋河股份,0.671140939597303,0.9929775280898876,11,0.05,pure_promethee_score_top20,pure_promethee_score,20
27,test,300124.SZ,汇川技术,20.6597222222222,0.9922752808988764,12,0.05,pure_promethee_score_top20,pure_promethee_score,20
27,test,000596.SZ,古井贡酒,-2.92780505546464,0.9915730337078652,13,0.05,pure_promethee_score_top20,pure_promethee_score,20
27,test,000792.SZ,盐湖股份,-4.94344365312108,0.9908707865168539,14,0.05,pure_promethee_score_top20,pure_promethee_score,20
27,test,300274.SZ,阳光电源,-1.4977973568282,0.9901685393258427,15,0.05,pure_promethee_score_top20,pure_promethee_score,20
27,test,300014.SZ,亿纬锂能,0.825877494838267,0.9894662921348315,16,0.05,pure_promethee_score_top20,pure_promethee_score,20
27,test,601012.SH,隆基绿能,-15.6150159744409,0.9887640449438202,17,0.05,pure_promethee_score_top20,pure_promethee_score,20
27,test,002415.SZ,海康威视,14.0414337389017,0.988061797752809,18,0.05,pure_promethee_score_top20,pure_promethee_score,20
27,test,600438.SH,通威股份,-19.591496456857,0.9873595505617978,19,0.05,pure_promethee_score_top20,pure_promethee_score,20
27,test,002459.SZ,晶澳科技,-9.70698722764838,0.9866573033707865,20,0.05,pure_promethee_score_top20,pure_promethee_score,20
28,test,600276.SH,恒瑞医药,11.1341811575396,1.0,1,0.05,pure_promethee_score_top20,pure_promethee_score,20
28,test,002304.SZ,洋河股份,3.09034267912773,0.9992977528089888,2,0.05,pure_promethee_score_top20,pure_promethee_score,20
28,test,000568.SZ,泸州老窖,13.6035313001605,0.9985955056179775,3,0.05,pure_promethee_score_top20,pure_promethee_score,20
28,test,000858.SZ,五粮液,9.02650949139412,0.9978932584269663,4,0.05,pure_promethee_score_top20,pure_promethee_score,20
28,test,600809.SH,山西汾酒,-4.41769886662691,0.9971910112359551,5,0.05,pure_promethee_score_top20,pure_promethee_score,20
28,test,600519.SH,贵州茅台,5.38506079907355,0.9964887640449438,6,0.05,pure_promethee_score_top20,pure_promethee_score,20
28,test,002415.SZ,海康威视,23.0103806228374,0.9957865168539326,7,0.05,pure_promethee_score_top20,pure_promethee_score,20
28,test,600436.SH,片仔癀,-1.41440754350689,0.9950842696629213,8,0.05,pure_promethee_score_top20,pure_promethee_score,20
28,test,600690.SH,海尔智家,-7.27718724448079,0.9943820224719101,9,0.05,pure_promethee_score_top20,pure_promethee_score,20
28,test,000792.SZ,盐湖股份,-1.45438519171441,0.9936797752808989,10,0.05,pure_promethee_score_top20,pure_promethee_score,20
28,test,600887.SH,伊利股份,-6.06451612903224,0.9929775280898876,11,0.05,pure_promethee_score_top20,pure_promethee_score,20
28,test,000651.SZ,格力电器,16.9042840531757,0.9922752808988764,12,0.05,pure_promethee_score_top20,pure_promethee_score,20
28,test,300124.SZ,汇川技术,1.15107913669064,0.9915730337078652,13,0.05,pure_promethee_score_top20,pure_promethee_score,20
28,test,600438.SH,通威股份,0.85536547433902,0.9908707865168539,14,0.05,pure_promethee_score_top20,pure_promethee_score,20
28,test,000725.SZ,京东方A,31.3609467455622,0.9901685393258427,15,0.05,pure_promethee_score_top20,pure_promethee_score,20
28,test,600031.SH,三一重工,8.16455696202529,0.9894662921348315,16,0.05,pure_promethee_score_top20,pure_promethee_score,20
28,test,000596.SZ,古井贡酒,10.9029599100787,0.9887640449438202,17,0.05,pure_promethee_score_top20,pure_promethee_score,20
28,test,000333.SZ,美的集团,3.88030888030888,0.988061797752809,18,0.05,pure_promethee_score_top20,pure_promethee_score,20
28,test,601633.SH,长城汽车,-5.70560432140446,0.9873595505617978,19,0.05,pure_promethee_score_top20,pure_promethee_score,20
28,test,300274.SZ,阳光电源,-6.20751341681574,0.9866573033707865,20,0.05,pure_promethee_score_top20,pure_promethee_score,20
29,test,600809.SH,山西汾酒,-31.3340433623405,1.0,1,0.05,pure_promethee_score_top20,pure_promethee_score,20
29,test,000568.SZ,泸州老窖,-17.3554696742645,0.9992977528089888,2,0.05,pure_promethee_score_top20,pure_promethee_score,20
29,test,600519.SH,贵州茅台,-4.08049868791905,0.9985955056179775,3,0.05,pure_promethee_score_top20,pure_promethee_score,20
29,test,600436.SH,片仔癀,1.72646536412078,0.9978932584269663,4,0.05,pure_promethee_score_top20,pure_promethee_score,20
29,test,600276.SH,恒瑞医药,11.3740365777554,0.9971910112359551,5,0.05,pure_promethee_score_top20,pure_promethee_score,20
29,test,000858.SZ,五粮液,-14.2943410513453,0.9964887640449438,6,0.05,pure_promethee_score_top20,pure_promethee_score,20
29,test,603288.SH,海天味业,-24.0156299099651,0.9957865168539326,7,0.05,pure_promethee_score_top20,pure_promethee_score,20
29,test,000596.SZ,古井贡酒,-12.2330234868374,0.9950842696629213,8,0.05,pure_promethee_score_top20,pure_promethee_score,20
29,test,002304.SZ,洋河股份,-20.3438522924149,0.9943820224719101,9,0.05,pure_promethee_score_top20,pure_promethee_score,20
29,test,300124.SZ,汇川技术,-7.38451059256517,0.9936797752808989,10,0.05,pure_promethee_score_top20,pure_promethee_score,20
29,test,002415.SZ,海康威视,-21.0854404211959,0.9929775280898876,11,0.05,pure_promethee_score_top20,pure_promethee_score,20
29,test,002371.SZ,北方华创,16.8389303711333,0.9922752808988764,12,0.05,pure_promethee_score_top20,pure_promethee_score,20
29,test,300274.SZ,阳光电源,11.71382108246,0.9915730337078652,13,0.05,pure_promethee_score_top20,pure_promethee_score,20
29,test,600438.SH,通威股份,-3.9415657309497,0.9908707865168539,14,0.05,pure_promethee_score_top20,pure_promethee_score,20
29,test,000792.SZ,盐湖股份,-14.1129032258064,0.9901685393258427,15,0.05,pure_promethee_score_top20,pure_promethee_score,20
29,test,300122.SZ,智飞生物,-19.4214340371574,0.9894662921348315,16,0.05,pure_promethee_score_top20,pure_promethee_score,20
29,test,002594.SZ,比亚迪,4.2672587807832,0.9887640449438202,17,0.05,pure_promethee_score_top20,pure_promethee_score,20
29,test,600887.SH,伊利股份,2.23308064445511,0.988061797752809,18,0.05,pure_promethee_score_top20,pure_promethee_score,20
29,test,601012.SH,隆基绿能,-27.398607805474,0.9873595505617978,19,0.05,pure_promethee_score_top20,pure_promethee_score,20
29,test,002475.SZ,立讯精密,7.94028482666009,0.9866573033707865,20,0.05,pure_promethee_score_top20,pure_promethee_score,20
30,test,600150.SH,中国船舶,-14.3880811884086,1.0,1,0.05,pure_promethee_score_top20,pure_promethee_score,20
30,test,000725.SZ,京东方A,-2.52525252525252,0.9992977528089888,2,0.05,pure_promethee_score_top20,pure_promethee_score,20
30,test,600104.SH,上汽集团,7.03292914052538,0.9985955056179775,3,0.05,pure_promethee_score_top20,pure_promethee_score,20
30,test,601766.SH,中国中车,-8.05779612245919,0.9978932584269663,4,0.05,pure_promethee_score_top20,pure_promethee_score,20
30,test,600309.SH,万华化学,0.477815699658679,0.9971910112359551,5,0.05,pure_promethee_score_top20,pure_promethee_score,20
30,test,000651.SZ,格力电器,1.34204926819697,0.9964887640449438,6,0.05,pure_promethee_score_top20,pure_promethee_score,20
30,test,601633.SH,长城汽车,3.38190489236978,0.9957865168539326,7,0.05,pure_promethee_score_top20,pure_promethee_score,20
30,test,002129.SZ,TCL中环,-27.7279752704791,0.9950842696629213,8,0.05,pure_promethee_score_top20,pure_promethee_score,20
30,test,002594.SZ,比亚迪,-7.0254690815685,0.9943820224719101,9,0.05,pure_promethee_score_top20,pure_promethee_score,20
30,test,600031.SH,三一重工,-3.16879951249238,0.9936797752808989,10,0.05,pure_promethee_score_top20,pure_promethee_score,20
30,test,601012.SH,隆基绿能,-5.4419410745234,0.9929775280898876,11,0.05,pure_promethee_score_top20,pure_promethee_score,20
30,test,002459.SZ,晶澳科技,-38.6129109671226,0.9922752808988764,12,0.05,pure_promethee_score_top20,pure_promethee_score,20
30,test,002475.SZ,立讯精密,-7.9913606911447,0.9915730337078652,13,0.05,pure_promethee_score_top20,pure_promethee_score,20
30,test,000333.SZ,美的集团,-6.1887047683463,0.9908707865168539,14,0.05,pure_promethee_score_top20,pure_promethee_score,20
30,test,600887.SH,伊利股份,-6.02196245129294,0.9901685393258427,15,0.05,pure_promethee_score_top20,pure_promethee_score,20
30,test,300274.SZ,阳光电源,-22.8694528220594,0.9894662921348315,16,0.05,pure_promethee_score_top20,pure_promethee_score,20
30,test,600438.SH,通威股份,-5.25697503671071,0.9887640449438202,17,0.05,pure_promethee_score_top20,pure_promethee_score,20
30,test,600690.SH,海尔智家,2.75678871631648,0.988061797752809,18,0.05,pure_promethee_score_top20,pure_promethee_score,20
30,test,300124.SZ,汇川技术,3.89062499999999,0.9873595505617978,19,0.05,pure_promethee_score_top20,pure_promethee_score,20
30,test,000063.SZ,中兴通讯,-27.6671093404161,0.9866573033707865,20,0.05,pure_promethee_score_top20,pure_promethee_score,20
13,train,600421.SH,华嵘控股,-29.1139240506329,1.0,1,0.03333333333333333,pure_promethee_score_top30,pure_promethee_score,30
13,train,600234.SH,*ST科新,-9.20398009950247,0.9992977528089888,2,0.03333333333333333,pure_promethee_score_top30,pure_promethee_score,30
13,train,002248.SZ,华东数控,-7.32177263969174,0.9985955056179775,3,0.03333333333333333,pure_promethee_score_top30,pure_promethee_score,30
13,train,600610.SH,中毅达,-21.256038647343,0.9978932584269663,4,0.03333333333333333,pure_promethee_score_top30,pure_promethee_score,30
13,train,600800.SH,渤海化学,-24.5635910224439,0.9971910112359551,5,0.03333333333333333,pure_promethee_score_top30,pure_promethee_score,30
13,train,000017.SZ,深中华A,-16.9144981412639,0.9964887640449438,6,0.03333333333333333,pure_promethee_score_top30,pure_promethee_score,30
13,train,600678.SH,四川金顶,-16.0283687943262,0.9957865168539326,7,0.03333333333333333,pure_promethee_score_top30,pure_promethee_score,30
13,train,600319.SH,亚星化学,-16.5261382799325,0.9950842696629213,8,0.03333333333333333,pure_promethee_score_top30,pure_promethee_score,30
13,train,000422.SZ,湖北宜化,-28.4090909090909,0.9943820224719101,9,0.03333333333333333,pure_promethee_score_top30,pure_promethee_score,30
13,train,300122.SZ,智飞生物,-14.6393882517423,0.9936797752808989,10,0.03333333333333333,pure_promethee_score_top30,pure_promethee_score,30
13,train,000691.SZ,亚太实业,-21.7898832684825,0.9929775280898876,11,0.03333333333333333,pure_promethee_score_top30,pure_promethee_score,30
13,train,000633.SZ,合金投资,-13.8225255972696,0.9922752808988764,12,0.03333333333333333,pure_promethee_score_top30,pure_promethee_score,30
13,train,000670.SZ,盈方微,-61.4864864864865,0.9915730337078652,13,0.03333333333333333,pure_promethee_score_top30,pure_promethee_score,30
13,train,600276.SH,恒瑞医药,0.886579027820233,0.9908707865168539,14,0.03333333333333333,pure_promethee_score_top30,pure_promethee_score,30
13,train,603288.SH,海天味业,22.463346837386,0.9901685393258427,15,0.03333333333333333,pure_promethee_score_top30,pure_promethee_score,30
13,train,300176.SZ,派生科技,-72.0,0.9894662921348315,16,0.03333333333333333,pure_promethee_score_top30,pure_promethee_score,30
13,train,600817.SH,宇通重工,-4.99999999999999,0.9887640449438202,17,0.03333333333333333,pure_promethee_score_top30,pure_promethee_score,30
13,train,000622.SZ,*ST恒立,-17.9216867469879,0.988061797752809,18,0.03333333333333333,pure_promethee_score_top30,pure_promethee_score,30
13,train,300111.SZ,向日葵,-7.77385159010601,0.9873595505617978,19,0.03333333333333333,pure_promethee_score_top30,pure_promethee_score,30
13,train,300357.SZ,我武生物,28.7125508458193,0.9866573033707865,20,0.03333333333333333,pure_promethee_score_top30,pure_promethee_score,30
13,train,600132.SH,重庆啤酒,35.8971891051752,0.9859550561797753,21,0.03333333333333333,pure_promethee_score_top30,pure_promethee_score,30
13,train,000677.SZ,恒天海龙,-27.2727272727273,0.985252808988764,22,0.03333333333333333,pure_promethee_score_top30,pure_promethee_score,30
13,train,600764.SH,中国海防,-17.6366322008863,0.9845505617977528,23,0.03333333333333333,pure_promethee_score_top30,pure_promethee_score,30
13,train,600436.SH,片仔癀,0.786474623025235,0.9838483146067416,24,0.03333333333333333,pure_promethee_score_top30,pure_promethee_score,30
13,train,600779.SH,水井坊,13.2100690576966,0.9831460674157303,25,0.03333333333333333,pure_promethee_score_top30,pure_promethee_score,30
13,train,000403.SZ,派林生物,-6.64335664335665,0.9824438202247191,26,0.03333333333333333,pure_promethee_score_top30,pure_promethee_score,30
13,train,000856.SZ,冀东装备,-33.2280147446024,0.9817415730337079,27,0.03333333333333333,pure_promethee_score_top30,pure_promethee_score,30
13,train,300116.SZ,*ST保力(退市),-11.3989637305699,0.9810393258426966,28,0.03333333333333333,pure_promethee_score_top30,pure_promethee_score,30
13,train,600725.SH,云维股份,10.2112676056338,0.9803370786516854,29,0.03333333333333333,pure_promethee_score_top30,pure_promethee_score,30
13,train,600776.SH,东方通信,-18.4238551650692,0.9796348314606742,30,0.03333333333333333,pure_promethee_score_top30,pure_promethee_score,30
14,train,600421.SH,华嵘控股,-24.5039682539683,1.0,1,0.03333333333333333,pure_promethee_score_top30,pure_promethee_score,30
14,train,002248.SZ,华东数控,-19.1268191268191,0.9992977528089888,2,0.03333333333333333,pure_promethee_score_top30,pure_promethee_score,30
14,train,600883.SH,博闻科技,-8.53146853146852,0.9985955056179775,3,0.03333333333333333,pure_promethee_score_top30,pure_promethee_score,30
14,train,600800.SH,渤海化学,-10.2479338842975,0.9978932584269663,4,0.03333333333333333,pure_promethee_score_top30,pure_promethee_score,30
14,train,000820.SZ,神雾节能,-33.7552742616034,0.9971910112359551,5,0.03333333333333333,pure_promethee_score_top30,pure_promethee_score,30
14,train,000691.SZ,亚太实业,-4.97512437810944,0.9964887640449438,6,0.03333333333333333,pure_promethee_score_top30,pure_promethee_score,30
14,train,300142.SZ,沃森生物,-4.72385767353223,0.9957865168539326,7,0.03333333333333333,pure_promethee_score_top30,pure_promethee_score,30
14,train,002625.SZ,光启技术,-3.55220667384283,0.9950842696629213,8,0.03333333333333333,pure_promethee_score_top30,pure_promethee_score,30
14,train,002575.SZ,群兴玩具,7.10227272727273,0.9943820224719101,9,0.03333333333333333,pure_promethee_score_top30,pure_promethee_score,30
14,train,600610.SH,中毅达,0.0,0.9936797752808989,10,0.03333333333333333,pure_promethee_score_top30,pure_promethee_score,30
14,train,600345.SH,长江通信,-13.9422435645043,0.9929775280898876,11,0.03333333333333333,pure_promethee_score_top30,pure_promethee_score,30
14,train,300357.SZ,我武生物,21.6981132075472,0.9922752808988764,12,0.03333333333333333,pure_promethee_score_top30,pure_promethee_score,30
14,train,600191.SH,华资实业,-5.44464609800363,0.9915730337078652,13,0.03333333333333333,pure_promethee_score_top30,pure_promethee_score,30
14,train,600817.SH,宇通重工,-10.1591187270502,0.9908707865168539,14,0.03333333333333333,pure_promethee_score_top30,pure_promethee_score,30
14,train,300125.SZ,ST聆达,0.207325501036615,0.9901685393258427,15,0.03333333333333333,pure_promethee_score_top30,pure_promethee_score,30
14,train,600764.SH,中国海防,2.69010043041609,0.9894662921348315,16,0.03333333333333333,pure_promethee_score_top30,pure_promethee_score,30
14,train,000670.SZ,盈方微,3.94736842105263,0.9887640449438202,17,0.03333333333333333,pure_promethee_score_top30,pure_promethee_score,30
14,train,000017.SZ,深中华A,6.71140939597314,0.988061797752809,18,0.03333333333333333,pure_promethee_score_top30,pure_promethee_score,30
14,train,300345.SZ,华民股份,13.941018766756,0.9873595505617978,19,0.03333333333333333,pure_promethee_score_top30,pure_promethee_score,30
14,train,300076.SZ,GQY视讯,-0.184501845018448,0.9866573033707865,20,0.03333333333333333,pure_promethee_score_top30,pure_promethee_score,30
14,train,600615.SH,丰华股份,19.8047419804742,0.9859550561797753,21,0.03333333333333333,pure_promethee_score_top30,pure_promethee_score,30
14,train,000633.SZ,合金投资,-18.4158415841584,0.985252808988764,22,0.03333333333333333,pure_promethee_score_top30,pure_promethee_score,30
14,train,603288.SH,海天味业,4.67619047619048,0.9845505617977528,23,0.03333333333333333,pure_promethee_score_top30,pure_promethee_score,30
14,train,002199.SZ,东晶电子,-7.52908966461328,0.9838483146067416,24,0.03333333333333333,pure_promethee_score_top30,pure_promethee_score,30
14,train,600460.SH,士兰微,-8.49555541746567,0.9831460674157303,25,0.03333333333333333,pure_promethee_score_top30,pure_promethee_score,30
14,train,600234.SH,*ST科新,14.1095890410959,0.9824438202247191,26,0.03333333333333333,pure_promethee_score_top30,pure_promethee_score,30
14,train,002387.SZ,维信诺,30.0383141762452,0.9817415730337079,27,0.03333333333333333,pure_promethee_score_top30,pure_promethee_score,30
14,train,002058.SZ,威尔泰,4.66473124477855,0.9810393258426966,28,0.03333333333333333,pure_promethee_score_top30,pure_promethee_score,30
14,train,300139.SZ,晓程科技,-21.9424460431655,0.9803370786516854,29,0.03333333333333333,pure_promethee_score_top30,pure_promethee_score,30
14,train,002167.SZ,东方锆业,-13.2176234979973,0.9796348314606742,30,0.03333333333333333,pure_promethee_score_top30,pure_promethee_score,30
15,train,000670.SZ,盈方微,-8.58369098712447,1.0,1,0.03333333333333333,pure_promethee_score_top30,pure_promethee_score,30
15,train,000017.SZ,深中华A,-7.18685831622178,0.9992977528089888,2,0.03333333333333333,pure_promethee_score_top30,pure_promethee_score,30
15,train,300357.SZ,我武生物,14.3782383419689,0.9985955056179775,3,0.03333333333333333,pure_promethee_score_top30,pure_promethee_score,30
15,train,000820.SZ,神雾节能,7.00636942675157,0.9978932584269663,4,0.03333333333333333,pure_promethee_score_top30,pure_promethee_score,30
15,train,600800.SH,渤海化学,-0.180180180180178,0.9971910112359551,5,0.03333333333333333,pure_promethee_score_top30,pure_promethee_score,30
15,train,002248.SZ,华东数控,1.66666666666668,0.9964887640449438,6,0.03333333333333333,pure_promethee_score_top30,pure_promethee_score,30
15,train,000691.SZ,亚太实业,6.08465608465609,0.9957865168539326,7,0.03333333333333333,pure_promethee_score_top30,pure_promethee_score,30
15,train,300142.SZ,沃森生物,17.8350889938249,0.9950842696629213,8,0.03333333333333333,pure_promethee_score_top30,pure_promethee_score,30
15,train,600883.SH,博闻科技,12.1879588839941,0.9943820224719101,9,0.03333333333333333,pure_promethee_score_top30,pure_promethee_score,30
15,train,300345.SZ,华民股份,-7.74731823599524,0.9936797752808989,10,0.03333333333333333,pure_promethee_score_top30,pure_promethee_score,30
15,train,600764.SH,中国海防,-3.03236797274276,0.9929775280898876,11,0.03333333333333333,pure_promethee_score_top30,pure_promethee_score,30
15,train,002575.SZ,群兴玩具,-5.89022757697457,0.9922752808988764,12,0.03333333333333333,pure_promethee_score_top30,pure_promethee_score,30
15,train,002625.SZ,光启技术,3.27313769751694,0.9915730337078652,13,0.03333333333333333,pure_promethee_score_top30,pure_promethee_score,30
15,train,300125.SZ,ST聆达,14.8548278190412,0.9908707865168539,14,0.03333333333333333,pure_promethee_score_top30,pure_promethee_score,30
15,train,600732.SH,爱旭股份,-2.86783042394015,0.9901685393258427,15,0.03333333333333333,pure_promethee_score_top30,pure_promethee_score,30
15,train,300223.SZ,北京君正,69.9492979719189,0.9894662921348315,16,0.03333333333333333,pure_promethee_score_top30,pure_promethee_score,30
15,train,600234.SH,*ST科新,10.1466992665037,0.9887640449438202,17,0.03333333333333333,pure_promethee_score_top30,pure_promethee_score,30
15,train,600421.SH,华嵘控股,12.551724137931,0.988061797752809,18,0.03333333333333333,pure_promethee_score_top30,pure_promethee_score,30
15,train,603288.SH,海天味业,-1.63769441903018,0.9873595505617978,19,0.03333333333333333,pure_promethee_score_top30,pure_promethee_score,30
15,train,600817.SH,宇通重工,-0.410958904109582,0.9866573033707865,20,0.03333333333333333,pure_promethee_score_top30,pure_promethee_score,30
15,train,300111.SZ,向日葵,-2.09205020920504,0.9859550561797753,21,0.03333333333333333,pure_promethee_score_top30,pure_promethee_score,30
15,train,600276.SH,恒瑞医药,7.98272671190623,0.985252808988764,22,0.03333333333333333,pure_promethee_score_top30,pure_promethee_score,30
15,train,002058.SZ,威尔泰,54.3835616438356,0.9845505617977528,23,0.03333333333333333,pure_promethee_score_top30,pure_promethee_score,30
15,train,600345.SH,长江通信,-4.32753500212134,0.9838483146067416,24,0.03333333333333333,pure_promethee_score_top30,pure_promethee_score,30
15,train,002199.SZ,东晶电子,-28.9008455034589,0.9831460674157303,25,0.03333333333333333,pure_promethee_score_top30,pure_promethee_score,30
15,train,600615.SH,丰华股份,21.443736730361,0.9824438202247191,26,0.03333333333333333,pure_promethee_score_top30,pure_promethee_score,30
15,train,000422.SZ,湖北宜化,2.11267605633803,0.9817415730337079,27,0.03333333333333333,pure_promethee_score_top30,pure_promethee_score,30
15,train,600877.SH,电科芯片,-6.29032258064517,0.9810393258426966,28,0.03333333333333333,pure_promethee_score_top30,pure_promethee_score,30
15,train,600319.SH,亚星化学,-3.34029227557412,0.9803370786516854,29,0.03333333333333333,pure_promethee_score_top30,pure_promethee_score,30
15,train,300139.SZ,晓程科技,-1.58550396375992,0.9796348314606742,30,0.03333333333333333,pure_promethee_score_top30,pure_promethee_score,30
16,train,300357.SZ,我武生物,3.28932128793142,1.0,1,0.03333333333333333,pure_promethee_score_top30,pure_promethee_score,30
16,train,000820.SZ,神雾节能,-27.2189349112426,0.9992977528089888,2,0.03333333333333333,pure_promethee_score_top30,pure_promethee_score,30
16,train,600276.SH,恒瑞医药,7.6374269005848,0.9985955056179775,3,0.03333333333333333,pure_promethee_score_top30,pure_promethee_score,30
16,train,600779.SH,水井坊,-18.3576711549403,0.9978932584269663,4,0.03333333333333333,pure_promethee_score_top30,pure_promethee_score,30
16,train,600877.SH,电科芯片,20.7547169811321,0.9971910112359551,5,0.03333333333333333,pure_promethee_score_top30,pure_promethee_score,30
16,train,600678.SH,四川金顶,-8.73239436619717,0.9964887640449438,6,0.03333333333333333,pure_promethee_score_top30,pure_promethee_score,30
16,train,600234.SH,*ST科新,2.78396436525614,0.9957865168539326,7,0.03333333333333333,pure_promethee_score_top30,pure_promethee_score,30
16,train,603288.SH,海天味业,16.4263789414938,0.9950842696629213,8,0.03333333333333333,pure_promethee_score_top30,pure_promethee_score,30
16,train,600132.SH,重庆啤酒,-12.8828483920368,0.9943820224719101,9,0.03333333333333333,pure_promethee_score_top30,pure_promethee_score,30
16,train,600519.SH,贵州茅台,-6.30797773654916,0.9936797752808989,10,0.03333333333333333,pure_promethee_score_top30,pure_promethee_score,30
16,train,300142.SZ,沃森生物,-0.157678965625996,0.9929775280898876,11,0.03333333333333333,pure_promethee_score_top30,pure_promethee_score,30
16,train,600319.SH,亚星化学,13.8228941684665,0.9922752808988764,12,0.03333333333333333,pure_promethee_score_top30,pure_promethee_score,30
16,train,600696.SH,岩石股份,-4.20560747663552,0.9915730337078652,13,0.03333333333333333,pure_promethee_score_top30,pure_promethee_score,30
16,train,600800.SH,渤海化学,-5.79710144927534,0.9908707865168539,14,0.03333333333333333,pure_promethee_score_top30,pure_promethee_score,30
16,train,000017.SZ,深中华A,-20.9354120267261,0.9901685393258427,15,0.03333333333333333,pure_promethee_score_top30,pure_promethee_score,30
16,train,600809.SH,山西汾酒,-0.0443360673908155,0.9894662921348315,16,0.03333333333333333,pure_promethee_score_top30,pure_promethee_score,30
16,train,000422.SZ,湖北宜化,-8.68055555555556,0.9887640449438202,17,0.03333333333333333,pure_promethee_score_top30,pure_promethee_score,30
16,train,000596.SZ,古井贡酒,-15.1274240285311,0.988061797752809,18,0.03333333333333333,pure_promethee_score_top30,pure_promethee_score,30
16,train,300122.SZ,智飞生物,39.3218937357867,0.9873595505617978,19,0.03333333333333333,pure_promethee_score_top30,pure_promethee_score,30
16,train,002653.SZ,海思科,-1.05000000000001,0.9866573033707865,20,0.03333333333333333,pure_promethee_score_top30,pure_promethee_score,30
16,train,002058.SZ,威尔泰,-20.8636363636364,0.9859550561797753,21,0.03333333333333333,pure_promethee_score_top30,pure_promethee_score,30
16,train,002248.SZ,华东数控,9.80891719745223,0.985252808988764,22,0.03333333333333333,pure_promethee_score_top30,pure_promethee_score,30
16,train,000661.SZ,长春高新,25.7197916905641,0.9845505617977528,23,0.03333333333333333,pure_promethee_score_top30,pure_promethee_score,30
16,train,002690.SZ,美亚光电,-2.93360782295419,0.9838483146067416,24,0.03333333333333333,pure_promethee_score_top30,pure_promethee_score,30
16,train,000403.SZ,派林生物,19.8089171974522,0.9831460674157303,25,0.03333333333333333,pure_promethee_score_top30,pure_promethee_score,30
16,train,300223.SZ,北京君正,1.26238791882962,0.9824438202247191,26,0.03333333333333333,pure_promethee_score_top30,pure_promethee_score,30
16,train,300003.SZ,乐普医疗,13.3646322378717,0.9817415730337079,27,0.03333333333333333,pure_promethee_score_top30,pure_promethee_score,30
16,train,000568.SZ,泸州老窖,-14.0907500291613,0.9810393258426966,28,0.03333333333333333,pure_promethee_score_top30,pure_promethee_score,30
16,train,000858.SZ,五粮液,-13.2660743863876,0.9803370786516854,29,0.03333333333333333,pure_promethee_score_top30,pure_promethee_score,30
16,train,300009.SZ,安科生物,-7.25806451612903,0.9796348314606742,30,0.03333333333333333,pure_promethee_score_top30,pure_promethee_score,30
17,train,603288.SH,海天味业,30.7746283364851,1.0,1,0.03333333333333333,pure_promethee_score_top30,pure_promethee_score,30
17,train,600276.SH,恒瑞医药,22.1520647457205,0.9992977528089888,2,0.03333333333333333,pure_promethee_score_top30,pure_promethee_score,30
17,train,300122.SZ,智飞生物,48.9440809042237,0.9985955056179775,3,0.03333333333333333,pure_promethee_score_top30,pure_promethee_score,30
17,train,600519.SH,贵州茅台,37.6069780692297,0.9978932584269663,4,0.03333333333333333,pure_promethee_score_top30,pure_promethee_score,30
17,train,000661.SZ,长春高新,64.2104612003888,0.9971910112359551,5,0.03333333333333333,pure_promethee_score_top30,pure_promethee_score,30
17,train,000858.SZ,五粮液,49.7490449325323,0.9964887640449438,6,0.03333333333333333,pure_promethee_score_top30,pure_promethee_score,30
17,train,002475.SZ,立讯精密,80.5805782505585,0.9957865168539326,7,0.03333333333333333,pure_promethee_score_top30,pure_promethee_score,30
17,train,600887.SH,伊利股份,11.4599443005144,0.9950842696629213,8,0.03333333333333333,pure_promethee_score_top30,pure_promethee_score,30
17,train,002415.SZ,海康威视,9.56581127264517,0.9943820224719101,9,0.03333333333333333,pure_promethee_score_top30,pure_promethee_score,30
17,train,000895.SZ,双汇发展,26.0670308433915,0.9936797752808989,10,0.03333333333333333,pure_promethee_score_top30,pure_promethee_score,30
17,train,000568.SZ,泸州老窖,22.3087248322148,0.9929775280898876,11,0.03333333333333333,pure_promethee_score_top30,pure_promethee_score,30
17,train,002304.SZ,洋河股份,25.9287378732962,0.9922752808988764,12,0.03333333333333333,pure_promethee_score_top30,pure_promethee_score,30
17,train,600809.SH,山西汾酒,61.6129484146831,0.9915730337078652,13,0.03333333333333333,pure_promethee_score_top30,pure_promethee_score,30
17,train,000063.SZ,中兴通讯,-7.51325190135975,0.9908707865168539,14,0.03333333333333333,pure_promethee_score_top30,pure_promethee_score,30
17,train,300357.SZ,我武生物,47.6331366989705,0.9901685393258427,15,0.03333333333333333,pure_promethee_score_top30,pure_promethee_score,30
17,train,600877.SH,电科芯片,-21.8967921896792,0.9894662921348315,16,0.03333333333333333,pure_promethee_score_top30,pure_promethee_score,30
17,train,000876.SZ,新希望,7.21224099149234,0.9887640449438202,17,0.03333333333333333,pure_promethee_score_top30,pure_promethee_score,30
17,train,600031.SH,三一重工,8.75362318840582,0.988061797752809,18,0.03333333333333333,pure_promethee_score_top30,pure_promethee_score,30
17,train,600436.SH,片仔癀,37.1334723260174,0.9873595505617978,19,0.03333333333333333,pure_promethee_score_top30,pure_promethee_score,30
17,train,000333.SZ,美的集团,24.177837361316,0.9866573033707865,20,0.03333333333333333,pure_promethee_score_top30,pure_promethee_score,30
17,train,000651.SZ,格力电器,9.75642718491438,0.9859550561797753,21,0.03333333333333333,pure_promethee_score_top30,pure_promethee_score,30
17,train,600585.SH,海螺水泥,-1.70580542629027,0.985252808988764,22,0.03333333333333333,pure_promethee_score_top30,pure_promethee_score,30
17,train,002007.SZ,华兰生物,40.1327621672145,0.9845505617977528,23,0.03333333333333333,pure_promethee_score_top30,pure_promethee_score,30
17,train,600309.SH,万华化学,24.6209369208309,0.9838483146067416,24,0.03333333333333333,pure_promethee_score_top30,pure_promethee_score,30
17,train,600678.SH,四川金顶,-20.1079622132254,0.9831460674157303,25,0.03333333333333333,pure_promethee_score_top30,pure_promethee_score,30
17,train,600234.SH,*ST科新,-6.55567117585847,0.9824438202247191,26,0.03333333333333333,pure_promethee_score_top30,pure_promethee_score,30
17,train,300111.SZ,向日葵,4.89795918367346,0.9817415730337079,27,0.03333333333333333,pure_promethee_score_top30,pure_promethee_score,30
17,train,600745.SH,闻泰科技,19.3160287987874,0.9810393258426966,28,0.03333333333333333,pure_promethee_score_top30,pure_promethee_score,30
17,train,300003.SZ,乐普医疗,-4.30578137355292,0.9803370786516854,29,0.03333333333333333,pure_promethee_score_top30,pure_promethee_score,30
17,train,601766.SH,中国中车,-15.4779969650986,0.9796348314606742,30,0.03333333333333333,pure_promethee_score_top30,pure_promethee_score,30
18,train,300122.SZ,智飞生物,41.6222364813503,1.0,1,0.03333333333333333,pure_promethee_score_top30,pure_promethee_score,30
18,train,603288.SH,海天味业,30.0441235459286,0.9992977528089888,2,0.03333333333333333,pure_promethee_score_top30,pure_promethee_score,30
18,train,000661.SZ,长春高新,-12.8207547169811,0.9985955056179775,3,0.03333333333333333,pure_promethee_score_top30,pure_promethee_score,30
18,train,600276.SH,恒瑞医药,-2.61303263580182,0.9978932584269663,4,0.03333333333333333,pure_promethee_score_top30,pure_promethee_score,30
18,train,002475.SZ,立讯精密,18.9464917759734,0.9971910112359551,5,0.03333333333333333,pure_promethee_score_top30,pure_promethee_score,30
18,train,600809.SH,山西汾酒,37.85212492175,0.9964887640449438,6,0.03333333333333333,pure_promethee_score_top30,pure_promethee_score,30
18,train,600519.SH,贵州茅台,14.0332292214848,0.9957865168539326,7,0.03333333333333333,pure_promethee_score_top30,pure_promethee_score,30
18,train,600436.SH,片仔癀,46.9323671497585,0.9950842696629213,8,0.03333333333333333,pure_promethee_score_top30,pure_promethee_score,30
18,train,000895.SZ,双汇发展,14.9153278332609,0.9943820224719101,9,0.03333333333333333,pure_promethee_score_top30,pure_promethee_score,30
18,train,600887.SH,伊利股份,24.6761658031088,0.9936797752808989,10,0.03333333333333333,pure_promethee_score_top30,pure_promethee_score,30
18,train,000858.SZ,五粮液,31.9402985074627,0.9929775280898876,11,0.03333333333333333,pure_promethee_score_top30,pure_promethee_score,30
18,train,300142.SZ,沃森生物,-3.50709559126892,0.9922752808988764,12,0.03333333333333333,pure_promethee_score_top30,pure_promethee_score,30
18,train,002007.SZ,华兰生物,14.0484290574345,0.9915730337078652,13,0.03333333333333333,pure_promethee_score_top30,pure_promethee_score,30
18,train,002415.SZ,海康威视,29.537729435758,0.9908707865168539,14,0.03333333333333333,pure_promethee_score_top30,pure_promethee_score,30
18,train,002371.SZ,北方华创,-4.31905678537056,0.9901685393258427,15,0.03333333333333333,pure_promethee_score_top30,pure_promethee_score,30
18,train,600132.SH,重庆啤酒,49.4207935128874,0.9894662921348315,16,0.03333333333333333,pure_promethee_score_top30,pure_promethee_score,30
18,train,600745.SH,闻泰科技,-5.56849796684929,0.9887640449438202,17,0.03333333333333333,pure_promethee_score_top30,pure_promethee_score,30
18,train,300357.SZ,我武生物,-6.30000000000001,0.988061797752809,18,0.03333333333333333,pure_promethee_score_top30,pure_promethee_score,30
18,train,000063.SZ,中兴通讯,-15.1148147632273,0.9873595505617978,19,0.03333333333333333,pure_promethee_score_top30,pure_promethee_score,30
18,train,000568.SZ,泸州老窖,59.9445298303896,0.9866573033707865,20,0.03333333333333333,pure_promethee_score_top30,pure_promethee_score,30
18,train,600309.SH,万华化学,40.9109394062627,0.9859550561797753,21,0.03333333333333333,pure_promethee_score_top30,pure_promethee_score,30
18,train,000403.SZ,派林生物,-15.8879592674894,0.985252808988764,22,0.03333333333333333,pure_promethee_score_top30,pure_promethee_score,30
18,train,601012.SH,隆基绿能,86.1290322580646,0.9845505617977528,23,0.03333333333333333,pure_promethee_score_top30,pure_promethee_score,30
18,train,300014.SZ,亿纬锂能,4.10094637223974,0.9838483146067416,24,0.03333333333333333,pure_promethee_score_top30,pure_promethee_score,30
18,train,000333.SZ,美的集团,21.1009174311926,0.9831460674157303,25,0.03333333333333333,pure_promethee_score_top30,pure_promethee_score,30
18,train,002304.SZ,洋河股份,19.6076555023923,0.9824438202247191,26,0.03333333333333333,pure_promethee_score_top30,pure_promethee_score,30
18,train,000876.SZ,新希望,-4.58146744746815,0.9817415730337079,27,0.03333333333333333,pure_promethee_score_top30,pure_promethee_score,30
18,train,600031.SH,三一重工,36.0292680869429,0.9810393258426966,28,0.03333333333333333,pure_promethee_score_top30,pure_promethee_score,30
18,train,000651.SZ,格力电器,-5.59688274884876,0.9803370786516854,29,0.03333333333333333,pure_promethee_score_top30,pure_promethee_score,30
18,train,600234.SH,*ST科新,0.559910414333697,0.9796348314606742,30,0.03333333333333333,pure_promethee_score_top30,pure_promethee_score,30
19,train,300122.SZ,智飞生物,9.56296296296295,1.0,1,0.03333333333333333,pure_promethee_score_top30,pure_promethee_score,30
19,train,603288.SH,海天味业,26.6675088428499,0.9992977528089888,2,0.03333333333333333,pure_promethee_score_top30,pure_promethee_score,30
19,train,600436.SH,片仔癀,13.4767116314584,0.9985955056179775,3,0.03333333333333333,pure_promethee_score_top30,pure_promethee_score,30
19,train,600809.SH,山西汾酒,90.8124872889974,0.9978932584269663,4,0.03333333333333333,pure_promethee_score_top30,pure_promethee_score,30
19,train,002475.SZ,立讯精密,-1.37082601054481,0.9971910112359551,5,0.03333333333333333,pure_promethee_score_top30,pure_promethee_score,30
19,train,600276.SH,恒瑞医药,23.9959951051285,0.9964887640449438,6,0.03333333333333333,pure_promethee_score_top30,pure_promethee_score,30
19,train,000661.SZ,长春高新,20.9380640642259,0.9957865168539326,7,0.03333333333333333,pure_promethee_score_top30,pure_promethee_score,30
19,train,600519.SH,贵州茅台,20.9223506627126,0.9950842696629213,8,0.03333333333333333,pure_promethee_score_top30,pure_promethee_score,30
19,train,000895.SZ,双汇发展,-7.96067823342804,0.9943820224719101,9,0.03333333333333333,pure_promethee_score_top30,pure_promethee_score,30
19,train,000858.SZ,五粮液,32.8220998498157,0.9936797752808989,10,0.03333333333333333,pure_promethee_score_top30,pure_promethee_score,30
19,train,000568.SZ,泸州老窖,57.0555555555556,0.9929775280898876,11,0.03333333333333333,pure_promethee_score_top30,pure_promethee_score,30
19,train,601012.SH,隆基绿能,23.1121141987737,0.9922752808988764,12,0.03333333333333333,pure_promethee_score_top30,pure_promethee_score,30
19,train,600887.SH,伊利股份,15.8788195351267,0.9915730337078652,13,0.03333333333333333,pure_promethee_score_top30,pure_promethee_score,30
19,train,002007.SZ,华兰生物,-23.8232642019838,0.9908707865168539,14,0.03333333333333333,pure_promethee_score_top30,pure_promethee_score,30
19,train,002415.SZ,海康威视,30.3681805966138,0.9901685393258427,15,0.03333333333333333,pure_promethee_score_top30,pure_promethee_score,30
19,train,002241.SZ,歌尔股份,-8.16929133858267,0.9894662921348315,16,0.03333333333333333,pure_promethee_score_top30,pure_promethee_score,30
19,train,601100.SH,恒立液压,57.7331099944165,0.9887640449438202,17,0.03333333333333333,pure_promethee_score_top30,pure_promethee_score,30
19,train,002594.SZ,比亚迪,80.0908332560942,0.988061797752809,18,0.03333333333333333,pure_promethee_score_top30,pure_promethee_score,30
19,train,600309.SH,万华化学,29.4284901905033,0.9873595505617978,19,0.03333333333333333,pure_promethee_score_top30,pure_promethee_score,30
19,train,000333.SZ,美的集团,35.8730158730159,0.9866573033707865,20,0.03333333333333333,pure_promethee_score_top30,pure_promethee_score,30
19,train,600132.SH,重庆啤酒,14.3145354981266,0.9859550561797753,21,0.03333333333333333,pure_promethee_score_top30,pure_promethee_score,30
19,train,002304.SZ,洋河股份,88.3850882094676,0.985252808988764,22,0.03333333333333333,pure_promethee_score_top30,pure_promethee_score,30
19,train,600745.SH,闻泰科技,-16.6105121293801,0.9845505617977528,23,0.03333333333333333,pure_promethee_score_top30,pure_promethee_score,30
19,train,600031.SH,三一重工,41.3904607922393,0.9838483146067416,24,0.03333333333333333,pure_promethee_score_top30,pure_promethee_score,30
19,train,000725.SZ,京东方A,19.5219123505976,0.9831460674157303,25,0.03333333333333333,pure_promethee_score_top30,pure_promethee_score,30
19,train,300124.SZ,汇川技术,65.7193605683836,0.9824438202247191,26,0.03333333333333333,pure_promethee_score_top30,pure_promethee_score,30
19,train,002493.SZ,荣盛石化,44.4793301936159,0.9817415730337079,27,0.03333333333333333,pure_promethee_score_top30,pure_promethee_score,30
19,train,600690.SH,海尔智家,31.6358720144209,0.9810393258426966,28,0.03333333333333333,pure_promethee_score_top30,pure_promethee_score,30
19,train,300014.SZ,亿纬锂能,62.5772990225414,0.9803370786516854,29,0.03333333333333333,pure_promethee_score_top30,pure_promethee_score,30
19,train,000538.SZ,云南白药,11.4162416633974,0.9796348314606742,30,0.03333333333333333,pure_promethee_score_top30,pure_promethee_score,30
20,train,600809.SH,山西汾酒,-8.5412773441794,1.0,1,0.03333333333333333,pure_promethee_score_top30,pure_promethee_score,30
20,train,603288.SH,海天味业,-20.0880132019803,0.9992977528089888,2,0.03333333333333333,pure_promethee_score_top30,pure_promethee_score,30
20,train,600276.SH,恒瑞医药,-18.2874889086069,0.9985955056179775,3,0.03333333333333333,pure_promethee_score_top30,pure_promethee_score,30
20,train,600519.SH,贵州茅台,3.93171236420073,0.9978932584269663,4,0.03333333333333333,pure_promethee_score_top30,pure_promethee_score,30
20,train,600436.SH,片仔癀,12.4892199137593,0.9971910112359551,5,0.03333333333333333,pure_promethee_score_top30,pure_promethee_score,30
20,train,000661.SZ,长春高新,2.89318181818181,0.9964887640449438,6,0.03333333333333333,pure_promethee_score_top30,pure_promethee_score,30
20,train,601100.SH,恒立液压,-18.3179618299699,0.9957865168539326,7,0.03333333333333333,pure_promethee_score_top30,pure_promethee_score,30
20,train,000568.SZ,泸州老窖,0.0533570475766965,0.9950842696629213,8,0.03333333333333333,pure_promethee_score_top30,pure_promethee_score,30
20,train,300122.SZ,智飞生物,16.5394230119587,0.9943820224719101,9,0.03333333333333333,pure_promethee_score_top30,pure_promethee_score,30
20,train,000858.SZ,五粮液,-6.58812046848857,0.9936797752808989,10,0.03333333333333333,pure_promethee_score_top30,pure_promethee_score,30
20,train,300014.SZ,亿纬锂能,-5.17350157728707,0.9929775280898876,11,0.03333333333333333,pure_promethee_score_top30,pure_promethee_score,30
20,train,300124.SZ,汇川技术,-2.341251713111,0.9922752808988764,12,0.03333333333333333,pure_promethee_score_top30,pure_promethee_score,30
20,train,002304.SZ,洋河股份,-29.0086206896552,0.9915730337078652,13,0.03333333333333333,pure_promethee_score_top30,pure_promethee_score,30
20,train,002460.SZ,赣锋锂业,-6.67326732673267,0.9908707865168539,14,0.03333333333333333,pure_promethee_score_top30,pure_promethee_score,30
20,train,002475.SZ,立讯精密,-39.6754636233951,0.9901685393258427,15,0.03333333333333333,pure_promethee_score_top30,pure_promethee_score,30
20,train,000596.SZ,古井贡酒,-23.014652014652,0.9894662921348315,16,0.03333333333333333,pure_promethee_score_top30,pure_promethee_score,30
20,train,002415.SZ,海康威视,19.0628328008519,0.9887640449438202,17,0.03333333333333333,pure_promethee_score_top30,pure_promethee_score,30
20,train,601012.SH,隆基绿能,-3.0196164866652,0.988061797752809,18,0.03333333333333333,pure_promethee_score_top30,pure_promethee_score,30
20,train,600887.SH,伊利股份,-8.93994540491355,0.9873595505617978,19,0.03333333333333333,pure_promethee_score_top30,pure_promethee_score,30
20,train,002594.SZ,比亚迪,-11.5537634408602,0.9866573033707865,20,0.03333333333333333,pure_promethee_score_top30,pure_promethee_score,30
20,train,600309.SH,万华化学,15.7640868230651,0.9859550561797753,21,0.03333333333333333,pure_promethee_score_top30,pure_promethee_score,30
20,train,601633.SH,长城汽车,-18.1653562914766,0.985252808988764,22,0.03333333333333333,pure_promethee_score_top30,pure_promethee_score,30
20,train,600438.SH,通威股份,-13.7285902503294,0.9845505617977528,23,0.03333333333333333,pure_promethee_score_top30,pure_promethee_score,30
20,train,000538.SZ,云南白药,7.59821428571428,0.9838483146067416,24,0.03333333333333333,pure_promethee_score_top30,pure_promethee_score,30
20,train,600031.SH,三一重工,-0.870827285921627,0.9831460674157303,25,0.03333333333333333,pure_promethee_score_top30,pure_promethee_score,30
20,train,000333.SZ,美的集团,-14.3259012294228,0.9824438202247191,26,0.03333333333333333,pure_promethee_score_top30,pure_promethee_score,30
20,train,600893.SH,航发动力,-16.0405156537753,0.9817415730337079,27,0.03333333333333333,pure_promethee_score_top30,pure_promethee_score,30
20,train,600703.SH,三安光电,-13.7777777777778,0.9810393258426966,28,0.03333333333333333,pure_promethee_score_top30,pure_promethee_score,30
20,train,600690.SH,海尔智家,10.9608540925267,0.9803370786516854,29,0.03333333333333333,pure_promethee_score_top30,pure_promethee_score,30
20,train,000895.SZ,双汇发展,-11.3513513513513,0.9796348314606742,30,0.03333333333333333,pure_promethee_score_top30,pure_promethee_score,30
21,train,600436.SH,片仔癀,55.998175526153,1.0,1,0.03333333333333333,pure_promethee_score_top30,pure_promethee_score,30
21,train,600809.SH,山西汾酒,30.8449429013698,0.9992977528089888,2,0.03333333333333333,pure_promethee_score_top30,pure_promethee_score,30
21,train,603288.SH,海天味业,10.9033513186847,0.9985955056179775,3,0.03333333333333333,pure_promethee_score_top30,pure_promethee_score,30
21,train,300122.SZ,智飞生物,6.00022706630334,0.9978932584269663,4,0.03333333333333333,pure_promethee_score_top30,pure_promethee_score,30
21,train,600519.SH,贵州茅台,2.06305768108639,0.9971910112359551,5,0.03333333333333333,pure_promethee_score_top30,pure_promethee_score,30
21,train,000661.SZ,长春高新,-12.1883169365361,0.9964887640449438,6,0.03333333333333333,pure_promethee_score_top30,pure_promethee_score,30
21,train,600276.SH,恒瑞医药,-9.69140865540787,0.9957865168539326,7,0.03333333333333333,pure_promethee_score_top30,pure_promethee_score,30
21,train,300357.SZ,我武生物,12.4582610190038,0.9950842696629213,8,0.03333333333333333,pure_promethee_score_top30,pure_promethee_score,30
21,train,601100.SH,恒立液压,-5.00443299196558,0.9943820224719101,9,0.03333333333333333,pure_promethee_score_top30,pure_promethee_score,30
21,train,000568.SZ,泸州老窖,5.10513186029937,0.9936797752808989,10,0.03333333333333333,pure_promethee_score_top30,pure_promethee_score,30
21,train,002568.SZ,百润股份,25.6445267799422,0.9929775280898876,11,0.03333333333333333,pure_promethee_score_top30,pure_promethee_score,30
21,train,000858.SZ,五粮液,9.48215663934728,0.9922752808988764,12,0.03333333333333333,pure_promethee_score_top30,pure_promethee_score,30
21,train,600696.SH,岩石股份,156.401384083045,0.9915730337078652,13,0.03333333333333333,pure_promethee_score_top30,pure_promethee_score,30
21,train,000799.SZ,酒鬼酒,61.5982803312891,0.9908707865168539,14,0.03333333333333333,pure_promethee_score_top30,pure_promethee_score,30
21,train,300014.SZ,亿纬锂能,41.4867888144784,0.9901685393258427,15,0.03333333333333333,pure_promethee_score_top30,pure_promethee_score,30
21,train,300124.SZ,汇川技术,32.0081787119122,0.9894662921348315,16,0.03333333333333333,pure_promethee_score_top30,pure_promethee_score,30
21,train,000995.SZ,皇台酒业,49.030612244898,0.9887640449438202,17,0.03333333333333333,pure_promethee_score_top30,pure_promethee_score,30
21,train,600132.SH,重庆啤酒,77.7408637873754,0.988061797752809,18,0.03333333333333333,pure_promethee_score_top30,pure_promethee_score,30
21,train,600610.SH,中毅达,103.671328671329,0.9873595505617978,19,0.03333333333333333,pure_promethee_score_top30,pure_promethee_score,30
21,train,600877.SH,电科芯片,23.8244514106583,0.9866573033707865,20,0.03333333333333333,pure_promethee_score_top30,pure_promethee_score,30
21,train,002460.SZ,赣锋锂业,24.105770216255,0.9859550561797753,21,0.03333333333333333,pure_promethee_score_top30,pure_promethee_score,30
21,train,600421.SH,华嵘控股,29.8597194388778,0.985252808988764,22,0.03333333333333333,pure_promethee_score_top30,pure_promethee_score,30
21,train,000017.SZ,深中华A,24.7349823321555,0.9845505617977528,23,0.03333333333333333,pure_promethee_score_top30,pure_promethee_score,30
21,train,600779.SH,水井坊,73.6769759450172,0.9838483146067416,24,0.03333333333333333,pure_promethee_score_top30,pure_promethee_score,30
21,train,300116.SZ,*ST保力(退市),6.15384615384615,0.9831460674157303,25,0.03333333333333333,pure_promethee_score_top30,pure_promethee_score,30
21,train,002415.SZ,海康威视,21.9642029122242,0.9824438202247191,26,0.03333333333333333,pure_promethee_score_top30,pure_promethee_score,30
21,train,300111.SZ,向日葵,1.74825174825175,0.9817415730337079,27,0.03333333333333333,pure_promethee_score_top30,pure_promethee_score,30
21,train,601012.SH,隆基绿能,55.4336793792044,0.9810393258426966,28,0.03333333333333333,pure_promethee_score_top30,pure_promethee_score,30
21,train,002049.SZ,紫光国微,43.0466036295814,0.9803370786516854,29,0.03333333333333333,pure_promethee_score_top30,pure_promethee_score,30
21,train,300142.SZ,沃森生物,35.7029982086017,0.9796348314606742,30,0.03333333333333333,pure_promethee_score_top30,pure_promethee_score,30
22,valid,600436.SH,片仔癀,-15.8639407354675,1.0,1,0.03333333333333333,pure_promethee_score_top30,pure_promethee_score,30
22,valid,603288.SH,海天味业,-14.9462615015851,0.9992977528089888,2,0.03333333333333333,pure_promethee_score_top30,pure_promethee_score,30
22,valid,600809.SH,山西汾酒,-1.51420657728252,0.9985955056179775,3,0.03333333333333333,pure_promethee_score_top30,pure_promethee_score,30
22,valid,002371.SZ,北方华创,33.5665587721669,0.9978932584269663,4,0.03333333333333333,pure_promethee_score_top30,pure_promethee_score,30
22,valid,300122.SZ,智飞生物,-13.8861402222608,0.9971910112359551,5,0.03333333333333333,pure_promethee_score_top30,pure_promethee_score,30
22,valid,300124.SZ,汇川技术,-8.61618798955613,0.9964887640449438,6,0.03333333333333333,pure_promethee_score_top30,pure_promethee_score,30
22,valid,600132.SH,重庆啤酒,-33.9257842001913,0.9957865168539326,7,0.03333333333333333,pure_promethee_score_top30,pure_promethee_score,30
22,valid,300274.SZ,阳光电源,28.8468218131296,0.9950842696629213,8,0.03333333333333333,pure_promethee_score_top30,pure_promethee_score,30
22,valid,600519.SH,贵州茅台,-11.2512124151309,0.9943820224719101,9,0.03333333333333333,pure_promethee_score_top30,pure_promethee_score,30
22,valid,002709.SZ,天赐材料,42.3012160898036,0.9936797752808989,10,0.03333333333333333,pure_promethee_score_top30,pure_promethee_score,30
22,valid,601012.SH,隆基绿能,-7.11711711711711,0.9929775280898876,11,0.03333333333333333,pure_promethee_score_top30,pure_promethee_score,30
22,valid,002466.SZ,天齐锂业,63.8387096774194,0.9922752808988764,12,0.03333333333333333,pure_promethee_score_top30,pure_promethee_score,30
22,valid,000799.SZ,酒鬼酒,-1.81547064890096,0.9915730337078652,13,0.03333333333333333,pure_promethee_score_top30,pure_promethee_score,30
22,valid,600276.SH,恒瑞医药,-26.3489736070381,0.9908707865168539,14,0.03333333333333333,pure_promethee_score_top30,pure_promethee_score,30
22,valid,300014.SZ,亿纬锂能,-4.3280842430683,0.9901685393258427,15,0.03333333333333333,pure_promethee_score_top30,pure_promethee_score,30
22,valid,600460.SH,士兰微,1.31322094055013,0.9894662921348315,16,0.03333333333333333,pure_promethee_score_top30,pure_promethee_score,30
22,valid,000661.SZ,长春高新,-28.7189868161528,0.9887640449438202,17,0.03333333333333333,pure_promethee_score_top30,pure_promethee_score,30
22,valid,000568.SZ,泸州老窖,-1.74049306941745,0.988061797752809,18,0.03333333333333333,pure_promethee_score_top30,pure_promethee_score,30
22,valid,601100.SH,恒立液压,-1.66259737239857,0.9873595505617978,19,0.03333333333333333,pure_promethee_score_top30,pure_promethee_score,30
22,valid,002475.SZ,立讯精密,-24.6222673940158,0.9866573033707865,20,0.03333333333333333,pure_promethee_score_top30,pure_promethee_score,30
22,valid,002568.SZ,百润股份,-14.0632210429165,0.9859550561797753,21,0.03333333333333333,pure_promethee_score_top30,pure_promethee_score,30
22,valid,002415.SZ,海康威视,-11.9577397150632,0.985252808988764,22,0.03333333333333333,pure_promethee_score_top30,pure_promethee_score,30
22,valid,002049.SZ,紫光国微,38.1798743819324,0.9845505617977528,23,0.03333333333333333,pure_promethee_score_top30,pure_promethee_score,30
22,valid,002311.SZ,海大集团,-13.9415299480947,0.9838483146067416,24,0.03333333333333333,pure_promethee_score_top30,pure_promethee_score,30
22,valid,000858.SZ,五粮液,-25.8054322756912,0.9831460674157303,25,0.03333333333333333,pure_promethee_score_top30,pure_promethee_score,30
22,valid,600760.SH,中航沈飞,15.6540869859536,0.9824438202247191,26,0.03333333333333333,pure_promethee_score_top30,pure_promethee_score,30
22,valid,002460.SZ,赣锋锂业,36.6158032914219,0.9817415730337079,27,0.03333333333333333,pure_promethee_score_top30,pure_promethee_score,30
22,valid,600779.SH,水井坊,2.60094295679014,0.9810393258426966,28,0.03333333333333333,pure_promethee_score_top30,pure_promethee_score,30
22,valid,600702.SH,舍得酒业,2.20411000416443,0.9803370786516854,29,0.03333333333333333,pure_promethee_score_top30,pure_promethee_score,30
22,valid,002594.SZ,比亚迪,-1.44689597845263,0.9796348314606742,30,0.03333333333333333,pure_promethee_score_top30,pure_promethee_score,30
23,valid,002371.SZ,北方华创,-4.19105466593043,1.0,1,0.03333333333333333,pure_promethee_score_top30,pure_promethee_score,30
23,valid,002466.SZ,天齐锂业,11.4583333333333,0.9992977528089888,2,0.03333333333333333,pure_promethee_score_top30,pure_promethee_score,30
23,valid,603288.SH,海天味业,-4.22779043280184,0.9985955056179775,3,0.03333333333333333,pure_promethee_score_top30,pure_promethee_score,30
23,valid,002709.SZ,天赐材料,-17.0945115337334,0.9978932584269663,4,0.03333333333333333,pure_promethee_score_top30,pure_promethee_score,30
23,valid,600436.SH,片仔癀,22.9503585993531,0.9971910112359551,5,0.03333333333333333,pure_promethee_score_top30,pure_promethee_score,30
23,valid,000792.SZ,盐湖股份,25.0972074938141,0.9964887640449438,6,0.03333333333333333,pure_promethee_score_top30,pure_promethee_score,30
23,valid,600809.SH,山西汾酒,-0.698113207547169,0.9957865168539326,7,0.03333333333333333,pure_promethee_score_top30,pure_promethee_score,30
23,valid,300274.SZ,阳光电源,-1.07877060858944,0.9950842696629213,8,0.03333333333333333,pure_promethee_score_top30,pure_promethee_score,30
23,valid,002049.SZ,紫光国微,11.2484548825711,0.9943820224719101,9,0.03333333333333333,pure_promethee_score_top30,pure_promethee_score,30
23,valid,300122.SZ,智飞生物,-20.1282051282051,0.9936797752808989,10,0.03333333333333333,pure_promethee_score_top30,pure_promethee_score,30
23,valid,000799.SZ,酒鬼酒,-15.1696606786427,0.9929775280898876,11,0.03333333333333333,pure_promethee_score_top30,pure_promethee_score,30
23,valid,600760.SH,中航沈飞,2.70497291889134,0.9922752808988764,12,0.03333333333333333,pure_promethee_score_top30,pure_promethee_score,30
23,valid,600519.SH,贵州茅台,12.6373626373626,0.9915730337078652,13,0.03333333333333333,pure_promethee_score_top30,pure_promethee_score,30
23,valid,600111.SH,北方稀土,10.4945717732207,0.9908707865168539,14,0.03333333333333333,pure_promethee_score_top30,pure_promethee_score,30
23,valid,002460.SZ,赣锋锂业,-6.61567627639407,0.9901685393258427,15,0.03333333333333333,pure_promethee_score_top30,pure_promethee_score,30
23,valid,000568.SZ,泸州老窖,20.033096926714,0.9894662921348315,16,0.03333333333333333,pure_promethee_score_top30,pure_promethee_score,30
23,valid,300124.SZ,汇川技术,9.21827734437191,0.9887640449438202,17,0.03333333333333333,pure_promethee_score_top30,pure_promethee_score,30
23,valid,600132.SH,重庆啤酒,15.5114503816794,0.988061797752809,18,0.03333333333333333,pure_promethee_score_top30,pure_promethee_score,30
23,valid,300390.SZ,天华新能,-13.3689839572192,0.9873595505617978,19,0.03333333333333333,pure_promethee_score_top30,pure_promethee_score,30
23,valid,300014.SZ,亿纬锂能,25.924347362813,0.9866573033707865,20,0.03333333333333333,pure_promethee_score_top30,pure_promethee_score,30
23,valid,601012.SH,隆基绿能,6.32786480819048,0.9859550561797753,21,0.03333333333333333,pure_promethee_score_top30,pure_promethee_score,30
23,valid,600779.SH,水井坊,-5.90495608531995,0.985252808988764,22,0.03333333333333333,pure_promethee_score_top30,pure_promethee_score,30
23,valid,601100.SH,恒立液压,-5.97701149425287,0.9845505617977528,23,0.03333333333333333,pure_promethee_score_top30,pure_promethee_score,30
23,valid,002176.SZ,江特电机,-5.42141230068336,0.9838483146067416,24,0.03333333333333333,pure_promethee_score_top30,pure_promethee_score,30
23,valid,002415.SZ,海康威视,-4.87272727272727,0.9831460674157303,25,0.03333333333333333,pure_promethee_score_top30,pure_promethee_score,30
23,valid,603806.SH,福斯特,5.98311414190615,0.9824438202247191,26,0.03333333333333333,pure_promethee_score_top30,pure_promethee_score,30
23,valid,002594.SZ,比亚迪,13.6101694915254,0.9817415730337079,27,0.03333333333333333,pure_promethee_score_top30,pure_promethee_score,30
23,valid,002475.SZ,立讯精密,37.7765331839821,0.9810393258426966,28,0.03333333333333333,pure_promethee_score_top30,pure_promethee_score,30
23,valid,601633.SH,长城汽车,-5.1705759778523,0.9803370786516854,29,0.03333333333333333,pure_promethee_score_top30,pure_promethee_score,30
23,valid,000858.SZ,五粮液,1.82001097494053,0.9796348314606742,30,0.03333333333333333,pure_promethee_score_top30,pure_promethee_score,30
24,valid,600319.SH,亚星化学,38.0333951762523,1.0,1,0.03333333333333333,pure_promethee_score_top30,pure_promethee_score,30
24,valid,600071.SH,凤凰光学,-36.0709712822389,0.9992977528089888,2,0.03333333333333333,pure_promethee_score_top30,pure_promethee_score,30
24,valid,600779.SH,水井坊,-32.1443281983689,0.9985955056179775,3,0.03333333333333333,pure_promethee_score_top30,pure_promethee_score,30
24,valid,000995.SZ,皇台酒业,-46.6074313408724,0.9978932584269663,4,0.03333333333333333,pure_promethee_score_top30,pure_promethee_score,30
24,valid,600696.SH,岩石股份,-23.7072619384007,0.9971910112359551,5,0.03333333333333333,pure_promethee_score_top30,pure_promethee_score,30
24,valid,600809.SH,山西汾酒,-20.4382296023472,0.9964887640449438,6,0.03333333333333333,pure_promethee_score_top30,pure_promethee_score,30
24,valid,600132.SH,重庆啤酒,-31.2628205128205,0.9957865168539326,7,0.03333333333333333,pure_promethee_score_top30,pure_promethee_score,30
24,valid,300111.SZ,向日葵,6.64556962025318,0.9950842696629213,8,0.03333333333333333,pure_promethee_score_top30,pure_promethee_score,30
24,valid,000410.SZ,沈阳机床,-5.98802395209581,0.9943820224719101,9,0.03333333333333333,pure_promethee_score_top30,pure_promethee_score,30
24,valid,000820.SZ,神雾节能,-1.17302052785924,0.9936797752808989,10,0.03333333333333333,pure_promethee_score_top30,pure_promethee_score,30
24,valid,002248.SZ,华东数控,-21.7842323651452,0.9929775280898876,11,0.03333333333333333,pure_promethee_score_top30,pure_promethee_score,30
24,valid,600601.SH,方正科技,-1.61943319838057,0.9922752808988764,12,0.03333333333333333,pure_promethee_score_top30,pure_promethee_score,30
24,valid,600610.SH,中毅达,-1.93021529324424,0.9915730337078652,13,0.03333333333333333,pure_promethee_score_top30,pure_promethee_score,30
24,valid,600436.SH,片仔癀,-25.0100465688013,0.9908707865168539,14,0.03333333333333333,pure_promethee_score_top30,pure_promethee_score,30
24,valid,300343.SZ,联创股份,-18.2095006090134,0.9901685393258427,15,0.03333333333333333,pure_promethee_score_top30,pure_promethee_score,30
24,valid,600421.SH,华嵘控股,4.19651995905834,0.9894662921348315,16,0.03333333333333333,pure_promethee_score_top30,pure_promethee_score,30
24,valid,000017.SZ,深中华A,-3.72492836676218,0.9887640449438202,17,0.03333333333333333,pure_promethee_score_top30,pure_promethee_score,30
24,valid,002172.SZ,澳洋健康,-7.2992700729927,0.988061797752809,18,0.03333333333333333,pure_promethee_score_top30,pure_promethee_score,30
24,valid,000890.SZ,法尔胜,0.443458980044364,0.9873595505617978,19,0.03333333333333333,pure_promethee_score_top30,pure_promethee_score,30
24,valid,000792.SZ,盐湖股份,-9.78097809780977,0.9866573033707865,20,0.03333333333333333,pure_promethee_score_top30,pure_promethee_score,30
24,valid,300116.SZ,*ST保力(退市),-20.4081632653061,0.9859550561797753,21,0.03333333333333333,pure_promethee_score_top30,pure_promethee_score,30
24,valid,000799.SZ,酒鬼酒,-31.0328747959897,0.985252808988764,22,0.03333333333333333,pure_promethee_score_top30,pure_promethee_score,30
24,valid,002049.SZ,紫光国微,-12.4550590652285,0.9845505617977528,23,0.03333333333333333,pure_promethee_score_top30,pure_promethee_score,30
24,valid,603288.SH,海天味业,-16.4883454337027,0.9838483146067416,24,0.03333333333333333,pure_promethee_score_top30,pure_promethee_score,30
24,valid,300151.SZ,昌红科技,-47.3175447075882,0.9831460674157303,25,0.03333333333333333,pure_promethee_score_top30,pure_promethee_score,30
24,valid,002319.SZ,乐通股份,0.233100233100236,0.9824438202247191,26,0.03333333333333333,pure_promethee_score_top30,pure_promethee_score,30
24,valid,002176.SZ,江特电机,-1.75097276264591,0.9817415730337079,27,0.03333333333333333,pure_promethee_score_top30,pure_promethee_score,30
24,valid,300357.SZ,我武生物,-27.9078409513192,0.9810393258426966,28,0.03333333333333333,pure_promethee_score_top30,pure_promethee_score,30
24,valid,300390.SZ,天华新能,-10.1566310920518,0.9803370786516854,29,0.03333333333333333,pure_promethee_score_top30,pure_promethee_score,30
24,valid,600331.SH,宏达股份,-4.60122699386503,0.9796348314606742,30,0.03333333333333333,pure_promethee_score_top30,pure_promethee_score,30
25,valid,600436.SH,片仔癀,15.4839753965685,1.0,1,0.03333333333333333,pure_promethee_score_top30,pure_promethee_score,30
25,valid,600809.SH,山西汾酒,34.4807179344146,0.9992977528089888,2,0.03333333333333333,pure_promethee_score_top30,pure_promethee_score,30
25,valid,002049.SZ,紫光国微,-7.9743888242142,0.9985955056179775,3,0.03333333333333333,pure_promethee_score_top30,pure_promethee_score,30
25,valid,600519.SH,贵州茅台,23.9991368946232,0.9978932584269663,4,0.03333333333333333,pure_promethee_score_top30,pure_promethee_score,30
25,valid,000792.SZ,盐湖股份,-6.52106084243368,0.9971910112359551,5,0.03333333333333333,pure_promethee_score_top30,pure_promethee_score,30
25,valid,603288.SH,海天味业,18.6866689503085,0.9964887640449438,6,0.03333333333333333,pure_promethee_score_top30,pure_promethee_score,30
25,valid,000568.SZ,泸州老窖,37.9090451418023,0.9957865168539326,7,0.03333333333333333,pure_promethee_score_top30,pure_promethee_score,30
25,valid,002371.SZ,北方华创,0.438548802145622,0.9950842696629213,8,0.03333333333333333,pure_promethee_score_top30,pure_promethee_score,30
25,valid,002466.SZ,天齐锂业,51.62191714251,0.9943820224719101,9,0.03333333333333333,pure_promethee_score_top30,pure_promethee_score,30
25,valid,300122.SZ,智飞生物,-19.5579710144927,0.9936797752808989,10,0.03333333333333333,pure_promethee_score_top30,pure_promethee_score,30
25,valid,600276.SH,恒瑞医药,3.25723830734967,0.9929775280898876,11,0.03333333333333333,pure_promethee_score_top30,pure_promethee_score,30
25,valid,002460.SZ,赣锋锂业,19.6106821106821,0.9922752808988764,12,0.03333333333333333,pure_promethee_score_top30,pure_promethee_score,30
25,valid,300274.SZ,阳光电源,-10.0625032733089,0.9915730337078652,13,0.03333333333333333,pure_promethee_score_top30,pure_promethee_score,30
25,valid,000858.SZ,五粮液,37.4389343825704,0.9908707865168539,14,0.03333333333333333,pure_promethee_score_top30,pure_promethee_score,30
25,valid,300124.SZ,汇川技术,22.5119884955417,0.9901685393258427,15,0.03333333333333333,pure_promethee_score_top30,pure_promethee_score,30
25,valid,300014.SZ,亿纬锂能,28.492356352135,0.9894662921348315,16,0.03333333333333333,pure_promethee_score_top30,pure_promethee_score,30
25,valid,601012.SH,隆基绿能,25.895784682124,0.9887640449438202,17,0.03333333333333333,pure_promethee_score_top30,pure_promethee_score,30
25,valid,002304.SZ,洋河股份,40.3366670893255,0.988061797752809,18,0.03333333333333333,pure_promethee_score_top30,pure_promethee_score,30
25,valid,600111.SH,北方稀土,-7.03537428235302,0.9873595505617978,19,0.03333333333333333,pure_promethee_score_top30,pure_promethee_score,30
25,valid,002415.SZ,海康威视,-6.91510572503767,0.9866573033707865,20,0.03333333333333333,pure_promethee_score_top30,pure_promethee_score,30
25,valid,002594.SZ,比亚迪,44.3679653679654,0.9859550561797753,21,0.03333333333333333,pure_promethee_score_top30,pure_promethee_score,30
25,valid,002475.SZ,立讯精密,9.88617886178862,0.985252808988764,22,0.03333333333333333,pure_promethee_score_top30,pure_promethee_score,30
25,valid,600887.SH,伊利股份,11.9313814746686,0.9845505617977528,23,0.03333333333333333,pure_promethee_score_top30,pure_promethee_score,30
25,valid,600438.SH,通威股份,40.1486295305927,0.9838483146067416,24,0.03333333333333333,pure_promethee_score_top30,pure_promethee_score,30
25,valid,300142.SZ,沃森生物,-10.7811855951306,0.9831460674157303,25,0.03333333333333333,pure_promethee_score_top30,pure_promethee_score,30
25,valid,002459.SZ,晶澳科技,37.4612436893403,0.9824438202247191,26,0.03333333333333333,pure_promethee_score_top30,pure_promethee_score,30
25,valid,002129.SZ,TCL中环,37.5330703974043,0.9817415730337079,27,0.03333333333333333,pure_promethee_score_top30,pure_promethee_score,30
25,valid,601633.SH,长城汽车,37.2001831158856,0.9810393258426966,28,0.03333333333333333,pure_promethee_score_top30,pure_promethee_score,30
25,valid,600031.SH,三一重工,17.0198519042797,0.9803370786516854,29,0.03333333333333333,pure_promethee_score_top30,pure_promethee_score,30
25,valid,000333.SZ,美的集团,14.0115783480453,0.9796348314606742,30,0.03333333333333333,pure_promethee_score_top30,pure_promethee_score,30
26,test,600519.SH,贵州茅台,-6.76333340883127,1.0,1,0.03333333333333333,pure_promethee_score_top30,pure_promethee_score,30
26,test,000568.SZ,泸州老窖,-0.759066023169841,0.9992977528089888,2,0.03333333333333333,pure_promethee_score_top30,pure_promethee_score,30
26,test,600436.SH,片仔癀,-23.2665056540643,0.9985955056179775,3,0.03333333333333333,pure_promethee_score_top30,pure_promethee_score,30
26,test,002466.SZ,天齐锂业,-18.2410423452769,0.9978932584269663,4,0.03333333333333333,pure_promethee_score_top30,pure_promethee_score,30
26,test,600809.SH,山西汾酒,-4.13053111350257,0.9971910112359551,5,0.03333333333333333,pure_promethee_score_top30,pure_promethee_score,30
26,test,600276.SH,恒瑞医药,-0.796897651005557,0.9964887640449438,6,0.03333333333333333,pure_promethee_score_top30,pure_promethee_score,30
26,test,000858.SZ,五粮液,-11.859375,0.9957865168539326,7,0.03333333333333333,pure_promethee_score_top30,pure_promethee_score,30
26,test,002304.SZ,洋河股份,-11.6973757677275,0.9950842696629213,8,0.03333333333333333,pure_promethee_score_top30,pure_promethee_score,30
26,test,002460.SZ,赣锋锂业,-26.6685642538095,0.9943820224719101,9,0.03333333333333333,pure_promethee_score_top30,pure_promethee_score,30
26,test,000792.SZ,盐湖股份,-20.133779264214,0.9936797752808989,10,0.03333333333333333,pure_promethee_score_top30,pure_promethee_score,30
26,test,002371.SZ,北方华创,2.03571665131286,0.9929775280898876,11,0.03333333333333333,pure_promethee_score_top30,pure_promethee_score,30
26,test,603288.SH,海天味业,-4.25433526011562,0.9922752808988764,12,0.03333333333333333,pure_promethee_score_top30,pure_promethee_score,30
26,test,300124.SZ,汇川技术,-11.9699984693097,0.9915730337078652,13,0.03333333333333333,pure_promethee_score_top30,pure_promethee_score,30
26,test,002415.SZ,海康威视,-15.9668508287293,0.9908707865168539,14,0.03333333333333333,pure_promethee_score_top30,pure_promethee_score,30
26,test,300122.SZ,智飞生物,-20.6333310938931,0.9901685393258427,15,0.03333333333333333,pure_promethee_score_top30,pure_promethee_score,30
26,test,300014.SZ,亿纬锂能,-13.1683197670993,0.9894662921348315,16,0.03333333333333333,pure_promethee_score_top30,pure_promethee_score,30
26,test,002049.SZ,紫光国微,6.93149432617117,0.9887640449438202,17,0.03333333333333333,pure_promethee_score_top30,pure_promethee_score,30
26,test,300274.SZ,阳光电源,20.1085776330076,0.988061797752809,18,0.03333333333333333,pure_promethee_score_top30,pure_promethee_score,30
26,test,600438.SH,通威股份,-17.5127349376427,0.9873595505617978,19,0.03333333333333333,pure_promethee_score_top30,pure_promethee_score,30
26,test,600585.SH,海螺水泥,-16.8782458165032,0.9866573033707865,20,0.03333333333333333,pure_promethee_score_top30,pure_promethee_score,30
26,test,600690.SH,海尔智家,-5.86894721903799,0.9859550561797753,21,0.03333333333333333,pure_promethee_score_top30,pure_promethee_score,30
26,test,601012.SH,隆基绿能,-25.3273067331671,0.985252808988764,22,0.03333333333333333,pure_promethee_score_top30,pure_promethee_score,30
26,test,600887.SH,伊利股份,-13.3245729303548,0.9845505617977528,23,0.03333333333333333,pure_promethee_score_top30,pure_promethee_score,30
26,test,002129.SZ,TCL中环,-16.3989540530445,0.9838483146067416,24,0.03333333333333333,pure_promethee_score_top30,pure_promethee_score,30
26,test,000725.SZ,京东方A,-16.5816326530612,0.9831460674157303,25,0.03333333333333333,pure_promethee_score_top30,pure_promethee_score,30
26,test,600031.SH,三一重工,-24.5652173913043,0.9824438202247191,26,0.03333333333333333,pure_promethee_score_top30,pure_promethee_score,30
26,test,000651.SZ,格力电器,3.83579055808798,0.9817415730337079,27,0.03333333333333333,pure_promethee_score_top30,pure_promethee_score,30
26,test,002594.SZ,比亚迪,-23.9807156956656,0.9810393258426966,28,0.03333333333333333,pure_promethee_score_top30,pure_promethee_score,30
26,test,601633.SH,长城汽车,-26.8613522757169,0.9803370786516854,29,0.03333333333333333,pure_promethee_score_top30,pure_promethee_score,30
26,test,002459.SZ,晶澳科技,-18.7309644670051,0.9796348314606742,30,0.03333333333333333,pure_promethee_score_top30,pure_promethee_score,30
27,test,600519.SH,贵州茅台,-6.98555126426281,1.0,1,0.03333333333333333,pure_promethee_score_top30,pure_promethee_score,30
27,test,600436.SH,片仔癀,8.40285606914692,0.9992977528089888,2,0.03333333333333333,pure_promethee_score_top30,pure_promethee_score,30
27,test,000568.SZ,泸州老窖,-2.90909090909092,0.9985955056179775,3,0.03333333333333333,pure_promethee_score_top30,pure_promethee_score,30
27,test,600809.SH,山西汾酒,-6.33955567240698,0.9978932584269663,4,0.03333333333333333,pure_promethee_score_top30,pure_promethee_score,30
27,test,600276.SH,恒瑞医药,10.1801544180726,0.9971910112359551,5,0.03333333333333333,pure_promethee_score_top30,pure_promethee_score,30
27,test,002371.SZ,北方华创,-22.7842895332099,0.9964887640449438,6,0.03333333333333333,pure_promethee_score_top30,pure_promethee_score,30
27,test,603288.SH,海天味业,-5.23809523809525,0.9957865168539326,7,0.03333333333333333,pure_promethee_score_top30,pure_promethee_score,30
27,test,002466.SZ,天齐锂业,-24.1283258092402,0.9950842696629213,8,0.03333333333333333,pure_promethee_score_top30,pure_promethee_score,30
27,test,000858.SZ,五粮液,7.22805768203669,0.9943820224719101,9,0.03333333333333333,pure_promethee_score_top30,pure_promethee_score,30
27,test,002049.SZ,紫光国微,-8.36924787988323,0.9936797752808989,10,0.03333333333333333,pure_promethee_score_top30,pure_promethee_score,30
27,test,002304.SZ,洋河股份,0.671140939597303,0.9929775280898876,11,0.03333333333333333,pure_promethee_score_top30,pure_promethee_score,30
27,test,300124.SZ,汇川技术,20.6597222222222,0.9922752808988764,12,0.03333333333333333,pure_promethee_score_top30,pure_promethee_score,30
27,test,000596.SZ,古井贡酒,-2.92780505546464,0.9915730337078652,13,0.03333333333333333,pure_promethee_score_top30,pure_promethee_score,30
27,test,000792.SZ,盐湖股份,-4.94344365312108,0.9908707865168539,14,0.03333333333333333,pure_promethee_score_top30,pure_promethee_score,30
27,test,300274.SZ,阳光电源,-1.4977973568282,0.9901685393258427,15,0.03333333333333333,pure_promethee_score_top30,pure_promethee_score,30
27,test,300014.SZ,亿纬锂能,0.825877494838267,0.9894662921348315,16,0.03333333333333333,pure_promethee_score_top30,pure_promethee_score,30
27,test,601012.SH,隆基绿能,-15.6150159744409,0.9887640449438202,17,0.03333333333333333,pure_promethee_score_top30,pure_promethee_score,30
27,test,002415.SZ,海康威视,14.0414337389017,0.988061797752809,18,0.03333333333333333,pure_promethee_score_top30,pure_promethee_score,30
27,test,600438.SH,通威股份,-19.591496456857,0.9873595505617978,19,0.03333333333333333,pure_promethee_score_top30,pure_promethee_score,30
27,test,002459.SZ,晶澳科技,-9.70698722764838,0.9866573033707865,20,0.03333333333333333,pure_promethee_score_top30,pure_promethee_score,30
27,test,300122.SZ,智飞生物,0.664756446991399,0.9859550561797753,21,0.03333333333333333,pure_promethee_score_top30,pure_promethee_score,30
27,test,002129.SZ,TCL中环,-16.7734806629834,0.985252808988764,22,0.03333333333333333,pure_promethee_score_top30,pure_promethee_score,30
27,test,600887.SH,伊利股份,-6.90690690690691,0.9845505617977528,23,0.03333333333333333,pure_promethee_score_top30,pure_promethee_score,30
27,test,002594.SZ,比亚迪,-2.87258570510638,0.9838483146067416,24,0.03333333333333333,pure_promethee_score_top30,pure_promethee_score,30
27,test,601633.SH,长城汽车,5.40925266903916,0.9831460674157303,25,0.03333333333333333,pure_promethee_score_top30,pure_promethee_score,30
27,test,000651.SZ,格力电器,-0.706605222734247,0.9824438202247191,26,0.03333333333333333,pure_promethee_score_top30,pure_promethee_score,30
27,test,000333.SZ,美的集团,2.57425742574258,0.9817415730337079,27,0.03333333333333333,pure_promethee_score_top30,pure_promethee_score,30
27,test,600309.SH,万华化学,3.53112079561964,0.9810393258426966,28,0.03333333333333333,pure_promethee_score_top30,pure_promethee_score,30
27,test,002493.SZ,荣盛石化,-10.4151493080845,0.9803370786516854,29,0.03333333333333333,pure_promethee_score_top30,pure_promethee_score,30
27,test,600690.SH,海尔智家,-1.92461908580593,0.9796348314606742,30,0.03333333333333333,pure_promethee_score_top30,pure_promethee_score,30
28,test,600276.SH,恒瑞医药,11.1341811575396,1.0,1,0.03333333333333333,pure_promethee_score_top30,pure_promethee_score,30
28,test,002304.SZ,洋河股份,3.09034267912773,0.9992977528089888,2,0.03333333333333333,pure_promethee_score_top30,pure_promethee_score,30
28,test,000568.SZ,泸州老窖,13.6035313001605,0.9985955056179775,3,0.03333333333333333,pure_promethee_score_top30,pure_promethee_score,30
28,test,000858.SZ,五粮液,9.02650949139412,0.9978932584269663,4,0.03333333333333333,pure_promethee_score_top30,pure_promethee_score,30
28,test,600809.SH,山西汾酒,-4.41769886662691,0.9971910112359551,5,0.03333333333333333,pure_promethee_score_top30,pure_promethee_score,30
28,test,600519.SH,贵州茅台,5.38506079907355,0.9964887640449438,6,0.03333333333333333,pure_promethee_score_top30,pure_promethee_score,30
28,test,002415.SZ,海康威视,23.0103806228374,0.9957865168539326,7,0.03333333333333333,pure_promethee_score_top30,pure_promethee_score,30
28,test,600436.SH,片仔癀,-1.41440754350689,0.9950842696629213,8,0.03333333333333333,pure_promethee_score_top30,pure_promethee_score,30
28,test,600690.SH,海尔智家,-7.27718724448079,0.9943820224719101,9,0.03333333333333333,pure_promethee_score_top30,pure_promethee_score,30
28,test,000792.SZ,盐湖股份,-1.45438519171441,0.9936797752808989,10,0.03333333333333333,pure_promethee_score_top30,pure_promethee_score,30
28,test,600887.SH,伊利股份,-6.06451612903224,0.9929775280898876,11,0.03333333333333333,pure_promethee_score_top30,pure_promethee_score,30
28,test,000651.SZ,格力电器,16.9042840531757,0.9922752808988764,12,0.03333333333333333,pure_promethee_score_top30,pure_promethee_score,30
28,test,300124.SZ,汇川技术,1.15107913669064,0.9915730337078652,13,0.03333333333333333,pure_promethee_score_top30,pure_promethee_score,30
28,test,600438.SH,通威股份,0.85536547433902,0.9908707865168539,14,0.03333333333333333,pure_promethee_score_top30,pure_promethee_score,30
28,test,000725.SZ,京东方A,31.3609467455622,0.9901685393258427,15,0.03333333333333333,pure_promethee_score_top30,pure_promethee_score,30
28,test,600031.SH,三一重工,8.16455696202529,0.9894662921348315,16,0.03333333333333333,pure_promethee_score_top30,pure_promethee_score,30
28,test,000596.SZ,古井贡酒,10.9029599100787,0.9887640449438202,17,0.03333333333333333,pure_promethee_score_top30,pure_promethee_score,30
28,test,000333.SZ,美的集团,3.88030888030888,0.988061797752809,18,0.03333333333333333,pure_promethee_score_top30,pure_promethee_score,30
28,test,601633.SH,长城汽车,-5.70560432140446,0.9873595505617978,19,0.03333333333333333,pure_promethee_score_top30,pure_promethee_score,30
28,test,300274.SZ,阳光电源,-6.20751341681574,0.9866573033707865,20,0.03333333333333333,pure_promethee_score_top30,pure_promethee_score,30
28,test,002594.SZ,比亚迪,-0.369692960267742,0.9859550561797753,21,0.03333333333333333,pure_promethee_score_top30,pure_promethee_score,30
28,test,300122.SZ,智飞生物,-6.71752248662188,0.985252808988764,22,0.03333333333333333,pure_promethee_score_top30,pure_promethee_score,30
28,test,603288.SH,海天味业,-3.84422110552761,0.9845505617977528,23,0.03333333333333333,pure_promethee_score_top30,pure_promethee_score,30
28,test,300014.SZ,亿纬锂能,-20.7053469852105,0.9838483146067416,24,0.03333333333333333,pure_promethee_score_top30,pure_promethee_score,30
28,test,600309.SH,万华化学,3.48623853211008,0.9831460674157303,25,0.03333333333333333,pure_promethee_score_top30,pure_promethee_score,30
28,test,600104.SH,上汽集团,-0.346981263011803,0.9824438202247191,26,0.03333333333333333,pure_promethee_score_top30,pure_promethee_score,30
28,test,002459.SZ,晶澳科技,-4.57646863038775,0.9817415730337079,27,0.03333333333333333,pure_promethee_score_top30,pure_promethee_score,30
28,test,002475.SZ,立讯精密,-4.53543307086615,0.9810393258426966,28,0.03333333333333333,pure_promethee_score_top30,pure_promethee_score,30
28,test,601012.SH,隆基绿能,-4.3776620918126,0.9803370786516854,29,0.03333333333333333,pure_promethee_score_top30,pure_promethee_score,30
28,test,002466.SZ,天齐锂业,-4.3929611343208,0.9796348314606742,30,0.03333333333333333,pure_promethee_score_top30,pure_promethee_score,30
29,test,600809.SH,山西汾酒,-31.3340433623405,1.0,1,0.03333333333333333,pure_promethee_score_top30,pure_promethee_score,30
29,test,000568.SZ,泸州老窖,-17.3554696742645,0.9992977528089888,2,0.03333333333333333,pure_promethee_score_top30,pure_promethee_score,30
29,test,600519.SH,贵州茅台,-4.08049868791905,0.9985955056179775,3,0.03333333333333333,pure_promethee_score_top30,pure_promethee_score,30
29,test,600436.SH,片仔癀,1.72646536412078,0.9978932584269663,4,0.03333333333333333,pure_promethee_score_top30,pure_promethee_score,30
29,test,600276.SH,恒瑞医药,11.3740365777554,0.9971910112359551,5,0.03333333333333333,pure_promethee_score_top30,pure_promethee_score,30
29,test,000858.SZ,五粮液,-14.2943410513453,0.9964887640449438,6,0.03333333333333333,pure_promethee_score_top30,pure_promethee_score,30
29,test,603288.SH,海天味业,-24.0156299099651,0.9957865168539326,7,0.03333333333333333,pure_promethee_score_top30,pure_promethee_score,30
29,test,000596.SZ,古井贡酒,-12.2330234868374,0.9950842696629213,8,0.03333333333333333,pure_promethee_score_top30,pure_promethee_score,30
29,test,002304.SZ,洋河股份,-20.3438522924149,0.9943820224719101,9,0.03333333333333333,pure_promethee_score_top30,pure_promethee_score,30
29,test,300124.SZ,汇川技术,-7.38451059256517,0.9936797752808989,10,0.03333333333333333,pure_promethee_score_top30,pure_promethee_score,30
29,test,002415.SZ,海康威视,-21.0854404211959,0.9929775280898876,11,0.03333333333333333,pure_promethee_score_top30,pure_promethee_score,30
29,test,002371.SZ,北方华创,16.8389303711333,0.9922752808988764,12,0.03333333333333333,pure_promethee_score_top30,pure_promethee_score,30
29,test,300274.SZ,阳光电源,11.71382108246,0.9915730337078652,13,0.03333333333333333,pure_promethee_score_top30,pure_promethee_score,30
29,test,600438.SH,通威股份,-3.9415657309497,0.9908707865168539,14,0.03333333333333333,pure_promethee_score_top30,pure_promethee_score,30
29,test,000792.SZ,盐湖股份,-14.1129032258064,0.9901685393258427,15,0.03333333333333333,pure_promethee_score_top30,pure_promethee_score,30
29,test,300122.SZ,智飞生物,-19.4214340371574,0.9894662921348315,16,0.03333333333333333,pure_promethee_score_top30,pure_promethee_score,30
29,test,002594.SZ,比亚迪,4.2672587807832,0.9887640449438202,17,0.03333333333333333,pure_promethee_score_top30,pure_promethee_score,30
29,test,600887.SH,伊利股份,2.23308064445511,0.988061797752809,18,0.03333333333333333,pure_promethee_score_top30,pure_promethee_score,30
29,test,601012.SH,隆基绿能,-27.398607805474,0.9873595505617978,19,0.03333333333333333,pure_promethee_score_top30,pure_promethee_score,30
29,test,002475.SZ,立讯精密,7.94028482666009,0.9866573033707865,20,0.03333333333333333,pure_promethee_score_top30,pure_promethee_score,30
29,test,600690.SH,海尔智家,-0.0425713069391098,0.9859550561797753,21,0.03333333333333333,pure_promethee_score_top30,pure_promethee_score,30
29,test,002459.SZ,晶澳科技,3.15825155275113,0.985252808988764,22,0.03333333333333333,pure_promethee_score_top30,pure_promethee_score,30
29,test,000333.SZ,美的集团,20.3759361530267,0.9845505617977528,23,0.03333333333333333,pure_promethee_score_top30,pure_promethee_score,30
29,test,002129.SZ,TCL中环,-12.1064021002045,0.9838483146067416,24,0.03333333333333333,pure_promethee_score_top30,pure_promethee_score,30
29,test,300014.SZ,亿纬锂能,-11.3947818071312,0.9831460674157303,25,0.03333333333333333,pure_promethee_score_top30,pure_promethee_score,30
29,test,601633.SH,长城汽车,-9.5580309019044,0.9824438202247191,26,0.03333333333333333,pure_promethee_score_top30,pure_promethee_score,30
29,test,600309.SH,万华化学,-5.77897640481124,0.9817415730337079,27,0.03333333333333333,pure_promethee_score_top30,pure_promethee_score,30
29,test,000063.SZ,中兴通讯,32.9731098563794,0.9810393258426966,28,0.03333333333333333,pure_promethee_score_top30,pure_promethee_score,30
29,test,000651.SZ,格力电器,0.995850622406635,0.9803370786516854,29,0.03333333333333333,pure_promethee_score_top30,pure_promethee_score,30
29,test,600031.SH,三一重工,-1.76097494846484,0.9796348314606742,30,0.03333333333333333,pure_promethee_score_top30,pure_promethee_score,30
30,test,600150.SH,中国船舶,-14.3880811884086,1.0,1,0.03333333333333333,pure_promethee_score_top30,pure_promethee_score,30
30,test,000725.SZ,京东方A,-2.52525252525252,0.9992977528089888,2,0.03333333333333333,pure_promethee_score_top30,pure_promethee_score,30
30,test,600104.SH,上汽集团,7.03292914052538,0.9985955056179775,3,0.03333333333333333,pure_promethee_score_top30,pure_promethee_score,30
30,test,601766.SH,中国中车,-8.05779612245919,0.9978932584269663,4,0.03333333333333333,pure_promethee_score_top30,pure_promethee_score,30
30,test,600309.SH,万华化学,0.477815699658679,0.9971910112359551,5,0.03333333333333333,pure_promethee_score_top30,pure_promethee_score,30
30,test,000651.SZ,格力电器,1.34204926819697,0.9964887640449438,6,0.03333333333333333,pure_promethee_score_top30,pure_promethee_score,30
30,test,601633.SH,长城汽车,3.38190489236978,0.9957865168539326,7,0.03333333333333333,pure_promethee_score_top30,pure_promethee_score,30
30,test,002129.SZ,TCL中环,-27.7279752704791,0.9950842696629213,8,0.03333333333333333,pure_promethee_score_top30,pure_promethee_score,30
30,test,002594.SZ,比亚迪,-7.0254690815685,0.9943820224719101,9,0.03333333333333333,pure_promethee_score_top30,pure_promethee_score,30
30,test,600031.SH,三一重工,-3.16879951249238,0.9936797752808989,10,0.03333333333333333,pure_promethee_score_top30,pure_promethee_score,30
30,test,601012.SH,隆基绿能,-5.4419410745234,0.9929775280898876,11,0.03333333333333333,pure_promethee_score_top30,pure_promethee_score,30
30,test,002459.SZ,晶澳科技,-38.6129109671226,0.9922752808988764,12,0.03333333333333333,pure_promethee_score_top30,pure_promethee_score,30
30,test,002475.SZ,立讯精密,-7.9913606911447,0.9915730337078652,13,0.03333333333333333,pure_promethee_score_top30,pure_promethee_score,30
30,test,000333.SZ,美的集团,-6.1887047683463,0.9908707865168539,14,0.03333333333333333,pure_promethee_score_top30,pure_promethee_score,30
30,test,600887.SH,伊利股份,-6.02196245129294,0.9901685393258427,15,0.03333333333333333,pure_promethee_score_top30,pure_promethee_score,30
30,test,300274.SZ,阳光电源,-22.8694528220594,0.9894662921348315,16,0.03333333333333333,pure_promethee_score_top30,pure_promethee_score,30
30,test,600438.SH,通威股份,-5.25697503671071,0.9887640449438202,17,0.03333333333333333,pure_promethee_score_top30,pure_promethee_score,30
30,test,600690.SH,海尔智家,2.75678871631648,0.988061797752809,18,0.03333333333333333,pure_promethee_score_top30,pure_promethee_score,30
30,test,300124.SZ,汇川技术,3.89062499999999,0.9873595505617978,19,0.03333333333333333,pure_promethee_score_top30,pure_promethee_score,30
30,test,000063.SZ,中兴通讯,-27.6671093404161,0.9866573033707865,20,0.03333333333333333,pure_promethee_score_top30,pure_promethee_score,30
30,test,002415.SZ,海康威视,1.28858255918489,0.9859550561797753,21,0.03333333333333333,pure_promethee_score_top30,pure_promethee_score,30
30,test,603288.SH,海天味业,-19.3418259023355,0.985252808988764,22,0.03333333333333333,pure_promethee_score_top30,pure_promethee_score,30
30,test,002371.SZ,北方华创,-22.488390948425,0.9845505617977528,23,0.03333333333333333,pure_promethee_score_top30,pure_promethee_score,30
30,test,600436.SH,片仔癀,-3.27625429108838,0.9838483146067416,24,0.03333333333333333,pure_promethee_score_top30,pure_promethee_score,30
30,test,000858.SZ,五粮液,-4.70667236432453,0.9831460674157303,25,0.03333333333333333,pure_promethee_score_top30,pure_promethee_score,30
30,test,600019.SH,宝钢股份,8.36298932384341,0.9824438202247191,26,0.03333333333333333,pure_promethee_score_top30,pure_promethee_score,30
30,test,002304.SZ,洋河股份,-1.93255020841228,0.9817415730337079,27,0.03333333333333333,pure_promethee_score_top30,pure_promethee_score,30
30,test,600519.SH,贵州茅台,6.56179326742157,0.9810393258426966,28,0.03333333333333333,pure_promethee_score_top30,pure_promethee_score,30
30,test,000568.SZ,泸州老窖,3.95763036506562,0.9803370786516854,29,0.03333333333333333,pure_promethee_score_top30,pure_promethee_score,30
30,test,600809.SH,山西汾酒,29.0479012877849,0.9796348314606742,30,0.03333333333333333,pure_promethee_score_top30,pure_promethee_score,30
13,train,600421.SH,华嵘控股,-29.1139240506329,0.9996488764044944,1,0.1,hybrid_score_50_50_top10,hybrid_score_50_50,10
13,train,000017.SZ,深中华A,-16.9144981412639,0.9982443820224719,2,0.1,hybrid_score_50_50_top10,hybrid_score_50_50,10
13,train,002248.SZ,华东数控,-7.32177263969174,0.9982443820224719,3,0.1,hybrid_score_50_50_top10,hybrid_score_50_50,10
13,train,600610.SH,中毅达,-21.256038647343,0.9982443820224719,4,0.1,hybrid_score_50_50_top10,hybrid_score_50_50,10
13,train,600234.SH,*ST科新,-9.20398009950247,0.9978932584269663,5,0.1,hybrid_score_50_50_top10,hybrid_score_50_50,10
13,train,600800.SH,渤海化学,-24.5635910224439,0.9964887640449438,6,0.1,hybrid_score_50_50_top10,hybrid_score_50_50,10
13,train,600319.SH,亚星化学,-16.5261382799325,0.9950842696629213,7,0.1,hybrid_score_50_50_top10,hybrid_score_50_50,10
13,train,600678.SH,四川金顶,-16.0283687943262,0.9947331460674158,8,0.1,hybrid_score_50_50_top10,hybrid_score_50_50,10
13,train,000422.SZ,湖北宜化,-28.4090909090909,0.9936797752808988,9,0.1,hybrid_score_50_50_top10,hybrid_score_50_50,10
13,train,300122.SZ,智飞生物,-14.6393882517423,0.9915730337078652,10,0.1,hybrid_score_50_50_top10,hybrid_score_50_50,10
14,train,600883.SH,博闻科技,-8.53146853146852,0.9992977528089888,1,0.1,hybrid_score_50_50_top10,hybrid_score_50_50,10
14,train,002625.SZ,光启技术,-3.55220667384283,0.997191011235955,2,0.1,hybrid_score_50_50_top10,hybrid_score_50_50,10
14,train,002248.SZ,华东数控,-19.1268191268191,0.9964887640449438,3,0.1,hybrid_score_50_50_top10,hybrid_score_50_50,10
14,train,000820.SZ,神雾节能,-33.7552742616034,0.9961376404494382,4,0.1,hybrid_score_50_50_top10,hybrid_score_50_50,10
14,train,600345.SH,长江通信,-13.9422435645043,0.995435393258427,5,0.1,hybrid_score_50_50_top10,hybrid_score_50_50,10
14,train,600191.SH,华资实业,-5.44464609800363,0.9950842696629214,6,0.1,hybrid_score_50_50_top10,hybrid_score_50_50,10
14,train,600610.SH,中毅达,0.0,0.9947331460674158,7,0.1,hybrid_score_50_50_top10,hybrid_score_50_50,10
14,train,600800.SH,渤海化学,-10.2479338842975,0.9933286516853932,8,0.1,hybrid_score_50_50_top10,hybrid_score_50_50,10
14,train,000670.SZ,盈方微,3.94736842105263,0.992626404494382,9,0.1,hybrid_score_50_50_top10,hybrid_score_50_50,10
14,train,000691.SZ,亚太实业,-4.97512437810944,0.9915730337078652,10,0.1,hybrid_score_50_50_top10,hybrid_score_50_50,10
15,train,002625.SZ,光启技术,3.27313769751694,0.9933286516853932,1,0.1,hybrid_score_50_50_top10,hybrid_score_50_50,10
15,train,600883.SH,博闻科技,12.1879588839941,0.9877106741573034,2,0.1,hybrid_score_50_50_top10,hybrid_score_50_50,10
15,train,600732.SH,爱旭股份,-2.86783042394015,0.9873595505617978,3,0.1,hybrid_score_50_50_top10,hybrid_score_50_50,10
15,train,600421.SH,华嵘控股,12.551724137931,0.9859550561797753,4,0.1,hybrid_score_50_50_top10,hybrid_score_50_50,10
15,train,600615.SH,丰华股份,21.443736730361,0.9789325842696629,5,0.1,hybrid_score_50_50_top10,hybrid_score_50_50,10
15,train,300077.SZ,国民技术,-5.20504731861199,0.9655898876404494,6,0.1,hybrid_score_50_50_top10,hybrid_score_50_50,10
15,train,300076.SZ,GQY视讯,1.03806228373702,0.9648876404494382,7,0.1,hybrid_score_50_50_top10,hybrid_score_50_50,10
15,train,002501.SZ,利源股份,33.0769230769231,0.9603230337078652,8,0.1,hybrid_score_50_50_top10,hybrid_score_50_50,10
15,train,002665.SZ,ST航高(退市),3.38461538461539,0.956811797752809,9,0.1,hybrid_score_50_50_top10,hybrid_score_50_50,10
15,train,300411.SZ,金盾股份,-4.15045395590145,0.9533005617977528,10,0.1,hybrid_score_50_50_top10,hybrid_score_50_50,10
16,train,300049.SZ,福瑞股份,-0.26666666666666,0.9691011235955056,1,0.1,hybrid_score_50_50_top10,hybrid_score_50_50,10
16,train,600211.SH,西藏药业,19.1584316225693,0.9662921348314607,2,0.1,hybrid_score_50_50_top10,hybrid_score_50_50,10
16,train,600594.SH,益佰制药,1.86721991701244,0.9648876404494382,3,0.1,hybrid_score_50_50_top10,hybrid_score_50_50,10
16,train,300199.SZ,翰宇药业,14.2355008787346,0.9631320224719101,4,0.1,hybrid_score_50_50_top10,hybrid_score_50_50,10
16,train,300039.SZ,上海凯宝,11.6666666666667,0.9599719101123596,5,0.1,hybrid_score_50_50_top10,hybrid_score_50_50,10
16,train,002566.SZ,益盛药业,11.890243902439,0.9582162921348314,6,0.1,hybrid_score_50_50_top10,hybrid_score_50_50,10
16,train,600080.SH,金花股份,2.52951096121417,0.9575140449438202,7,0.1,hybrid_score_50_50_top10,hybrid_score_50_50,10
16,train,600351.SH,亚宝药业,-12.9824561403509,0.9575140449438202,8,0.1,hybrid_score_50_50_top10,hybrid_score_50_50,10
16,train,600557.SH,康缘药业,-6.47181628392485,0.9575140449438202,9,0.1,hybrid_score_50_50_top10,hybrid_score_50_50,10
16,train,002724.SZ,海洋王,-9.68188105117566,0.956811797752809,10,0.1,hybrid_score_50_50_top10,hybrid_score_50_50,10
17,train,600877.SH,电科芯片,-21.8967921896792,0.9943820224719102,1,0.1,hybrid_score_50_50_top10,hybrid_score_50_50,10
17,train,000422.SZ,湖北宜化,0.393700787401574,0.9841994382022472,2,0.1,hybrid_score_50_50_top10,hybrid_score_50_50,10
17,train,600779.SH,水井坊,44.7923915564834,0.983497191011236,3,0.1,hybrid_score_50_50_top10,hybrid_score_50_50,10
17,train,603288.SH,海天味业,30.7746283364851,0.9831460674157304,4,0.1,hybrid_score_50_50_top10,hybrid_score_50_50,10
17,train,002690.SZ,美亚光电,41.1146912035334,0.9817415730337078,5,0.1,hybrid_score_50_50_top10,hybrid_score_50_50,10
17,train,600678.SH,四川金顶,-20.1079622132254,0.9817415730337078,6,0.1,hybrid_score_50_50_top10,hybrid_score_50_50,10
17,train,300357.SZ,我武生物,47.6331366989705,0.977879213483146,7,0.1,hybrid_score_50_50_top10,hybrid_score_50_50,10
17,train,000403.SZ,派林生物,93.3489827856025,0.9775280898876404,8,0.1,hybrid_score_50_50_top10,hybrid_score_50_50,10
17,train,600234.SH,*ST科新,-6.55567117585847,0.9768258426966292,9,0.1,hybrid_score_50_50_top10,hybrid_score_50_50,10
17,train,300122.SZ,智飞生物,48.9440809042237,0.9764747191011236,10,0.1,hybrid_score_50_50_top10,hybrid_score_50_50,10
18,train,000691.SZ,亚太实业,-2.86806883365202,0.9849016853932584,1,0.1,hybrid_score_50_50_top10,hybrid_score_50_50,10
18,train,600234.SH,*ST科新,0.559910414333697,0.9782303370786517,2,0.1,hybrid_score_50_50_top10,hybrid_score_50_50,10
18,train,600421.SH,华嵘控股,33.9285714285714,0.9729634831460674,3,0.1,hybrid_score_50_50_top10,hybrid_score_50_50,10
18,train,000707.SZ,双环科技,8.29875518672198,0.9708567415730337,4,0.1,hybrid_score_50_50_top10,hybrid_score_50_50,10
18,train,300116.SZ,*ST保力(退市),135.374149659864,0.9701544943820224,5,0.1,hybrid_score_50_50_top10,hybrid_score_50_50,10
18,train,600186.SH,莲花控股,4.78087649402392,0.9610252808988764,6,0.1,hybrid_score_50_50_top10,hybrid_score_50_50,10
18,train,000422.SZ,湖北宜化,-0.393700787401585,0.9599719101123596,7,0.1,hybrid_score_50_50_top10,hybrid_score_50_50,10
18,train,600550.SH,保变电气,-7.67634854771786,0.9599719101123596,8,0.1,hybrid_score_50_50_top10,hybrid_score_50_50,10
18,train,002248.SZ,华东数控,-4.22919508867667,0.959620786516854,9,0.1,hybrid_score_50_50_top10,hybrid_score_50_50,10
18,train,000911.SZ,广农糖业,34.8684210526316,0.9564606741573034,10,0.1,hybrid_score_50_50_top10,hybrid_score_50_50,10
19,train,300122.SZ,智飞生物,9.56296296296295,0.9992977528089888,1,0.1,hybrid_score_50_50_top10,hybrid_score_50_50,10
19,train,603288.SH,海天味业,26.6675088428499,0.9992977528089888,2,0.1,hybrid_score_50_50_top10,hybrid_score_50_50,10
19,train,600436.SH,片仔癀,13.4767116314584,0.997191011235955,3,0.1,hybrid_score_50_50_top10,hybrid_score_50_50,10
19,train,002475.SZ,立讯精密,-1.37082601054481,0.9940308988764045,4,0.1,hybrid_score_50_50_top10,hybrid_score_50_50,10
19,train,600809.SH,山西汾酒,90.8124872889974,0.9936797752808989,5,0.1,hybrid_score_50_50_top10,hybrid_score_50_50,10
19,train,600276.SH,恒瑞医药,23.9959951051285,0.9908707865168539,6,0.1,hybrid_score_50_50_top10,hybrid_score_50_50,10
19,train,600132.SH,重庆啤酒,14.3145354981266,0.9898174157303371,7,0.1,hybrid_score_50_50_top10,hybrid_score_50_50,10
19,train,000661.SZ,长春高新,20.9380640642259,0.9891151685393258,8,0.1,hybrid_score_50_50_top10,hybrid_score_50_50,10
19,train,600519.SH,贵州茅台,20.9223506627126,0.9873595505617978,9,0.1,hybrid_score_50_50_top10,hybrid_score_50_50,10
19,train,601100.SH,恒立液压,57.7331099944165,0.9873595505617978,10,0.1,hybrid_score_50_50_top10,hybrid_score_50_50,10
20,train,000538.SZ,云南白药,7.59821428571428,0.9884129213483146,1,0.1,hybrid_score_50_50_top10,hybrid_score_50_50,10
20,train,600690.SH,海尔智家,10.9608540925267,0.9884129213483146,2,0.1,hybrid_score_50_50_top10,hybrid_score_50_50,10
20,train,000651.SZ,格力电器,2.33393177737882,0.9877106741573034,3,0.1,hybrid_score_50_50_top10,hybrid_score_50_50,10
20,train,600893.SH,航发动力,-16.0405156537753,0.9870084269662922,4,0.1,hybrid_score_50_50_top10,hybrid_score_50_50,10
20,train,600104.SH,上汽集团,-19.4182712003277,0.9866573033707866,5,0.1,hybrid_score_50_50_top10,hybrid_score_50_50,10
20,train,600438.SH,通威股份,-13.7285902503294,0.9863061797752809,6,0.1,hybrid_score_50_50_top10,hybrid_score_50_50,10
20,train,601766.SH,中国中车,21.8216318785579,0.9863061797752809,7,0.1,hybrid_score_50_50_top10,hybrid_score_50_50,10
20,train,000063.SZ,中兴通讯,-12.3205741626794,0.9863061797752808,8,0.1,hybrid_score_50_50_top10,hybrid_score_50_50,10
20,train,000725.SZ,京东方A,5.20134228187918,0.9859550561797753,9,0.1,hybrid_score_50_50_top10,hybrid_score_50_50,10
20,train,600031.SH,三一重工,-0.870827285921627,0.9859550561797752,10,0.1,hybrid_score_50_50_top10,hybrid_score_50_50,10
21,train,600809.SH,山西汾酒,30.8449429013698,0.9992977528089888,1,0.1,hybrid_score_50_50_top10,hybrid_score_50_50,10
21,train,603288.SH,海天味业,10.9033513186847,0.9978932584269663,2,0.1,hybrid_score_50_50_top10,hybrid_score_50_50,10
21,train,300357.SZ,我武生物,12.4582610190038,0.9975421348314606,3,0.1,hybrid_score_50_50_top10,hybrid_score_50_50,10
21,train,600436.SH,片仔癀,55.998175526153,0.9975421348314606,4,0.1,hybrid_score_50_50_top10,hybrid_score_50_50,10
21,train,300122.SZ,智飞生物,6.00022706630334,0.997191011235955,5,0.1,hybrid_score_50_50_top10,hybrid_score_50_50,10
21,train,600519.SH,贵州茅台,2.06305768108639,0.9933286516853933,6,0.1,hybrid_score_50_50_top10,hybrid_score_50_50,10
21,train,000995.SZ,皇台酒业,49.030612244898,0.9933286516853932,7,0.1,hybrid_score_50_50_top10,hybrid_score_50_50,10
21,train,600132.SH,重庆啤酒,77.7408637873754,0.9933286516853932,8,0.1,hybrid_score_50_50_top10,hybrid_score_50_50,10
21,train,600696.SH,岩石股份,156.401384083045,0.9929775280898876,9,0.1,hybrid_score_50_50_top10,hybrid_score_50_50,10
21,train,000799.SZ,酒鬼酒,61.5982803312891,0.9919241573033708,10,0.1,hybrid_score_50_50_top10,hybrid_score_50_50,10
22,valid,002371.SZ,北方华创,33.5665587721669,0.9940308988764045,1,0.1,hybrid_score_50_50_top10,hybrid_score_50_50,10
22,valid,002466.SZ,天齐锂业,63.8387096774194,0.992626404494382,2,0.1,hybrid_score_50_50_top10,hybrid_score_50_50,10
22,valid,600436.SH,片仔癀,-15.8639407354675,0.9919241573033708,3,0.1,hybrid_score_50_50_top10,hybrid_score_50_50,10
22,valid,002709.SZ,天赐材料,42.3012160898036,0.990870786516854,4,0.1,hybrid_score_50_50_top10,hybrid_score_50_50,10
22,valid,600460.SH,士兰微,1.31322094055013,0.9905196629213484,5,0.1,hybrid_score_50_50_top10,hybrid_score_50_50,10
22,valid,300124.SZ,汇川技术,-8.61618798955613,0.9894662921348314,6,0.1,hybrid_score_50_50_top10,hybrid_score_50_50,10
22,valid,603288.SH,海天味业,-14.9462615015851,0.9887640449438202,7,0.1,hybrid_score_50_50_top10,hybrid_score_50_50,10
22,valid,300116.SZ,*ST保力(退市),29.2682926829269,0.988061797752809,8,0.1,hybrid_score_50_50_top10,hybrid_score_50_50,10
22,valid,600331.SH,宏达股份,110.39603960396,0.9877106741573034,9,0.1,hybrid_score_50_50_top10,hybrid_score_50_50,10
22,valid,000410.SZ,沈阳机床,11.6945107398568,0.9859550561797753,10,0.1,hybrid_score_50_50_top10,hybrid_score_50_50,10
23,valid,600760.SH,中航沈飞,2.70497291889134,0.9933286516853932,1,0.1,hybrid_score_50_50_top10,hybrid_score_50_50,10
23,valid,601012.SH,隆基绿能,6.32786480819048,0.9912219101123596,2,0.1,hybrid_score_50_50_top10,hybrid_score_50_50,10
23,valid,603288.SH,海天味业,-4.22779043280184,0.9884129213483146,3,0.1,hybrid_score_50_50_top10,hybrid_score_50_50,10
23,valid,002371.SZ,北方华创,-4.19105466593043,0.9873595505617978,4,0.1,hybrid_score_50_50_top10,hybrid_score_50_50,10
23,valid,300124.SZ,汇川技术,9.21827734437191,0.9873595505617978,5,0.1,hybrid_score_50_50_top10,hybrid_score_50_50,10
23,valid,300343.SZ,联创股份,-8.98395721925135,0.9870084269662921,6,0.1,hybrid_score_50_50_top10,hybrid_score_50_50,10
23,valid,002709.SZ,天赐材料,-17.0945115337334,0.9859550561797753,7,0.1,hybrid_score_50_50_top10,hybrid_score_50_50,10
23,valid,601633.SH,长城汽车,-5.1705759778523,0.983497191011236,8,0.1,hybrid_score_50_50_top10,hybrid_score_50_50,10
23,valid,002475.SZ,立讯精密,37.7765331839821,0.9827949438202247,9,0.1,hybrid_score_50_50_top10,hybrid_score_50_50,10
23,valid,300274.SZ,阳光电源,-1.07877060858944,0.9820926966292134,10,0.1,hybrid_score_50_50_top10,hybrid_score_50_50,10
24,valid,600319.SH,亚星化学,38.0333951762523,1.0,1,0.1,hybrid_score_50_50_top10,hybrid_score_50_50,10
24,valid,600071.SH,凤凰光学,-36.0709712822389,0.9992977528089888,2,0.1,hybrid_score_50_50_top10,hybrid_score_50_50,10
24,valid,000410.SZ,沈阳机床,-5.98802395209581,0.9950842696629214,3,0.1,hybrid_score_50_50_top10,hybrid_score_50_50,10
24,valid,000820.SZ,神雾节能,-1.17302052785924,0.9940308988764045,4,0.1,hybrid_score_50_50_top10,hybrid_score_50_50,10
24,valid,000995.SZ,皇台酒业,-46.6074313408724,0.9936797752808989,5,0.1,hybrid_score_50_50_top10,hybrid_score_50_50,10
24,valid,300111.SZ,向日葵,6.64556962025318,0.9936797752808988,6,0.1,hybrid_score_50_50_top10,hybrid_score_50_50,10
24,valid,002248.SZ,华东数控,-21.7842323651452,0.9919241573033708,7,0.1,hybrid_score_50_50_top10,hybrid_score_50_50,10
24,valid,600601.SH,方正科技,-1.61943319838057,0.9912219101123596,8,0.1,hybrid_score_50_50_top10,hybrid_score_50_50,10
24,valid,600696.SH,岩石股份,-23.7072619384007,0.9894662921348315,9,0.1,hybrid_score_50_50_top10,hybrid_score_50_50,10
24,valid,600610.SH,中毅达,-1.93021529324424,0.9863061797752809,10,0.1,hybrid_score_50_50_top10,hybrid_score_50_50,10
25,valid,600519.SH,贵州茅台,23.9991368946232,0.9887640449438202,1,0.1,hybrid_score_50_50_top10,hybrid_score_50_50,10
25,valid,601877.SH,正泰电器,-7.37768573647424,0.9729634831460674,2,0.1,hybrid_score_50_50_top10,hybrid_score_50_50,10
25,valid,601012.SH,隆基绿能,25.895784682124,0.971558988764045,3,0.1,hybrid_score_50_50_top10,hybrid_score_50_50,10
25,valid,300142.SZ,沃森生物,-10.7811855951306,0.9673455056179775,4,0.1,hybrid_score_50_50_top10,hybrid_score_50_50,10
25,valid,002432.SZ,九安医疗,-19.4030350186345,0.964185393258427,5,0.1,hybrid_score_50_50_top10,hybrid_score_50_50,10
25,valid,300116.SZ,*ST保力(退市),3.5897435897436,0.9624297752808989,6,0.1,hybrid_score_50_50_top10,hybrid_score_50_50,10
25,valid,000017.SZ,深中华A,31.8452380952381,0.9620786516853932,7,0.1,hybrid_score_50_50_top10,hybrid_score_50_50,10
25,valid,600010.SH,包钢股份,6.70610889794652,0.9599719101123596,8,0.1,hybrid_score_50_50_top10,hybrid_score_50_50,10
25,valid,002603.SZ,以岭药业,-19.5630585898709,0.9571629213483146,9,0.1,hybrid_score_50_50_top10,hybrid_score_50_50,10
25,valid,000410.SZ,沈阳机床,1.49253731343282,0.9561095505617978,10,0.1,hybrid_score_50_50_top10,hybrid_score_50_50,10
26,test,002466.SZ,天齐锂业,-18.2410423452769,0.9982443820224719,1,0.1,hybrid_score_50_50_top10,hybrid_score_50_50,10
26,test,600276.SH,恒瑞医药,-0.796897651005557,0.9982443820224719,2,0.1,hybrid_score_50_50_top10,hybrid_score_50_50,10
26,test,000568.SZ,泸州老窖,-0.759066023169841,0.9978932584269663,3,0.1,hybrid_score_50_50_top10,hybrid_score_50_50,10
26,test,002304.SZ,洋河股份,-11.6973757677275,0.997191011235955,4,0.1,hybrid_score_50_50_top10,hybrid_score_50_50,10
26,test,000858.SZ,五粮液,-11.859375,0.9964887640449438,5,0.1,hybrid_score_50_50_top10,hybrid_score_50_50,10
26,test,002460.SZ,赣锋锂业,-26.6685642538095,0.9947331460674157,6,0.1,hybrid_score_50_50_top10,hybrid_score_50_50,10
26,test,600436.SH,片仔癀,-23.2665056540643,0.9936797752808988,7,0.1,hybrid_score_50_50_top10,hybrid_score_50_50,10
26,test,002415.SZ,海康威视,-15.9668508287293,0.992626404494382,8,0.1,hybrid_score_50_50_top10,hybrid_score_50_50,10
26,test,000792.SZ,盐湖股份,-20.133779264214,0.9922752808988764,9,0.1,hybrid_score_50_50_top10,hybrid_score_50_50,10
26,test,002371.SZ,北方华创,2.03571665131286,0.9922752808988764,10,0.1,hybrid_score_50_50_top10,hybrid_score_50_50,10
27,test,600519.SH,贵州茅台,-6.98555126426281,0.9996488764044944,1,0.1,hybrid_score_50_50_top10,hybrid_score_50_50,10
27,test,000568.SZ,泸州老窖,-2.90909090909092,0.9975421348314606,2,0.1,hybrid_score_50_50_top10,hybrid_score_50_50,10
27,test,002466.SZ,天齐锂业,-24.1283258092402,0.9975421348314606,3,0.1,hybrid_score_50_50_top10,hybrid_score_50_50,10
27,test,600276.SH,恒瑞医药,10.1801544180726,0.9971910112359551,4,0.1,hybrid_score_50_50_top10,hybrid_score_50_50,10
27,test,000858.SZ,五粮液,7.22805768203669,0.9961376404494382,5,0.1,hybrid_score_50_50_top10,hybrid_score_50_50,10
27,test,002304.SZ,洋河股份,0.671140939597303,0.9957865168539326,6,0.1,hybrid_score_50_50_top10,hybrid_score_50_50,10
27,test,000792.SZ,盐湖股份,-4.94344365312108,0.992626404494382,7,0.1,hybrid_score_50_50_top10,hybrid_score_50_50,10
27,test,600436.SH,片仔癀,8.40285606914692,0.9919241573033708,8,0.1,hybrid_score_50_50_top10,hybrid_score_50_50,10
27,test,000596.SZ,古井贡酒,-2.92780505546464,0.9905196629213484,9,0.1,hybrid_score_50_50_top10,hybrid_score_50_50,10
27,test,600438.SH,通威股份,-19.591496456857,0.9905196629213484,10,0.1,hybrid_score_50_50_top10,hybrid_score_50_50,10
28,test,000725.SZ,京东方A,31.3609467455622,0.9929775280898876,1,0.1,hybrid_score_50_50_top10,hybrid_score_50_50,10
28,test,002432.SZ,九安医疗,-13.5785560555664,0.9483848314606742,2,0.1,hybrid_score_50_50_top10,hybrid_score_50_50,10
28,test,000893.SZ,亚钾国际,0.551876379690941,0.9441713483146067,3,0.1,hybrid_score_50_50_top10,hybrid_score_50_50,10
28,test,000423.SZ,东阿阿胶,30.1965601965602,0.9385533707865168,4,0.1,hybrid_score_50_50_top10,hybrid_score_50_50,10
28,test,600566.SH,济川药业,4.62894930198383,0.9364466292134832,5,0.1,hybrid_score_50_50_top10,hybrid_score_50_50,10
28,test,002030.SZ,达安基因,3.53470437017995,0.9245084269662922,6,0.1,hybrid_score_50_50_top10,hybrid_score_50_50,10
28,test,000408.SZ,藏格矿业,-6.96958028494415,0.9220505617977528,7,0.1,hybrid_score_50_50_top10,hybrid_score_50_50,10
28,test,000623.SZ,吉林敖东,2.13475650433623,0.9199438202247191,8,0.1,hybrid_score_50_50_top10,hybrid_score_50_50,10
28,test,000100.SZ,TCL科技,19.0860215053763,0.9125702247191012,9,0.1,hybrid_score_50_50_top10,hybrid_score_50_50,10
28,test,002038.SZ,双鹭药业,4.74452554744522,0.9094101123595506,10,0.1,hybrid_score_50_50_top10,hybrid_score_50_50,10
29,test,600809.SH,山西汾酒,-31.3340433623405,1.0,1,0.1,hybrid_score_50_50_top10,hybrid_score_50_50,10
29,test,000568.SZ,泸州老窖,-17.3554696742645,0.9989466292134832,2,0.1,hybrid_score_50_50_top10,hybrid_score_50_50,10
29,test,600519.SH,贵州茅台,-4.08049868791905,0.9989466292134832,3,0.1,hybrid_score_50_50_top10,hybrid_score_50_50,10
29,test,000858.SZ,五粮液,-14.2943410513453,0.997191011235955,4,0.1,hybrid_score_50_50_top10,hybrid_score_50_50,10
29,test,600436.SH,片仔癀,1.72646536412078,0.9968398876404494,5,0.1,hybrid_score_50_50_top10,hybrid_score_50_50,10
29,test,600276.SH,恒瑞医药,11.3740365777554,0.9961376404494382,6,0.1,hybrid_score_50_50_top10,hybrid_score_50_50,10
29,test,000596.SZ,古井贡酒,-12.2330234868374,0.9957865168539326,7,0.1,hybrid_score_50_50_top10,hybrid_score_50_50,10
29,test,002304.SZ,洋河股份,-20.3438522924149,0.9943820224719101,8,0.1,hybrid_score_50_50_top10,hybrid_score_50_50,10
29,test,603288.SH,海天味业,-24.0156299099651,0.9943820224719101,9,0.1,hybrid_score_50_50_top10,hybrid_score_50_50,10
29,test,000792.SZ,盐湖股份,-14.1129032258064,0.9936797752808989,10,0.1,hybrid_score_50_50_top10,hybrid_score_50_50,10
30,test,600150.SH,中国船舶,-14.3880811884086,0.9957865168539326,1,0.1,hybrid_score_50_50_top10,hybrid_score_50_50,10
30,test,000876.SZ,新希望,-5.90248075278016,0.965941011235955,2,0.1,hybrid_score_50_50_top10,hybrid_score_50_50,10
30,test,000800.SZ,一汽解放,3.82775119617227,0.9469803370786517,3,0.1,hybrid_score_50_50_top10,hybrid_score_50_50,10
30,test,000066.SZ,中国长城,-25.2805131651989,0.9445224719101124,4,0.1,hybrid_score_50_50_top10,hybrid_score_50_50,10
30,test,000709.SZ,河钢股份,3.17348408506539,0.9350421348314606,5,0.1,hybrid_score_50_50_top10,hybrid_score_50_50,10
30,test,000959.SZ,首钢股份,9.5100864553314,0.9336376404494382,6,0.1,hybrid_score_50_50_top10,hybrid_score_50_50,10
30,test,000301.SZ,东方盛虹,0.260416666666674,0.922752808988764,7,0.1,hybrid_score_50_50_top10,hybrid_score_50_50,10
30,test,002074.SZ,国轩高科,-13.6904761904762,0.9224016853932584,8,0.1,hybrid_score_50_50_top10,hybrid_score_50_50,10
30,test,600550.SH,保变电气,-6.73267326732673,0.9178370786516854,9,0.1,hybrid_score_50_50_top10,hybrid_score_50_50,10
30,test,600872.SH,中炬高新,-6.14130434782608,0.9160814606741573,10,0.1,hybrid_score_50_50_top10,hybrid_score_50_50,10
13,train,600421.SH,华嵘控股,-29.1139240506329,0.9996488764044944,1,0.05,hybrid_score_50_50_top20,hybrid_score_50_50,20
13,train,000017.SZ,深中华A,-16.9144981412639,0.9982443820224719,2,0.05,hybrid_score_50_50_top20,hybrid_score_50_50,20
13,train,002248.SZ,华东数控,-7.32177263969174,0.9982443820224719,3,0.05,hybrid_score_50_50_top20,hybrid_score_50_50,20
13,train,600610.SH,中毅达,-21.256038647343,0.9982443820224719,4,0.05,hybrid_score_50_50_top20,hybrid_score_50_50,20
13,train,600234.SH,*ST科新,-9.20398009950247,0.9978932584269663,5,0.05,hybrid_score_50_50_top20,hybrid_score_50_50,20
13,train,600800.SH,渤海化学,-24.5635910224439,0.9964887640449438,6,0.05,hybrid_score_50_50_top20,hybrid_score_50_50,20
13,train,600319.SH,亚星化学,-16.5261382799325,0.9950842696629213,7,0.05,hybrid_score_50_50_top20,hybrid_score_50_50,20
13,train,600678.SH,四川金顶,-16.0283687943262,0.9947331460674158,8,0.05,hybrid_score_50_50_top20,hybrid_score_50_50,20
13,train,000422.SZ,湖北宜化,-28.4090909090909,0.9936797752808988,9,0.05,hybrid_score_50_50_top20,hybrid_score_50_50,20
13,train,300122.SZ,智飞生物,-14.6393882517423,0.9915730337078652,10,0.05,hybrid_score_50_50_top20,hybrid_score_50_50,20
13,train,000670.SZ,盈方微,-61.4864864864865,0.9912219101123596,11,0.05,hybrid_score_50_50_top20,hybrid_score_50_50,20
13,train,000677.SZ,恒天海龙,-27.2727272727273,0.9912219101123596,12,0.05,hybrid_score_50_50_top20,hybrid_score_50_50,20
13,train,000691.SZ,亚太实业,-21.7898832684825,0.988061797752809,13,0.05,hybrid_score_50_50_top20,hybrid_score_50_50,20
13,train,300176.SZ,派生科技,-72.0,0.988061797752809,14,0.05,hybrid_score_50_50_top20,hybrid_score_50_50,20
13,train,300111.SZ,向日葵,-7.77385159010601,0.9877106741573034,15,0.05,hybrid_score_50_50_top20,hybrid_score_50_50,20
13,train,000020.SZ,深华发A,-12.64,0.9856039325842696,16,0.05,hybrid_score_50_50_top20,hybrid_score_50_50,20
13,train,000633.SZ,合金投资,-13.8225255972696,0.9856039325842696,17,0.05,hybrid_score_50_50_top20,hybrid_score_50_50,20
13,train,300357.SZ,我武生物,28.7125508458193,0.9856039325842696,18,0.05,hybrid_score_50_50_top20,hybrid_score_50_50,20
13,train,600764.SH,中国海防,-17.6366322008863,0.9849016853932584,19,0.05,hybrid_score_50_50_top20,hybrid_score_50_50,20
13,train,600276.SH,恒瑞医药,0.886579027820233,0.9827949438202247,20,0.05,hybrid_score_50_50_top20,hybrid_score_50_50,20
14,train,600883.SH,博闻科技,-8.53146853146852,0.9992977528089888,1,0.05,hybrid_score_50_50_top20,hybrid_score_50_50,20
14,train,002625.SZ,光启技术,-3.55220667384283,0.997191011235955,2,0.05,hybrid_score_50_50_top20,hybrid_score_50_50,20
14,train,002248.SZ,华东数控,-19.1268191268191,0.9964887640449438,3,0.05,hybrid_score_50_50_top20,hybrid_score_50_50,20
14,train,000820.SZ,神雾节能,-33.7552742616034,0.9961376404494382,4,0.05,hybrid_score_50_50_top20,hybrid_score_50_50,20
14,train,600345.SH,长江通信,-13.9422435645043,0.995435393258427,5,0.05,hybrid_score_50_50_top20,hybrid_score_50_50,20
14,train,600191.SH,华资实业,-5.44464609800363,0.9950842696629214,6,0.05,hybrid_score_50_50_top20,hybrid_score_50_50,20
14,train,600610.SH,中毅达,0.0,0.9947331460674158,7,0.05,hybrid_score_50_50_top20,hybrid_score_50_50,20
14,train,600800.SH,渤海化学,-10.2479338842975,0.9933286516853932,8,0.05,hybrid_score_50_50_top20,hybrid_score_50_50,20
14,train,000670.SZ,盈方微,3.94736842105263,0.992626404494382,9,0.05,hybrid_score_50_50_top20,hybrid_score_50_50,20
14,train,000691.SZ,亚太实业,-4.97512437810944,0.9915730337078652,10,0.05,hybrid_score_50_50_top20,hybrid_score_50_50,20
14,train,300125.SZ,ST聆达,0.207325501036615,0.9915730337078652,11,0.05,hybrid_score_50_50_top20,hybrid_score_50_50,20
14,train,600615.SH,丰华股份,19.8047419804742,0.9915730337078652,12,0.05,hybrid_score_50_50_top20,hybrid_score_50_50,20
14,train,600421.SH,华嵘控股,-24.5039682539683,0.990870786516854,13,0.05,hybrid_score_50_50_top20,hybrid_score_50_50,20
14,train,300345.SZ,华民股份,13.941018766756,0.9859550561797753,14,0.05,hybrid_score_50_50_top20,hybrid_score_50_50,20
14,train,300076.SZ,GQY视讯,-0.184501845018448,0.9859550561797752,15,0.05,hybrid_score_50_50_top20,hybrid_score_50_50,20
14,train,000633.SZ,合金投资,-18.4158415841584,0.9856039325842696,16,0.05,hybrid_score_50_50_top20,hybrid_score_50_50,20
14,train,600817.SH,宇通重工,-10.1591187270502,0.9845505617977528,17,0.05,hybrid_score_50_50_top20,hybrid_score_50_50,20
14,train,002387.SZ,维信诺,30.0383141762452,0.9813904494382022,18,0.05,hybrid_score_50_50_top20,hybrid_score_50_50,20
14,train,600302.SH,标准股份,-16.1410018552876,0.9813904494382022,19,0.05,hybrid_score_50_50_top20,hybrid_score_50_50,20
14,train,002199.SZ,东晶电子,-7.52908966461328,0.9785814606741573,20,0.05,hybrid_score_50_50_top20,hybrid_score_50_50,20
15,train,002625.SZ,光启技术,3.27313769751694,0.9933286516853932,1,0.05,hybrid_score_50_50_top20,hybrid_score_50_50,20
15,train,600883.SH,博闻科技,12.1879588839941,0.9877106741573034,2,0.05,hybrid_score_50_50_top20,hybrid_score_50_50,20
15,train,600732.SH,爱旭股份,-2.86783042394015,0.9873595505617978,3,0.05,hybrid_score_50_50_top20,hybrid_score_50_50,20
15,train,600421.SH,华嵘控股,12.551724137931,0.9859550561797753,4,0.05,hybrid_score_50_50_top20,hybrid_score_50_50,20
15,train,600615.SH,丰华股份,21.443736730361,0.9789325842696629,5,0.05,hybrid_score_50_50_top20,hybrid_score_50_50,20
15,train,300077.SZ,国民技术,-5.20504731861199,0.9655898876404494,6,0.05,hybrid_score_50_50_top20,hybrid_score_50_50,20
15,train,300076.SZ,GQY视讯,1.03806228373702,0.9648876404494382,7,0.05,hybrid_score_50_50_top20,hybrid_score_50_50,20
15,train,002501.SZ,利源股份,33.0769230769231,0.9603230337078652,8,0.05,hybrid_score_50_50_top20,hybrid_score_50_50,20
15,train,002665.SZ,ST航高(退市),3.38461538461539,0.956811797752809,9,0.05,hybrid_score_50_50_top20,hybrid_score_50_50,20
15,train,300411.SZ,金盾股份,-4.15045395590145,0.9533005617977528,10,0.05,hybrid_score_50_50_top20,hybrid_score_50_50,20
15,train,000536.SZ,华映科技,-2.52707581227436,0.9445224719101124,11,0.05,hybrid_score_50_50_top20,hybrid_score_50_50,20
15,train,600191.SH,华资实业,-1.70132325141776,0.9427668539325842,12,0.05,hybrid_score_50_50_top20,hybrid_score_50_50,20
15,train,000663.SZ,永安林业,-13.9784946236559,0.9413623595505618,13,0.05,hybrid_score_50_50_top20,hybrid_score_50_50,20
15,train,300173.SZ,福能东方,66.5914221218962,0.9396067415730337,14,0.05,hybrid_score_50_50_top20,hybrid_score_50_50,20
15,train,600331.SH,宏达股份,4.7808764940239,0.9396067415730337,15,0.05,hybrid_score_50_50_top20,hybrid_score_50_50,20
15,train,300256.SZ,星星科技,54.4757033248082,0.9231039325842696,16,0.05,hybrid_score_50_50_top20,hybrid_score_50_50,20
15,train,000893.SZ,亚钾国际,-17.8378378378378,0.9125702247191011,17,0.05,hybrid_score_50_50_top20,hybrid_score_50_50,20
15,train,300099.SZ,尤洛卡,-8.56720827178729,0.9118679775280899,18,0.05,hybrid_score_50_50_top20,hybrid_score_50_50,20
15,train,002420.SZ,毅昌科技,20.3030303030303,0.9115168539325843,19,0.05,hybrid_score_50_50_top20,hybrid_score_50_50,20
15,train,300083.SZ,创世纪,23.1481481481481,0.909058988764045,20,0.05,hybrid_score_50_50_top20,hybrid_score_50_50,20
16,train,300049.SZ,福瑞股份,-0.26666666666666,0.9691011235955056,1,0.05,hybrid_score_50_50_top20,hybrid_score_50_50,20
16,train,600211.SH,西藏药业,19.1584316225693,0.9662921348314607,2,0.05,hybrid_score_50_50_top20,hybrid_score_50_50,20
16,train,600594.SH,益佰制药,1.86721991701244,0.9648876404494382,3,0.05,hybrid_score_50_50_top20,hybrid_score_50_50,20
16,train,300199.SZ,翰宇药业,14.2355008787346,0.9631320224719101,4,0.05,hybrid_score_50_50_top20,hybrid_score_50_50,20
16,train,300039.SZ,上海凯宝,11.6666666666667,0.9599719101123596,5,0.05,hybrid_score_50_50_top20,hybrid_score_50_50,20
16,train,002566.SZ,益盛药业,11.890243902439,0.9582162921348314,6,0.05,hybrid_score_50_50_top20,hybrid_score_50_50,20
16,train,600080.SH,金花股份,2.52951096121417,0.9575140449438202,7,0.05,hybrid_score_50_50_top20,hybrid_score_50_50,20
16,train,600351.SH,亚宝药业,-12.9824561403509,0.9575140449438202,8,0.05,hybrid_score_50_50_top20,hybrid_score_50_50,20
16,train,600557.SH,康缘药业,-6.47181628392485,0.9575140449438202,9,0.05,hybrid_score_50_50_top20,hybrid_score_50_50,20
16,train,002724.SZ,海洋王,-9.68188105117566,0.956811797752809,10,0.05,hybrid_score_50_50_top20,hybrid_score_50_50,20
16,train,002437.SZ,誉衡药业,-12.2033898305085,0.9557584269662921,11,0.05,hybrid_score_50_50_top20,hybrid_score_50_50,20
16,train,002581.SZ,未名医药,74.0121580547112,0.9554073033707866,12,0.05,hybrid_score_50_50_top20,hybrid_score_50_50,20
16,train,002393.SZ,力生制药,-9.49177877429,0.9508426966292135,13,0.05,hybrid_score_50_50_top20,hybrid_score_50_50,20
16,train,002622.SZ,皓宸医疗,-8.00000000000001,0.9480337078651686,14,0.05,hybrid_score_50_50_top20,hybrid_score_50_50,20
16,train,002038.SZ,双鹭药业,-5.90551181102362,0.946629213483146,15,0.05,hybrid_score_50_50_top20,hybrid_score_50_50,20
16,train,300255.SZ,常山药业,-2.43902439024389,0.9445224719101124,16,0.05,hybrid_score_50_50_top20,hybrid_score_50_50,20
16,train,000766.SZ,通化金马,-13.7557959814529,0.9410112359550562,17,0.05,hybrid_score_50_50_top20,hybrid_score_50_50,20
16,train,000813.SZ,德展健康,-14.88,0.940308988764045,18,0.05,hybrid_score_50_50_top20,hybrid_score_50_50,20
16,train,300006.SZ,莱美药业,-14.7163120567376,0.9350421348314607,19,0.05,hybrid_score_50_50_top20,hybrid_score_50_50,20
16,train,300137.SZ,先河环保,-6.91003911342895,0.9339887640449438,20,0.05,hybrid_score_50_50_top20,hybrid_score_50_50,20
17,train,600877.SH,电科芯片,-21.8967921896792,0.9943820224719102,1,0.05,hybrid_score_50_50_top20,hybrid_score_50_50,20
17,train,000422.SZ,湖北宜化,0.393700787401574,0.9841994382022472,2,0.05,hybrid_score_50_50_top20,hybrid_score_50_50,20
17,train,600779.SH,水井坊,44.7923915564834,0.983497191011236,3,0.05,hybrid_score_50_50_top20,hybrid_score_50_50,20
17,train,603288.SH,海天味业,30.7746283364851,0.9831460674157304,4,0.05,hybrid_score_50_50_top20,hybrid_score_50_50,20
17,train,002690.SZ,美亚光电,41.1146912035334,0.9817415730337078,5,0.05,hybrid_score_50_50_top20,hybrid_score_50_50,20
17,train,600678.SH,四川金顶,-20.1079622132254,0.9817415730337078,6,0.05,hybrid_score_50_50_top20,hybrid_score_50_50,20
17,train,300357.SZ,我武生物,47.6331366989705,0.977879213483146,7,0.05,hybrid_score_50_50_top20,hybrid_score_50_50,20
17,train,000403.SZ,派林生物,93.3489827856025,0.9775280898876404,8,0.05,hybrid_score_50_50_top20,hybrid_score_50_50,20
17,train,600234.SH,*ST科新,-6.55567117585847,0.9768258426966292,9,0.05,hybrid_score_50_50_top20,hybrid_score_50_50,20
17,train,300122.SZ,智飞生物,48.9440809042237,0.9764747191011236,10,0.05,hybrid_score_50_50_top20,hybrid_score_50_50,20
17,train,600817.SH,宇通重工,-1.7989417989418,0.973314606741573,11,0.05,hybrid_score_50_50_top20,hybrid_score_50_50,20
17,train,002594.SZ,比亚迪,31.069733479372,0.9683988764044944,12,0.05,hybrid_score_50_50_top20,hybrid_score_50_50,20
17,train,600132.SH,重庆啤酒,64.4893354087876,0.9676966292134832,13,0.05,hybrid_score_50_50_top20,hybrid_score_50_50,20
17,train,600696.SH,岩石股份,-26.0580912863071,0.9652387640449438,14,0.05,hybrid_score_50_50_top20,hybrid_score_50_50,20
17,train,300116.SZ,*ST保力(退市),-18.6813186813187,0.956811797752809,15,0.05,hybrid_score_50_50_top20,hybrid_score_50_50,20
17,train,600276.SH,恒瑞医药,22.1520647457205,0.9543539325842697,16,0.05,hybrid_score_50_50_top20,hybrid_score_50_50,20
17,train,603019.SH,中科曙光,19.7398743168307,0.9536516853932584,17,0.05,hybrid_score_50_50_top20,hybrid_score_50_50,20
17,train,300236.SZ,上海新阳,15.7671549730146,0.9525983146067416,18,0.05,hybrid_score_50_50_top20,hybrid_score_50_50,20
17,train,600161.SH,天坛生物,28.1232334652346,0.9487359550561798,19,0.05,hybrid_score_50_50_top20,hybrid_score_50_50,20
17,train,600872.SH,中炬高新,32.9146036740913,0.9483848314606742,20,0.05,hybrid_score_50_50_top20,hybrid_score_50_50,20
18,train,000691.SZ,亚太实业,-2.86806883365202,0.9849016853932584,1,0.05,hybrid_score_50_50_top20,hybrid_score_50_50,20
18,train,600234.SH,*ST科新,0.559910414333697,0.9782303370786517,2,0.05,hybrid_score_50_50_top20,hybrid_score_50_50,20
18,train,600421.SH,华嵘控股,33.9285714285714,0.9729634831460674,3,0.05,hybrid_score_50_50_top20,hybrid_score_50_50,20
18,train,000707.SZ,双环科技,8.29875518672198,0.9708567415730337,4,0.05,hybrid_score_50_50_top20,hybrid_score_50_50,20
18,train,300116.SZ,*ST保力(退市),135.374149659864,0.9701544943820224,5,0.05,hybrid_score_50_50_top20,hybrid_score_50_50,20
18,train,600186.SH,莲花控股,4.78087649402392,0.9610252808988764,6,0.05,hybrid_score_50_50_top20,hybrid_score_50_50,20
18,train,000422.SZ,湖北宜化,-0.393700787401585,0.9599719101123596,7,0.05,hybrid_score_50_50_top20,hybrid_score_50_50,20
18,train,600550.SH,保变电气,-7.67634854771786,0.9599719101123596,8,0.05,hybrid_score_50_50_top20,hybrid_score_50_50,20
18,train,002248.SZ,华东数控,-4.22919508867667,0.959620786516854,9,0.05,hybrid_score_50_50_top20,hybrid_score_50_50,20
18,train,000911.SZ,广农糖业,34.8684210526316,0.9564606741573034,10,0.05,hybrid_score_50_50_top20,hybrid_score_50_50,20
18,train,600319.SH,亚星化学,12.9186602870813,0.9564606741573034,11,0.05,hybrid_score_50_50_top20,hybrid_score_50_50,20
18,train,000410.SZ,沈阳机床,0.455580865603666,0.9515449438202247,12,0.05,hybrid_score_50_50_top20,hybrid_score_50_50,20
18,train,002213.SZ,大为股份,-14.2699115044248,0.9357443820224719,13,0.05,hybrid_score_50_50_top20,hybrid_score_50_50,20
18,train,000633.SZ,合金投资,20.0,0.9353932584269663,14,0.05,hybrid_score_50_50_top20,hybrid_score_50_50,20
18,train,000017.SZ,深中华A,4.78260869565217,0.9297752808988764,15,0.05,hybrid_score_50_50_top20,hybrid_score_50_50,20
18,train,000982.SZ,中银绒业(退市),-7.8740157480315,0.9202949438202247,16,0.05,hybrid_score_50_50_top20,hybrid_score_50_50,20
18,train,000868.SZ,安凯客车,-17.1794871794872,0.9171348314606742,17,0.05,hybrid_score_50_50_top20,hybrid_score_50_50,20
18,train,300368.SZ,ST汇金,137.112341944862,0.916432584269663,18,0.05,hybrid_score_50_50_top20,hybrid_score_50_50,20
18,train,600725.SH,云维股份,-6.13207547169811,0.9143258426966292,19,0.05,hybrid_score_50_50_top20,hybrid_score_50_50,20
18,train,600213.SH,*ST亚星,0.0,0.9097612359550562,20,0.05,hybrid_score_50_50_top20,hybrid_score_50_50,20
19,train,300122.SZ,智飞生物,9.56296296296295,0.9992977528089888,1,0.05,hybrid_score_50_50_top20,hybrid_score_50_50,20
19,train,603288.SH,海天味业,26.6675088428499,0.9992977528089888,2,0.05,hybrid_score_50_50_top20,hybrid_score_50_50,20
19,train,600436.SH,片仔癀,13.4767116314584,0.997191011235955,3,0.05,hybrid_score_50_50_top20,hybrid_score_50_50,20
19,train,002475.SZ,立讯精密,-1.37082601054481,0.9940308988764045,4,0.05,hybrid_score_50_50_top20,hybrid_score_50_50,20
19,train,600809.SH,山西汾酒,90.8124872889974,0.9936797752808989,5,0.05,hybrid_score_50_50_top20,hybrid_score_50_50,20
19,train,600276.SH,恒瑞医药,23.9959951051285,0.9908707865168539,6,0.05,hybrid_score_50_50_top20,hybrid_score_50_50,20
19,train,600132.SH,重庆啤酒,14.3145354981266,0.9898174157303371,7,0.05,hybrid_score_50_50_top20,hybrid_score_50_50,20
19,train,000661.SZ,长春高新,20.9380640642259,0.9891151685393258,8,0.05,hybrid_score_50_50_top20,hybrid_score_50_50,20
19,train,600519.SH,贵州茅台,20.9223506627126,0.9873595505617978,9,0.05,hybrid_score_50_50_top20,hybrid_score_50_50,20
19,train,601100.SH,恒立液压,57.7331099944165,0.9873595505617978,10,0.05,hybrid_score_50_50_top20,hybrid_score_50_50,20
19,train,002007.SZ,华兰生物,-23.8232642019838,0.9870084269662921,11,0.05,hybrid_score_50_50_top20,hybrid_score_50_50,20
19,train,300116.SZ,*ST保力(退市),-44.1666666666667,0.9845505617977528,12,0.05,hybrid_score_50_50_top20,hybrid_score_50_50,20
19,train,601012.SH,隆基绿能,23.1121141987737,0.9841994382022472,13,0.05,hybrid_score_50_50_top20,hybrid_score_50_50,20
19,train,000895.SZ,双汇发展,-7.96067823342804,0.9824438202247191,14,0.05,hybrid_score_50_50_top20,hybrid_score_50_50,20
19,train,300014.SZ,亿纬锂能,62.5772990225414,0.980688202247191,15,0.05,hybrid_score_50_50_top20,hybrid_score_50_50,20
19,train,002049.SZ,紫光国微,13.5041140045805,0.9796348314606742,16,0.05,hybrid_score_50_50_top20,hybrid_score_50_50,20
19,train,601777.SH,力帆科技,-14.4665461121157,0.9796348314606742,17,0.05,hybrid_score_50_50_top20,hybrid_score_50_50,20
19,train,000858.SZ,五粮液,32.8220998498157,0.9792837078651686,18,0.05,hybrid_score_50_50_top20,hybrid_score_50_50,20
19,train,000911.SZ,广农糖业,-8.47255369928402,0.978932584269663,19,0.05,hybrid_score_50_50_top20,hybrid_score_50_50,20
19,train,600610.SH,中毅达,10.2620087336244,0.978932584269663,20,0.05,hybrid_score_50_50_top20,hybrid_score_50_50,20
20,train,000538.SZ,云南白药,7.59821428571428,0.9884129213483146,1,0.05,hybrid_score_50_50_top20,hybrid_score_50_50,20
20,train,600690.SH,海尔智家,10.9608540925267,0.9884129213483146,2,0.05,hybrid_score_50_50_top20,hybrid_score_50_50,20
20,train,000651.SZ,格力电器,2.33393177737882,0.9877106741573034,3,0.05,hybrid_score_50_50_top20,hybrid_score_50_50,20
20,train,600893.SH,航发动力,-16.0405156537753,0.9870084269662922,4,0.05,hybrid_score_50_50_top20,hybrid_score_50_50,20
20,train,600104.SH,上汽集团,-19.4182712003277,0.9866573033707866,5,0.05,hybrid_score_50_50_top20,hybrid_score_50_50,20
20,train,600438.SH,通威股份,-13.7285902503294,0.9863061797752809,6,0.05,hybrid_score_50_50_top20,hybrid_score_50_50,20
20,train,601766.SH,中国中车,21.8216318785579,0.9863061797752809,7,0.05,hybrid_score_50_50_top20,hybrid_score_50_50,20
20,train,000063.SZ,中兴通讯,-12.3205741626794,0.9863061797752808,8,0.05,hybrid_score_50_50_top20,hybrid_score_50_50,20
20,train,000725.SZ,京东方A,5.20134228187918,0.9859550561797753,9,0.05,hybrid_score_50_50_top20,hybrid_score_50_50,20
20,train,600031.SH,三一重工,-0.870827285921627,0.9859550561797752,10,0.05,hybrid_score_50_50_top20,hybrid_score_50_50,20
20,train,601633.SH,长城汽车,-18.1653562914766,0.9856039325842696,11,0.05,hybrid_score_50_50_top20,hybrid_score_50_50,20
20,train,002304.SZ,洋河股份,-29.0086206896552,0.9849016853932584,12,0.05,hybrid_score_50_50_top20,hybrid_score_50_50,20
20,train,600019.SH,宝钢股份,35.3433835845896,0.9849016853932584,13,0.05,hybrid_score_50_50_top20,hybrid_score_50_50,20
20,train,600309.SH,万华化学,15.7640868230651,0.9845505617977528,14,0.05,hybrid_score_50_50_top20,hybrid_score_50_50,20
20,train,600585.SH,海螺水泥,-0.233735878457353,0.9845505617977528,15,0.05,hybrid_score_50_50_top20,hybrid_score_50_50,20
20,train,600346.SH,恒力石化,3.74955783516093,0.9831460674157304,16,0.05,hybrid_score_50_50_top20,hybrid_score_50_50,20
20,train,600703.SH,三安光电,-13.7777777777778,0.9831460674157303,17,0.05,hybrid_score_50_50_top20,hybrid_score_50_50,20
20,train,600196.SH,复星医药,-23.1704962347944,0.9817415730337079,18,0.05,hybrid_score_50_50_top20,hybrid_score_50_50,20
20,train,002493.SZ,荣盛石化,0.62111801242235,0.9817415730337078,19,0.05,hybrid_score_50_50_top20,hybrid_score_50_50,20
20,train,000333.SZ,美的集团,-14.3259012294228,0.9813904494382022,20,0.05,hybrid_score_50_50_top20,hybrid_score_50_50,20
21,train,600809.SH,山西汾酒,30.8449429013698,0.9992977528089888,1,0.05,hybrid_score_50_50_top20,hybrid_score_50_50,20
21,train,603288.SH,海天味业,10.9033513186847,0.9978932584269663,2,0.05,hybrid_score_50_50_top20,hybrid_score_50_50,20
21,train,300357.SZ,我武生物,12.4582610190038,0.9975421348314606,3,0.05,hybrid_score_50_50_top20,hybrid_score_50_50,20
21,train,600436.SH,片仔癀,55.998175526153,0.9975421348314606,4,0.05,hybrid_score_50_50_top20,hybrid_score_50_50,20
21,train,300122.SZ,智飞生物,6.00022706630334,0.997191011235955,5,0.05,hybrid_score_50_50_top20,hybrid_score_50_50,20
21,train,600519.SH,贵州茅台,2.06305768108639,0.9933286516853933,6,0.05,hybrid_score_50_50_top20,hybrid_score_50_50,20
21,train,000995.SZ,皇台酒业,49.030612244898,0.9933286516853932,7,0.05,hybrid_score_50_50_top20,hybrid_score_50_50,20
21,train,600132.SH,重庆啤酒,77.7408637873754,0.9933286516853932,8,0.05,hybrid_score_50_50_top20,hybrid_score_50_50,20
21,train,600696.SH,岩石股份,156.401384083045,0.9929775280898876,9,0.05,hybrid_score_50_50_top20,hybrid_score_50_50,20
21,train,000799.SZ,酒鬼酒,61.5982803312891,0.9919241573033708,10,0.05,hybrid_score_50_50_top20,hybrid_score_50_50,20
21,train,002568.SZ,百润股份,25.6445267799422,0.9919241573033708,11,0.05,hybrid_score_50_50_top20,hybrid_score_50_50,20
21,train,000661.SZ,长春高新,-12.1883169365361,0.9912219101123596,12,0.05,hybrid_score_50_50_top20,hybrid_score_50_50,20
21,train,601100.SH,恒立液压,-5.00443299196558,0.9905196629213483,13,0.05,hybrid_score_50_50_top20,hybrid_score_50_50,20
21,train,600276.SH,恒瑞医药,-9.69140865540787,0.9901685393258427,14,0.05,hybrid_score_50_50_top20,hybrid_score_50_50,20
21,train,600877.SH,电科芯片,23.8244514106583,0.9901685393258427,15,0.05,hybrid_score_50_50_top20,hybrid_score_50_50,20
21,train,600610.SH,中毅达,103.671328671329,0.9894662921348315,16,0.05,hybrid_score_50_50_top20,hybrid_score_50_50,20
21,train,000568.SZ,泸州老窖,5.10513186029937,0.9887640449438202,17,0.05,hybrid_score_50_50_top20,hybrid_score_50_50,20
21,train,300111.SZ,向日葵,1.74825174825175,0.9887640449438202,18,0.05,hybrid_score_50_50_top20,hybrid_score_50_50,20
21,train,600779.SH,水井坊,73.6769759450172,0.988061797752809,19,0.05,hybrid_score_50_50_top20,hybrid_score_50_50,20
21,train,000858.SZ,五粮液,9.48215663934728,0.9877106741573034,20,0.05,hybrid_score_50_50_top20,hybrid_score_50_50,20
22,valid,002371.SZ,北方华创,33.5665587721669,0.9940308988764045,1,0.05,hybrid_score_50_50_top20,hybrid_score_50_50,20
22,valid,002466.SZ,天齐锂业,63.8387096774194,0.992626404494382,2,0.05,hybrid_score_50_50_top20,hybrid_score_50_50,20
22,valid,600436.SH,片仔癀,-15.8639407354675,0.9919241573033708,3,0.05,hybrid_score_50_50_top20,hybrid_score_50_50,20
22,valid,002709.SZ,天赐材料,42.3012160898036,0.990870786516854,4,0.05,hybrid_score_50_50_top20,hybrid_score_50_50,20
22,valid,600460.SH,士兰微,1.31322094055013,0.9905196629213484,5,0.05,hybrid_score_50_50_top20,hybrid_score_50_50,20
22,valid,300124.SZ,汇川技术,-8.61618798955613,0.9894662921348314,6,0.05,hybrid_score_50_50_top20,hybrid_score_50_50,20
22,valid,603288.SH,海天味业,-14.9462615015851,0.9887640449438202,7,0.05,hybrid_score_50_50_top20,hybrid_score_50_50,20
22,valid,300116.SZ,*ST保力(退市),29.2682926829269,0.988061797752809,8,0.05,hybrid_score_50_50_top20,hybrid_score_50_50,20
22,valid,600331.SH,宏达股份,110.39603960396,0.9877106741573034,9,0.05,hybrid_score_50_50_top20,hybrid_score_50_50,20
22,valid,000410.SZ,沈阳机床,11.6945107398568,0.9859550561797753,10,0.05,hybrid_score_50_50_top20,hybrid_score_50_50,20
22,valid,600132.SH,重庆啤酒,-33.9257842001913,0.9845505617977528,11,0.05,hybrid_score_50_50_top20,hybrid_score_50_50,20
22,valid,000890.SZ,法尔胜,-23.462783171521,0.9831460674157304,12,0.05,hybrid_score_50_50_top20,hybrid_score_50_50,20
22,valid,002248.SZ,华东数控,47.4258970358814,0.9824438202247191,13,0.05,hybrid_score_50_50_top20,hybrid_score_50_50,20
22,valid,601012.SH,隆基绿能,-7.11711711711711,0.9824438202247191,14,0.05,hybrid_score_50_50_top20,hybrid_score_50_50,20
22,valid,600319.SH,亚星化学,-2.0979020979021,0.9820926966292134,15,0.05,hybrid_score_50_50_top20,hybrid_score_50_50,20
22,valid,600238.SH,海南椰岛,-29.4402985074627,0.9782303370786517,16,0.05,hybrid_score_50_50_top20,hybrid_score_50_50,20
22,valid,300274.SZ,阳光电源,28.8468218131296,0.9771769662921348,17,0.05,hybrid_score_50_50_top20,hybrid_score_50_50,20
22,valid,600760.SH,中航沈飞,15.6540869859536,0.9757724719101124,18,0.05,hybrid_score_50_50_top20,hybrid_score_50_50,20
22,valid,600877.SH,电科芯片,-4.03785488958991,0.9754213483146068,19,0.05,hybrid_score_50_50_top20,hybrid_score_50_50,20
22,valid,600702.SH,舍得酒业,2.20411000416443,0.9750702247191012,20,0.05,hybrid_score_50_50_top20,hybrid_score_50_50,20
23,valid,600760.SH,中航沈飞,2.70497291889134,0.9933286516853932,1,0.05,hybrid_score_50_50_top20,hybrid_score_50_50,20
23,valid,601012.SH,隆基绿能,6.32786480819048,0.9912219101123596,2,0.05,hybrid_score_50_50_top20,hybrid_score_50_50,20
23,valid,603288.SH,海天味业,-4.22779043280184,0.9884129213483146,3,0.05,hybrid_score_50_50_top20,hybrid_score_50_50,20
23,valid,002371.SZ,北方华创,-4.19105466593043,0.9873595505617978,4,0.05,hybrid_score_50_50_top20,hybrid_score_50_50,20
23,valid,300124.SZ,汇川技术,9.21827734437191,0.9873595505617978,5,0.05,hybrid_score_50_50_top20,hybrid_score_50_50,20
23,valid,300343.SZ,联创股份,-8.98395721925135,0.9870084269662921,6,0.05,hybrid_score_50_50_top20,hybrid_score_50_50,20
23,valid,002709.SZ,天赐材料,-17.0945115337334,0.9859550561797753,7,0.05,hybrid_score_50_50_top20,hybrid_score_50_50,20
23,valid,601633.SH,长城汽车,-5.1705759778523,0.983497191011236,8,0.05,hybrid_score_50_50_top20,hybrid_score_50_50,20
23,valid,002475.SZ,立讯精密,37.7765331839821,0.9827949438202247,9,0.05,hybrid_score_50_50_top20,hybrid_score_50_50,20
23,valid,300274.SZ,阳光电源,-1.07877060858944,0.9820926966292134,10,0.05,hybrid_score_50_50_top20,hybrid_score_50_50,20
23,valid,600111.SH,北方稀土,10.4945717732207,0.9817415730337078,11,0.05,hybrid_score_50_50_top20,hybrid_score_50_50,20
23,valid,600703.SH,三安光电,16.7184586699814,0.9813904494382022,12,0.05,hybrid_score_50_50_top20,hybrid_score_50_50,20
23,valid,000333.SZ,美的集团,5.03771168350649,0.9803370786516854,13,0.05,hybrid_score_50_50_top20,hybrid_score_50_50,20
23,valid,600519.SH,贵州茅台,12.6373626373626,0.9799859550561798,14,0.05,hybrid_score_50_50_top20,hybrid_score_50_50,20
23,valid,000301.SZ,东方盛虹,-26.4638783269962,0.9796348314606742,15,0.05,hybrid_score_50_50_top20,hybrid_score_50_50,20
23,valid,002129.SZ,TCL中环,-7.3868677905945,0.9789325842696629,16,0.05,hybrid_score_50_50_top20,hybrid_score_50_50,20
23,valid,002241.SZ,歌尔股份,27.8959810874705,0.9789325842696629,17,0.05,hybrid_score_50_50_top20,hybrid_score_50_50,20
23,valid,600438.SH,通威股份,-10.5451651412654,0.9785814606741573,18,0.05,hybrid_score_50_50_top20,hybrid_score_50_50,20
23,valid,600010.SH,包钢股份,-9.41558441558442,0.9775280898876404,19,0.05,hybrid_score_50_50_top20,hybrid_score_50_50,20
23,valid,600809.SH,山西汾酒,-0.698113207547169,0.9775280898876404,20,0.05,hybrid_score_50_50_top20,hybrid_score_50_50,20
24,valid,600319.SH,亚星化学,38.0333951762523,1.0,1,0.05,hybrid_score_50_50_top20,hybrid_score_50_50,20
24,valid,600071.SH,凤凰光学,-36.0709712822389,0.9992977528089888,2,0.05,hybrid_score_50_50_top20,hybrid_score_50_50,20
24,valid,000410.SZ,沈阳机床,-5.98802395209581,0.9950842696629214,3,0.05,hybrid_score_50_50_top20,hybrid_score_50_50,20
24,valid,000820.SZ,神雾节能,-1.17302052785924,0.9940308988764045,4,0.05,hybrid_score_50_50_top20,hybrid_score_50_50,20
24,valid,000995.SZ,皇台酒业,-46.6074313408724,0.9936797752808989,5,0.05,hybrid_score_50_50_top20,hybrid_score_50_50,20
24,valid,300111.SZ,向日葵,6.64556962025318,0.9936797752808988,6,0.05,hybrid_score_50_50_top20,hybrid_score_50_50,20
24,valid,002248.SZ,华东数控,-21.7842323651452,0.9919241573033708,7,0.05,hybrid_score_50_50_top20,hybrid_score_50_50,20
24,valid,600601.SH,方正科技,-1.61943319838057,0.9912219101123596,8,0.05,hybrid_score_50_50_top20,hybrid_score_50_50,20
24,valid,600696.SH,岩石股份,-23.7072619384007,0.9894662921348315,9,0.05,hybrid_score_50_50_top20,hybrid_score_50_50,20
24,valid,600610.SH,中毅达,-1.93021529324424,0.9863061797752809,10,0.05,hybrid_score_50_50_top20,hybrid_score_50_50,20
24,valid,000017.SZ,深中华A,-3.72492836676218,0.983497191011236,11,0.05,hybrid_score_50_50_top20,hybrid_score_50_50,20
24,valid,600331.SH,宏达股份,-4.60122699386503,0.9827949438202248,12,0.05,hybrid_score_50_50_top20,hybrid_score_50_50,20
24,valid,600779.SH,水井坊,-32.1443281983689,0.9810393258426966,13,0.05,hybrid_score_50_50_top20,hybrid_score_50_50,20
24,valid,000691.SZ,亚太实业,18.4322033898305,0.9803370786516854,14,0.05,hybrid_score_50_50_top20,hybrid_score_50_50,20
24,valid,600421.SH,华嵘控股,4.19651995905834,0.9803370786516854,15,0.05,hybrid_score_50_50_top20,hybrid_score_50_50,20
24,valid,000953.SZ,河化股份,32.7102803738318,0.9789325842696629,16,0.05,hybrid_score_50_50_top20,hybrid_score_50_50,20
24,valid,000890.SZ,法尔胜,0.443458980044364,0.9757724719101124,17,0.05,hybrid_score_50_50_top20,hybrid_score_50_50,20
24,valid,300327.SZ,中颖电子,-15.5836518670979,0.9747191011235955,18,0.05,hybrid_score_50_50_top20,hybrid_score_50_50,20
24,valid,600238.SH,海南椰岛,-31.731843575419,0.9747191011235955,19,0.05,hybrid_score_50_50_top20,hybrid_score_50_50,20
24,valid,000707.SZ,双环科技,53.8987688098495,0.9740168539325843,20,0.05,hybrid_score_50_50_top20,hybrid_score_50_50,20
25,valid,600519.SH,贵州茅台,23.9991368946232,0.9887640449438202,1,0.05,hybrid_score_50_50_top20,hybrid_score_50_50,20
25,valid,601877.SH,正泰电器,-7.37768573647424,0.9729634831460674,2,0.05,hybrid_score_50_50_top20,hybrid_score_50_50,20
25,valid,601012.SH,隆基绿能,25.895784682124,0.971558988764045,3,0.05,hybrid_score_50_50_top20,hybrid_score_50_50,20
25,valid,300142.SZ,沃森生物,-10.7811855951306,0.9673455056179775,4,0.05,hybrid_score_50_50_top20,hybrid_score_50_50,20
25,valid,002432.SZ,九安医疗,-19.4030350186345,0.964185393258427,5,0.05,hybrid_score_50_50_top20,hybrid_score_50_50,20
25,valid,300116.SZ,*ST保力(退市),3.5897435897436,0.9624297752808989,6,0.05,hybrid_score_50_50_top20,hybrid_score_50_50,20
25,valid,000017.SZ,深中华A,31.8452380952381,0.9620786516853932,7,0.05,hybrid_score_50_50_top20,hybrid_score_50_50,20
25,valid,600010.SH,包钢股份,6.70610889794652,0.9599719101123596,8,0.05,hybrid_score_50_50_top20,hybrid_score_50_50,20
25,valid,002603.SZ,以岭药业,-19.5630585898709,0.9571629213483146,9,0.05,hybrid_score_50_50_top20,hybrid_score_50_50,20
25,valid,000410.SZ,沈阳机床,1.49253731343282,0.9561095505617978,10,0.05,hybrid_score_50_50_top20,hybrid_score_50_50,20
25,valid,600031.SH,三一重工,17.0198519042797,0.9554073033707865,11,0.05,hybrid_score_50_50_top20,hybrid_score_50_50,20
25,valid,600760.SH,中航沈飞,5.16561603318302,0.9511938202247191,12,0.05,hybrid_score_50_50_top20,hybrid_score_50_50,20
25,valid,300204.SZ,舒泰神,-41.7787418655098,0.9497893258426966,13,0.05,hybrid_score_50_50_top20,hybrid_score_50_50,20
25,valid,600601.SH,方正科技,-4.48979591836736,0.9469803370786517,14,0.05,hybrid_score_50_50_top20,hybrid_score_50_50,20
25,valid,600421.SH,华嵘控股,12.1524201853759,0.9462780898876404,15,0.05,hybrid_score_50_50_top20,hybrid_score_50_50,20
25,valid,600132.SH,重庆啤酒,48.1519625422022,0.9459269662921348,16,0.05,hybrid_score_50_50_top20,hybrid_score_50_50,20
25,valid,000995.SZ,皇台酒业,29.565868263473,0.9452247191011236,17,0.05,hybrid_score_50_50_top20,hybrid_score_50_50,20
25,valid,600732.SH,爱旭股份,119.986675549634,0.9431179775280899,18,0.05,hybrid_score_50_50_top20,hybrid_score_50_50,20
25,valid,300316.SZ,晶盛机电,14.9593689782903,0.942064606741573,19,0.05,hybrid_score_50_50_top20,hybrid_score_50_50,20
25,valid,600745.SH,闻泰科技,0.590946696607952,0.9413623595505618,20,0.05,hybrid_score_50_50_top20,hybrid_score_50_50,20
26,test,002466.SZ,天齐锂业,-18.2410423452769,0.9982443820224719,1,0.05,hybrid_score_50_50_top20,hybrid_score_50_50,20
26,test,600276.SH,恒瑞医药,-0.796897651005557,0.9982443820224719,2,0.05,hybrid_score_50_50_top20,hybrid_score_50_50,20
26,test,000568.SZ,泸州老窖,-0.759066023169841,0.9978932584269663,3,0.05,hybrid_score_50_50_top20,hybrid_score_50_50,20
26,test,002304.SZ,洋河股份,-11.6973757677275,0.997191011235955,4,0.05,hybrid_score_50_50_top20,hybrid_score_50_50,20
26,test,000858.SZ,五粮液,-11.859375,0.9964887640449438,5,0.05,hybrid_score_50_50_top20,hybrid_score_50_50,20
26,test,002460.SZ,赣锋锂业,-26.6685642538095,0.9947331460674157,6,0.05,hybrid_score_50_50_top20,hybrid_score_50_50,20
26,test,600436.SH,片仔癀,-23.2665056540643,0.9936797752808988,7,0.05,hybrid_score_50_50_top20,hybrid_score_50_50,20
26,test,002415.SZ,海康威视,-15.9668508287293,0.992626404494382,8,0.05,hybrid_score_50_50_top20,hybrid_score_50_50,20
26,test,000792.SZ,盐湖股份,-20.133779264214,0.9922752808988764,9,0.05,hybrid_score_50_50_top20,hybrid_score_50_50,20
26,test,002371.SZ,北方华创,2.03571665131286,0.9922752808988764,10,0.05,hybrid_score_50_50_top20,hybrid_score_50_50,20
26,test,600519.SH,贵州茅台,-6.76333340883127,0.9922752808988764,11,0.05,hybrid_score_50_50_top20,hybrid_score_50_50,20
26,test,600585.SH,海螺水泥,-16.8782458165032,0.9912219101123596,12,0.05,hybrid_score_50_50_top20,hybrid_score_50_50,20
26,test,000725.SZ,京东方A,-16.5816326530612,0.9905196629213483,13,0.05,hybrid_score_50_50_top20,hybrid_score_50_50,20
26,test,600809.SH,山西汾酒,-4.13053111350257,0.9891151685393258,14,0.05,hybrid_score_50_50_top20,hybrid_score_50_50,20
26,test,300014.SZ,亿纬锂能,-13.1683197670993,0.9887640449438202,15,0.05,hybrid_score_50_50_top20,hybrid_score_50_50,20
26,test,600031.SH,三一重工,-24.5652173913043,0.9877106741573034,16,0.05,hybrid_score_50_50_top20,hybrid_score_50_50,20
26,test,000651.SZ,格力电器,3.83579055808798,0.9870084269662922,17,0.05,hybrid_score_50_50_top20,hybrid_score_50_50,20
26,test,300124.SZ,汇川技术,-11.9699984693097,0.9866573033707866,18,0.05,hybrid_score_50_50_top20,hybrid_score_50_50,20
26,test,601633.SH,长城汽车,-26.8613522757169,0.985252808988764,19,0.05,hybrid_score_50_50_top20,hybrid_score_50_50,20
26,test,002129.SZ,TCL中环,-16.3989540530445,0.9849016853932584,20,0.05,hybrid_score_50_50_top20,hybrid_score_50_50,20
27,test,600519.SH,贵州茅台,-6.98555126426281,0.9996488764044944,1,0.05,hybrid_score_50_50_top20,hybrid_score_50_50,20
27,test,000568.SZ,泸州老窖,-2.90909090909092,0.9975421348314606,2,0.05,hybrid_score_50_50_top20,hybrid_score_50_50,20
27,test,002466.SZ,天齐锂业,-24.1283258092402,0.9975421348314606,3,0.05,hybrid_score_50_50_top20,hybrid_score_50_50,20
27,test,600276.SH,恒瑞医药,10.1801544180726,0.9971910112359551,4,0.05,hybrid_score_50_50_top20,hybrid_score_50_50,20
27,test,000858.SZ,五粮液,7.22805768203669,0.9961376404494382,5,0.05,hybrid_score_50_50_top20,hybrid_score_50_50,20
27,test,002304.SZ,洋河股份,0.671140939597303,0.9957865168539326,6,0.05,hybrid_score_50_50_top20,hybrid_score_50_50,20
27,test,000792.SZ,盐湖股份,-4.94344365312108,0.992626404494382,7,0.05,hybrid_score_50_50_top20,hybrid_score_50_50,20
27,test,600436.SH,片仔癀,8.40285606914692,0.9919241573033708,8,0.05,hybrid_score_50_50_top20,hybrid_score_50_50,20
27,test,000596.SZ,古井贡酒,-2.92780505546464,0.9905196629213484,9,0.05,hybrid_score_50_50_top20,hybrid_score_50_50,20
27,test,600438.SH,通威股份,-19.591496456857,0.9905196629213484,10,0.05,hybrid_score_50_50_top20,hybrid_score_50_50,20
27,test,601012.SH,隆基绿能,-15.6150159744409,0.9894662921348314,11,0.05,hybrid_score_50_50_top20,hybrid_score_50_50,20
27,test,601633.SH,长城汽车,5.40925266903916,0.9894662921348314,12,0.05,hybrid_score_50_50_top20,hybrid_score_50_50,20
27,test,000651.SZ,格力电器,-0.706605222734247,0.9887640449438202,13,0.05,hybrid_score_50_50_top20,hybrid_score_50_50,20
27,test,002371.SZ,北方华创,-22.7842895332099,0.9887640449438202,14,0.05,hybrid_score_50_50_top20,hybrid_score_50_50,20
27,test,002415.SZ,海康威视,14.0414337389017,0.9877106741573034,15,0.05,hybrid_score_50_50_top20,hybrid_score_50_50,20
27,test,300124.SZ,汇川技术,20.6597222222222,0.9877106741573034,16,0.05,hybrid_score_50_50_top20,hybrid_score_50_50,20
27,test,000333.SZ,美的集团,2.57425742574258,0.9873595505617978,17,0.05,hybrid_score_50_50_top20,hybrid_score_50_50,20
27,test,002129.SZ,TCL中环,-16.7734806629834,0.9866573033707865,18,0.05,hybrid_score_50_50_top20,hybrid_score_50_50,20
27,test,600809.SH,山西汾酒,-6.33955567240698,0.9866573033707865,19,0.05,hybrid_score_50_50_top20,hybrid_score_50_50,20
27,test,002493.SZ,荣盛石化,-10.4151493080845,0.9859550561797753,20,0.05,hybrid_score_50_50_top20,hybrid_score_50_50,20
28,test,000725.SZ,京东方A,31.3609467455622,0.9929775280898876,1,0.05,hybrid_score_50_50_top20,hybrid_score_50_50,20
28,test,002432.SZ,九安医疗,-13.5785560555664,0.9483848314606742,2,0.05,hybrid_score_50_50_top20,hybrid_score_50_50,20
28,test,000893.SZ,亚钾国际,0.551876379690941,0.9441713483146067,3,0.05,hybrid_score_50_50_top20,hybrid_score_50_50,20
28,test,000423.SZ,东阿阿胶,30.1965601965602,0.9385533707865168,4,0.05,hybrid_score_50_50_top20,hybrid_score_50_50,20
28,test,600566.SH,济川药业,4.62894930198383,0.9364466292134832,5,0.05,hybrid_score_50_50_top20,hybrid_score_50_50,20
28,test,002030.SZ,达安基因,3.53470437017995,0.9245084269662922,6,0.05,hybrid_score_50_50_top20,hybrid_score_50_50,20
28,test,000408.SZ,藏格矿业,-6.96958028494415,0.9220505617977528,7,0.05,hybrid_score_50_50_top20,hybrid_score_50_50,20
28,test,000623.SZ,吉林敖东,2.13475650433623,0.9199438202247191,8,0.05,hybrid_score_50_50_top20,hybrid_score_50_50,20
28,test,000100.SZ,TCL科技,19.0860215053763,0.9125702247191012,9,0.05,hybrid_score_50_50_top20,hybrid_score_50_50,20
28,test,002038.SZ,双鹭药业,4.74452554744522,0.9094101123595506,10,0.05,hybrid_score_50_50_top20,hybrid_score_50_50,20
28,test,300039.SZ,上海凯宝,-7.07196029776677,0.90625,11,0.05,hybrid_score_50_50_top20,hybrid_score_50_50,20
28,test,600211.SH,西藏药业,47.5779510022272,0.9055477528089888,12,0.05,hybrid_score_50_50_top20,hybrid_score_50_50,20
28,test,000915.SZ,华特达因,-20.4175824175824,0.9030898876404494,13,0.05,hybrid_score_50_50_top20,hybrid_score_50_50,20
28,test,002507.SZ,涪陵榨菜,-1.70741171905316,0.8999297752808989,14,0.05,hybrid_score_50_50_top20,hybrid_score_50_50,20
28,test,600080.SH,金花股份,1.79257362355953,0.8999297752808989,15,0.05,hybrid_score_50_50_top20,hybrid_score_50_50,20
28,test,300390.SZ,天华新能,-8.39298496778813,0.8978230337078652,16,0.05,hybrid_score_50_50_top20,hybrid_score_50_50,20
28,test,600535.SH,天士力,39.8698884758365,0.8978230337078652,17,0.05,hybrid_score_50_50_top20,hybrid_score_50_50,20
28,test,600867.SH,通化东宝,28.9760348583878,0.897120786516854,18,0.05,hybrid_score_50_50_top20,hybrid_score_50_50,20
28,test,600252.SH,中恒集团,2.28136882129277,0.8939606741573034,19,0.05,hybrid_score_50_50_top20,hybrid_score_50_50,20
28,test,002737.SZ,葵花药业,-5.04745470232958,0.8922050561797753,20,0.05,hybrid_score_50_50_top20,hybrid_score_50_50,20
29,test,600809.SH,山西汾酒,-31.3340433623405,1.0,1,0.05,hybrid_score_50_50_top20,hybrid_score_50_50,20
29,test,000568.SZ,泸州老窖,-17.3554696742645,0.9989466292134832,2,0.05,hybrid_score_50_50_top20,hybrid_score_50_50,20
29,test,600519.SH,贵州茅台,-4.08049868791905,0.9989466292134832,3,0.05,hybrid_score_50_50_top20,hybrid_score_50_50,20
29,test,000858.SZ,五粮液,-14.2943410513453,0.997191011235955,4,0.05,hybrid_score_50_50_top20,hybrid_score_50_50,20
29,test,600436.SH,片仔癀,1.72646536412078,0.9968398876404494,5,0.05,hybrid_score_50_50_top20,hybrid_score_50_50,20
29,test,600276.SH,恒瑞医药,11.3740365777554,0.9961376404494382,6,0.05,hybrid_score_50_50_top20,hybrid_score_50_50,20
29,test,000596.SZ,古井贡酒,-12.2330234868374,0.9957865168539326,7,0.05,hybrid_score_50_50_top20,hybrid_score_50_50,20
29,test,002304.SZ,洋河股份,-20.3438522924149,0.9943820224719101,8,0.05,hybrid_score_50_50_top20,hybrid_score_50_50,20
29,test,603288.SH,海天味业,-24.0156299099651,0.9943820224719101,9,0.05,hybrid_score_50_50_top20,hybrid_score_50_50,20
29,test,000792.SZ,盐湖股份,-14.1129032258064,0.9936797752808989,10,0.05,hybrid_score_50_50_top20,hybrid_score_50_50,20
29,test,002415.SZ,海康威视,-21.0854404211959,0.9919241573033708,11,0.05,hybrid_score_50_50_top20,hybrid_score_50_50,20
29,test,300124.SZ,汇川技术,-7.38451059256517,0.9919241573033708,12,0.05,hybrid_score_50_50_top20,hybrid_score_50_50,20
29,test,600438.SH,通威股份,-3.9415657309497,0.9912219101123596,13,0.05,hybrid_score_50_50_top20,hybrid_score_50_50,20
29,test,300122.SZ,智飞生物,-19.4214340371574,0.9894662921348315,14,0.05,hybrid_score_50_50_top20,hybrid_score_50_50,20
29,test,002371.SZ,北方华创,16.8389303711333,0.9891151685393258,15,0.05,hybrid_score_50_50_top20,hybrid_score_50_50,20
29,test,300274.SZ,阳光电源,11.71382108246,0.9891151685393258,16,0.05,hybrid_score_50_50_top20,hybrid_score_50_50,20
29,test,002594.SZ,比亚迪,4.2672587807832,0.988061797752809,17,0.05,hybrid_score_50_50_top20,hybrid_score_50_50,20
29,test,002466.SZ,天齐锂业,-3.08065015854772,0.9856039325842696,18,0.05,hybrid_score_50_50_top20,hybrid_score_50_50,20
29,test,600887.SH,伊利股份,2.23308064445511,0.9856039325842696,19,0.05,hybrid_score_50_50_top20,hybrid_score_50_50,20
29,test,002475.SZ,立讯精密,7.94028482666009,0.985252808988764,20,0.05,hybrid_score_50_50_top20,hybrid_score_50_50,20
30,test,600150.SH,中国船舶,-14.3880811884086,0.9957865168539326,1,0.05,hybrid_score_50_50_top20,hybrid_score_50_50,20
30,test,000876.SZ,新希望,-5.90248075278016,0.965941011235955,2,0.05,hybrid_score_50_50_top20,hybrid_score_50_50,20
30,test,000800.SZ,一汽解放,3.82775119617227,0.9469803370786517,3,0.05,hybrid_score_50_50_top20,hybrid_score_50_50,20
30,test,000066.SZ,中国长城,-25.2805131651989,0.9445224719101124,4,0.05,hybrid_score_50_50_top20,hybrid_score_50_50,20
30,test,000709.SZ,河钢股份,3.17348408506539,0.9350421348314606,5,0.05,hybrid_score_50_50_top20,hybrid_score_50_50,20
30,test,000959.SZ,首钢股份,9.5100864553314,0.9336376404494382,6,0.05,hybrid_score_50_50_top20,hybrid_score_50_50,20
30,test,000301.SZ,东方盛虹,0.260416666666674,0.922752808988764,7,0.05,hybrid_score_50_50_top20,hybrid_score_50_50,20
30,test,002074.SZ,国轩高科,-13.6904761904762,0.9224016853932584,8,0.05,hybrid_score_50_50_top20,hybrid_score_50_50,20
30,test,600550.SH,保变电气,-6.73267326732673,0.9178370786516854,9,0.05,hybrid_score_50_50_top20,hybrid_score_50_50,20
30,test,600872.SH,中炬高新,-6.14130434782608,0.9160814606741573,10,0.05,hybrid_score_50_50_top20,hybrid_score_50_50,20
30,test,002385.SZ,大北农,3.84615384615383,0.9150280898876404,11,0.05,hybrid_score_50_50_top20,hybrid_score_50_50,20
30,test,601106.SH,中国一重,-8.8757396449704,0.9097612359550562,12,0.05,hybrid_score_50_50_top20,hybrid_score_50_50,20
30,test,601113.SH,华鼎股份,9.40438871473355,0.9041432584269663,13,0.05,hybrid_score_50_50_top20,hybrid_score_50_50,20
30,test,601608.SH,中信重工,-10.2268830327303,0.9013342696629214,14,0.05,hybrid_score_50_50_top20,hybrid_score_50_50,20
30,test,002436.SZ,兴森科技,-16.9952413324269,0.894311797752809,15,0.05,hybrid_score_50_50_top20,hybrid_score_50_50,20
30,test,600699.SH,均胜电子,-0.571102227298692,0.8865870786516854,16,0.05,hybrid_score_50_50_top20,hybrid_score_50_50,20
30,test,300207.SZ,欣旺达,5.88972431077692,0.8862359550561798,17,0.05,hybrid_score_50_50_top20,hybrid_score_50_50,20
30,test,600707.SH,彩虹股份,30.7017543859649,0.8844803370786517,18,0.05,hybrid_score_50_50_top20,hybrid_score_50_50,20
30,test,000581.SZ,威孚高科,7.90487890421796,0.8813202247191012,19,0.05,hybrid_score_50_50_top20,hybrid_score_50_50,20
30,test,000519.SZ,中兵红箭,-17.5879396984925,0.8788623595505618,20,0.05,hybrid_score_50_50_top20,hybrid_score_50_50,20
13,train,600421.SH,华嵘控股,-29.1139240506329,0.9996488764044944,1,0.03333333333333333,hybrid_score_50_50_top30,hybrid_score_50_50,30
13,train,000017.SZ,深中华A,-16.9144981412639,0.9982443820224719,2,0.03333333333333333,hybrid_score_50_50_top30,hybrid_score_50_50,30
13,train,002248.SZ,华东数控,-7.32177263969174,0.9982443820224719,3,0.03333333333333333,hybrid_score_50_50_top30,hybrid_score_50_50,30
13,train,600610.SH,中毅达,-21.256038647343,0.9982443820224719,4,0.03333333333333333,hybrid_score_50_50_top30,hybrid_score_50_50,30
13,train,600234.SH,*ST科新,-9.20398009950247,0.9978932584269663,5,0.03333333333333333,hybrid_score_50_50_top30,hybrid_score_50_50,30
13,train,600800.SH,渤海化学,-24.5635910224439,0.9964887640449438,6,0.03333333333333333,hybrid_score_50_50_top30,hybrid_score_50_50,30
13,train,600319.SH,亚星化学,-16.5261382799325,0.9950842696629213,7,0.03333333333333333,hybrid_score_50_50_top30,hybrid_score_50_50,30
13,train,600678.SH,四川金顶,-16.0283687943262,0.9947331460674158,8,0.03333333333333333,hybrid_score_50_50_top30,hybrid_score_50_50,30
13,train,000422.SZ,湖北宜化,-28.4090909090909,0.9936797752808988,9,0.03333333333333333,hybrid_score_50_50_top30,hybrid_score_50_50,30
13,train,300122.SZ,智飞生物,-14.6393882517423,0.9915730337078652,10,0.03333333333333333,hybrid_score_50_50_top30,hybrid_score_50_50,30
13,train,000670.SZ,盈方微,-61.4864864864865,0.9912219101123596,11,0.03333333333333333,hybrid_score_50_50_top30,hybrid_score_50_50,30
13,train,000677.SZ,恒天海龙,-27.2727272727273,0.9912219101123596,12,0.03333333333333333,hybrid_score_50_50_top30,hybrid_score_50_50,30
13,train,000691.SZ,亚太实业,-21.7898832684825,0.988061797752809,13,0.03333333333333333,hybrid_score_50_50_top30,hybrid_score_50_50,30
13,train,300176.SZ,派生科技,-72.0,0.988061797752809,14,0.03333333333333333,hybrid_score_50_50_top30,hybrid_score_50_50,30
13,train,300111.SZ,向日葵,-7.77385159010601,0.9877106741573034,15,0.03333333333333333,hybrid_score_50_50_top30,hybrid_score_50_50,30
13,train,000020.SZ,深华发A,-12.64,0.9856039325842696,16,0.03333333333333333,hybrid_score_50_50_top30,hybrid_score_50_50,30
13,train,000633.SZ,合金投资,-13.8225255972696,0.9856039325842696,17,0.03333333333333333,hybrid_score_50_50_top30,hybrid_score_50_50,30
13,train,300357.SZ,我武生物,28.7125508458193,0.9856039325842696,18,0.03333333333333333,hybrid_score_50_50_top30,hybrid_score_50_50,30
13,train,600764.SH,中国海防,-17.6366322008863,0.9849016853932584,19,0.03333333333333333,hybrid_score_50_50_top30,hybrid_score_50_50,30
13,train,600276.SH,恒瑞医药,0.886579027820233,0.9827949438202247,20,0.03333333333333333,hybrid_score_50_50_top30,hybrid_score_50_50,30
13,train,000403.SZ,派林生物,-6.64335664335665,0.9820926966292135,21,0.03333333333333333,hybrid_score_50_50_top30,hybrid_score_50_50,30
13,train,002058.SZ,威尔泰,0.807043286867204,0.9817415730337079,22,0.03333333333333333,hybrid_score_50_50_top30,hybrid_score_50_50,30
13,train,600132.SH,重庆啤酒,35.8971891051752,0.9810393258426966,23,0.03333333333333333,hybrid_score_50_50_top30,hybrid_score_50_50,30
13,train,000622.SZ,*ST恒立,-17.9216867469879,0.9792837078651686,24,0.03333333333333333,hybrid_score_50_50_top30,hybrid_score_50_50,30
13,train,600725.SH,云维股份,10.2112676056338,0.9792837078651686,25,0.03333333333333333,hybrid_score_50_50_top30,hybrid_score_50_50,30
13,train,600779.SH,水井坊,13.2100690576966,0.9792837078651685,26,0.03333333333333333,hybrid_score_50_50_top30,hybrid_score_50_50,30
13,train,603288.SH,海天味业,22.463346837386,0.9789325842696629,27,0.03333333333333333,hybrid_score_50_50_top30,hybrid_score_50_50,30
13,train,300116.SZ,*ST保力(退市),-11.3989637305699,0.9768258426966292,28,0.03333333333333333,hybrid_score_50_50_top30,hybrid_score_50_50,30
13,train,600776.SH,东方通信,-18.4238551650692,0.9768258426966292,29,0.03333333333333333,hybrid_score_50_50_top30,hybrid_score_50_50,30
13,train,000856.SZ,冀东装备,-33.2280147446024,0.9764747191011236,30,0.03333333333333333,hybrid_score_50_50_top30,hybrid_score_50_50,30
14,train,600883.SH,博闻科技,-8.53146853146852,0.9992977528089888,1,0.03333333333333333,hybrid_score_50_50_top30,hybrid_score_50_50,30
14,train,002625.SZ,光启技术,-3.55220667384283,0.997191011235955,2,0.03333333333333333,hybrid_score_50_50_top30,hybrid_score_50_50,30
14,train,002248.SZ,华东数控,-19.1268191268191,0.9964887640449438,3,0.03333333333333333,hybrid_score_50_50_top30,hybrid_score_50_50,30
14,train,000820.SZ,神雾节能,-33.7552742616034,0.9961376404494382,4,0.03333333333333333,hybrid_score_50_50_top30,hybrid_score_50_50,30
14,train,600345.SH,长江通信,-13.9422435645043,0.995435393258427,5,0.03333333333333333,hybrid_score_50_50_top30,hybrid_score_50_50,30
14,train,600191.SH,华资实业,-5.44464609800363,0.9950842696629214,6,0.03333333333333333,hybrid_score_50_50_top30,hybrid_score_50_50,30
14,train,600610.SH,中毅达,0.0,0.9947331460674158,7,0.03333333333333333,hybrid_score_50_50_top30,hybrid_score_50_50,30
14,train,600800.SH,渤海化学,-10.2479338842975,0.9933286516853932,8,0.03333333333333333,hybrid_score_50_50_top30,hybrid_score_50_50,30
14,train,000670.SZ,盈方微,3.94736842105263,0.992626404494382,9,0.03333333333333333,hybrid_score_50_50_top30,hybrid_score_50_50,30
14,train,000691.SZ,亚太实业,-4.97512437810944,0.9915730337078652,10,0.03333333333333333,hybrid_score_50_50_top30,hybrid_score_50_50,30
14,train,300125.SZ,ST聆达,0.207325501036615,0.9915730337078652,11,0.03333333333333333,hybrid_score_50_50_top30,hybrid_score_50_50,30
14,train,600615.SH,丰华股份,19.8047419804742,0.9915730337078652,12,0.03333333333333333,hybrid_score_50_50_top30,hybrid_score_50_50,30
14,train,600421.SH,华嵘控股,-24.5039682539683,0.990870786516854,13,0.03333333333333333,hybrid_score_50_50_top30,hybrid_score_50_50,30
14,train,300345.SZ,华民股份,13.941018766756,0.9859550561797753,14,0.03333333333333333,hybrid_score_50_50_top30,hybrid_score_50_50,30
14,train,300076.SZ,GQY视讯,-0.184501845018448,0.9859550561797752,15,0.03333333333333333,hybrid_score_50_50_top30,hybrid_score_50_50,30
14,train,000633.SZ,合金投资,-18.4158415841584,0.9856039325842696,16,0.03333333333333333,hybrid_score_50_50_top30,hybrid_score_50_50,30
14,train,600817.SH,宇通重工,-10.1591187270502,0.9845505617977528,17,0.03333333333333333,hybrid_score_50_50_top30,hybrid_score_50_50,30
14,train,002387.SZ,维信诺,30.0383141762452,0.9813904494382022,18,0.03333333333333333,hybrid_score_50_50_top30,hybrid_score_50_50,30
14,train,600302.SH,标准股份,-16.1410018552876,0.9813904494382022,19,0.03333333333333333,hybrid_score_50_50_top30,hybrid_score_50_50,30
14,train,002199.SZ,东晶电子,-7.52908966461328,0.9785814606741573,20,0.03333333333333333,hybrid_score_50_50_top30,hybrid_score_50_50,30
14,train,002297.SZ,博云新材,-14.7741147741148,0.9775280898876404,21,0.03333333333333333,hybrid_score_50_50_top30,hybrid_score_50_50,30
14,train,000622.SZ,*ST恒立,-15.045871559633,0.9771769662921348,22,0.03333333333333333,hybrid_score_50_50_top30,hybrid_score_50_50,30
14,train,002665.SZ,ST航高(退市),-6.48967551622419,0.973314606741573,23,0.03333333333333333,hybrid_score_50_50_top30,hybrid_score_50_50,30
14,train,600171.SH,上海贝岭,-7.07692307692308,0.9712078651685393,24,0.03333333333333333,hybrid_score_50_50_top30,hybrid_score_50_50,30
14,train,002575.SZ,群兴玩具,7.10227272727273,0.9705056179775281,25,0.03333333333333333,hybrid_score_50_50_top30,hybrid_score_50_50,30
14,train,002255.SZ,海陆重工,-5.6179775280899,0.9701544943820225,26,0.03333333333333333,hybrid_score_50_50_top30,hybrid_score_50_50,30
14,train,002151.SZ,北斗星通,-4.90744726646578,0.96875,27,0.03333333333333333,hybrid_score_50_50_top30,hybrid_score_50_50,30
14,train,600381.SH,ST春天,-12.3152709359606,0.9680477528089888,28,0.03333333333333333,hybrid_score_50_50_top30,hybrid_score_50_50,30
14,train,002141.SZ,*ST贤丰,-2.73972602739726,0.9638342696629214,29,0.03333333333333333,hybrid_score_50_50_top30,hybrid_score_50_50,30
14,train,002459.SZ,晶澳科技,-4.35126582278482,0.9631320224719101,30,0.03333333333333333,hybrid_score_50_50_top30,hybrid_score_50_50,30
15,train,002625.SZ,光启技术,3.27313769751694,0.9933286516853932,1,0.03333333333333333,hybrid_score_50_50_top30,hybrid_score_50_50,30
15,train,600883.SH,博闻科技,12.1879588839941,0.9877106741573034,2,0.03333333333333333,hybrid_score_50_50_top30,hybrid_score_50_50,30
15,train,600732.SH,爱旭股份,-2.86783042394015,0.9873595505617978,3,0.03333333333333333,hybrid_score_50_50_top30,hybrid_score_50_50,30
15,train,600421.SH,华嵘控股,12.551724137931,0.9859550561797753,4,0.03333333333333333,hybrid_score_50_50_top30,hybrid_score_50_50,30
15,train,600615.SH,丰华股份,21.443736730361,0.9789325842696629,5,0.03333333333333333,hybrid_score_50_50_top30,hybrid_score_50_50,30
15,train,300077.SZ,国民技术,-5.20504731861199,0.9655898876404494,6,0.03333333333333333,hybrid_score_50_50_top30,hybrid_score_50_50,30
15,train,300076.SZ,GQY视讯,1.03806228373702,0.9648876404494382,7,0.03333333333333333,hybrid_score_50_50_top30,hybrid_score_50_50,30
15,train,002501.SZ,利源股份,33.0769230769231,0.9603230337078652,8,0.03333333333333333,hybrid_score_50_50_top30,hybrid_score_50_50,30
15,train,002665.SZ,ST航高(退市),3.38461538461539,0.956811797752809,9,0.03333333333333333,hybrid_score_50_50_top30,hybrid_score_50_50,30
15,train,300411.SZ,金盾股份,-4.15045395590145,0.9533005617977528,10,0.03333333333333333,hybrid_score_50_50_top30,hybrid_score_50_50,30
15,train,000536.SZ,华映科技,-2.52707581227436,0.9445224719101124,11,0.03333333333333333,hybrid_score_50_50_top30,hybrid_score_50_50,30
15,train,600191.SH,华资实业,-1.70132325141776,0.9427668539325842,12,0.03333333333333333,hybrid_score_50_50_top30,hybrid_score_50_50,30
15,train,000663.SZ,永安林业,-13.9784946236559,0.9413623595505618,13,0.03333333333333333,hybrid_score_50_50_top30,hybrid_score_50_50,30
15,train,300173.SZ,福能东方,66.5914221218962,0.9396067415730337,14,0.03333333333333333,hybrid_score_50_50_top30,hybrid_score_50_50,30
15,train,600331.SH,宏达股份,4.7808764940239,0.9396067415730337,15,0.03333333333333333,hybrid_score_50_50_top30,hybrid_score_50_50,30
15,train,300256.SZ,星星科技,54.4757033248082,0.9231039325842696,16,0.03333333333333333,hybrid_score_50_50_top30,hybrid_score_50_50,30
15,train,000893.SZ,亚钾国际,-17.8378378378378,0.9125702247191011,17,0.03333333333333333,hybrid_score_50_50_top30,hybrid_score_50_50,30
15,train,300099.SZ,尤洛卡,-8.56720827178729,0.9118679775280899,18,0.03333333333333333,hybrid_score_50_50_top30,hybrid_score_50_50,30
15,train,002420.SZ,毅昌科技,20.3030303030303,0.9115168539325843,19,0.03333333333333333,hybrid_score_50_50_top30,hybrid_score_50_50,30
15,train,300083.SZ,创世纪,23.1481481481481,0.909058988764045,20,0.03333333333333333,hybrid_score_50_50_top30,hybrid_score_50_50,30
15,train,600416.SH,湘电股份,3.77906976744184,0.9048455056179776,21,0.03333333333333333,hybrid_score_50_50_top30,hybrid_score_50_50,30
15,train,002577.SZ,雷柏科技,30.7222787385554,0.9027387640449438,22,0.03333333333333333,hybrid_score_50_50_top30,hybrid_score_50_50,30
15,train,300317.SZ,珈伟新能,7.38255033557047,0.901685393258427,23,0.03333333333333333,hybrid_score_50_50_top30,hybrid_score_50_50,30
15,train,300221.SZ,银禧科技,4.96323529411764,0.8971207865168539,24,0.03333333333333333,hybrid_score_50_50_top30,hybrid_score_50_50,30
15,train,000533.SZ,顺钠股份,7.84313725490198,0.8950140449438202,25,0.03333333333333333,hybrid_score_50_50_top30,hybrid_score_50_50,30
15,train,600961.SH,株冶集团,-8.78155872667397,0.891502808988764,26,0.03333333333333333,hybrid_score_50_50_top30,hybrid_score_50_50,30
15,train,300279.SZ,和晶科技,9.09090909090908,0.8893960674157304,27,0.03333333333333333,hybrid_score_50_50_top30,hybrid_score_50_50,30
15,train,002611.SZ,东方精工,-11.2734864300626,0.8876404494382022,28,0.03333333333333333,hybrid_score_50_50_top30,hybrid_score_50_50,30
15,train,002102.SZ,能特科技,3.75586854460093,0.8855337078651686,29,0.03333333333333333,hybrid_score_50_50_top30,hybrid_score_50_50,30
15,train,002176.SZ,江特电机,-6.23441396508728,0.8855337078651686,30,0.03333333333333333,hybrid_score_50_50_top30,hybrid_score_50_50,30
16,train,300049.SZ,福瑞股份,-0.26666666666666,0.9691011235955056,1,0.03333333333333333,hybrid_score_50_50_top30,hybrid_score_50_50,30
16,train,600211.SH,西藏药业,19.1584316225693,0.9662921348314607,2,0.03333333333333333,hybrid_score_50_50_top30,hybrid_score_50_50,30
16,train,600594.SH,益佰制药,1.86721991701244,0.9648876404494382,3,0.03333333333333333,hybrid_score_50_50_top30,hybrid_score_50_50,30
16,train,300199.SZ,翰宇药业,14.2355008787346,0.9631320224719101,4,0.03333333333333333,hybrid_score_50_50_top30,hybrid_score_50_50,30
16,train,300039.SZ,上海凯宝,11.6666666666667,0.9599719101123596,5,0.03333333333333333,hybrid_score_50_50_top30,hybrid_score_50_50,30
16,train,002566.SZ,益盛药业,11.890243902439,0.9582162921348314,6,0.03333333333333333,hybrid_score_50_50_top30,hybrid_score_50_50,30
16,train,600080.SH,金花股份,2.52951096121417,0.9575140449438202,7,0.03333333333333333,hybrid_score_50_50_top30,hybrid_score_50_50,30
16,train,600351.SH,亚宝药业,-12.9824561403509,0.9575140449438202,8,0.03333333333333333,hybrid_score_50_50_top30,hybrid_score_50_50,30
16,train,600557.SH,康缘药业,-6.47181628392485,0.9575140449438202,9,0.03333333333333333,hybrid_score_50_50_top30,hybrid_score_50_50,30
16,train,002724.SZ,海洋王,-9.68188105117566,0.956811797752809,10,0.03333333333333333,hybrid_score_50_50_top30,hybrid_score_50_50,30
16,train,002437.SZ,誉衡药业,-12.2033898305085,0.9557584269662921,11,0.03333333333333333,hybrid_score_50_50_top30,hybrid_score_50_50,30
16,train,002581.SZ,未名医药,74.0121580547112,0.9554073033707866,12,0.03333333333333333,hybrid_score_50_50_top30,hybrid_score_50_50,30
16,train,002393.SZ,力生制药,-9.49177877429,0.9508426966292135,13,0.03333333333333333,hybrid_score_50_50_top30,hybrid_score_50_50,30
16,train,002622.SZ,皓宸医疗,-8.00000000000001,0.9480337078651686,14,0.03333333333333333,hybrid_score_50_50_top30,hybrid_score_50_50,30
16,train,002038.SZ,双鹭药业,-5.90551181102362,0.946629213483146,15,0.03333333333333333,hybrid_score_50_50_top30,hybrid_score_50_50,30
16,train,300255.SZ,常山药业,-2.43902439024389,0.9445224719101124,16,0.03333333333333333,hybrid_score_50_50_top30,hybrid_score_50_50,30
16,train,000766.SZ,通化金马,-13.7557959814529,0.9410112359550562,17,0.03333333333333333,hybrid_score_50_50_top30,hybrid_score_50_50,30
16,train,000813.SZ,德展健康,-14.88,0.940308988764045,18,0.03333333333333333,hybrid_score_50_50_top30,hybrid_score_50_50,30
16,train,300006.SZ,莱美药业,-14.7163120567376,0.9350421348314607,19,0.03333333333333333,hybrid_score_50_50_top30,hybrid_score_50_50,30
16,train,300137.SZ,先河环保,-6.91003911342895,0.9339887640449438,20,0.03333333333333333,hybrid_score_50_50_top30,hybrid_score_50_50,30
16,train,300204.SZ,舒泰神,1.18289353958143,0.9297752808988764,21,0.03333333333333333,hybrid_score_50_50_top30,hybrid_score_50_50,30
16,train,002154.SZ,报喜鸟,-5.81039755351681,0.9262640449438202,22,0.03333333333333333,hybrid_score_50_50_top30,hybrid_score_50_50,30
16,train,300194.SZ,福安药业,8.68761552680222,0.925561797752809,23,0.03333333333333333,hybrid_score_50_50_top30,hybrid_score_50_50,30
16,train,600613.SH,神奇制药,0.0,0.925561797752809,24,0.03333333333333333,hybrid_score_50_50_top30,hybrid_score_50_50,30
16,train,603518.SH,锦泓集团,-1.98019801980199,0.925561797752809,25,0.03333333333333333,hybrid_score_50_50_top30,hybrid_score_50_50,30
16,train,002294.SZ,信立泰,-11.4328507239141,0.9248595505617978,26,0.03333333333333333,hybrid_score_50_50_top30,hybrid_score_50_50,30
16,train,300026.SZ,红日药业,42.6086956521739,0.9245084269662922,27,0.03333333333333333,hybrid_score_50_50_top30,hybrid_score_50_50,30
16,train,000566.SZ,海南海药,41.5672913117547,0.9241573033707866,28,0.03333333333333333,hybrid_score_50_50_top30,hybrid_score_50_50,30
16,train,300181.SZ,佐力药业,11.491935483871,0.9241573033707865,29,0.03333333333333333,hybrid_score_50_50_top30,hybrid_score_50_50,30
16,train,600750.SH,江中药业,-6.7315490673155,0.9241573033707865,30,0.03333333333333333,hybrid_score_50_50_top30,hybrid_score_50_50,30
17,train,600877.SH,电科芯片,-21.8967921896792,0.9943820224719102,1,0.03333333333333333,hybrid_score_50_50_top30,hybrid_score_50_50,30
17,train,000422.SZ,湖北宜化,0.393700787401574,0.9841994382022472,2,0.03333333333333333,hybrid_score_50_50_top30,hybrid_score_50_50,30
17,train,600779.SH,水井坊,44.7923915564834,0.983497191011236,3,0.03333333333333333,hybrid_score_50_50_top30,hybrid_score_50_50,30
17,train,603288.SH,海天味业,30.7746283364851,0.9831460674157304,4,0.03333333333333333,hybrid_score_50_50_top30,hybrid_score_50_50,30
17,train,002690.SZ,美亚光电,41.1146912035334,0.9817415730337078,5,0.03333333333333333,hybrid_score_50_50_top30,hybrid_score_50_50,30
17,train,600678.SH,四川金顶,-20.1079622132254,0.9817415730337078,6,0.03333333333333333,hybrid_score_50_50_top30,hybrid_score_50_50,30
17,train,300357.SZ,我武生物,47.6331366989705,0.977879213483146,7,0.03333333333333333,hybrid_score_50_50_top30,hybrid_score_50_50,30
17,train,000403.SZ,派林生物,93.3489827856025,0.9775280898876404,8,0.03333333333333333,hybrid_score_50_50_top30,hybrid_score_50_50,30
17,train,600234.SH,*ST科新,-6.55567117585847,0.9768258426966292,9,0.03333333333333333,hybrid_score_50_50_top30,hybrid_score_50_50,30
17,train,300122.SZ,智飞生物,48.9440809042237,0.9764747191011236,10,0.03333333333333333,hybrid_score_50_50_top30,hybrid_score_50_50,30
17,train,600817.SH,宇通重工,-1.7989417989418,0.973314606741573,11,0.03333333333333333,hybrid_score_50_50_top30,hybrid_score_50_50,30
17,train,002594.SZ,比亚迪,31.069733479372,0.9683988764044944,12,0.03333333333333333,hybrid_score_50_50_top30,hybrid_score_50_50,30
17,train,600132.SH,重庆啤酒,64.4893354087876,0.9676966292134832,13,0.03333333333333333,hybrid_score_50_50_top30,hybrid_score_50_50,30
17,train,600696.SH,岩石股份,-26.0580912863071,0.9652387640449438,14,0.03333333333333333,hybrid_score_50_50_top30,hybrid_score_50_50,30
17,train,300116.SZ,*ST保力(退市),-18.6813186813187,0.956811797752809,15,0.03333333333333333,hybrid_score_50_50_top30,hybrid_score_50_50,30
17,train,600276.SH,恒瑞医药,22.1520647457205,0.9543539325842697,16,0.03333333333333333,hybrid_score_50_50_top30,hybrid_score_50_50,30
17,train,603019.SH,中科曙光,19.7398743168307,0.9536516853932584,17,0.03333333333333333,hybrid_score_50_50_top30,hybrid_score_50_50,30
17,train,300236.SZ,上海新阳,15.7671549730146,0.9525983146067416,18,0.03333333333333333,hybrid_score_50_50_top30,hybrid_score_50_50,30
17,train,600161.SH,天坛生物,28.1232334652346,0.9487359550561798,19,0.03333333333333333,hybrid_score_50_50_top30,hybrid_score_50_50,30
17,train,600872.SH,中炬高新,32.9146036740913,0.9483848314606742,20,0.03333333333333333,hybrid_score_50_50_top30,hybrid_score_50_50,30
17,train,000677.SZ,恒天海龙,-6.74846625766869,0.9476825842696629,21,0.03333333333333333,hybrid_score_50_50_top30,hybrid_score_50_50,30
17,train,000895.SZ,双汇发展,26.0670308433915,0.9452247191011236,22,0.03333333333333333,hybrid_score_50_50_top30,hybrid_score_50_50,30
17,train,002032.SZ,苏泊尔,6.45148181371622,0.9427668539325842,23,0.03333333333333333,hybrid_score_50_50_top30,hybrid_score_50_50,30
17,train,600609.SH,金杯汽车,75.0,0.9427668539325842,24,0.03333333333333333,hybrid_score_50_50_top30,hybrid_score_50_50,30
17,train,002179.SZ,中航光电,17.5437374217695,0.942064606741573,25,0.03333333333333333,hybrid_score_50_50_top30,hybrid_score_50_50,30
17,train,002248.SZ,华东数控,-15.8605174353206,0.9396067415730337,26,0.03333333333333333,hybrid_score_50_50_top30,hybrid_score_50_50,30
17,train,600436.SH,片仔癀,37.1334723260174,0.9385533707865169,27,0.03333333333333333,hybrid_score_50_50_top30,hybrid_score_50_50,30
17,train,601100.SH,恒立液压,37.1878207321245,0.9385533707865168,28,0.03333333333333333,hybrid_score_50_50_top30,hybrid_score_50_50,30
17,train,600801.SH,华新水泥,-0.960735171261495,0.9382022471910112,29,0.03333333333333333,hybrid_score_50_50_top30,hybrid_score_50_50,30
17,train,002463.SZ,沪电股份,0.293364776645522,0.9364466292134832,30,0.03333333333333333,hybrid_score_50_50_top30,hybrid_score_50_50,30
18,train,000691.SZ,亚太实业,-2.86806883365202,0.9849016853932584,1,0.03333333333333333,hybrid_score_50_50_top30,hybrid_score_50_50,30
18,train,600234.SH,*ST科新,0.559910414333697,0.9782303370786517,2,0.03333333333333333,hybrid_score_50_50_top30,hybrid_score_50_50,30
18,train,600421.SH,华嵘控股,33.9285714285714,0.9729634831460674,3,0.03333333333333333,hybrid_score_50_50_top30,hybrid_score_50_50,30
18,train,000707.SZ,双环科技,8.29875518672198,0.9708567415730337,4,0.03333333333333333,hybrid_score_50_50_top30,hybrid_score_50_50,30
18,train,300116.SZ,*ST保力(退市),135.374149659864,0.9701544943820224,5,0.03333333333333333,hybrid_score_50_50_top30,hybrid_score_50_50,30
18,train,600186.SH,莲花控股,4.78087649402392,0.9610252808988764,6,0.03333333333333333,hybrid_score_50_50_top30,hybrid_score_50_50,30
18,train,000422.SZ,湖北宜化,-0.393700787401585,0.9599719101123596,7,0.03333333333333333,hybrid_score_50_50_top30,hybrid_score_50_50,30
18,train,600550.SH,保变电气,-7.67634854771786,0.9599719101123596,8,0.03333333333333333,hybrid_score_50_50_top30,hybrid_score_50_50,30
18,train,002248.SZ,华东数控,-4.22919508867667,0.959620786516854,9,0.03333333333333333,hybrid_score_50_50_top30,hybrid_score_50_50,30
18,train,000911.SZ,广农糖业,34.8684210526316,0.9564606741573034,10,0.03333333333333333,hybrid_score_50_50_top30,hybrid_score_50_50,30
18,train,600319.SH,亚星化学,12.9186602870813,0.9564606741573034,11,0.03333333333333333,hybrid_score_50_50_top30,hybrid_score_50_50,30
18,train,000410.SZ,沈阳机床,0.455580865603666,0.9515449438202247,12,0.03333333333333333,hybrid_score_50_50_top30,hybrid_score_50_50,30
18,train,002213.SZ,大为股份,-14.2699115044248,0.9357443820224719,13,0.03333333333333333,hybrid_score_50_50_top30,hybrid_score_50_50,30
18,train,000633.SZ,合金投资,20.0,0.9353932584269663,14,0.03333333333333333,hybrid_score_50_50_top30,hybrid_score_50_50,30
18,train,000017.SZ,深中华A,4.78260869565217,0.9297752808988764,15,0.03333333333333333,hybrid_score_50_50_top30,hybrid_score_50_50,30
18,train,000982.SZ,中银绒业(退市),-7.8740157480315,0.9202949438202247,16,0.03333333333333333,hybrid_score_50_50_top30,hybrid_score_50_50,30
18,train,000868.SZ,安凯客车,-17.1794871794872,0.9171348314606742,17,0.03333333333333333,hybrid_score_50_50_top30,hybrid_score_50_50,30
18,train,300368.SZ,ST汇金,137.112341944862,0.916432584269663,18,0.03333333333333333,hybrid_score_50_50_top30,hybrid_score_50_50,30
18,train,600725.SH,云维股份,-6.13207547169811,0.9143258426966292,19,0.03333333333333333,hybrid_score_50_50_top30,hybrid_score_50_50,30
18,train,600213.SH,*ST亚星,0.0,0.9097612359550562,20,0.03333333333333333,hybrid_score_50_50_top30,hybrid_score_50_50,30
18,train,000622.SZ,*ST恒立,2.98102981029811,0.9073033707865168,21,0.03333333333333333,hybrid_score_50_50_top30,hybrid_score_50_50,30
18,train,600733.SH,北汽蓝谷,-8.09968847352024,0.8999297752808988,22,0.03333333333333333,hybrid_score_50_50_top30,hybrid_score_50_50,30
18,train,002515.SZ,金字火腿,-0.481540930979119,0.8974719101123596,23,0.03333333333333333,hybrid_score_50_50_top30,hybrid_score_50_50,30
18,train,000020.SZ,深华发A,16.3950143815916,0.8876404494382022,24,0.03333333333333333,hybrid_score_50_50_top30,hybrid_score_50_50,30
18,train,600423.SH,柳化股份,6.54545454545454,0.8855337078651686,25,0.03333333333333333,hybrid_score_50_50_top30,hybrid_score_50_50,30
18,train,600316.SH,洪都航空,137.645460208367,0.8830758426966292,26,0.03333333333333333,hybrid_score_50_50_top30,hybrid_score_50_50,30
18,train,600883.SH,博闻科技,-16.4179104477612,0.8827247191011236,27,0.03333333333333333,hybrid_score_50_50_top30,hybrid_score_50_50,30
18,train,600127.SH,金健米业,14.6216768916156,0.8742977528089888,28,0.03333333333333333,hybrid_score_50_50_top30,hybrid_score_50_50,30
18,train,002175.SZ,东方智造,-8.33333333333331,0.8718398876404494,29,0.03333333333333333,hybrid_score_50_50_top30,hybrid_score_50_50,30
18,train,600818.SH,中路股份,-21.8458933107536,0.8711376404494382,30,0.03333333333333333,hybrid_score_50_50_top30,hybrid_score_50_50,30
19,train,300122.SZ,智飞生物,9.56296296296295,0.9992977528089888,1,0.03333333333333333,hybrid_score_50_50_top30,hybrid_score_50_50,30
19,train,603288.SH,海天味业,26.6675088428499,0.9992977528089888,2,0.03333333333333333,hybrid_score_50_50_top30,hybrid_score_50_50,30
19,train,600436.SH,片仔癀,13.4767116314584,0.997191011235955,3,0.03333333333333333,hybrid_score_50_50_top30,hybrid_score_50_50,30
19,train,002475.SZ,立讯精密,-1.37082601054481,0.9940308988764045,4,0.03333333333333333,hybrid_score_50_50_top30,hybrid_score_50_50,30
19,train,600809.SH,山西汾酒,90.8124872889974,0.9936797752808989,5,0.03333333333333333,hybrid_score_50_50_top30,hybrid_score_50_50,30
19,train,600276.SH,恒瑞医药,23.9959951051285,0.9908707865168539,6,0.03333333333333333,hybrid_score_50_50_top30,hybrid_score_50_50,30
19,train,600132.SH,重庆啤酒,14.3145354981266,0.9898174157303371,7,0.03333333333333333,hybrid_score_50_50_top30,hybrid_score_50_50,30
19,train,000661.SZ,长春高新,20.9380640642259,0.9891151685393258,8,0.03333333333333333,hybrid_score_50_50_top30,hybrid_score_50_50,30
19,train,600519.SH,贵州茅台,20.9223506627126,0.9873595505617978,9,0.03333333333333333,hybrid_score_50_50_top30,hybrid_score_50_50,30
19,train,601100.SH,恒立液压,57.7331099944165,0.9873595505617978,10,0.03333333333333333,hybrid_score_50_50_top30,hybrid_score_50_50,30
19,train,002007.SZ,华兰生物,-23.8232642019838,0.9870084269662921,11,0.03333333333333333,hybrid_score_50_50_top30,hybrid_score_50_50,30
19,train,300116.SZ,*ST保力(退市),-44.1666666666667,0.9845505617977528,12,0.03333333333333333,hybrid_score_50_50_top30,hybrid_score_50_50,30
19,train,601012.SH,隆基绿能,23.1121141987737,0.9841994382022472,13,0.03333333333333333,hybrid_score_50_50_top30,hybrid_score_50_50,30
19,train,000895.SZ,双汇发展,-7.96067823342804,0.9824438202247191,14,0.03333333333333333,hybrid_score_50_50_top30,hybrid_score_50_50,30
19,train,300014.SZ,亿纬锂能,62.5772990225414,0.980688202247191,15,0.03333333333333333,hybrid_score_50_50_top30,hybrid_score_50_50,30
19,train,002049.SZ,紫光国微,13.5041140045805,0.9796348314606742,16,0.03333333333333333,hybrid_score_50_50_top30,hybrid_score_50_50,30
19,train,601777.SH,力帆科技,-14.4665461121157,0.9796348314606742,17,0.03333333333333333,hybrid_score_50_50_top30,hybrid_score_50_50,30
19,train,000858.SZ,五粮液,32.8220998498157,0.9792837078651686,18,0.03333333333333333,hybrid_score_50_50_top30,hybrid_score_50_50,30
19,train,000911.SZ,广农糖业,-8.47255369928402,0.978932584269663,19,0.03333333333333333,hybrid_score_50_50_top30,hybrid_score_50_50,30
19,train,600610.SH,中毅达,10.2620087336244,0.978932584269663,20,0.03333333333333333,hybrid_score_50_50_top30,hybrid_score_50_50,30
19,train,002241.SZ,歌尔股份,-8.16929133858267,0.9782303370786517,21,0.03333333333333333,hybrid_score_50_50_top30,hybrid_score_50_50,30
19,train,300357.SZ,我武生物,40.1937488576129,0.9782303370786517,22,0.03333333333333333,hybrid_score_50_50_top30,hybrid_score_50_50,30
19,train,300124.SZ,汇川技术,65.7193605683836,0.9775280898876404,23,0.03333333333333333,hybrid_score_50_50_top30,hybrid_score_50_50,30
19,train,002371.SZ,北方华创,12.1981501024272,0.9757724719101124,24,0.03333333333333333,hybrid_score_50_50_top30,hybrid_score_50_50,30
19,train,600421.SH,华嵘控股,-35.5807743658211,0.9754213483146068,25,0.03333333333333333,hybrid_score_50_50_top30,hybrid_score_50_50,30
19,train,600779.SH,水井坊,29.2542425657792,0.9754213483146068,26,0.03333333333333333,hybrid_score_50_50_top30,hybrid_score_50_50,30
19,train,300111.SZ,向日葵,-16.6666666666667,0.9750702247191011,27,0.03333333333333333,hybrid_score_50_50_top30,hybrid_score_50_50,30
19,train,600234.SH,*ST科新,3.76106194690267,0.9750702247191011,28,0.03333333333333333,hybrid_score_50_50_top30,hybrid_score_50_50,30
19,train,600319.SH,亚星化学,11.3733905579399,0.9750702247191011,29,0.03333333333333333,hybrid_score_50_50_top30,hybrid_score_50_50,30
19,train,002415.SZ,海康威视,30.3681805966138,0.9740168539325842,30,0.03333333333333333,hybrid_score_50_50_top30,hybrid_score_50_50,30
20,train,000538.SZ,云南白药,7.59821428571428,0.9884129213483146,1,0.03333333333333333,hybrid_score_50_50_top30,hybrid_score_50_50,30
20,train,600690.SH,海尔智家,10.9608540925267,0.9884129213483146,2,0.03333333333333333,hybrid_score_50_50_top30,hybrid_score_50_50,30
20,train,000651.SZ,格力电器,2.33393177737882,0.9877106741573034,3,0.03333333333333333,hybrid_score_50_50_top30,hybrid_score_50_50,30
20,train,600893.SH,航发动力,-16.0405156537753,0.9870084269662922,4,0.03333333333333333,hybrid_score_50_50_top30,hybrid_score_50_50,30
20,train,600104.SH,上汽集团,-19.4182712003277,0.9866573033707866,5,0.03333333333333333,hybrid_score_50_50_top30,hybrid_score_50_50,30
20,train,600438.SH,通威股份,-13.7285902503294,0.9863061797752809,6,0.03333333333333333,hybrid_score_50_50_top30,hybrid_score_50_50,30
20,train,601766.SH,中国中车,21.8216318785579,0.9863061797752809,7,0.03333333333333333,hybrid_score_50_50_top30,hybrid_score_50_50,30
20,train,000063.SZ,中兴通讯,-12.3205741626794,0.9863061797752808,8,0.03333333333333333,hybrid_score_50_50_top30,hybrid_score_50_50,30
20,train,000725.SZ,京东方A,5.20134228187918,0.9859550561797753,9,0.03333333333333333,hybrid_score_50_50_top30,hybrid_score_50_50,30
20,train,600031.SH,三一重工,-0.870827285921627,0.9859550561797752,10,0.03333333333333333,hybrid_score_50_50_top30,hybrid_score_50_50,30
20,train,601633.SH,长城汽车,-18.1653562914766,0.9856039325842696,11,0.03333333333333333,hybrid_score_50_50_top30,hybrid_score_50_50,30
20,train,002304.SZ,洋河股份,-29.0086206896552,0.9849016853932584,12,0.03333333333333333,hybrid_score_50_50_top30,hybrid_score_50_50,30
20,train,600019.SH,宝钢股份,35.3433835845896,0.9849016853932584,13,0.03333333333333333,hybrid_score_50_50_top30,hybrid_score_50_50,30
20,train,600309.SH,万华化学,15.7640868230651,0.9845505617977528,14,0.03333333333333333,hybrid_score_50_50_top30,hybrid_score_50_50,30
20,train,600585.SH,海螺水泥,-0.233735878457353,0.9845505617977528,15,0.03333333333333333,hybrid_score_50_50_top30,hybrid_score_50_50,30
20,train,600346.SH,恒力石化,3.74955783516093,0.9831460674157304,16,0.03333333333333333,hybrid_score_50_50_top30,hybrid_score_50_50,30
20,train,600703.SH,三安光电,-13.7777777777778,0.9831460674157303,17,0.03333333333333333,hybrid_score_50_50_top30,hybrid_score_50_50,30
20,train,600196.SH,复星医药,-23.1704962347944,0.9817415730337079,18,0.03333333333333333,hybrid_score_50_50_top30,hybrid_score_50_50,30
20,train,002493.SZ,荣盛石化,0.62111801242235,0.9817415730337078,19,0.03333333333333333,hybrid_score_50_50_top30,hybrid_score_50_50,30
20,train,000333.SZ,美的集团,-14.3259012294228,0.9813904494382022,20,0.03333333333333333,hybrid_score_50_50_top30,hybrid_score_50_50,30
20,train,600150.SH,中国船舶,-11.8458884416331,0.9799859550561798,21,0.03333333333333333,hybrid_score_50_50_top30,hybrid_score_50_50,30
20,train,000625.SZ,长安汽车,-34.091964700418,0.9771769662921348,22,0.03333333333333333,hybrid_score_50_50_top30,hybrid_score_50_50,30
20,train,600745.SH,闻泰科技,-0.101936799184499,0.9771769662921348,23,0.03333333333333333,hybrid_score_50_50_top30,hybrid_score_50_50,30
20,train,601238.SH,广汽集团,-23.1753197893153,0.9726123595505618,24,0.03333333333333333,hybrid_score_50_50_top30,hybrid_score_50_50,30
20,train,000708.SZ,中信特钢,22.9622729389846,0.9701544943820224,25,0.03333333333333333,hybrid_score_50_50_top30,hybrid_score_50_50,30
20,train,601989.SH,中国重工,0.245098039215685,0.9691011235955056,26,0.03333333333333333,hybrid_score_50_50_top30,hybrid_score_50_50,30
20,train,000895.SZ,双汇发展,-11.3513513513513,0.966994382022472,27,0.03333333333333333,hybrid_score_50_50_top30,hybrid_score_50_50,30
20,train,002241.SZ,歌尔股份,-28.3641160949868,0.9652387640449438,28,0.03333333333333333,hybrid_score_50_50_top30,hybrid_score_50_50,30
20,train,000100.SZ,TCL科技,34.5821325648415,0.9648876404494382,29,0.03333333333333333,hybrid_score_50_50_top30,hybrid_score_50_50,30
20,train,000338.SZ,潍柴动力,23.8892466194462,0.964185393258427,30,0.03333333333333333,hybrid_score_50_50_top30,hybrid_score_50_50,30
21,train,600809.SH,山西汾酒,30.8449429013698,0.9992977528089888,1,0.03333333333333333,hybrid_score_50_50_top30,hybrid_score_50_50,30
21,train,603288.SH,海天味业,10.9033513186847,0.9978932584269663,2,0.03333333333333333,hybrid_score_50_50_top30,hybrid_score_50_50,30
21,train,300357.SZ,我武生物,12.4582610190038,0.9975421348314606,3,0.03333333333333333,hybrid_score_50_50_top30,hybrid_score_50_50,30
21,train,600436.SH,片仔癀,55.998175526153,0.9975421348314606,4,0.03333333333333333,hybrid_score_50_50_top30,hybrid_score_50_50,30
21,train,300122.SZ,智飞生物,6.00022706630334,0.997191011235955,5,0.03333333333333333,hybrid_score_50_50_top30,hybrid_score_50_50,30
21,train,600519.SH,贵州茅台,2.06305768108639,0.9933286516853933,6,0.03333333333333333,hybrid_score_50_50_top30,hybrid_score_50_50,30
21,train,000995.SZ,皇台酒业,49.030612244898,0.9933286516853932,7,0.03333333333333333,hybrid_score_50_50_top30,hybrid_score_50_50,30
21,train,600132.SH,重庆啤酒,77.7408637873754,0.9933286516853932,8,0.03333333333333333,hybrid_score_50_50_top30,hybrid_score_50_50,30
21,train,600696.SH,岩石股份,156.401384083045,0.9929775280898876,9,0.03333333333333333,hybrid_score_50_50_top30,hybrid_score_50_50,30
21,train,000799.SZ,酒鬼酒,61.5982803312891,0.9919241573033708,10,0.03333333333333333,hybrid_score_50_50_top30,hybrid_score_50_50,30
21,train,002568.SZ,百润股份,25.6445267799422,0.9919241573033708,11,0.03333333333333333,hybrid_score_50_50_top30,hybrid_score_50_50,30
21,train,000661.SZ,长春高新,-12.1883169365361,0.9912219101123596,12,0.03333333333333333,hybrid_score_50_50_top30,hybrid_score_50_50,30
21,train,601100.SH,恒立液压,-5.00443299196558,0.9905196629213483,13,0.03333333333333333,hybrid_score_50_50_top30,hybrid_score_50_50,30
21,train,600276.SH,恒瑞医药,-9.69140865540787,0.9901685393258427,14,0.03333333333333333,hybrid_score_50_50_top30,hybrid_score_50_50,30
21,train,600877.SH,电科芯片,23.8244514106583,0.9901685393258427,15,0.03333333333333333,hybrid_score_50_50_top30,hybrid_score_50_50,30
21,train,600610.SH,中毅达,103.671328671329,0.9894662921348315,16,0.03333333333333333,hybrid_score_50_50_top30,hybrid_score_50_50,30
21,train,000568.SZ,泸州老窖,5.10513186029937,0.9887640449438202,17,0.03333333333333333,hybrid_score_50_50_top30,hybrid_score_50_50,30
21,train,300111.SZ,向日葵,1.74825174825175,0.9887640449438202,18,0.03333333333333333,hybrid_score_50_50_top30,hybrid_score_50_50,30
21,train,600779.SH,水井坊,73.6769759450172,0.988061797752809,19,0.03333333333333333,hybrid_score_50_50_top30,hybrid_score_50_50,30
21,train,000858.SZ,五粮液,9.48215663934728,0.9877106741573034,20,0.03333333333333333,hybrid_score_50_50_top30,hybrid_score_50_50,30
21,train,000017.SZ,深中华A,24.7349823321555,0.9866573033707865,21,0.03333333333333333,hybrid_score_50_50_top30,hybrid_score_50_50,30
21,train,600421.SH,华嵘控股,29.8597194388778,0.9863061797752809,22,0.03333333333333333,hybrid_score_50_50_top30,hybrid_score_50_50,30
21,train,002076.SZ,星光股份,2.95566502463054,0.9845505617977528,23,0.03333333333333333,hybrid_score_50_50_top30,hybrid_score_50_50,30
21,train,000890.SZ,法尔胜,17.2211350293542,0.9827949438202247,24,0.03333333333333333,hybrid_score_50_50_top30,hybrid_score_50_50,30
21,train,300124.SZ,汇川技术,32.0081787119122,0.9824438202247191,25,0.03333333333333333,hybrid_score_50_50_top30,hybrid_score_50_50,30
21,train,000911.SZ,广农糖业,16.4759725400458,0.9796348314606742,26,0.03333333333333333,hybrid_score_50_50_top30,hybrid_score_50_50,30
21,train,002049.SZ,紫光国微,43.0466036295814,0.9789325842696629,27,0.03333333333333333,hybrid_score_50_50_top30,hybrid_score_50_50,30
21,train,002414.SZ,高德红外,7.49100872493973,0.9782303370786517,28,0.03333333333333333,hybrid_score_50_50_top30,hybrid_score_50_50,30
21,train,300014.SZ,亿纬锂能,41.4867888144784,0.9782303370786517,29,0.03333333333333333,hybrid_score_50_50_top30,hybrid_score_50_50,30
21,train,300142.SZ,沃森生物,35.7029982086017,0.9778792134831461,30,0.03333333333333333,hybrid_score_50_50_top30,hybrid_score_50_50,30
22,valid,002371.SZ,北方华创,33.5665587721669,0.9940308988764045,1,0.03333333333333333,hybrid_score_50_50_top30,hybrid_score_50_50,30
22,valid,002466.SZ,天齐锂业,63.8387096774194,0.992626404494382,2,0.03333333333333333,hybrid_score_50_50_top30,hybrid_score_50_50,30
22,valid,600436.SH,片仔癀,-15.8639407354675,0.9919241573033708,3,0.03333333333333333,hybrid_score_50_50_top30,hybrid_score_50_50,30
22,valid,002709.SZ,天赐材料,42.3012160898036,0.990870786516854,4,0.03333333333333333,hybrid_score_50_50_top30,hybrid_score_50_50,30
22,valid,600460.SH,士兰微,1.31322094055013,0.9905196629213484,5,0.03333333333333333,hybrid_score_50_50_top30,hybrid_score_50_50,30
22,valid,300124.SZ,汇川技术,-8.61618798955613,0.9894662921348314,6,0.03333333333333333,hybrid_score_50_50_top30,hybrid_score_50_50,30
22,valid,603288.SH,海天味业,-14.9462615015851,0.9887640449438202,7,0.03333333333333333,hybrid_score_50_50_top30,hybrid_score_50_50,30
22,valid,300116.SZ,*ST保力(退市),29.2682926829269,0.988061797752809,8,0.03333333333333333,hybrid_score_50_50_top30,hybrid_score_50_50,30
22,valid,600331.SH,宏达股份,110.39603960396,0.9877106741573034,9,0.03333333333333333,hybrid_score_50_50_top30,hybrid_score_50_50,30
22,valid,000410.SZ,沈阳机床,11.6945107398568,0.9859550561797753,10,0.03333333333333333,hybrid_score_50_50_top30,hybrid_score_50_50,30
22,valid,600132.SH,重庆啤酒,-33.9257842001913,0.9845505617977528,11,0.03333333333333333,hybrid_score_50_50_top30,hybrid_score_50_50,30
22,valid,000890.SZ,法尔胜,-23.462783171521,0.9831460674157304,12,0.03333333333333333,hybrid_score_50_50_top30,hybrid_score_50_50,30
22,valid,002248.SZ,华东数控,47.4258970358814,0.9824438202247191,13,0.03333333333333333,hybrid_score_50_50_top30,hybrid_score_50_50,30
22,valid,601012.SH,隆基绿能,-7.11711711711711,0.9824438202247191,14,0.03333333333333333,hybrid_score_50_50_top30,hybrid_score_50_50,30
22,valid,600319.SH,亚星化学,-2.0979020979021,0.9820926966292134,15,0.03333333333333333,hybrid_score_50_50_top30,hybrid_score_50_50,30
22,valid,600238.SH,海南椰岛,-29.4402985074627,0.9782303370786517,16,0.03333333333333333,hybrid_score_50_50_top30,hybrid_score_50_50,30
22,valid,300274.SZ,阳光电源,28.8468218131296,0.9771769662921348,17,0.03333333333333333,hybrid_score_50_50_top30,hybrid_score_50_50,30
22,valid,600760.SH,中航沈飞,15.6540869859536,0.9757724719101124,18,0.03333333333333333,hybrid_score_50_50_top30,hybrid_score_50_50,30
22,valid,600877.SH,电科芯片,-4.03785488958991,0.9754213483146068,19,0.03333333333333333,hybrid_score_50_50_top30,hybrid_score_50_50,30
22,valid,600702.SH,舍得酒业,2.20411000416443,0.9750702247191012,20,0.03333333333333333,hybrid_score_50_50_top30,hybrid_score_50_50,30
22,valid,600809.SH,山西汾酒,-1.51420657728252,0.9747191011235955,21,0.03333333333333333,hybrid_score_50_50_top30,hybrid_score_50_50,30
22,valid,000799.SZ,酒鬼酒,-1.81547064890096,0.9743679775280899,22,0.03333333333333333,hybrid_score_50_50_top30,hybrid_score_50_50,30
22,valid,600610.SH,中毅达,56.060606060606,0.9736657303370786,23,0.03333333333333333,hybrid_score_50_50_top30,hybrid_score_50_50,30
22,valid,300122.SZ,智飞生物,-13.8861402222608,0.9726123595505618,24,0.03333333333333333,hybrid_score_50_50_top30,hybrid_score_50_50,30
22,valid,002568.SZ,百润股份,-14.0632210429165,0.9712078651685394,25,0.03333333333333333,hybrid_score_50_50_top30,hybrid_score_50_50,30
22,valid,600696.SH,岩石股份,-35.8507330075522,0.9708567415730337,26,0.03333333333333333,hybrid_score_50_50_top30,hybrid_score_50_50,30
22,valid,600213.SH,*ST亚星,-3.17241379310346,0.9680477528089888,27,0.03333333333333333,hybrid_score_50_50_top30,hybrid_score_50_50,30
22,valid,000017.SZ,深中华A,0.574712643678166,0.965941011235955,28,0.03333333333333333,hybrid_score_50_50_top30,hybrid_score_50_50,30
22,valid,000995.SZ,皇台酒业,-10.1419176185531,0.9645365168539326,29,0.03333333333333333,hybrid_score_50_50_top30,hybrid_score_50_50,30
22,valid,000911.SZ,广农糖业,9.22473012757605,0.9638342696629214,30,0.03333333333333333,hybrid_score_50_50_top30,hybrid_score_50_50,30
23,valid,600760.SH,中航沈飞,2.70497291889134,0.9933286516853932,1,0.03333333333333333,hybrid_score_50_50_top30,hybrid_score_50_50,30
23,valid,601012.SH,隆基绿能,6.32786480819048,0.9912219101123596,2,0.03333333333333333,hybrid_score_50_50_top30,hybrid_score_50_50,30
23,valid,603288.SH,海天味业,-4.22779043280184,0.9884129213483146,3,0.03333333333333333,hybrid_score_50_50_top30,hybrid_score_50_50,30
23,valid,002371.SZ,北方华创,-4.19105466593043,0.9873595505617978,4,0.03333333333333333,hybrid_score_50_50_top30,hybrid_score_50_50,30
23,valid,300124.SZ,汇川技术,9.21827734437191,0.9873595505617978,5,0.03333333333333333,hybrid_score_50_50_top30,hybrid_score_50_50,30
23,valid,300343.SZ,联创股份,-8.98395721925135,0.9870084269662921,6,0.03333333333333333,hybrid_score_50_50_top30,hybrid_score_50_50,30
23,valid,002709.SZ,天赐材料,-17.0945115337334,0.9859550561797753,7,0.03333333333333333,hybrid_score_50_50_top30,hybrid_score_50_50,30
23,valid,601633.SH,长城汽车,-5.1705759778523,0.983497191011236,8,0.03333333333333333,hybrid_score_50_50_top30,hybrid_score_50_50,30
23,valid,002475.SZ,立讯精密,37.7765331839821,0.9827949438202247,9,0.03333333333333333,hybrid_score_50_50_top30,hybrid_score_50_50,30
23,valid,300274.SZ,阳光电源,-1.07877060858944,0.9820926966292134,10,0.03333333333333333,hybrid_score_50_50_top30,hybrid_score_50_50,30
23,valid,600111.SH,北方稀土,10.4945717732207,0.9817415730337078,11,0.03333333333333333,hybrid_score_50_50_top30,hybrid_score_50_50,30
23,valid,600703.SH,三安光电,16.7184586699814,0.9813904494382022,12,0.03333333333333333,hybrid_score_50_50_top30,hybrid_score_50_50,30
23,valid,000333.SZ,美的集团,5.03771168350649,0.9803370786516854,13,0.03333333333333333,hybrid_score_50_50_top30,hybrid_score_50_50,30
23,valid,600519.SH,贵州茅台,12.6373626373626,0.9799859550561798,14,0.03333333333333333,hybrid_score_50_50_top30,hybrid_score_50_50,30
23,valid,000301.SZ,东方盛虹,-26.4638783269962,0.9796348314606742,15,0.03333333333333333,hybrid_score_50_50_top30,hybrid_score_50_50,30
23,valid,002129.SZ,TCL中环,-7.3868677905945,0.9789325842696629,16,0.03333333333333333,hybrid_score_50_50_top30,hybrid_score_50_50,30
23,valid,002241.SZ,歌尔股份,27.8959810874705,0.9789325842696629,17,0.03333333333333333,hybrid_score_50_50_top30,hybrid_score_50_50,30
23,valid,600438.SH,通威股份,-10.5451651412654,0.9785814606741573,18,0.03333333333333333,hybrid_score_50_50_top30,hybrid_score_50_50,30
23,valid,600010.SH,包钢股份,-9.41558441558442,0.9775280898876404,19,0.03333333333333333,hybrid_score_50_50_top30,hybrid_score_50_50,30
23,valid,600809.SH,山西汾酒,-0.698113207547169,0.9775280898876404,20,0.03333333333333333,hybrid_score_50_50_top30,hybrid_score_50_50,30
23,valid,600893.SH,航发动力,19.7358490566038,0.9768258426966292,21,0.03333333333333333,hybrid_score_50_50_top30,hybrid_score_50_50,30
23,valid,000792.SZ,盐湖股份,25.0972074938141,0.9764747191011236,22,0.03333333333333333,hybrid_score_50_50_top30,hybrid_score_50_50,30
23,valid,002493.SZ,荣盛石化,-2.31307154384078,0.9764747191011236,23,0.03333333333333333,hybrid_score_50_50_top30,hybrid_score_50_50,30
23,valid,600887.SH,伊利股份,9.97347480106099,0.9764747191011236,24,0.03333333333333333,hybrid_score_50_50_top30,hybrid_score_50_50,30
23,valid,002460.SZ,赣锋锂业,-6.61567627639407,0.9750702247191012,25,0.03333333333333333,hybrid_score_50_50_top30,hybrid_score_50_50,30
23,valid,600031.SH,三一重工,-9.45194598888007,0.9750702247191012,26,0.03333333333333333,hybrid_score_50_50_top30,hybrid_score_50_50,30
23,valid,600436.SH,片仔癀,22.9503585993531,0.9747191011235956,27,0.03333333333333333,hybrid_score_50_50_top30,hybrid_score_50_50,30
23,valid,002304.SZ,洋河股份,-0.639363049641106,0.9736657303370786,28,0.03333333333333333,hybrid_score_50_50_top30,hybrid_score_50_50,30
23,valid,601100.SH,恒立液压,-5.97701149425287,0.973314606741573,29,0.03333333333333333,hybrid_score_50_50_top30,hybrid_score_50_50,30
23,valid,002466.SZ,天齐锂业,11.4583333333333,0.9726123595505618,30,0.03333333333333333,hybrid_score_50_50_top30,hybrid_score_50_50,30
24,valid,600319.SH,亚星化学,38.0333951762523,1.0,1,0.03333333333333333,hybrid_score_50_50_top30,hybrid_score_50_50,30
24,valid,600071.SH,凤凰光学,-36.0709712822389,0.9992977528089888,2,0.03333333333333333,hybrid_score_50_50_top30,hybrid_score_50_50,30
24,valid,000410.SZ,沈阳机床,-5.98802395209581,0.9950842696629214,3,0.03333333333333333,hybrid_score_50_50_top30,hybrid_score_50_50,30
24,valid,000820.SZ,神雾节能,-1.17302052785924,0.9940308988764045,4,0.03333333333333333,hybrid_score_50_50_top30,hybrid_score_50_50,30
24,valid,000995.SZ,皇台酒业,-46.6074313408724,0.9936797752808989,5,0.03333333333333333,hybrid_score_50_50_top30,hybrid_score_50_50,30
24,valid,300111.SZ,向日葵,6.64556962025318,0.9936797752808988,6,0.03333333333333333,hybrid_score_50_50_top30,hybrid_score_50_50,30
24,valid,002248.SZ,华东数控,-21.7842323651452,0.9919241573033708,7,0.03333333333333333,hybrid_score_50_50_top30,hybrid_score_50_50,30
24,valid,600601.SH,方正科技,-1.61943319838057,0.9912219101123596,8,0.03333333333333333,hybrid_score_50_50_top30,hybrid_score_50_50,30
24,valid,600696.SH,岩石股份,-23.7072619384007,0.9894662921348315,9,0.03333333333333333,hybrid_score_50_50_top30,hybrid_score_50_50,30
24,valid,600610.SH,中毅达,-1.93021529324424,0.9863061797752809,10,0.03333333333333333,hybrid_score_50_50_top30,hybrid_score_50_50,30
24,valid,000017.SZ,深中华A,-3.72492836676218,0.983497191011236,11,0.03333333333333333,hybrid_score_50_50_top30,hybrid_score_50_50,30
24,valid,600331.SH,宏达股份,-4.60122699386503,0.9827949438202248,12,0.03333333333333333,hybrid_score_50_50_top30,hybrid_score_50_50,30
24,valid,600779.SH,水井坊,-32.1443281983689,0.9810393258426966,13,0.03333333333333333,hybrid_score_50_50_top30,hybrid_score_50_50,30
24,valid,000691.SZ,亚太实业,18.4322033898305,0.9803370786516854,14,0.03333333333333333,hybrid_score_50_50_top30,hybrid_score_50_50,30
24,valid,600421.SH,华嵘控股,4.19651995905834,0.9803370786516854,15,0.03333333333333333,hybrid_score_50_50_top30,hybrid_score_50_50,30
24,valid,000953.SZ,河化股份,32.7102803738318,0.9789325842696629,16,0.03333333333333333,hybrid_score_50_50_top30,hybrid_score_50_50,30
24,valid,000890.SZ,法尔胜,0.443458980044364,0.9757724719101124,17,0.03333333333333333,hybrid_score_50_50_top30,hybrid_score_50_50,30
24,valid,300327.SZ,中颖电子,-15.5836518670979,0.9747191011235955,18,0.03333333333333333,hybrid_score_50_50_top30,hybrid_score_50_50,30
24,valid,600238.SH,海南椰岛,-31.731843575419,0.9747191011235955,19,0.03333333333333333,hybrid_score_50_50_top30,hybrid_score_50_50,30
24,valid,000707.SZ,双环科技,53.8987688098495,0.9740168539325843,20,0.03333333333333333,hybrid_score_50_50_top30,hybrid_score_50_50,30
24,valid,300390.SZ,天华新能,-10.1566310920518,0.9740168539325842,21,0.03333333333333333,hybrid_score_50_50_top30,hybrid_score_50_50,30
24,valid,600132.SH,重庆啤酒,-31.2628205128205,0.9722612359550562,22,0.03333333333333333,hybrid_score_50_50_top30,hybrid_score_50_50,30
24,valid,000633.SZ,合金投资,2.41935483870968,0.9719101123595506,23,0.03333333333333333,hybrid_score_50_50_top30,hybrid_score_50_50,30
24,valid,002319.SZ,乐通股份,0.233100233100236,0.971558988764045,24,0.03333333333333333,hybrid_score_50_50_top30,hybrid_score_50_50,30
24,valid,300151.SZ,昌红科技,-47.3175447075882,0.9712078651685393,25,0.03333333333333333,hybrid_score_50_50_top30,hybrid_score_50_50,30
24,valid,300116.SZ,*ST保力(退市),-20.4081632653061,0.9708567415730337,26,0.03333333333333333,hybrid_score_50_50_top30,hybrid_score_50_50,30
24,valid,300357.SZ,我武生物,-27.9078409513192,0.9680477528089888,27,0.03333333333333333,hybrid_score_50_50_top30,hybrid_score_50_50,30
24,valid,000677.SZ,恒天海龙,4.90797546012269,0.9620786516853932,28,0.03333333333333333,hybrid_score_50_50_top30,hybrid_score_50_50,30
24,valid,300343.SZ,联创股份,-18.2095006090134,0.959620786516854,29,0.03333333333333333,hybrid_score_50_50_top30,hybrid_score_50_50,30
24,valid,002176.SZ,江特电机,-1.75097276264591,0.9561095505617978,30,0.03333333333333333,hybrid_score_50_50_top30,hybrid_score_50_50,30
25,valid,600519.SH,贵州茅台,23.9991368946232,0.9887640449438202,1,0.03333333333333333,hybrid_score_50_50_top30,hybrid_score_50_50,30
25,valid,601877.SH,正泰电器,-7.37768573647424,0.9729634831460674,2,0.03333333333333333,hybrid_score_50_50_top30,hybrid_score_50_50,30
25,valid,601012.SH,隆基绿能,25.895784682124,0.971558988764045,3,0.03333333333333333,hybrid_score_50_50_top30,hybrid_score_50_50,30
25,valid,300142.SZ,沃森生物,-10.7811855951306,0.9673455056179775,4,0.03333333333333333,hybrid_score_50_50_top30,hybrid_score_50_50,30
25,valid,002432.SZ,九安医疗,-19.4030350186345,0.964185393258427,5,0.03333333333333333,hybrid_score_50_50_top30,hybrid_score_50_50,30
25,valid,300116.SZ,*ST保力(退市),3.5897435897436,0.9624297752808989,6,0.03333333333333333,hybrid_score_50_50_top30,hybrid_score_50_50,30
25,valid,000017.SZ,深中华A,31.8452380952381,0.9620786516853932,7,0.03333333333333333,hybrid_score_50_50_top30,hybrid_score_50_50,30
25,valid,600010.SH,包钢股份,6.70610889794652,0.9599719101123596,8,0.03333333333333333,hybrid_score_50_50_top30,hybrid_score_50_50,30
25,valid,002603.SZ,以岭药业,-19.5630585898709,0.9571629213483146,9,0.03333333333333333,hybrid_score_50_50_top30,hybrid_score_50_50,30
25,valid,000410.SZ,沈阳机床,1.49253731343282,0.9561095505617978,10,0.03333333333333333,hybrid_score_50_50_top30,hybrid_score_50_50,30
25,valid,600031.SH,三一重工,17.0198519042797,0.9554073033707865,11,0.03333333333333333,hybrid_score_50_50_top30,hybrid_score_50_50,30
25,valid,600760.SH,中航沈飞,5.16561603318302,0.9511938202247191,12,0.03333333333333333,hybrid_score_50_50_top30,hybrid_score_50_50,30
25,valid,300204.SZ,舒泰神,-41.7787418655098,0.9497893258426966,13,0.03333333333333333,hybrid_score_50_50_top30,hybrid_score_50_50,30
25,valid,600601.SH,方正科技,-4.48979591836736,0.9469803370786517,14,0.03333333333333333,hybrid_score_50_50_top30,hybrid_score_50_50,30
25,valid,600421.SH,华嵘控股,12.1524201853759,0.9462780898876404,15,0.03333333333333333,hybrid_score_50_50_top30,hybrid_score_50_50,30
25,valid,600132.SH,重庆啤酒,48.1519625422022,0.9459269662921348,16,0.03333333333333333,hybrid_score_50_50_top30,hybrid_score_50_50,30
25,valid,000995.SZ,皇台酒业,29.565868263473,0.9452247191011236,17,0.03333333333333333,hybrid_score_50_50_top30,hybrid_score_50_50,30
25,valid,600732.SH,爱旭股份,119.986675549634,0.9431179775280899,18,0.03333333333333333,hybrid_score_50_50_top30,hybrid_score_50_50,30
25,valid,300316.SZ,晶盛机电,14.9593689782903,0.942064606741573,19,0.03333333333333333,hybrid_score_50_50_top30,hybrid_score_50_50,30
25,valid,600745.SH,闻泰科技,0.590946696607952,0.9413623595505618,20,0.03333333333333333,hybrid_score_50_50_top30,hybrid_score_50_50,30
25,valid,600071.SH,凤凰光学,-38.5677308024159,0.9406601123595506,21,0.03333333333333333,hybrid_score_50_50_top30,hybrid_score_50_50,30
25,valid,002311.SZ,海大集团,8.49755921171578,0.9385533707865168,22,0.03333333333333333,hybrid_score_50_50_top30,hybrid_score_50_50,30
25,valid,002241.SZ,歌尔股份,-1.00912918815977,0.9382022471910112,23,0.03333333333333333,hybrid_score_50_50_top30,hybrid_score_50_50,30
25,valid,002172.SZ,澳洋健康,-6.37755102040817,0.9371488764044944,24,0.03333333333333333,hybrid_score_50_50_top30,hybrid_score_50_50,30
25,valid,600809.SH,山西汾酒,34.4807179344146,0.9371488764044944,25,0.03333333333333333,hybrid_score_50_50_top30,hybrid_score_50_50,30
25,valid,002459.SZ,晶澳科技,37.4612436893403,0.934691011235955,26,0.03333333333333333,hybrid_score_50_50_top30,hybrid_score_50_50,30
25,valid,600276.SH,恒瑞医药,3.25723830734967,0.9343398876404494,27,0.03333333333333333,hybrid_score_50_50_top30,hybrid_score_50_50,30
25,valid,002319.SZ,乐通股份,6.79536679536679,0.932935393258427,28,0.03333333333333333,hybrid_score_50_50_top30,hybrid_score_50_50,30
25,valid,600771.SH,广誉远,-5.25606469002696,0.932935393258427,29,0.03333333333333333,hybrid_score_50_50_top30,hybrid_score_50_50,30
25,valid,300035.SZ,中科电气,-13.4358573386608,0.9322331460674157,30,0.03333333333333333,hybrid_score_50_50_top30,hybrid_score_50_50,30
26,test,002466.SZ,天齐锂业,-18.2410423452769,0.9982443820224719,1,0.03333333333333333,hybrid_score_50_50_top30,hybrid_score_50_50,30
26,test,600276.SH,恒瑞医药,-0.796897651005557,0.9982443820224719,2,0.03333333333333333,hybrid_score_50_50_top30,hybrid_score_50_50,30
26,test,000568.SZ,泸州老窖,-0.759066023169841,0.9978932584269663,3,0.03333333333333333,hybrid_score_50_50_top30,hybrid_score_50_50,30
26,test,002304.SZ,洋河股份,-11.6973757677275,0.997191011235955,4,0.03333333333333333,hybrid_score_50_50_top30,hybrid_score_50_50,30
26,test,000858.SZ,五粮液,-11.859375,0.9964887640449438,5,0.03333333333333333,hybrid_score_50_50_top30,hybrid_score_50_50,30
26,test,002460.SZ,赣锋锂业,-26.6685642538095,0.9947331460674157,6,0.03333333333333333,hybrid_score_50_50_top30,hybrid_score_50_50,30
26,test,600436.SH,片仔癀,-23.2665056540643,0.9936797752808988,7,0.03333333333333333,hybrid_score_50_50_top30,hybrid_score_50_50,30
26,test,002415.SZ,海康威视,-15.9668508287293,0.992626404494382,8,0.03333333333333333,hybrid_score_50_50_top30,hybrid_score_50_50,30
26,test,000792.SZ,盐湖股份,-20.133779264214,0.9922752808988764,9,0.03333333333333333,hybrid_score_50_50_top30,hybrid_score_50_50,30
26,test,002371.SZ,北方华创,2.03571665131286,0.9922752808988764,10,0.03333333333333333,hybrid_score_50_50_top30,hybrid_score_50_50,30
26,test,600519.SH,贵州茅台,-6.76333340883127,0.9922752808988764,11,0.03333333333333333,hybrid_score_50_50_top30,hybrid_score_50_50,30
26,test,600585.SH,海螺水泥,-16.8782458165032,0.9912219101123596,12,0.03333333333333333,hybrid_score_50_50_top30,hybrid_score_50_50,30
26,test,000725.SZ,京东方A,-16.5816326530612,0.9905196629213483,13,0.03333333333333333,hybrid_score_50_50_top30,hybrid_score_50_50,30
26,test,600809.SH,山西汾酒,-4.13053111350257,0.9891151685393258,14,0.03333333333333333,hybrid_score_50_50_top30,hybrid_score_50_50,30
26,test,300014.SZ,亿纬锂能,-13.1683197670993,0.9887640449438202,15,0.03333333333333333,hybrid_score_50_50_top30,hybrid_score_50_50,30
26,test,600031.SH,三一重工,-24.5652173913043,0.9877106741573034,16,0.03333333333333333,hybrid_score_50_50_top30,hybrid_score_50_50,30
26,test,000651.SZ,格力电器,3.83579055808798,0.9870084269662922,17,0.03333333333333333,hybrid_score_50_50_top30,hybrid_score_50_50,30
26,test,300124.SZ,汇川技术,-11.9699984693097,0.9866573033707866,18,0.03333333333333333,hybrid_score_50_50_top30,hybrid_score_50_50,30
26,test,601633.SH,长城汽车,-26.8613522757169,0.985252808988764,19,0.03333333333333333,hybrid_score_50_50_top30,hybrid_score_50_50,30
26,test,002129.SZ,TCL中环,-16.3989540530445,0.9849016853932584,20,0.03333333333333333,hybrid_score_50_50_top30,hybrid_score_50_50,30
26,test,600690.SH,海尔智家,-5.86894721903799,0.9845505617977528,21,0.03333333333333333,hybrid_score_50_50_top30,hybrid_score_50_50,30
26,test,300274.SZ,阳光电源,20.1085776330076,0.9838483146067416,22,0.03333333333333333,hybrid_score_50_50_top30,hybrid_score_50_50,30
26,test,002049.SZ,紫光国微,6.93149432617117,0.9831460674157303,23,0.03333333333333333,hybrid_score_50_50_top30,hybrid_score_50_50,30
26,test,603288.SH,海天味业,-4.25433526011562,0.9827949438202247,24,0.03333333333333333,hybrid_score_50_50_top30,hybrid_score_50_50,30
26,test,601766.SH,中国中车,-6.35450398190529,0.9824438202247191,25,0.03333333333333333,hybrid_score_50_50_top30,hybrid_score_50_50,30
26,test,600104.SH,上汽集团,-16.9388204144045,0.9817415730337079,26,0.03333333333333333,hybrid_score_50_50_top30,hybrid_score_50_50,30
26,test,600019.SH,宝钢股份,-12.0401439194274,0.9810393258426966,27,0.03333333333333333,hybrid_score_50_50_top30,hybrid_score_50_50,30
26,test,000625.SZ,长安汽车,-31.4410480349345,0.980688202247191,28,0.03333333333333333,hybrid_score_50_50_top30,hybrid_score_50_50,30
26,test,002493.SZ,荣盛石化,-10.0195185426155,0.980688202247191,29,0.03333333333333333,hybrid_score_50_50_top30,hybrid_score_50_50,30
26,test,000596.SZ,古井贡酒,14.0729865771812,0.9796348314606742,30,0.03333333333333333,hybrid_score_50_50_top30,hybrid_score_50_50,30
27,test,600519.SH,贵州茅台,-6.98555126426281,0.9996488764044944,1,0.03333333333333333,hybrid_score_50_50_top30,hybrid_score_50_50,30
27,test,000568.SZ,泸州老窖,-2.90909090909092,0.9975421348314606,2,0.03333333333333333,hybrid_score_50_50_top30,hybrid_score_50_50,30
27,test,002466.SZ,天齐锂业,-24.1283258092402,0.9975421348314606,3,0.03333333333333333,hybrid_score_50_50_top30,hybrid_score_50_50,30
27,test,600276.SH,恒瑞医药,10.1801544180726,0.9971910112359551,4,0.03333333333333333,hybrid_score_50_50_top30,hybrid_score_50_50,30
27,test,000858.SZ,五粮液,7.22805768203669,0.9961376404494382,5,0.03333333333333333,hybrid_score_50_50_top30,hybrid_score_50_50,30
27,test,002304.SZ,洋河股份,0.671140939597303,0.9957865168539326,6,0.03333333333333333,hybrid_score_50_50_top30,hybrid_score_50_50,30
27,test,000792.SZ,盐湖股份,-4.94344365312108,0.992626404494382,7,0.03333333333333333,hybrid_score_50_50_top30,hybrid_score_50_50,30
27,test,600436.SH,片仔癀,8.40285606914692,0.9919241573033708,8,0.03333333333333333,hybrid_score_50_50_top30,hybrid_score_50_50,30
27,test,000596.SZ,古井贡酒,-2.92780505546464,0.9905196629213484,9,0.03333333333333333,hybrid_score_50_50_top30,hybrid_score_50_50,30
27,test,600438.SH,通威股份,-19.591496456857,0.9905196629213484,10,0.03333333333333333,hybrid_score_50_50_top30,hybrid_score_50_50,30
27,test,601012.SH,隆基绿能,-15.6150159744409,0.9894662921348314,11,0.03333333333333333,hybrid_score_50_50_top30,hybrid_score_50_50,30
27,test,601633.SH,长城汽车,5.40925266903916,0.9894662921348314,12,0.03333333333333333,hybrid_score_50_50_top30,hybrid_score_50_50,30
27,test,000651.SZ,格力电器,-0.706605222734247,0.9887640449438202,13,0.03333333333333333,hybrid_score_50_50_top30,hybrid_score_50_50,30
27,test,002371.SZ,北方华创,-22.7842895332099,0.9887640449438202,14,0.03333333333333333,hybrid_score_50_50_top30,hybrid_score_50_50,30
27,test,002415.SZ,海康威视,14.0414337389017,0.9877106741573034,15,0.03333333333333333,hybrid_score_50_50_top30,hybrid_score_50_50,30
27,test,300124.SZ,汇川技术,20.6597222222222,0.9877106741573034,16,0.03333333333333333,hybrid_score_50_50_top30,hybrid_score_50_50,30
27,test,000333.SZ,美的集团,2.57425742574258,0.9873595505617978,17,0.03333333333333333,hybrid_score_50_50_top30,hybrid_score_50_50,30
27,test,002129.SZ,TCL中环,-16.7734806629834,0.9866573033707865,18,0.03333333333333333,hybrid_score_50_50_top30,hybrid_score_50_50,30
27,test,600809.SH,山西汾酒,-6.33955567240698,0.9866573033707865,19,0.03333333333333333,hybrid_score_50_50_top30,hybrid_score_50_50,30
27,test,002493.SZ,荣盛石化,-10.4151493080845,0.9859550561797753,20,0.03333333333333333,hybrid_score_50_50_top30,hybrid_score_50_50,30
27,test,600887.SH,伊利股份,-6.90690690690691,0.985252808988764,21,0.03333333333333333,hybrid_score_50_50_top30,hybrid_score_50_50,30
27,test,300014.SZ,亿纬锂能,0.825877494838267,0.9849016853932584,22,0.03333333333333333,hybrid_score_50_50_top30,hybrid_score_50_50,30
27,test,600104.SH,上汽集团,0.981079187105816,0.9849016853932584,23,0.03333333333333333,hybrid_score_50_50_top30,hybrid_score_50_50,30
27,test,600309.SH,万华化学,3.53112079561964,0.9849016853932584,24,0.03333333333333333,hybrid_score_50_50_top30,hybrid_score_50_50,30
27,test,000725.SZ,京东方A,4.32098765432096,0.9845505617977528,25,0.03333333333333333,hybrid_score_50_50_top30,hybrid_score_50_50,30
27,test,002459.SZ,晶澳科技,-9.70698722764838,0.9845505617977528,26,0.03333333333333333,hybrid_score_50_50_top30,hybrid_score_50_50,30
27,test,603288.SH,海天味业,-5.23809523809525,0.9845505617977528,27,0.03333333333333333,hybrid_score_50_50_top30,hybrid_score_50_50,30
27,test,002049.SZ,紫光国微,-8.36924787988323,0.9838483146067416,28,0.03333333333333333,hybrid_score_50_50_top30,hybrid_score_50_50,30
27,test,002594.SZ,比亚迪,-2.87258570510638,0.9838483146067416,29,0.03333333333333333,hybrid_score_50_50_top30,hybrid_score_50_50,30
27,test,600690.SH,海尔智家,-1.92461908580593,0.9831460674157304,30,0.03333333333333333,hybrid_score_50_50_top30,hybrid_score_50_50,30
28,test,000725.SZ,京东方A,31.3609467455622,0.9929775280898876,1,0.03333333333333333,hybrid_score_50_50_top30,hybrid_score_50_50,30
28,test,002432.SZ,九安医疗,-13.5785560555664,0.9483848314606742,2,0.03333333333333333,hybrid_score_50_50_top30,hybrid_score_50_50,30
28,test,000893.SZ,亚钾国际,0.551876379690941,0.9441713483146067,3,0.03333333333333333,hybrid_score_50_50_top30,hybrid_score_50_50,30
28,test,000423.SZ,东阿阿胶,30.1965601965602,0.9385533707865168,4,0.03333333333333333,hybrid_score_50_50_top30,hybrid_score_50_50,30
28,test,600566.SH,济川药业,4.62894930198383,0.9364466292134832,5,0.03333333333333333,hybrid_score_50_50_top30,hybrid_score_50_50,30
28,test,002030.SZ,达安基因,3.53470437017995,0.9245084269662922,6,0.03333333333333333,hybrid_score_50_50_top30,hybrid_score_50_50,30
28,test,000408.SZ,藏格矿业,-6.96958028494415,0.9220505617977528,7,0.03333333333333333,hybrid_score_50_50_top30,hybrid_score_50_50,30
28,test,000623.SZ,吉林敖东,2.13475650433623,0.9199438202247191,8,0.03333333333333333,hybrid_score_50_50_top30,hybrid_score_50_50,30
28,test,000100.SZ,TCL科技,19.0860215053763,0.9125702247191012,9,0.03333333333333333,hybrid_score_50_50_top30,hybrid_score_50_50,30
28,test,002038.SZ,双鹭药业,4.74452554744522,0.9094101123595506,10,0.03333333333333333,hybrid_score_50_50_top30,hybrid_score_50_50,30
28,test,300039.SZ,上海凯宝,-7.07196029776677,0.90625,11,0.03333333333333333,hybrid_score_50_50_top30,hybrid_score_50_50,30
28,test,600211.SH,西藏药业,47.5779510022272,0.9055477528089888,12,0.03333333333333333,hybrid_score_50_50_top30,hybrid_score_50_50,30
28,test,000915.SZ,华特达因,-20.4175824175824,0.9030898876404494,13,0.03333333333333333,hybrid_score_50_50_top30,hybrid_score_50_50,30
28,test,002507.SZ,涪陵榨菜,-1.70741171905316,0.8999297752808989,14,0.03333333333333333,hybrid_score_50_50_top30,hybrid_score_50_50,30
28,test,600080.SH,金花股份,1.79257362355953,0.8999297752808989,15,0.03333333333333333,hybrid_score_50_50_top30,hybrid_score_50_50,30
28,test,300390.SZ,天华新能,-8.39298496778813,0.8978230337078652,16,0.03333333333333333,hybrid_score_50_50_top30,hybrid_score_50_50,30
28,test,600535.SH,天士力,39.8698884758365,0.8978230337078652,17,0.03333333333333333,hybrid_score_50_50_top30,hybrid_score_50_50,30
28,test,600867.SH,通化东宝,28.9760348583878,0.897120786516854,18,0.03333333333333333,hybrid_score_50_50_top30,hybrid_score_50_50,30
28,test,600252.SH,中恒集团,2.28136882129277,0.8939606741573034,19,0.03333333333333333,hybrid_score_50_50_top30,hybrid_score_50_50,30
28,test,002737.SZ,葵花药业,-5.04745470232958,0.8922050561797753,20,0.03333333333333333,hybrid_score_50_50_top30,hybrid_score_50_50,30
28,test,000709.SZ,河钢股份,3.09734513274338,0.8890449438202248,21,0.03333333333333333,hybrid_score_50_50_top30,hybrid_score_50_50,30
28,test,000800.SZ,一汽解放,7.37386804657181,0.8890449438202248,22,0.03333333333333333,hybrid_score_50_50_top30,hybrid_score_50_50,30
28,test,603518.SH,锦泓集团,24.1791044776119,0.882373595505618,23,0.03333333333333333,hybrid_score_50_50_top30,hybrid_score_50_50,30
28,test,000813.SZ,德展健康,-8.08625336927223,0.879564606741573,24,0.03333333333333333,hybrid_score_50_50_top30,hybrid_score_50_50,30
28,test,002275.SZ,桂林三金,27.6853252647503,0.8718398876404494,25,0.03333333333333333,hybrid_score_50_50_top30,hybrid_score_50_50,30
28,test,000513.SZ,丽珠集团,15.0862068965517,0.8714887640449438,26,0.03333333333333333,hybrid_score_50_50_top30,hybrid_score_50_50,30
28,test,300009.SZ,安科生物,18.0555555555556,0.8714887640449438,27,0.03333333333333333,hybrid_score_50_50_top30,hybrid_score_50_50,30
28,test,002437.SZ,誉衡药业,-5.51181102362205,0.8707865168539326,28,0.03333333333333333,hybrid_score_50_50_top30,hybrid_score_50_50,30
28,test,600285.SH,羚锐制药,18.9417177914111,0.8669241573033708,29,0.03333333333333333,hybrid_score_50_50_top30,hybrid_score_50_50,30
28,test,600750.SH,江中药业,38.3391003460208,0.8655196629213484,30,0.03333333333333333,hybrid_score_50_50_top30,hybrid_score_50_50,30
29,test,600809.SH,山西汾酒,-31.3340433623405,1.0,1,0.03333333333333333,hybrid_score_50_50_top30,hybrid_score_50_50,30
29,test,000568.SZ,泸州老窖,-17.3554696742645,0.9989466292134832,2,0.03333333333333333,hybrid_score_50_50_top30,hybrid_score_50_50,30
29,test,600519.SH,贵州茅台,-4.08049868791905,0.9989466292134832,3,0.03333333333333333,hybrid_score_50_50_top30,hybrid_score_50_50,30
29,test,000858.SZ,五粮液,-14.2943410513453,0.997191011235955,4,0.03333333333333333,hybrid_score_50_50_top30,hybrid_score_50_50,30
29,test,600436.SH,片仔癀,1.72646536412078,0.9968398876404494,5,0.03333333333333333,hybrid_score_50_50_top30,hybrid_score_50_50,30
29,test,600276.SH,恒瑞医药,11.3740365777554,0.9961376404494382,6,0.03333333333333333,hybrid_score_50_50_top30,hybrid_score_50_50,30
29,test,000596.SZ,古井贡酒,-12.2330234868374,0.9957865168539326,7,0.03333333333333333,hybrid_score_50_50_top30,hybrid_score_50_50,30
29,test,002304.SZ,洋河股份,-20.3438522924149,0.9943820224719101,8,0.03333333333333333,hybrid_score_50_50_top30,hybrid_score_50_50,30
29,test,603288.SH,海天味业,-24.0156299099651,0.9943820224719101,9,0.03333333333333333,hybrid_score_50_50_top30,hybrid_score_50_50,30
29,test,000792.SZ,盐湖股份,-14.1129032258064,0.9936797752808989,10,0.03333333333333333,hybrid_score_50_50_top30,hybrid_score_50_50,30
29,test,002415.SZ,海康威视,-21.0854404211959,0.9919241573033708,11,0.03333333333333333,hybrid_score_50_50_top30,hybrid_score_50_50,30
29,test,300124.SZ,汇川技术,-7.38451059256517,0.9919241573033708,12,0.03333333333333333,hybrid_score_50_50_top30,hybrid_score_50_50,30
29,test,600438.SH,通威股份,-3.9415657309497,0.9912219101123596,13,0.03333333333333333,hybrid_score_50_50_top30,hybrid_score_50_50,30
29,test,300122.SZ,智飞生物,-19.4214340371574,0.9894662921348315,14,0.03333333333333333,hybrid_score_50_50_top30,hybrid_score_50_50,30
29,test,002371.SZ,北方华创,16.8389303711333,0.9891151685393258,15,0.03333333333333333,hybrid_score_50_50_top30,hybrid_score_50_50,30
29,test,300274.SZ,阳光电源,11.71382108246,0.9891151685393258,16,0.03333333333333333,hybrid_score_50_50_top30,hybrid_score_50_50,30
29,test,002594.SZ,比亚迪,4.2672587807832,0.988061797752809,17,0.03333333333333333,hybrid_score_50_50_top30,hybrid_score_50_50,30
29,test,002466.SZ,天齐锂业,-3.08065015854772,0.9856039325842696,18,0.03333333333333333,hybrid_score_50_50_top30,hybrid_score_50_50,30
29,test,600887.SH,伊利股份,2.23308064445511,0.9856039325842696,19,0.03333333333333333,hybrid_score_50_50_top30,hybrid_score_50_50,30
29,test,002475.SZ,立讯精密,7.94028482666009,0.985252808988764,20,0.03333333333333333,hybrid_score_50_50_top30,hybrid_score_50_50,30
29,test,002459.SZ,晶澳科技,3.15825155275113,0.9849016853932584,21,0.03333333333333333,hybrid_score_50_50_top30,hybrid_score_50_50,30
29,test,601012.SH,隆基绿能,-27.398607805474,0.9831460674157304,22,0.03333333333333333,hybrid_score_50_50_top30,hybrid_score_50_50,30
29,test,000063.SZ,中兴通讯,32.9731098563794,0.9810393258426966,23,0.03333333333333333,hybrid_score_50_50_top30,hybrid_score_50_50,30
29,test,002049.SZ,紫光国微,-10.5944391179291,0.9810393258426966,24,0.03333333333333333,hybrid_score_50_50_top30,hybrid_score_50_50,30
29,test,002129.SZ,TCL中环,-12.1064021002045,0.980688202247191,25,0.03333333333333333,hybrid_score_50_50_top30,hybrid_score_50_50,30
29,test,600690.SH,海尔智家,-0.0425713069391098,0.980688202247191,26,0.03333333333333333,hybrid_score_50_50_top30,hybrid_score_50_50,30
29,test,300014.SZ,亿纬锂能,-11.3947818071312,0.9799859550561798,27,0.03333333333333333,hybrid_score_50_50_top30,hybrid_score_50_50,30
29,test,000651.SZ,格力电器,0.995850622406635,0.9792837078651686,28,0.03333333333333333,hybrid_score_50_50_top30,hybrid_score_50_50,30
29,test,601766.SH,中国中车,9.61214165261384,0.9792837078651686,29,0.03333333333333333,hybrid_score_50_50_top30,hybrid_score_50_50,30
29,test,002460.SZ,赣锋锂业,-9.17759237187128,0.9785814606741573,30,0.03333333333333333,hybrid_score_50_50_top30,hybrid_score_50_50,30
30,test,600150.SH,中国船舶,-14.3880811884086,0.9957865168539326,1,0.03333333333333333,hybrid_score_50_50_top30,hybrid_score_50_50,30
30,test,000876.SZ,新希望,-5.90248075278016,0.965941011235955,2,0.03333333333333333,hybrid_score_50_50_top30,hybrid_score_50_50,30
30,test,000800.SZ,一汽解放,3.82775119617227,0.9469803370786517,3,0.03333333333333333,hybrid_score_50_50_top30,hybrid_score_50_50,30
30,test,000066.SZ,中国长城,-25.2805131651989,0.9445224719101124,4,0.03333333333333333,hybrid_score_50_50_top30,hybrid_score_50_50,30
30,test,000709.SZ,河钢股份,3.17348408506539,0.9350421348314606,5,0.03333333333333333,hybrid_score_50_50_top30,hybrid_score_50_50,30
30,test,000959.SZ,首钢股份,9.5100864553314,0.9336376404494382,6,0.03333333333333333,hybrid_score_50_50_top30,hybrid_score_50_50,30
30,test,000301.SZ,东方盛虹,0.260416666666674,0.922752808988764,7,0.03333333333333333,hybrid_score_50_50_top30,hybrid_score_50_50,30
30,test,002074.SZ,国轩高科,-13.6904761904762,0.9224016853932584,8,0.03333333333333333,hybrid_score_50_50_top30,hybrid_score_50_50,30
30,test,600550.SH,保变电气,-6.73267326732673,0.9178370786516854,9,0.03333333333333333,hybrid_score_50_50_top30,hybrid_score_50_50,30
30,test,600872.SH,中炬高新,-6.14130434782608,0.9160814606741573,10,0.03333333333333333,hybrid_score_50_50_top30,hybrid_score_50_50,30
30,test,002385.SZ,大北农,3.84615384615383,0.9150280898876404,11,0.03333333333333333,hybrid_score_50_50_top30,hybrid_score_50_50,30
30,test,601106.SH,中国一重,-8.8757396449704,0.9097612359550562,12,0.03333333333333333,hybrid_score_50_50_top30,hybrid_score_50_50,30
30,test,601113.SH,华鼎股份,9.40438871473355,0.9041432584269663,13,0.03333333333333333,hybrid_score_50_50_top30,hybrid_score_50_50,30
30,test,601608.SH,中信重工,-10.2268830327303,0.9013342696629214,14,0.03333333333333333,hybrid_score_50_50_top30,hybrid_score_50_50,30
30,test,002436.SZ,兴森科技,-16.9952413324269,0.894311797752809,15,0.03333333333333333,hybrid_score_50_50_top30,hybrid_score_50_50,30
30,test,600699.SH,均胜电子,-0.571102227298692,0.8865870786516854,16,0.03333333333333333,hybrid_score_50_50_top30,hybrid_score_50_50,30
30,test,300207.SZ,欣旺达,5.88972431077692,0.8862359550561798,17,0.03333333333333333,hybrid_score_50_50_top30,hybrid_score_50_50,30
30,test,600707.SH,彩虹股份,30.7017543859649,0.8844803370786517,18,0.03333333333333333,hybrid_score_50_50_top30,hybrid_score_50_50,30
30,test,000581.SZ,威孚高科,7.90487890421796,0.8813202247191012,19,0.03333333333333333,hybrid_score_50_50_top30,hybrid_score_50_50,30
30,test,000519.SZ,中兵红箭,-17.5879396984925,0.8788623595505618,20,0.03333333333333333,hybrid_score_50_50_top30,hybrid_score_50_50,30
30,test,600733.SH,北汽蓝谷,-1.6822429906542,0.8767556179775281,21,0.03333333333333333,hybrid_score_50_50_top30,hybrid_score_50_50,30
30,test,000623.SZ,吉林敖东,10.7856571543401,0.8742977528089888,22,0.03333333333333333,hybrid_score_50_50_top30,hybrid_score_50_50,30
30,test,002387.SZ,维信诺,-11.5560640732265,0.8718398876404494,23,0.03333333333333333,hybrid_score_50_50_top30,hybrid_score_50_50,30
30,test,600352.SH,浙江龙盛,3.06960626137374,0.8686797752808989,24,0.03333333333333333,hybrid_score_50_50_top30,hybrid_score_50_50,30
30,test,000420.SZ,吉林化纤,-10.5113636363636,0.8679775280898876,25,0.03333333333333333,hybrid_score_50_50_top30,hybrid_score_50_50,30
30,test,600299.SH,安迪苏,6.26626147525757,0.8648174157303371,26,0.03333333333333333,hybrid_score_50_50_top30,hybrid_score_50_50,30
30,test,002483.SZ,润邦股份,3.78006872852232,0.863061797752809,27,0.03333333333333333,hybrid_score_50_50_top30,hybrid_score_50_50,30
30,test,601777.SH,力帆科技,1.95530726256983,0.8613061797752809,28,0.03333333333333333,hybrid_score_50_50_top30,hybrid_score_50_50,30
30,test,600782.SH,新钢股份,11.716621253406,0.8525280898876404,29,0.03333333333333333,hybrid_score_50_50_top30,hybrid_score_50_50,30
30,test,000050.SZ,深天马A,1.65380374862183,0.851123595505618,30,0.03333333333333333,hybrid_score_50_50_top30,hybrid_score_50_50,30
13,train,600421.SH,华嵘控股,-29.1139240506329,0.9995084269662922,1,0.1,hybrid_score_30_70_top10,hybrid_score_30_70,10
13,train,000017.SZ,深中华A,-16.9144981412639,0.9989466292134831,2,0.1,hybrid_score_30_70_top10,hybrid_score_30_70,10
13,train,600610.SH,中毅达,-21.256038647343,0.998384831460674,3,0.1,hybrid_score_30_70_top10,hybrid_score_30_70,10
13,train,002248.SZ,华东数控,-7.32177263969174,0.9981039325842695,4,0.1,hybrid_score_30_70_top10,hybrid_score_30_70,10
13,train,600234.SH,*ST科新,-9.20398009950247,0.9973314606741572,5,0.1,hybrid_score_30_70_top10,hybrid_score_30_70,10
13,train,600800.SH,渤海化学,-24.5635910224439,0.9962078651685393,6,0.1,hybrid_score_30_70_top10,hybrid_score_30_70,10
13,train,600319.SH,亚星化学,-16.5261382799325,0.9950842696629212,7,0.1,hybrid_score_30_70_top10,hybrid_score_30_70,10
13,train,600678.SH,四川金顶,-16.0283687943262,0.994311797752809,8,0.1,hybrid_score_30_70_top10,hybrid_score_30_70,10
13,train,000677.SZ,恒天海龙,-27.2727272727273,0.9936095505617977,9,0.1,hybrid_score_30_70_top10,hybrid_score_30_70,10
13,train,000422.SZ,湖北宜化,-28.4090909090909,0.9933988764044943,10,0.1,hybrid_score_30_70_top10,hybrid_score_30_70,10
14,train,600883.SH,博闻科技,-8.53146853146852,0.9995786516853932,1,0.1,hybrid_score_30_70_top10,hybrid_score_30_70,10
14,train,002625.SZ,光启技术,-3.55220667384283,0.9980337078651684,2,0.1,hybrid_score_30_70_top10,hybrid_score_30_70,10
14,train,600191.SH,华资实业,-5.44464609800363,0.9964887640449438,3,0.1,hybrid_score_30_70_top10,hybrid_score_30_70,10
14,train,600345.SH,长江通信,-13.9422435645043,0.9964185393258427,4,0.1,hybrid_score_30_70_top10,hybrid_score_30_70,10
14,train,000820.SZ,神雾节能,-33.7552742616034,0.9957162921348314,5,0.1,hybrid_score_30_70_top10,hybrid_score_30_70,10
14,train,002248.SZ,华东数控,-19.1268191268191,0.9953651685393259,6,0.1,hybrid_score_30_70_top10,hybrid_score_30_70,10
14,train,600610.SH,中毅达,0.0,0.9951544943820225,7,0.1,hybrid_score_30_70_top10,hybrid_score_30_70,10
14,train,000670.SZ,盈方微,3.94736842105263,0.9941713483146066,8,0.1,hybrid_score_30_70_top10,hybrid_score_30_70,10
14,train,600615.SH,丰华股份,19.8047419804742,0.993820224719101,9,0.1,hybrid_score_30_70_top10,hybrid_score_30_70,10
14,train,300125.SZ,ST聆达,0.207325501036615,0.992134831460674,10,0.1,hybrid_score_30_70_top10,hybrid_score_30_70,10
15,train,002625.SZ,光启技术,3.27313769751694,0.9940308988764044,1,0.1,hybrid_score_30_70_top10,hybrid_score_30_70,10
15,train,600732.SH,爱旭股份,-2.86783042394015,0.9862359550561797,2,0.1,hybrid_score_30_70_top10,hybrid_score_30_70,10
15,train,600421.SH,华嵘控股,12.551724137931,0.9851123595505618,3,0.1,hybrid_score_30_70_top10,hybrid_score_30_70,10
15,train,600883.SH,博闻科技,12.1879588839941,0.9850421348314606,4,0.1,hybrid_score_30_70_top10,hybrid_score_30_70,10
15,train,600615.SH,丰华股份,21.443736730361,0.9775280898876404,5,0.1,hybrid_score_30_70_top10,hybrid_score_30_70,10
15,train,002501.SZ,利源股份,33.0769230769231,0.9747893258426966,6,0.1,hybrid_score_30_70_top10,hybrid_score_30_70,10
15,train,300077.SZ,国民技术,-5.20504731861199,0.9737359550561797,7,0.1,hybrid_score_30_70_top10,hybrid_score_30_70,10
15,train,000536.SZ,华映科技,-2.52707581227436,0.9661516853932584,8,0.1,hybrid_score_30_70_top10,hybrid_score_30_70,10
15,train,300076.SZ,GQY视讯,1.03806228373702,0.9634831460674156,9,0.1,hybrid_score_30_70_top10,hybrid_score_30_70,10
15,train,300411.SZ,金盾股份,-4.15045395590145,0.9613061797752809,10,0.1,hybrid_score_30_70_top10,hybrid_score_30_70,10
16,train,300049.SZ,福瑞股份,-0.26666666666666,0.9800561797752809,1,0.1,hybrid_score_30_70_top10,hybrid_score_30_70,10
16,train,600351.SH,亚宝药业,-12.9824561403509,0.9739466292134831,2,0.1,hybrid_score_30_70_top10,hybrid_score_30_70,10
16,train,600594.SH,益佰制药,1.86721991701244,0.9721910112359551,3,0.1,hybrid_score_30_70_top10,hybrid_score_30_70,10
16,train,600080.SH,金花股份,2.52951096121417,0.9686095505617975,4,0.1,hybrid_score_30_70_top10,hybrid_score_30_70,10
16,train,600211.SH,西藏药业,19.1584316225693,0.9662921348314606,5,0.1,hybrid_score_30_70_top10,hybrid_score_30_70,10
16,train,002566.SZ,益盛药业,11.890243902439,0.965941011235955,6,0.1,hybrid_score_30_70_top10,hybrid_score_30_70,10
16,train,300199.SZ,翰宇药业,14.2355008787346,0.9655196629213483,7,0.1,hybrid_score_30_70_top10,hybrid_score_30_70,10
16,train,002437.SZ,誉衡药业,-12.2033898305085,0.961938202247191,8,0.1,hybrid_score_30_70_top10,hybrid_score_30_70,10
16,train,002393.SZ,力生制药,-9.49177877429,0.9612359550561798,9,0.1,hybrid_score_30_70_top10,hybrid_score_30_70,10
16,train,002622.SZ,皓宸医疗,-8.00000000000001,0.9603932584269662,10,0.1,hybrid_score_30_70_top10,hybrid_score_30_70,10
17,train,600877.SH,电科芯片,-21.8967921896792,0.9963483146067416,1,0.1,hybrid_score_30_70_top10,hybrid_score_30_70,10
17,train,000422.SZ,湖北宜化,0.393700787401574,0.9896769662921348,2,0.1,hybrid_score_30_70_top10,hybrid_score_30_70,10
17,train,600779.SH,水井坊,44.7923915564834,0.9889747191011236,3,0.1,hybrid_score_30_70_top10,hybrid_score_30_70,10
17,train,002690.SZ,美亚光电,41.1146912035334,0.9884831460674156,4,0.1,hybrid_score_30_70_top10,hybrid_score_30_70,10
17,train,000403.SZ,派林生物,93.3489827856025,0.9837078651685393,5,0.1,hybrid_score_30_70_top10,hybrid_score_30_70,10
17,train,600817.SH,宇通重工,-1.7989417989418,0.9823033707865169,6,0.1,hybrid_score_30_70_top10,hybrid_score_30_70,10
17,train,600678.SH,四川金顶,-20.1079622132254,0.9811797752808988,7,0.1,hybrid_score_30_70_top10,hybrid_score_30_70,10
17,train,603288.SH,海天味业,30.7746283364851,0.9764044943820225,8,0.1,hybrid_score_30_70_top10,hybrid_score_30_70,10
17,train,600234.SH,*ST科新,-6.55567117585847,0.9745786516853933,9,0.1,hybrid_score_30_70_top10,hybrid_score_30_70,10
17,train,300357.SZ,我武生物,47.6331366989705,0.9729634831460673,10,0.1,hybrid_score_30_70_top10,hybrid_score_30_70,10
18,train,000691.SZ,亚太实业,-2.86806883365202,0.989817415730337,1,0.1,hybrid_score_30_70_top10,hybrid_score_30_70,10
18,train,300116.SZ,*ST保力(退市),135.374149659864,0.9820926966292134,2,0.1,hybrid_score_30_70_top10,hybrid_score_30_70,10
18,train,600234.SH,*ST科新,0.559910414333697,0.9776685393258426,3,0.1,hybrid_score_30_70_top10,hybrid_score_30_70,10
18,train,000707.SZ,双环科技,8.29875518672198,0.9760533707865168,4,0.1,hybrid_score_30_70_top10,hybrid_score_30_70,10
18,train,600186.SH,莲花控股,4.78087649402392,0.9746488764044943,5,0.1,hybrid_score_30_70_top10,hybrid_score_30_70,10
18,train,600421.SH,华嵘控股,33.9285714285714,0.9705758426966291,6,0.1,hybrid_score_30_70_top10,hybrid_score_30_70,10
18,train,000410.SZ,沈阳机床,0.455580865603666,0.9681179775280897,7,0.1,hybrid_score_30_70_top10,hybrid_score_30_70,10
18,train,600550.SH,保变电气,-7.67634854771786,0.9616573033707865,8,0.1,hybrid_score_30_70_top10,hybrid_score_30_70,10
18,train,002248.SZ,华东数控,-4.22919508867667,0.9575140449438202,9,0.1,hybrid_score_30_70_top10,hybrid_score_30_70,10
18,train,000633.SZ,合金投资,20.0,0.9573033707865168,10,0.1,hybrid_score_30_70_top10,hybrid_score_30_70,10
19,train,603288.SH,海天味业,26.6675088428499,0.9992977528089888,1,0.1,hybrid_score_30_70_top10,hybrid_score_30_70,10
19,train,300122.SZ,智飞生物,9.56296296296295,0.9990168539325841,2,0.1,hybrid_score_30_70_top10,hybrid_score_30_70,10
19,train,600436.SH,片仔癀,13.4767116314584,0.996629213483146,3,0.1,hybrid_score_30_70_top10,hybrid_score_30_70,10
19,train,002475.SZ,立讯精密,-1.37082601054481,0.9927668539325842,4,0.1,hybrid_score_30_70_top10,hybrid_score_30_70,10
19,train,600809.SH,山西汾酒,90.8124872889974,0.9919943820224719,5,0.1,hybrid_score_30_70_top10,hybrid_score_30_70,10
19,train,600132.SH,重庆啤酒,14.3145354981266,0.9913623595505618,6,0.1,hybrid_score_30_70_top10,hybrid_score_30_70,10
19,train,300116.SZ,*ST保力(退市),-44.1666666666667,0.9907303370786515,7,0.1,hybrid_score_30_70_top10,hybrid_score_30_70,10
19,train,600276.SH,恒瑞医药,23.9959951051285,0.9886235955056178,8,0.1,hybrid_score_30_70_top10,hybrid_score_30_70,10
19,train,601100.SH,恒立液压,57.7331099944165,0.9867977528089886,9,0.1,hybrid_score_30_70_top10,hybrid_score_30_70,10
19,train,000911.SZ,广农糖业,-8.47255369928402,0.9865168539325841,10,0.1,hybrid_score_30_70_top10,hybrid_score_30_70,10
20,train,601766.SH,中国中车,21.8216318785579,0.9917837078651686,1,0.1,hybrid_score_30_70_top10,hybrid_score_30_70,10
20,train,600104.SH,上汽集团,-19.4182712003277,0.9917134831460674,2,0.1,hybrid_score_30_70_top10,hybrid_score_30_70,10
20,train,600690.SH,海尔智家,10.9608540925267,0.9916432584269663,3,0.1,hybrid_score_30_70_top10,hybrid_score_30_70,10
20,train,000651.SZ,格力电器,2.33393177737882,0.991502808988764,4,0.1,hybrid_score_30_70_top10,hybrid_score_30_70,10
20,train,600019.SH,宝钢股份,35.3433835845896,0.990379213483146,5,0.1,hybrid_score_30_70_top10,hybrid_score_30_70,10
20,train,000538.SZ,云南白药,7.59821428571428,0.9902387640449437,6,0.1,hybrid_score_30_70_top10,hybrid_score_30_70,10
20,train,000725.SZ,京东方A,5.20134228187918,0.9898876404494382,7,0.1,hybrid_score_30_70_top10,hybrid_score_30_70,10
20,train,000063.SZ,中兴通讯,-12.3205741626794,0.989817415730337,8,0.1,hybrid_score_30_70_top10,hybrid_score_30_70,10
20,train,600893.SH,航发动力,-16.0405156537753,0.9891151685393258,9,0.1,hybrid_score_30_70_top10,hybrid_score_30_70,10
20,train,600585.SH,海螺水泥,-0.233735878457353,0.9884831460674157,10,0.1,hybrid_score_30_70_top10,hybrid_score_30_70,10
21,train,600809.SH,山西汾酒,30.8449429013698,0.9992977528089888,1,0.1,hybrid_score_30_70_top10,hybrid_score_30_70,10
21,train,300357.SZ,我武生物,12.4582610190038,0.9985252808988763,2,0.1,hybrid_score_30_70_top10,hybrid_score_30_70,10
21,train,603288.SH,海天味业,10.9033513186847,0.9976123595505617,3,0.1,hybrid_score_30_70_top10,hybrid_score_30_70,10
21,train,300122.SZ,智飞生物,6.00022706630334,0.9969101123595505,4,0.1,hybrid_score_30_70_top10,hybrid_score_30_70,10
21,train,600436.SH,片仔癀,55.998175526153,0.9965589887640449,5,0.1,hybrid_score_30_70_top10,hybrid_score_30_70,10
21,train,600132.SH,重庆啤酒,77.7408637873754,0.9954353932584268,6,0.1,hybrid_score_30_70_top10,hybrid_score_30_70,10
21,train,000995.SZ,皇台酒业,49.030612244898,0.9951544943820223,7,0.1,hybrid_score_30_70_top10,hybrid_score_30_70,10
21,train,600696.SH,岩石股份,156.401384083045,0.9935393258426966,8,0.1,hybrid_score_30_70_top10,hybrid_score_30_70,10
21,train,000799.SZ,酒鬼酒,61.5982803312891,0.9923455056179774,9,0.1,hybrid_score_30_70_top10,hybrid_score_30_70,10
21,train,600519.SH,贵州茅台,2.06305768108639,0.9917837078651686,10,0.1,hybrid_score_30_70_top10,hybrid_score_30_70,10
22,valid,002466.SZ,天齐锂业,63.8387096774194,0.9927668539325842,1,0.1,hybrid_score_30_70_top10,hybrid_score_30_70,10
22,valid,600331.SH,宏达股份,110.39603960396,0.992626404494382,2,0.1,hybrid_score_30_70_top10,hybrid_score_30_70,10
22,valid,300116.SZ,*ST保力(退市),29.2682926829269,0.9925561797752809,3,0.1,hybrid_score_30_70_top10,hybrid_score_30_70,10
22,valid,002371.SZ,北方华创,33.5665587721669,0.9924859550561798,4,0.1,hybrid_score_30_70_top10,hybrid_score_30_70,10
22,valid,600460.SH,士兰微,1.31322094055013,0.990941011235955,5,0.1,hybrid_score_30_70_top10,hybrid_score_30_70,10
22,valid,000410.SZ,沈阳机床,11.6945107398568,0.9907303370786515,6,0.1,hybrid_score_30_70_top10,hybrid_score_30_70,10
22,valid,002709.SZ,天赐材料,42.3012160898036,0.9897471910112359,7,0.1,hybrid_score_30_70_top10,hybrid_score_30_70,10
22,valid,002248.SZ,华东数控,47.4258970358814,0.9889044943820224,8,0.1,hybrid_score_30_70_top10,hybrid_score_30_70,10
22,valid,600436.SH,片仔癀,-15.8639407354675,0.9886938202247191,9,0.1,hybrid_score_30_70_top10,hybrid_score_30_70,10
22,valid,000890.SZ,法尔胜,-23.462783171521,0.9882022471910112,10,0.1,hybrid_score_30_70_top10,hybrid_score_30_70,10
23,valid,600760.SH,中航沈飞,2.70497291889134,0.9937499999999999,1,0.1,hybrid_score_30_70_top10,hybrid_score_30_70,10
23,valid,601012.SH,隆基绿能,6.32786480819048,0.9933286516853932,2,0.1,hybrid_score_30_70_top10,hybrid_score_30_70,10
23,valid,300343.SZ,联创股份,-8.98395721925135,0.9916432584269661,3,0.1,hybrid_score_30_70_top10,hybrid_score_30_70,10
23,valid,300124.SZ,汇川技术,9.21827734437191,0.9867977528089886,4,0.1,hybrid_score_30_70_top10,hybrid_score_30_70,10
23,valid,600703.SH,三安光电,16.7184586699814,0.9860252808988763,5,0.1,hybrid_score_30_70_top10,hybrid_score_30_70,10
23,valid,000333.SZ,美的集团,5.03771168350649,0.9856741573033707,6,0.1,hybrid_score_30_70_top10,hybrid_score_30_70,10
23,valid,600010.SH,包钢股份,-9.41558441558442,0.9848314606741573,7,0.1,hybrid_score_30_70_top10,hybrid_score_30_70,10
23,valid,601633.SH,长城汽车,-5.1705759778523,0.9847612359550562,8,0.1,hybrid_score_30_70_top10,hybrid_score_30_70,10
23,valid,603288.SH,海天味业,-4.22779043280184,0.9843398876404493,9,0.1,hybrid_score_30_70_top10,hybrid_score_30_70,10
23,valid,002475.SZ,立讯精密,37.7765331839821,0.9834971910112358,10,0.1,hybrid_score_30_70_top10,hybrid_score_30_70,10
24,valid,600319.SH,亚星化学,38.0333951762523,1.0,1,0.1,hybrid_score_30_70_top10,hybrid_score_30_70,10
24,valid,600071.SH,凤凰光学,-36.0709712822389,0.9992977528089888,2,0.1,hybrid_score_30_70_top10,hybrid_score_30_70,10
24,valid,000410.SZ,沈阳机床,-5.98802395209581,0.9953651685393259,3,0.1,hybrid_score_30_70_top10,hybrid_score_30_70,10
24,valid,000820.SZ,神雾节能,-1.17302052785924,0.9941713483146066,4,0.1,hybrid_score_30_70_top10,hybrid_score_30_70,10
24,valid,300111.SZ,向日葵,6.64556962025318,0.9931179775280898,5,0.1,hybrid_score_30_70_top10,hybrid_score_30_70,10
24,valid,000995.SZ,皇台酒业,-46.6074313408724,0.9919943820224719,6,0.1,hybrid_score_30_70_top10,hybrid_score_30_70,10
24,valid,002248.SZ,华东数控,-21.7842323651452,0.9915028089887641,7,0.1,hybrid_score_30_70_top10,hybrid_score_30_70,10
24,valid,600601.SH,方正科技,-1.61943319838057,0.9908005617977529,8,0.1,hybrid_score_30_70_top10,hybrid_score_30_70,10
24,valid,600696.SH,岩石股份,-23.7072619384007,0.986376404494382,9,0.1,hybrid_score_30_70_top10,hybrid_score_30_70,10
24,valid,000953.SZ,河化股份,32.7102803738318,0.9845505617977527,10,0.1,hybrid_score_30_70_top10,hybrid_score_30_70,10
25,valid,600519.SH,贵州茅台,23.9991368946232,0.9851123595505618,1,0.1,hybrid_score_30_70_top10,hybrid_score_30_70,10
25,valid,601877.SH,正泰电器,-7.37768573647424,0.9792837078651685,2,0.1,hybrid_score_30_70_top10,hybrid_score_30_70,10
25,valid,000017.SZ,深中华A,31.8452380952381,0.9747191011235954,3,0.1,hybrid_score_30_70_top10,hybrid_score_30_70,10
25,valid,000410.SZ,沈阳机床,1.49253731343282,0.9736657303370786,4,0.1,hybrid_score_30_70_top10,hybrid_score_30_70,10
25,valid,600601.SH,方正科技,-4.48979591836736,0.9679073033707866,5,0.1,hybrid_score_30_70_top10,hybrid_score_30_70,10
25,valid,300116.SZ,*ST保力(退市),3.5897435897436,0.9662219101123595,6,0.1,hybrid_score_30_70_top10,hybrid_score_30_70,10
25,valid,600732.SH,爱旭股份,119.986675549634,0.9650280898876404,7,0.1,hybrid_score_30_70_top10,hybrid_score_30_70,10
25,valid,601012.SH,隆基绿能,25.895784682124,0.9646769662921348,8,0.1,hybrid_score_30_70_top10,hybrid_score_30_70,10
25,valid,300204.SZ,舒泰神,-41.7787418655098,0.9642556179775281,9,0.1,hybrid_score_30_70_top10,hybrid_score_30_70,10
25,valid,002432.SZ,九安医疗,-19.4030350186345,0.9636235955056179,10,0.1,hybrid_score_30_70_top10,hybrid_score_30_70,10
26,test,600276.SH,恒瑞医药,-0.796897651005557,0.9989466292134831,1,0.1,hybrid_score_30_70_top10,hybrid_score_30_70,10
26,test,002466.SZ,天齐锂业,-18.2410423452769,0.998384831460674,2,0.1,hybrid_score_30_70_top10,hybrid_score_30_70,10
26,test,002304.SZ,洋河股份,-11.6973757677275,0.9980337078651684,3,0.1,hybrid_score_30_70_top10,hybrid_score_30_70,10
26,test,000568.SZ,泸州老窖,-0.759066023169841,0.9973314606741572,4,0.1,hybrid_score_30_70_top10,hybrid_score_30_70,10
26,test,000858.SZ,五粮液,-11.859375,0.9967696629213483,5,0.1,hybrid_score_30_70_top10,hybrid_score_30_70,10
26,test,002460.SZ,赣锋锂业,-26.6685642538095,0.9948735955056178,6,0.1,hybrid_score_30_70_top10,hybrid_score_30_70,10
26,test,000725.SZ,京东方A,-16.5816326530612,0.9934691011235954,7,0.1,hybrid_score_30_70_top10,hybrid_score_30_70,10
26,test,002415.SZ,海康威视,-15.9668508287293,0.9933286516853932,8,0.1,hybrid_score_30_70_top10,hybrid_score_30_70,10
26,test,600585.SH,海螺水泥,-16.8782458165032,0.9930477528089887,9,0.1,hybrid_score_30_70_top10,hybrid_score_30_70,10
26,test,002371.SZ,北方华创,2.03571665131286,0.9919943820224719,10,0.1,hybrid_score_30_70_top10,hybrid_score_30_70,10
27,test,600519.SH,贵州茅台,-6.98555126426281,0.9995084269662922,1,0.1,hybrid_score_30_70_top10,hybrid_score_30_70,10
27,test,002466.SZ,天齐锂业,-24.1283258092402,0.9985252808988763,2,0.1,hybrid_score_30_70_top10,hybrid_score_30_70,10
27,test,600276.SH,恒瑞医药,10.1801544180726,0.997191011235955,3,0.1,hybrid_score_30_70_top10,hybrid_score_30_70,10
27,test,000568.SZ,泸州老窖,-2.90909090909092,0.9971207865168539,4,0.1,hybrid_score_30_70_top10,hybrid_score_30_70,10
27,test,002304.SZ,洋河股份,0.671140939597303,0.9969101123595505,5,0.1,hybrid_score_30_70_top10,hybrid_score_30_70,10
27,test,000858.SZ,五粮液,7.22805768203669,0.9968398876404494,6,0.1,hybrid_score_30_70_top10,hybrid_score_30_70,10
27,test,000792.SZ,盐湖股份,-4.94344365312108,0.9933286516853932,7,0.1,hybrid_score_30_70_top10,hybrid_score_30_70,10
27,test,601633.SH,长城汽车,5.40925266903916,0.9919943820224719,8,0.1,hybrid_score_30_70_top10,hybrid_score_30_70,10
27,test,600438.SH,通威股份,-19.591496456857,0.9917837078651686,9,0.1,hybrid_score_30_70_top10,hybrid_score_30_70,10
27,test,000651.SZ,格力电器,-0.706605222734247,0.9912921348314606,10,0.1,hybrid_score_30_70_top10,hybrid_score_30_70,10
28,test,000725.SZ,京东方A,31.3609467455622,0.9941011235955056,1,0.1,hybrid_score_30_70_top10,hybrid_score_30_70,10
28,test,002432.SZ,九安医疗,-13.5785560555664,0.9650983146067416,2,0.1,hybrid_score_30_70_top10,hybrid_score_30_70,10
28,test,000893.SZ,亚钾国际,0.551876379690941,0.9597612359550561,3,0.1,hybrid_score_30_70_top10,hybrid_score_30_70,10
28,test,000623.SZ,吉林敖东,2.13475650433623,0.9491573033707864,4,0.1,hybrid_score_30_70_top10,hybrid_score_30_70,10
28,test,000423.SZ,东阿阿胶,30.1965601965602,0.9488061797752808,5,0.1,hybrid_score_30_70_top10,hybrid_score_30_70,10
28,test,600566.SH,济川药业,4.62894930198383,0.9469803370786516,6,0.1,hybrid_score_30_70_top10,hybrid_score_30_70,10
28,test,002030.SZ,达安基因,3.53470437017995,0.9437499999999999,7,0.1,hybrid_score_30_70_top10,hybrid_score_30_70,10
28,test,002038.SZ,双鹭药业,4.74452554744522,0.9400280898876404,8,0.1,hybrid_score_30_70_top10,hybrid_score_30_70,10
28,test,600080.SH,金花股份,1.79257362355953,0.9391151685393258,9,0.1,hybrid_score_30_70_top10,hybrid_score_30_70,10
28,test,300039.SZ,上海凯宝,-7.07196029776677,0.937570224719101,10,0.1,hybrid_score_30_70_top10,hybrid_score_30_70,10
29,test,600809.SH,山西汾酒,-31.3340433623405,1.0,1,0.1,hybrid_score_30_70_top10,hybrid_score_30_70,10
29,test,600519.SH,贵州茅台,-4.08049868791905,0.9990870786516853,2,0.1,hybrid_score_30_70_top10,hybrid_score_30_70,10
29,test,000568.SZ,泸州老窖,-17.3554696742645,0.9988061797752807,3,0.1,hybrid_score_30_70_top10,hybrid_score_30_70,10
29,test,000858.SZ,五粮液,-14.2943410513453,0.9974719101123595,4,0.1,hybrid_score_30_70_top10,hybrid_score_30_70,10
29,test,600436.SH,片仔癀,1.72646536412078,0.9964185393258427,5,0.1,hybrid_score_30_70_top10,hybrid_score_30_70,10
29,test,000596.SZ,古井贡酒,-12.2330234868374,0.9960674157303371,6,0.1,hybrid_score_30_70_top10,hybrid_score_30_70,10
29,test,600276.SH,恒瑞医药,11.3740365777554,0.9957162921348314,7,0.1,hybrid_score_30_70_top10,hybrid_score_30_70,10
29,test,000792.SZ,盐湖股份,-14.1129032258064,0.9950842696629213,8,0.1,hybrid_score_30_70_top10,hybrid_score_30_70,10
29,test,002304.SZ,洋河股份,-20.3438522924149,0.99438202247191,9,0.1,hybrid_score_30_70_top10,hybrid_score_30_70,10
29,test,603288.SH,海天味业,-24.0156299099651,0.993820224719101,10,0.1,hybrid_score_30_70_top10,hybrid_score_30_70,10
30,test,600150.SH,中国船舶,-14.3880811884086,0.9941011235955055,1,0.1,hybrid_score_30_70_top10,hybrid_score_30_70,10
30,test,000876.SZ,新希望,-5.90248075278016,0.9764747191011235,2,0.1,hybrid_score_30_70_top10,hybrid_score_30_70,10
30,test,000709.SZ,河钢股份,3.17348408506539,0.9582162921348314,3,0.1,hybrid_score_30_70_top10,hybrid_score_30_70,10
30,test,000959.SZ,首钢股份,9.5100864553314,0.9576544943820224,4,0.1,hybrid_score_30_70_top10,hybrid_score_30_70,10
30,test,000800.SZ,一汽解放,3.82775119617227,0.9558286516853932,5,0.1,hybrid_score_30_70_top10,hybrid_score_30_70,10
30,test,000066.SZ,中国长城,-25.2805131651989,0.9509831460674156,6,0.1,hybrid_score_30_70_top10,hybrid_score_30_70,10
30,test,600550.SH,保变电气,-6.73267326732673,0.9507022471910112,7,0.1,hybrid_score_30_70_top10,hybrid_score_30_70,10
30,test,601113.SH,华鼎股份,9.40438871473355,0.9422050561797752,8,0.1,hybrid_score_30_70_top10,hybrid_score_30_70,10
30,test,600872.SH,中炬高新,-6.14130434782608,0.9384129213483146,9,0.1,hybrid_score_30_70_top10,hybrid_score_30_70,10
30,test,601106.SH,中国一重,-8.8757396449704,0.9354634831460674,10,0.1,hybrid_score_30_70_top10,hybrid_score_30_70,10
13,train,600421.SH,华嵘控股,-29.1139240506329,0.9995084269662922,1,0.05,hybrid_score_30_70_top20,hybrid_score_30_70,20
13,train,000017.SZ,深中华A,-16.9144981412639,0.9989466292134831,2,0.05,hybrid_score_30_70_top20,hybrid_score_30_70,20
13,train,600610.SH,中毅达,-21.256038647343,0.998384831460674,3,0.05,hybrid_score_30_70_top20,hybrid_score_30_70,20
13,train,002248.SZ,华东数控,-7.32177263969174,0.9981039325842695,4,0.05,hybrid_score_30_70_top20,hybrid_score_30_70,20
13,train,600234.SH,*ST科新,-9.20398009950247,0.9973314606741572,5,0.05,hybrid_score_30_70_top20,hybrid_score_30_70,20
13,train,600800.SH,渤海化学,-24.5635910224439,0.9962078651685393,6,0.05,hybrid_score_30_70_top20,hybrid_score_30_70,20
13,train,600319.SH,亚星化学,-16.5261382799325,0.9950842696629212,7,0.05,hybrid_score_30_70_top20,hybrid_score_30_70,20
13,train,600678.SH,四川金顶,-16.0283687943262,0.994311797752809,8,0.05,hybrid_score_30_70_top20,hybrid_score_30_70,20
13,train,000677.SZ,恒天海龙,-27.2727272727273,0.9936095505617977,9,0.05,hybrid_score_30_70_top20,hybrid_score_30_70,20
13,train,000422.SZ,湖北宜化,-28.4090909090909,0.9933988764044943,10,0.05,hybrid_score_30_70_top20,hybrid_score_30_70,20
13,train,000670.SZ,盈方微,-61.4864864864865,0.9910814606741574,11,0.05,hybrid_score_30_70_top20,hybrid_score_30_70,20
13,train,300122.SZ,智飞生物,-14.6393882517423,0.9907303370786518,12,0.05,hybrid_score_30_70_top20,hybrid_score_30_70,20
13,train,000020.SZ,深华发A,-12.64,0.9891151685393258,13,0.05,hybrid_score_30_70_top20,hybrid_score_30_70,20
13,train,300111.SZ,向日葵,-7.77385159010601,0.9878511235955056,14,0.05,hybrid_score_30_70_top20,hybrid_score_30_70,20
13,train,300176.SZ,派生科技,-72.0,0.9874999999999999,15,0.05,hybrid_score_30_70_top20,hybrid_score_30_70,20
13,train,000691.SZ,亚太实业,-21.7898832684825,0.9860955056179774,16,0.05,hybrid_score_30_70_top20,hybrid_score_30_70,20
13,train,300357.SZ,我武生物,28.7125508458193,0.9851825842696629,17,0.05,hybrid_score_30_70_top20,hybrid_score_30_70,20
13,train,600764.SH,中国海防,-17.6366322008863,0.9850421348314605,18,0.05,hybrid_score_30_70_top20,hybrid_score_30_70,20
13,train,002058.SZ,威尔泰,0.807043286867204,0.9839887640449438,19,0.05,hybrid_score_30_70_top20,hybrid_score_30_70,20
13,train,000633.SZ,合金投资,-13.8225255972696,0.9829353932584268,20,0.05,hybrid_score_30_70_top20,hybrid_score_30_70,20
14,train,600883.SH,博闻科技,-8.53146853146852,0.9995786516853932,1,0.05,hybrid_score_30_70_top20,hybrid_score_30_70,20
14,train,002625.SZ,光启技术,-3.55220667384283,0.9980337078651684,2,0.05,hybrid_score_30_70_top20,hybrid_score_30_70,20
14,train,600191.SH,华资实业,-5.44464609800363,0.9964887640449438,3,0.05,hybrid_score_30_70_top20,hybrid_score_30_70,20
14,train,600345.SH,长江通信,-13.9422435645043,0.9964185393258427,4,0.05,hybrid_score_30_70_top20,hybrid_score_30_70,20
14,train,000820.SZ,神雾节能,-33.7552742616034,0.9957162921348314,5,0.05,hybrid_score_30_70_top20,hybrid_score_30_70,20
14,train,002248.SZ,华东数控,-19.1268191268191,0.9953651685393259,6,0.05,hybrid_score_30_70_top20,hybrid_score_30_70,20
14,train,600610.SH,中毅达,0.0,0.9951544943820225,7,0.05,hybrid_score_30_70_top20,hybrid_score_30_70,20
14,train,000670.SZ,盈方微,3.94736842105263,0.9941713483146066,8,0.05,hybrid_score_30_70_top20,hybrid_score_30_70,20
14,train,600615.SH,丰华股份,19.8047419804742,0.993820224719101,9,0.05,hybrid_score_30_70_top20,hybrid_score_30_70,20
14,train,300125.SZ,ST聆达,0.207325501036615,0.992134831460674,10,0.05,hybrid_score_30_70_top20,hybrid_score_30_70,20
14,train,600800.SH,渤海化学,-10.2479338842975,0.991502808988764,11,0.05,hybrid_score_30_70_top20,hybrid_score_30_70,20
14,train,000691.SZ,亚太实业,-4.97512437810944,0.9896067415730336,12,0.05,hybrid_score_30_70_top20,hybrid_score_30_70,20
14,train,600421.SH,华嵘控股,-24.5039682539683,0.9872191011235956,13,0.05,hybrid_score_30_70_top20,hybrid_score_30_70,20
14,train,000633.SZ,合金投资,-18.4158415841584,0.9857443820224718,14,0.05,hybrid_score_30_70_top20,hybrid_score_30_70,20
14,train,300076.SZ,GQY视讯,-0.184501845018448,0.9856741573033707,15,0.05,hybrid_score_30_70_top20,hybrid_score_30_70,20
14,train,300345.SZ,华民股份,13.941018766756,0.9853932584269662,16,0.05,hybrid_score_30_70_top20,hybrid_score_30_70,20
14,train,600302.SH,标准股份,-16.1410018552876,0.984058988764045,17,0.05,hybrid_score_30_70_top20,hybrid_score_30_70,20
14,train,600817.SH,宇通重工,-10.1591187270502,0.9820224719101123,18,0.05,hybrid_score_30_70_top20,hybrid_score_30_70,20
14,train,002387.SZ,维信诺,30.0383141762452,0.98125,19,0.05,hybrid_score_30_70_top20,hybrid_score_30_70,20
14,train,002665.SZ,ST航高(退市),-6.48967551622419,0.9806179775280899,20,0.05,hybrid_score_30_70_top20,hybrid_score_30_70,20
15,train,002625.SZ,光启技术,3.27313769751694,0.9940308988764044,1,0.05,hybrid_score_30_70_top20,hybrid_score_30_70,20
15,train,600732.SH,爱旭股份,-2.86783042394015,0.9862359550561797,2,0.05,hybrid_score_30_70_top20,hybrid_score_30_70,20
15,train,600421.SH,华嵘控股,12.551724137931,0.9851123595505618,3,0.05,hybrid_score_30_70_top20,hybrid_score_30_70,20
15,train,600883.SH,博闻科技,12.1879588839941,0.9850421348314606,4,0.05,hybrid_score_30_70_top20,hybrid_score_30_70,20
15,train,600615.SH,丰华股份,21.443736730361,0.9775280898876404,5,0.05,hybrid_score_30_70_top20,hybrid_score_30_70,20
15,train,002501.SZ,利源股份,33.0769230769231,0.9747893258426966,6,0.05,hybrid_score_30_70_top20,hybrid_score_30_70,20
15,train,300077.SZ,国民技术,-5.20504731861199,0.9737359550561797,7,0.05,hybrid_score_30_70_top20,hybrid_score_30_70,20
15,train,000536.SZ,华映科技,-2.52707581227436,0.9661516853932584,8,0.05,hybrid_score_30_70_top20,hybrid_score_30_70,20
15,train,300076.SZ,GQY视讯,1.03806228373702,0.9634831460674156,9,0.05,hybrid_score_30_70_top20,hybrid_score_30_70,20
15,train,300411.SZ,金盾股份,-4.15045395590145,0.9613061797752809,10,0.05,hybrid_score_30_70_top20,hybrid_score_30_70,20
15,train,000663.SZ,永安林业,-13.9784946236559,0.9594803370786515,11,0.05,hybrid_score_30_70_top20,hybrid_score_30_70,20
15,train,002665.SZ,ST航高(退市),3.38461538461539,0.9555477528089886,12,0.05,hybrid_score_30_70_top20,hybrid_score_30_70,20
15,train,600331.SH,宏达股份,4.7808764940239,0.9491573033707865,13,0.05,hybrid_score_30_70_top20,hybrid_score_30_70,20
15,train,300256.SZ,星星科技,54.4757033248082,0.944311797752809,14,0.05,hybrid_score_30_70_top20,hybrid_score_30_70,20
15,train,600416.SH,湘电股份,3.77906976744184,0.9429073033707864,15,0.05,hybrid_score_30_70_top20,hybrid_score_30_70,20
15,train,300083.SZ,创世纪,23.1481481481481,0.941502808988764,16,0.05,hybrid_score_30_70_top20,hybrid_score_30_70,20
15,train,002577.SZ,雷柏科技,30.7222787385554,0.9337780898876404,17,0.05,hybrid_score_30_70_top20,hybrid_score_30_70,20
15,train,600961.SH,株冶集团,-8.78155872667397,0.9332162921348315,18,0.05,hybrid_score_30_70_top20,hybrid_score_30_70,20
15,train,300173.SZ,福能东方,66.5914221218962,0.9320224719101122,19,0.05,hybrid_score_30_70_top20,hybrid_score_30_70,20
15,train,300317.SZ,珈伟新能,7.38255033557047,0.9317415730337079,20,0.05,hybrid_score_30_70_top20,hybrid_score_30_70,20
16,train,300049.SZ,福瑞股份,-0.26666666666666,0.9800561797752809,1,0.05,hybrid_score_30_70_top20,hybrid_score_30_70,20
16,train,600351.SH,亚宝药业,-12.9824561403509,0.9739466292134831,2,0.05,hybrid_score_30_70_top20,hybrid_score_30_70,20
16,train,600594.SH,益佰制药,1.86721991701244,0.9721910112359551,3,0.05,hybrid_score_30_70_top20,hybrid_score_30_70,20
16,train,600080.SH,金花股份,2.52951096121417,0.9686095505617975,4,0.05,hybrid_score_30_70_top20,hybrid_score_30_70,20
16,train,600211.SH,西藏药业,19.1584316225693,0.9662921348314606,5,0.05,hybrid_score_30_70_top20,hybrid_score_30_70,20
16,train,002566.SZ,益盛药业,11.890243902439,0.965941011235955,6,0.05,hybrid_score_30_70_top20,hybrid_score_30_70,20
16,train,300199.SZ,翰宇药业,14.2355008787346,0.9655196629213483,7,0.05,hybrid_score_30_70_top20,hybrid_score_30_70,20
16,train,002437.SZ,誉衡药业,-12.2033898305085,0.961938202247191,8,0.05,hybrid_score_30_70_top20,hybrid_score_30_70,20
16,train,002393.SZ,力生制药,-9.49177877429,0.9612359550561798,9,0.05,hybrid_score_30_70_top20,hybrid_score_30_70,20
16,train,002622.SZ,皓宸医疗,-8.00000000000001,0.9603932584269662,10,0.05,hybrid_score_30_70_top20,hybrid_score_30_70,20
16,train,300137.SZ,先河环保,-6.91003911342895,0.9603932584269662,11,0.05,hybrid_score_30_70_top20,hybrid_score_30_70,20
16,train,002724.SZ,海洋王,-9.68188105117566,0.9600421348314605,12,0.05,hybrid_score_30_70_top20,hybrid_score_30_70,20
16,train,300039.SZ,上海凯宝,11.6666666666667,0.958005617977528,13,0.05,hybrid_score_30_70_top20,hybrid_score_30_70,20
16,train,600557.SH,康缘药业,-6.47181628392485,0.955688202247191,14,0.05,hybrid_score_30_70_top20,hybrid_score_30_70,20
16,train,002581.SZ,未名医药,74.0121580547112,0.9541432584269662,15,0.05,hybrid_score_30_70_top20,hybrid_score_30_70,20
16,train,000566.SZ,海南海药,41.5672913117547,0.9480337078651685,16,0.05,hybrid_score_30_70_top20,hybrid_score_30_70,20
16,train,300255.SZ,常山药业,-2.43902439024389,0.9442415730337078,17,0.05,hybrid_score_30_70_top20,hybrid_score_30_70,20
16,train,002397.SZ,梦洁股份,-9.57230142566191,0.9436797752808989,18,0.05,hybrid_score_30_70_top20,hybrid_score_30_70,20
16,train,002154.SZ,报喜鸟,-5.81039755351681,0.9428370786516853,19,0.05,hybrid_score_30_70_top20,hybrid_score_30_70,20
16,train,002038.SZ,双鹭药业,-5.90551181102362,0.9384831460674157,20,0.05,hybrid_score_30_70_top20,hybrid_score_30_70,20
17,train,600877.SH,电科芯片,-21.8967921896792,0.9963483146067416,1,0.05,hybrid_score_30_70_top20,hybrid_score_30_70,20
17,train,000422.SZ,湖北宜化,0.393700787401574,0.9896769662921348,2,0.05,hybrid_score_30_70_top20,hybrid_score_30_70,20
17,train,600779.SH,水井坊,44.7923915564834,0.9889747191011236,3,0.05,hybrid_score_30_70_top20,hybrid_score_30_70,20
17,train,002690.SZ,美亚光电,41.1146912035334,0.9884831460674156,4,0.05,hybrid_score_30_70_top20,hybrid_score_30_70,20
17,train,000403.SZ,派林生物,93.3489827856025,0.9837078651685393,5,0.05,hybrid_score_30_70_top20,hybrid_score_30_70,20
17,train,600817.SH,宇通重工,-1.7989417989418,0.9823033707865169,6,0.05,hybrid_score_30_70_top20,hybrid_score_30_70,20
17,train,600678.SH,四川金顶,-20.1079622132254,0.9811797752808988,7,0.05,hybrid_score_30_70_top20,hybrid_score_30_70,20
17,train,603288.SH,海天味业,30.7746283364851,0.9764044943820225,8,0.05,hybrid_score_30_70_top20,hybrid_score_30_70,20
17,train,600234.SH,*ST科新,-6.55567117585847,0.9745786516853933,9,0.05,hybrid_score_30_70_top20,hybrid_score_30_70,20
17,train,300357.SZ,我武生物,47.6331366989705,0.9729634831460673,10,0.05,hybrid_score_30_70_top20,hybrid_score_30_70,20
17,train,300122.SZ,智飞生物,48.9440809042237,0.967626404494382,11,0.05,hybrid_score_30_70_top20,hybrid_score_30_70,20
17,train,002594.SZ,比亚迪,31.069733479372,0.9667134831460673,12,0.05,hybrid_score_30_70_top20,hybrid_score_30_70,20
17,train,000677.SZ,恒天海龙,-6.74846625766869,0.9666432584269662,13,0.05,hybrid_score_30_70_top20,hybrid_score_30_70,20
17,train,600696.SH,岩石股份,-26.0580912863071,0.9650983146067414,14,0.05,hybrid_score_30_70_top20,hybrid_score_30_70,20
17,train,600132.SH,重庆啤酒,64.4893354087876,0.9640449438202247,15,0.05,hybrid_score_30_70_top20,hybrid_score_30_70,20
17,train,300236.SZ,上海新阳,15.7671549730146,0.9597612359550562,16,0.05,hybrid_score_30_70_top20,hybrid_score_30_70,20
17,train,300116.SZ,*ST保力(退市),-18.6813186813187,0.9577949438202247,17,0.05,hybrid_score_30_70_top20,hybrid_score_30_70,20
17,train,002179.SZ,中航光电,17.5437374217695,0.954002808988764,18,0.05,hybrid_score_30_70_top20,hybrid_score_30_70,20
17,train,603019.SH,中科曙光,19.7398743168307,0.9536516853932584,19,0.05,hybrid_score_30_70_top20,hybrid_score_30_70,20
17,train,600801.SH,华新水泥,-0.960735171261495,0.9519662921348314,20,0.05,hybrid_score_30_70_top20,hybrid_score_30_70,20
18,train,000691.SZ,亚太实业,-2.86806883365202,0.989817415730337,1,0.05,hybrid_score_30_70_top20,hybrid_score_30_70,20
18,train,300116.SZ,*ST保力(退市),135.374149659864,0.9820926966292134,2,0.05,hybrid_score_30_70_top20,hybrid_score_30_70,20
18,train,600234.SH,*ST科新,0.559910414333697,0.9776685393258426,3,0.05,hybrid_score_30_70_top20,hybrid_score_30_70,20
18,train,000707.SZ,双环科技,8.29875518672198,0.9760533707865168,4,0.05,hybrid_score_30_70_top20,hybrid_score_30_70,20
18,train,600186.SH,莲花控股,4.78087649402392,0.9746488764044943,5,0.05,hybrid_score_30_70_top20,hybrid_score_30_70,20
18,train,600421.SH,华嵘控股,33.9285714285714,0.9705758426966291,6,0.05,hybrid_score_30_70_top20,hybrid_score_30_70,20
18,train,000410.SZ,沈阳机床,0.455580865603666,0.9681179775280897,7,0.05,hybrid_score_30_70_top20,hybrid_score_30_70,20
18,train,600550.SH,保变电气,-7.67634854771786,0.9616573033707865,8,0.05,hybrid_score_30_70_top20,hybrid_score_30_70,20
18,train,002248.SZ,华东数控,-4.22919508867667,0.9575140449438202,9,0.05,hybrid_score_30_70_top20,hybrid_score_30_70,20
18,train,000633.SZ,合金投资,20.0,0.9573033707865168,10,0.05,hybrid_score_30_70_top20,hybrid_score_30_70,20
18,train,000422.SZ,湖北宜化,-0.393700787401585,0.9537921348314606,11,0.05,hybrid_score_30_70_top20,hybrid_score_30_70,20
18,train,000982.SZ,中银绒业(退市),-7.8740157480315,0.9499297752808988,12,0.05,hybrid_score_30_70_top20,hybrid_score_30_70,20
18,train,600319.SH,亚星化学,12.9186602870813,0.9491573033707865,13,0.05,hybrid_score_30_70_top20,hybrid_score_30_70,20
18,train,000911.SZ,广农糖业,34.8684210526316,0.9485955056179776,14,0.05,hybrid_score_30_70_top20,hybrid_score_30_70,20
18,train,002213.SZ,大为股份,-14.2699115044248,0.9468398876404494,15,0.05,hybrid_score_30_70_top20,hybrid_score_30_70,20
18,train,300368.SZ,ST汇金,137.112341944862,0.9411516853932584,16,0.05,hybrid_score_30_70_top20,hybrid_score_30_70,20
18,train,000868.SZ,安凯客车,-17.1794871794872,0.9396067415730336,17,0.05,hybrid_score_30_70_top20,hybrid_score_30_70,20
18,train,600733.SH,北汽蓝谷,-8.09968847352024,0.9337780898876403,18,0.05,hybrid_score_30_70_top20,hybrid_score_30_70,20
18,train,600725.SH,云维股份,-6.13207547169811,0.9308988764044943,19,0.05,hybrid_score_30_70_top20,hybrid_score_30_70,20
18,train,002515.SZ,金字火腿,-0.481540930979119,0.9306179775280898,20,0.05,hybrid_score_30_70_top20,hybrid_score_30_70,20
19,train,603288.SH,海天味业,26.6675088428499,0.9992977528089888,1,0.05,hybrid_score_30_70_top20,hybrid_score_30_70,20
19,train,300122.SZ,智飞生物,9.56296296296295,0.9990168539325841,2,0.05,hybrid_score_30_70_top20,hybrid_score_30_70,20
19,train,600436.SH,片仔癀,13.4767116314584,0.996629213483146,3,0.05,hybrid_score_30_70_top20,hybrid_score_30_70,20
19,train,002475.SZ,立讯精密,-1.37082601054481,0.9927668539325842,4,0.05,hybrid_score_30_70_top20,hybrid_score_30_70,20
19,train,600809.SH,山西汾酒,90.8124872889974,0.9919943820224719,5,0.05,hybrid_score_30_70_top20,hybrid_score_30_70,20
19,train,600132.SH,重庆啤酒,14.3145354981266,0.9913623595505618,6,0.05,hybrid_score_30_70_top20,hybrid_score_30_70,20
19,train,300116.SZ,*ST保力(退市),-44.1666666666667,0.9907303370786515,7,0.05,hybrid_score_30_70_top20,hybrid_score_30_70,20
19,train,600276.SH,恒瑞医药,23.9959951051285,0.9886235955056178,8,0.05,hybrid_score_30_70_top20,hybrid_score_30_70,20
19,train,601100.SH,恒立液压,57.7331099944165,0.9867977528089886,9,0.05,hybrid_score_30_70_top20,hybrid_score_30_70,20
19,train,000911.SZ,广农糖业,-8.47255369928402,0.9865168539325841,10,0.05,hybrid_score_30_70_top20,hybrid_score_30_70,20
19,train,000661.SZ,长春高新,20.9380640642259,0.9864466292134831,11,0.05,hybrid_score_30_70_top20,hybrid_score_30_70,20
19,train,601777.SH,力帆科技,-14.4665461121157,0.986376404494382,12,0.05,hybrid_score_30_70_top20,hybrid_score_30_70,20
19,train,600610.SH,中毅达,10.2620087336244,0.9862359550561797,13,0.05,hybrid_score_30_70_top20,hybrid_score_30_70,20
19,train,002007.SZ,华兰生物,-23.8232642019838,0.9854634831460674,14,0.05,hybrid_score_30_70_top20,hybrid_score_30_70,20
19,train,600519.SH,贵州茅台,20.9223506627126,0.9842696629213483,15,0.05,hybrid_score_30_70_top20,hybrid_score_30_70,20
19,train,600319.SH,亚星化学,11.3733905579399,0.9830758426966291,16,0.05,hybrid_score_30_70_top20,hybrid_score_30_70,20
19,train,600234.SH,*ST科新,3.76106194690267,0.9827949438202246,17,0.05,hybrid_score_30_70_top20,hybrid_score_30_70,20
19,train,300111.SZ,向日葵,-16.6666666666667,0.9822331460674156,18,0.05,hybrid_score_30_70_top20,hybrid_score_30_70,20
19,train,300357.SZ,我武生物,40.1937488576129,0.9821629213483145,19,0.05,hybrid_score_30_70_top20,hybrid_score_30_70,20
19,train,600421.SH,华嵘控股,-35.5807743658211,0.9821629213483145,20,0.05,hybrid_score_30_70_top20,hybrid_score_30_70,20
20,train,601766.SH,中国中车,21.8216318785579,0.9917837078651686,1,0.05,hybrid_score_30_70_top20,hybrid_score_30_70,20
20,train,600104.SH,上汽集团,-19.4182712003277,0.9917134831460674,2,0.05,hybrid_score_30_70_top20,hybrid_score_30_70,20
20,train,600690.SH,海尔智家,10.9608540925267,0.9916432584269663,3,0.05,hybrid_score_30_70_top20,hybrid_score_30_70,20
20,train,000651.SZ,格力电器,2.33393177737882,0.991502808988764,4,0.05,hybrid_score_30_70_top20,hybrid_score_30_70,20
20,train,600019.SH,宝钢股份,35.3433835845896,0.990379213483146,5,0.05,hybrid_score_30_70_top20,hybrid_score_30_70,20
20,train,000538.SZ,云南白药,7.59821428571428,0.9902387640449437,6,0.05,hybrid_score_30_70_top20,hybrid_score_30_70,20
20,train,000725.SZ,京东方A,5.20134228187918,0.9898876404494382,7,0.05,hybrid_score_30_70_top20,hybrid_score_30_70,20
20,train,000063.SZ,中兴通讯,-12.3205741626794,0.989817415730337,8,0.05,hybrid_score_30_70_top20,hybrid_score_30_70,20
20,train,600893.SH,航发动力,-16.0405156537753,0.9891151685393258,9,0.05,hybrid_score_30_70_top20,hybrid_score_30_70,20
20,train,600585.SH,海螺水泥,-0.233735878457353,0.9884831460674157,10,0.05,hybrid_score_30_70_top20,hybrid_score_30_70,20
20,train,600150.SH,中国船舶,-11.8458884416331,0.9871488764044943,11,0.05,hybrid_score_30_70_top20,hybrid_score_30_70,20
20,train,600031.SH,三一重工,-0.870827285921627,0.9870786516853932,12,0.05,hybrid_score_30_70_top20,hybrid_score_30_70,20
20,train,600438.SH,通威股份,-13.7285902503294,0.9870084269662921,13,0.05,hybrid_score_30_70_top20,hybrid_score_30_70,20
20,train,600196.SH,复星医药,-23.1704962347944,0.9865168539325843,14,0.05,hybrid_score_30_70_top20,hybrid_score_30_70,20
20,train,601633.SH,长城汽车,-18.1653562914766,0.9857443820224718,15,0.05,hybrid_score_30_70_top20,hybrid_score_30_70,20
20,train,600346.SH,恒力石化,3.74955783516093,0.9856741573033708,16,0.05,hybrid_score_30_70_top20,hybrid_score_30_70,20
20,train,600309.SH,万华化学,15.7640868230651,0.9839887640449438,17,0.05,hybrid_score_30_70_top20,hybrid_score_30_70,20
20,train,600703.SH,三安光电,-13.7777777777778,0.9839887640449436,18,0.05,hybrid_score_30_70_top20,hybrid_score_30_70,20
20,train,000625.SZ,长安汽车,-34.091964700418,0.9829353932584269,19,0.05,hybrid_score_30_70_top20,hybrid_score_30_70,20
20,train,002493.SZ,荣盛石化,0.62111801242235,0.9828651685393257,20,0.05,hybrid_score_30_70_top20,hybrid_score_30_70,20
21,train,600809.SH,山西汾酒,30.8449429013698,0.9992977528089888,1,0.05,hybrid_score_30_70_top20,hybrid_score_30_70,20
21,train,300357.SZ,我武生物,12.4582610190038,0.9985252808988763,2,0.05,hybrid_score_30_70_top20,hybrid_score_30_70,20
21,train,603288.SH,海天味业,10.9033513186847,0.9976123595505617,3,0.05,hybrid_score_30_70_top20,hybrid_score_30_70,20
21,train,300122.SZ,智飞生物,6.00022706630334,0.9969101123595505,4,0.05,hybrid_score_30_70_top20,hybrid_score_30_70,20
21,train,600436.SH,片仔癀,55.998175526153,0.9965589887640449,5,0.05,hybrid_score_30_70_top20,hybrid_score_30_70,20
21,train,600132.SH,重庆啤酒,77.7408637873754,0.9954353932584268,6,0.05,hybrid_score_30_70_top20,hybrid_score_30_70,20
21,train,000995.SZ,皇台酒业,49.030612244898,0.9951544943820223,7,0.05,hybrid_score_30_70_top20,hybrid_score_30_70,20
21,train,600696.SH,岩石股份,156.401384083045,0.9935393258426966,8,0.05,hybrid_score_30_70_top20,hybrid_score_30_70,20
21,train,000799.SZ,酒鬼酒,61.5982803312891,0.9923455056179774,9,0.05,hybrid_score_30_70_top20,hybrid_score_30_70,20
21,train,600519.SH,贵州茅台,2.06305768108639,0.9917837078651686,10,0.05,hybrid_score_30_70_top20,hybrid_score_30_70,20
21,train,300111.SZ,向日葵,1.74825174825175,0.9915730337078652,11,0.05,hybrid_score_30_70_top20,hybrid_score_30_70,20
21,train,600877.SH,电科芯片,23.8244514106583,0.9915730337078652,12,0.05,hybrid_score_30_70_top20,hybrid_score_30_70,20
21,train,002568.SZ,百润股份,25.6445267799422,0.9915028089887641,13,0.05,hybrid_score_30_70_top20,hybrid_score_30_70,20
21,train,600610.SH,中毅达,103.671328671329,0.9903089887640448,14,0.05,hybrid_score_30_70_top20,hybrid_score_30_70,20
21,train,600779.SH,水井坊,73.6769759450172,0.9897471910112359,15,0.05,hybrid_score_30_70_top20,hybrid_score_30_70,20
21,train,000661.SZ,长春高新,-12.1883169365361,0.9891151685393258,16,0.05,hybrid_score_30_70_top20,hybrid_score_30_70,20
21,train,601100.SH,恒立液压,-5.00443299196558,0.9889747191011236,17,0.05,hybrid_score_30_70_top20,hybrid_score_30_70,20
21,train,600276.SH,恒瑞医药,-9.69140865540787,0.9879213483146067,18,0.05,hybrid_score_30_70_top20,hybrid_score_30_70,20
21,train,000017.SZ,深中华A,24.7349823321555,0.9874999999999999,19,0.05,hybrid_score_30_70_top20,hybrid_score_30_70,20
21,train,002076.SZ,星光股份,2.95566502463054,0.9867977528089887,20,0.05,hybrid_score_30_70_top20,hybrid_score_30_70,20
22,valid,002466.SZ,天齐锂业,63.8387096774194,0.9927668539325842,1,0.05,hybrid_score_30_70_top20,hybrid_score_30_70,20
22,valid,600331.SH,宏达股份,110.39603960396,0.992626404494382,2,0.05,hybrid_score_30_70_top20,hybrid_score_30_70,20
22,valid,300116.SZ,*ST保力(退市),29.2682926829269,0.9925561797752809,3,0.05,hybrid_score_30_70_top20,hybrid_score_30_70,20
22,valid,002371.SZ,北方华创,33.5665587721669,0.9924859550561798,4,0.05,hybrid_score_30_70_top20,hybrid_score_30_70,20
22,valid,600460.SH,士兰微,1.31322094055013,0.990941011235955,5,0.05,hybrid_score_30_70_top20,hybrid_score_30_70,20
22,valid,000410.SZ,沈阳机床,11.6945107398568,0.9907303370786515,6,0.05,hybrid_score_30_70_top20,hybrid_score_30_70,20
22,valid,002709.SZ,天赐材料,42.3012160898036,0.9897471910112359,7,0.05,hybrid_score_30_70_top20,hybrid_score_30_70,20
22,valid,002248.SZ,华东数控,47.4258970358814,0.9889044943820224,8,0.05,hybrid_score_30_70_top20,hybrid_score_30_70,20
22,valid,600436.SH,片仔癀,-15.8639407354675,0.9886938202247191,9,0.05,hybrid_score_30_70_top20,hybrid_score_30_70,20
22,valid,000890.SZ,法尔胜,-23.462783171521,0.9882022471910112,10,0.05,hybrid_score_30_70_top20,hybrid_score_30_70,20
22,valid,600319.SH,亚星化学,-2.0979020979021,0.9872893258426965,11,0.05,hybrid_score_30_70_top20,hybrid_score_30_70,20
22,valid,300124.SZ,汇川技术,-8.61618798955613,0.9866573033707865,12,0.05,hybrid_score_30_70_top20,hybrid_score_30_70,20
22,valid,600238.SH,海南椰岛,-29.4402985074627,0.984691011235955,13,0.05,hybrid_score_30_70_top20,hybrid_score_30_70,20
22,valid,603288.SH,海天味业,-14.9462615015851,0.9845505617977528,14,0.05,hybrid_score_30_70_top20,hybrid_score_30_70,20
22,valid,600132.SH,重庆啤酒,-33.9257842001913,0.9800561797752808,15,0.05,hybrid_score_30_70_top20,hybrid_score_30_70,20
22,valid,600610.SH,中毅达,56.060606060606,0.9799859550561798,16,0.05,hybrid_score_30_70_top20,hybrid_score_30_70,20
22,valid,600877.SH,电科芯片,-4.03785488958991,0.9799157303370786,17,0.05,hybrid_score_30_70_top20,hybrid_score_30_70,20
22,valid,601012.SH,隆基绿能,-7.11711711711711,0.9782303370786516,18,0.05,hybrid_score_30_70_top20,hybrid_score_30_70,20
22,valid,600213.SH,*ST亚星,-3.17241379310346,0.9763342696629214,19,0.05,hybrid_score_30_70_top20,hybrid_score_30_70,20
22,valid,600696.SH,岩石股份,-35.8507330075522,0.9763342696629213,20,0.05,hybrid_score_30_70_top20,hybrid_score_30_70,20
23,valid,600760.SH,中航沈飞,2.70497291889134,0.9937499999999999,1,0.05,hybrid_score_30_70_top20,hybrid_score_30_70,20
23,valid,601012.SH,隆基绿能,6.32786480819048,0.9933286516853932,2,0.05,hybrid_score_30_70_top20,hybrid_score_30_70,20
23,valid,300343.SZ,联创股份,-8.98395721925135,0.9916432584269661,3,0.05,hybrid_score_30_70_top20,hybrid_score_30_70,20
23,valid,300124.SZ,汇川技术,9.21827734437191,0.9867977528089886,4,0.05,hybrid_score_30_70_top20,hybrid_score_30_70,20
23,valid,600703.SH,三安光电,16.7184586699814,0.9860252808988763,5,0.05,hybrid_score_30_70_top20,hybrid_score_30_70,20
23,valid,000333.SZ,美的集团,5.03771168350649,0.9856741573033707,6,0.05,hybrid_score_30_70_top20,hybrid_score_30_70,20
23,valid,600010.SH,包钢股份,-9.41558441558442,0.9848314606741573,7,0.05,hybrid_score_30_70_top20,hybrid_score_30_70,20
23,valid,601633.SH,长城汽车,-5.1705759778523,0.9847612359550562,8,0.05,hybrid_score_30_70_top20,hybrid_score_30_70,20
23,valid,603288.SH,海天味业,-4.22779043280184,0.9843398876404493,9,0.05,hybrid_score_30_70_top20,hybrid_score_30_70,20
23,valid,002475.SZ,立讯精密,37.7765331839821,0.9834971910112358,10,0.05,hybrid_score_30_70_top20,hybrid_score_30_70,20
23,valid,002371.SZ,北方华创,-4.19105466593043,0.9823033707865167,11,0.05,hybrid_score_30_70_top20,hybrid_score_30_70,20
23,valid,600893.SH,航发动力,19.7358490566038,0.9821629213483146,12,0.05,hybrid_score_30_70_top20,hybrid_score_30_70,20
23,valid,002241.SZ,歌尔股份,27.8959810874705,0.9814606741573033,13,0.05,hybrid_score_30_70_top20,hybrid_score_30_70,20
23,valid,002493.SZ,荣盛石化,-2.31307154384078,0.9813904494382022,14,0.05,hybrid_score_30_70_top20,hybrid_score_30_70,20
23,valid,002709.SZ,天赐材料,-17.0945115337334,0.9811797752808988,15,0.05,hybrid_score_30_70_top20,hybrid_score_30_70,20
23,valid,600031.SH,三一重工,-9.45194598888007,0.9808286516853932,16,0.05,hybrid_score_30_70_top20,hybrid_score_30_70,20
23,valid,000301.SZ,东方盛虹,-26.4638783269962,0.9807584269662921,17,0.05,hybrid_score_30_70_top20,hybrid_score_30_70,20
23,valid,002129.SZ,TCL中环,-7.3868677905945,0.9806179775280899,18,0.05,hybrid_score_30_70_top20,hybrid_score_30_70,20
23,valid,601877.SH,正泰电器,-1.02846648301195,0.9800561797752808,19,0.05,hybrid_score_30_70_top20,hybrid_score_30_70,20
23,valid,600438.SH,通威股份,-10.5451651412654,0.979564606741573,20,0.05,hybrid_score_30_70_top20,hybrid_score_30_70,20
24,valid,600319.SH,亚星化学,38.0333951762523,1.0,1,0.05,hybrid_score_30_70_top20,hybrid_score_30_70,20
24,valid,600071.SH,凤凰光学,-36.0709712822389,0.9992977528089888,2,0.05,hybrid_score_30_70_top20,hybrid_score_30_70,20
24,valid,000410.SZ,沈阳机床,-5.98802395209581,0.9953651685393259,3,0.05,hybrid_score_30_70_top20,hybrid_score_30_70,20
24,valid,000820.SZ,神雾节能,-1.17302052785924,0.9941713483146066,4,0.05,hybrid_score_30_70_top20,hybrid_score_30_70,20
24,valid,300111.SZ,向日葵,6.64556962025318,0.9931179775280898,5,0.05,hybrid_score_30_70_top20,hybrid_score_30_70,20
24,valid,000995.SZ,皇台酒业,-46.6074313408724,0.9919943820224719,6,0.05,hybrid_score_30_70_top20,hybrid_score_30_70,20
24,valid,002248.SZ,华东数控,-21.7842323651452,0.9915028089887641,7,0.05,hybrid_score_30_70_top20,hybrid_score_30_70,20
24,valid,600601.SH,方正科技,-1.61943319838057,0.9908005617977529,8,0.05,hybrid_score_30_70_top20,hybrid_score_30_70,20
24,valid,600696.SH,岩石股份,-23.7072619384007,0.986376404494382,9,0.05,hybrid_score_30_70_top20,hybrid_score_30_70,20
24,valid,000953.SZ,河化股份,32.7102803738318,0.9845505617977527,10,0.05,hybrid_score_30_70_top20,hybrid_score_30_70,20
24,valid,600610.SH,中毅达,-1.93021529324424,0.9841994382022472,11,0.05,hybrid_score_30_70_top20,hybrid_score_30_70,20
24,valid,600331.SH,宏达股份,-4.60122699386503,0.984058988764045,12,0.05,hybrid_score_30_70_top20,hybrid_score_30_70,20
24,valid,000691.SZ,亚太实业,18.4322033898305,0.9814606741573033,13,0.05,hybrid_score_30_70_top20,hybrid_score_30_70,20
24,valid,000017.SZ,深中华A,-3.72492836676218,0.9813904494382022,14,0.05,hybrid_score_30_70_top20,hybrid_score_30_70,20
24,valid,000707.SZ,双环科技,53.8987688098495,0.9796348314606742,15,0.05,hybrid_score_30_70_top20,hybrid_score_30_70,20
24,valid,600421.SH,华嵘控股,4.19651995905834,0.976685393258427,16,0.05,hybrid_score_30_70_top20,hybrid_score_30_70,20
24,valid,000677.SZ,恒天海龙,4.90797546012269,0.9758426966292135,17,0.05,hybrid_score_30_70_top20,hybrid_score_30_70,20
24,valid,600238.SH,海南椰岛,-31.731843575419,0.975561797752809,18,0.05,hybrid_score_30_70_top20,hybrid_score_30_70,20
24,valid,600779.SH,水井坊,-32.1443281983689,0.9740168539325842,19,0.05,hybrid_score_30_70_top20,hybrid_score_30_70,20
24,valid,000633.SZ,合金投资,2.41935483870968,0.973314606741573,20,0.05,hybrid_score_30_70_top20,hybrid_score_30_70,20
25,valid,600519.SH,贵州茅台,23.9991368946232,0.9851123595505618,1,0.05,hybrid_score_30_70_top20,hybrid_score_30_70,20
25,valid,601877.SH,正泰电器,-7.37768573647424,0.9792837078651685,2,0.05,hybrid_score_30_70_top20,hybrid_score_30_70,20
25,valid,000017.SZ,深中华A,31.8452380952381,0.9747191011235954,3,0.05,hybrid_score_30_70_top20,hybrid_score_30_70,20
25,valid,000410.SZ,沈阳机床,1.49253731343282,0.9736657303370786,4,0.05,hybrid_score_30_70_top20,hybrid_score_30_70,20
25,valid,600601.SH,方正科技,-4.48979591836736,0.9679073033707866,5,0.05,hybrid_score_30_70_top20,hybrid_score_30_70,20
25,valid,300116.SZ,*ST保力(退市),3.5897435897436,0.9662219101123595,6,0.05,hybrid_score_30_70_top20,hybrid_score_30_70,20
25,valid,600732.SH,爱旭股份,119.986675549634,0.9650280898876404,7,0.05,hybrid_score_30_70_top20,hybrid_score_30_70,20
25,valid,601012.SH,隆基绿能,25.895784682124,0.9646769662921348,8,0.05,hybrid_score_30_70_top20,hybrid_score_30_70,20
25,valid,300204.SZ,舒泰神,-41.7787418655098,0.9642556179775281,9,0.05,hybrid_score_30_70_top20,hybrid_score_30_70,20
25,valid,002432.SZ,九安医疗,-19.4030350186345,0.9636235955056179,10,0.05,hybrid_score_30_70_top20,hybrid_score_30_70,20
25,valid,002603.SZ,以岭药业,-19.5630585898709,0.9625,11,0.05,hybrid_score_30_70_top20,hybrid_score_30_70,20
25,valid,300142.SZ,沃森生物,-10.7811855951306,0.9610252808988764,12,0.05,hybrid_score_30_70_top20,hybrid_score_30_70,20
25,valid,600010.SH,包钢股份,6.70610889794652,0.9594101123595504,13,0.05,hybrid_score_30_70_top20,hybrid_score_30_70,20
25,valid,600071.SH,凤凰光学,-38.5677308024159,0.957373595505618,14,0.05,hybrid_score_30_70_top20,hybrid_score_30_70,20
25,valid,002172.SZ,澳洋健康,-6.37755102040817,0.9563904494382021,15,0.05,hybrid_score_30_70_top20,hybrid_score_30_70,20
25,valid,600421.SH,华嵘控股,12.1524201853759,0.9556882022471911,16,0.05,hybrid_score_30_70_top20,hybrid_score_30_70,20
25,valid,000995.SZ,皇台酒业,29.565868263473,0.9497191011235955,17,0.05,hybrid_score_30_70_top20,hybrid_score_30_70,20
25,valid,600118.SH,中国卫星,-9.11686349300897,0.9492275280898876,18,0.05,hybrid_score_30_70_top20,hybrid_score_30_70,20
25,valid,300035.SZ,中科电气,-13.4358573386608,0.9486657303370785,19,0.05,hybrid_score_30_70_top20,hybrid_score_30_70,20
25,valid,002319.SZ,乐通股份,6.79536679536679,0.9474016853932583,20,0.05,hybrid_score_30_70_top20,hybrid_score_30_70,20
26,test,600276.SH,恒瑞医药,-0.796897651005557,0.9989466292134831,1,0.05,hybrid_score_30_70_top20,hybrid_score_30_70,20
26,test,002466.SZ,天齐锂业,-18.2410423452769,0.998384831460674,2,0.05,hybrid_score_30_70_top20,hybrid_score_30_70,20
26,test,002304.SZ,洋河股份,-11.6973757677275,0.9980337078651684,3,0.05,hybrid_score_30_70_top20,hybrid_score_30_70,20
26,test,000568.SZ,泸州老窖,-0.759066023169841,0.9973314606741572,4,0.05,hybrid_score_30_70_top20,hybrid_score_30_70,20
26,test,000858.SZ,五粮液,-11.859375,0.9967696629213483,5,0.05,hybrid_score_30_70_top20,hybrid_score_30_70,20
26,test,002460.SZ,赣锋锂业,-26.6685642538095,0.9948735955056178,6,0.05,hybrid_score_30_70_top20,hybrid_score_30_70,20
26,test,000725.SZ,京东方A,-16.5816326530612,0.9934691011235954,7,0.05,hybrid_score_30_70_top20,hybrid_score_30_70,20
26,test,002415.SZ,海康威视,-15.9668508287293,0.9933286516853932,8,0.05,hybrid_score_30_70_top20,hybrid_score_30_70,20
26,test,600585.SH,海螺水泥,-16.8782458165032,0.9930477528089887,9,0.05,hybrid_score_30_70_top20,hybrid_score_30_70,20
26,test,002371.SZ,北方华创,2.03571665131286,0.9919943820224719,10,0.05,hybrid_score_30_70_top20,hybrid_score_30_70,20
26,test,000792.SZ,盐湖股份,-20.133779264214,0.9917134831460674,11,0.05,hybrid_score_30_70_top20,hybrid_score_30_70,20
26,test,600436.SH,片仔癀,-23.2665056540643,0.9917134831460673,12,0.05,hybrid_score_30_70_top20,hybrid_score_30_70,20
26,test,600031.SH,三一重工,-24.5652173913043,0.989817415730337,13,0.05,hybrid_score_30_70_top20,hybrid_score_30_70,20
26,test,600519.SH,贵州茅台,-6.76333340883127,0.9891853932584269,14,0.05,hybrid_score_30_70_top20,hybrid_score_30_70,20
26,test,000651.SZ,格力电器,3.83579055808798,0.9891151685393258,15,0.05,hybrid_score_30_70_top20,hybrid_score_30_70,20
26,test,300014.SZ,亿纬锂能,-13.1683197670993,0.9884831460674157,16,0.05,hybrid_score_30_70_top20,hybrid_score_30_70,20
26,test,601633.SH,长城汽车,-26.8613522757169,0.9872191011235956,17,0.05,hybrid_score_30_70_top20,hybrid_score_30_70,20
26,test,601766.SH,中国中车,-6.35450398190529,0.986938202247191,18,0.05,hybrid_score_30_70_top20,hybrid_score_30_70,20
26,test,600809.SH,山西汾酒,-4.13053111350257,0.9858848314606741,19,0.05,hybrid_score_30_70_top20,hybrid_score_30_70,20
26,test,002129.SZ,TCL中环,-16.3989540530445,0.9853230337078651,20,0.05,hybrid_score_30_70_top20,hybrid_score_30_70,20
27,test,600519.SH,贵州茅台,-6.98555126426281,0.9995084269662922,1,0.05,hybrid_score_30_70_top20,hybrid_score_30_70,20
27,test,002466.SZ,天齐锂业,-24.1283258092402,0.9985252808988763,2,0.05,hybrid_score_30_70_top20,hybrid_score_30_70,20
27,test,600276.SH,恒瑞医药,10.1801544180726,0.997191011235955,3,0.05,hybrid_score_30_70_top20,hybrid_score_30_70,20
27,test,000568.SZ,泸州老窖,-2.90909090909092,0.9971207865168539,4,0.05,hybrid_score_30_70_top20,hybrid_score_30_70,20
27,test,002304.SZ,洋河股份,0.671140939597303,0.9969101123595505,5,0.05,hybrid_score_30_70_top20,hybrid_score_30_70,20
27,test,000858.SZ,五粮液,7.22805768203669,0.9968398876404494,6,0.05,hybrid_score_30_70_top20,hybrid_score_30_70,20
27,test,000792.SZ,盐湖股份,-4.94344365312108,0.9933286516853932,7,0.05,hybrid_score_30_70_top20,hybrid_score_30_70,20
27,test,601633.SH,长城汽车,5.40925266903916,0.9919943820224719,8,0.05,hybrid_score_30_70_top20,hybrid_score_30_70,20
27,test,600438.SH,通威股份,-19.591496456857,0.9917837078651686,9,0.05,hybrid_score_30_70_top20,hybrid_score_30_70,20
27,test,000651.SZ,格力电器,-0.706605222734247,0.9912921348314606,10,0.05,hybrid_score_30_70_top20,hybrid_score_30_70,20
27,test,000596.SZ,古井贡酒,-2.92780505546464,0.9900983146067417,11,0.05,hybrid_score_30_70_top20,hybrid_score_30_70,20
27,test,601012.SH,隆基绿能,-15.6150159744409,0.9897471910112359,12,0.05,hybrid_score_30_70_top20,hybrid_score_30_70,20
27,test,000333.SZ,美的集团,2.57425742574258,0.9896067415730336,13,0.05,hybrid_score_30_70_top20,hybrid_score_30_70,20
27,test,600436.SH,片仔癀,8.40285606914692,0.9889747191011236,14,0.05,hybrid_score_30_70_top20,hybrid_score_30_70,20
27,test,002493.SZ,荣盛石化,-10.4151493080845,0.9882022471910112,15,0.05,hybrid_score_30_70_top20,hybrid_score_30_70,20
27,test,000725.SZ,京东方A,4.32098765432096,0.9876404494382022,16,0.05,hybrid_score_30_70_top20,hybrid_score_30_70,20
27,test,002415.SZ,海康威视,14.0414337389017,0.9875702247191012,17,0.05,hybrid_score_30_70_top20,hybrid_score_30_70,20
27,test,600104.SH,上汽集团,0.981079187105816,0.9872893258426966,18,0.05,hybrid_score_30_70_top20,hybrid_score_30_70,20
27,test,002129.SZ,TCL中环,-16.7734806629834,0.9872191011235955,19,0.05,hybrid_score_30_70_top20,hybrid_score_30_70,20
27,test,600309.SH,万华化学,3.53112079561964,0.986446629213483,20,0.05,hybrid_score_30_70_top20,hybrid_score_30_70,20
28,test,000725.SZ,京东方A,31.3609467455622,0.9941011235955056,1,0.05,hybrid_score_30_70_top20,hybrid_score_30_70,20
28,test,002432.SZ,九安医疗,-13.5785560555664,0.9650983146067416,2,0.05,hybrid_score_30_70_top20,hybrid_score_30_70,20
28,test,000893.SZ,亚钾国际,0.551876379690941,0.9597612359550561,3,0.05,hybrid_score_30_70_top20,hybrid_score_30_70,20
28,test,000623.SZ,吉林敖东,2.13475650433623,0.9491573033707864,4,0.05,hybrid_score_30_70_top20,hybrid_score_30_70,20
28,test,000423.SZ,东阿阿胶,30.1965601965602,0.9488061797752808,5,0.05,hybrid_score_30_70_top20,hybrid_score_30_70,20
28,test,600566.SH,济川药业,4.62894930198383,0.9469803370786516,6,0.05,hybrid_score_30_70_top20,hybrid_score_30_70,20
28,test,002030.SZ,达安基因,3.53470437017995,0.9437499999999999,7,0.05,hybrid_score_30_70_top20,hybrid_score_30_70,20
28,test,002038.SZ,双鹭药业,4.74452554744522,0.9400280898876404,8,0.05,hybrid_score_30_70_top20,hybrid_score_30_70,20
28,test,600080.SH,金花股份,1.79257362355953,0.9391151685393258,9,0.05,hybrid_score_30_70_top20,hybrid_score_30_70,20
28,test,300039.SZ,上海凯宝,-7.07196029776677,0.937570224719101,10,0.05,hybrid_score_30_70_top20,hybrid_score_30_70,20
28,test,600211.SH,西藏药业,47.5779510022272,0.9368679775280898,11,0.05,hybrid_score_30_70_top20,hybrid_score_30_70,20
28,test,000915.SZ,华特达因,-20.4175824175824,0.9359550561797751,12,0.05,hybrid_score_30_70_top20,hybrid_score_30_70,20
28,test,600252.SH,中恒集团,2.28136882129277,0.9332865168539325,13,0.05,hybrid_score_30_70_top20,hybrid_score_30_70,20
28,test,603518.SH,锦泓集团,24.1791044776119,0.9283005617977528,14,0.05,hybrid_score_30_70_top20,hybrid_score_30_70,20
28,test,002737.SZ,葵花药业,-5.04745470232958,0.9240870786516854,15,0.05,hybrid_score_30_70_top20,hybrid_score_30_70,20
28,test,000709.SZ,河钢股份,3.09734513274338,0.9207865168539326,16,0.05,hybrid_score_30_70_top20,hybrid_score_30_70,20
28,test,000813.SZ,德展健康,-8.08625336927223,0.9204353932584269,17,0.05,hybrid_score_30_70_top20,hybrid_score_30_70,20
28,test,000408.SZ,藏格矿业,-6.96958028494415,0.9164325842696628,18,0.05,hybrid_score_30_70_top20,hybrid_score_30_70,20
28,test,600535.SH,天士力,39.8698884758365,0.915379213483146,19,0.05,hybrid_score_30_70_top20,hybrid_score_30_70,20
28,test,002507.SZ,涪陵榨菜,-1.70741171905316,0.912429775280899,20,0.05,hybrid_score_30_70_top20,hybrid_score_30_70,20
29,test,600809.SH,山西汾酒,-31.3340433623405,1.0,1,0.05,hybrid_score_30_70_top20,hybrid_score_30_70,20
29,test,600519.SH,贵州茅台,-4.08049868791905,0.9990870786516853,2,0.05,hybrid_score_30_70_top20,hybrid_score_30_70,20
29,test,000568.SZ,泸州老窖,-17.3554696742645,0.9988061797752807,3,0.05,hybrid_score_30_70_top20,hybrid_score_30_70,20
29,test,000858.SZ,五粮液,-14.2943410513453,0.9974719101123595,4,0.05,hybrid_score_30_70_top20,hybrid_score_30_70,20
29,test,600436.SH,片仔癀,1.72646536412078,0.9964185393258427,5,0.05,hybrid_score_30_70_top20,hybrid_score_30_70,20
29,test,000596.SZ,古井贡酒,-12.2330234868374,0.9960674157303371,6,0.05,hybrid_score_30_70_top20,hybrid_score_30_70,20
29,test,600276.SH,恒瑞医药,11.3740365777554,0.9957162921348314,7,0.05,hybrid_score_30_70_top20,hybrid_score_30_70,20
29,test,000792.SZ,盐湖股份,-14.1129032258064,0.9950842696629213,8,0.05,hybrid_score_30_70_top20,hybrid_score_30_70,20
29,test,002304.SZ,洋河股份,-20.3438522924149,0.99438202247191,9,0.05,hybrid_score_30_70_top20,hybrid_score_30_70,20
29,test,603288.SH,海天味业,-24.0156299099651,0.993820224719101,10,0.05,hybrid_score_30_70_top20,hybrid_score_30_70,20
29,test,002415.SZ,海康威视,-21.0854404211959,0.9915028089887641,11,0.05,hybrid_score_30_70_top20,hybrid_score_30_70,20
29,test,600438.SH,通威股份,-3.9415657309497,0.9913623595505617,12,0.05,hybrid_score_30_70_top20,hybrid_score_30_70,20
29,test,300124.SZ,汇川技术,-7.38451059256517,0.9912219101123596,13,0.05,hybrid_score_30_70_top20,hybrid_score_30_70,20
29,test,300122.SZ,智飞生物,-19.4214340371574,0.9894662921348315,14,0.05,hybrid_score_30_70_top20,hybrid_score_30_70,20
29,test,002466.SZ,天齐锂业,-3.08065015854772,0.9888342696629213,15,0.05,hybrid_score_30_70_top20,hybrid_score_30_70,20
29,test,300274.SZ,阳光电源,11.71382108246,0.9881320224719101,16,0.05,hybrid_score_30_70_top20,hybrid_score_30_70,20
29,test,002371.SZ,北方华创,16.8389303711333,0.9878511235955056,17,0.05,hybrid_score_30_70_top20,hybrid_score_30_70,20
29,test,002594.SZ,比亚迪,4.2672587807832,0.9877808988764045,18,0.05,hybrid_score_30_70_top20,hybrid_score_30_70,20
29,test,002459.SZ,晶澳科技,3.15825155275113,0.984761235955056,19,0.05,hybrid_score_30_70_top20,hybrid_score_30_70,20
29,test,002475.SZ,立讯精密,7.94028482666009,0.984691011235955,20,0.05,hybrid_score_30_70_top20,hybrid_score_30_70,20
30,test,600150.SH,中国船舶,-14.3880811884086,0.9941011235955055,1,0.05,hybrid_score_30_70_top20,hybrid_score_30_70,20
30,test,000876.SZ,新希望,-5.90248075278016,0.9764747191011235,2,0.05,hybrid_score_30_70_top20,hybrid_score_30_70,20
30,test,000709.SZ,河钢股份,3.17348408506539,0.9582162921348314,3,0.05,hybrid_score_30_70_top20,hybrid_score_30_70,20
30,test,000959.SZ,首钢股份,9.5100864553314,0.9576544943820224,4,0.05,hybrid_score_30_70_top20,hybrid_score_30_70,20
30,test,000800.SZ,一汽解放,3.82775119617227,0.9558286516853932,5,0.05,hybrid_score_30_70_top20,hybrid_score_30_70,20
30,test,000066.SZ,中国长城,-25.2805131651989,0.9509831460674156,6,0.05,hybrid_score_30_70_top20,hybrid_score_30_70,20
30,test,600550.SH,保变电气,-6.73267326732673,0.9507022471910112,7,0.05,hybrid_score_30_70_top20,hybrid_score_30_70,20
30,test,601113.SH,华鼎股份,9.40438871473355,0.9422050561797752,8,0.05,hybrid_score_30_70_top20,hybrid_score_30_70,20
30,test,600872.SH,中炬高新,-6.14130434782608,0.9384129213483146,9,0.05,hybrid_score_30_70_top20,hybrid_score_30_70,20
30,test,601106.SH,中国一重,-8.8757396449704,0.9354634831460674,10,0.05,hybrid_score_30_70_top20,hybrid_score_30_70,20
30,test,601608.SH,中信重工,-10.2268830327303,0.9340589887640449,11,0.05,hybrid_score_30_70_top20,hybrid_score_30_70,20
30,test,002385.SZ,大北农,3.84615384615383,0.9324438202247189,12,0.05,hybrid_score_30_70_top20,hybrid_score_30_70,20
30,test,000581.SZ,威孚高科,7.90487890421796,0.9223314606741573,13,0.05,hybrid_score_30_70_top20,hybrid_score_30_70,20
30,test,002074.SZ,国轩高科,-13.6904761904762,0.9180477528089888,14,0.05,hybrid_score_30_70_top20,hybrid_score_30_70,20
30,test,000420.SZ,吉林化纤,-10.5113636363636,0.9168539325842697,15,0.05,hybrid_score_30_70_top20,hybrid_score_30_70,20
30,test,002483.SZ,润邦股份,3.78006872852232,0.9167134831460674,16,0.05,hybrid_score_30_70_top20,hybrid_score_30_70,20
30,test,000623.SZ,吉林敖东,10.7856571543401,0.9127808988764045,17,0.05,hybrid_score_30_70_top20,hybrid_score_30_70,20
30,test,002436.SZ,兴森科技,-16.9952413324269,0.9093398876404495,18,0.05,hybrid_score_30_70_top20,hybrid_score_30_70,20
30,test,000301.SZ,东方盛虹,0.260416666666674,0.9081460674157302,19,0.05,hybrid_score_30_70_top20,hybrid_score_30_70,20
30,test,600782.SH,新钢股份,11.716621253406,0.9078651685393259,20,0.05,hybrid_score_30_70_top20,hybrid_score_30_70,20
13,train,600421.SH,华嵘控股,-29.1139240506329,0.9997893258426966,1,0.1,hybrid_score_70_30_top10,hybrid_score_70_30,10
13,train,600234.SH,*ST科新,-9.20398009950247,0.9984550561797753,2,0.1,hybrid_score_70_30_top10,hybrid_score_70_30,10
13,train,002248.SZ,华东数控,-7.32177263969174,0.998384831460674,3,0.1,hybrid_score_70_30_top10,hybrid_score_70_30,10
13,train,600610.SH,中毅达,-21.256038647343,0.9981039325842695,4,0.1,hybrid_score_70_30_top10,hybrid_score_70_30,10
13,train,000017.SZ,深中华A,-16.9144981412639,0.9975421348314606,5,0.1,hybrid_score_70_30_top10,hybrid_score_70_30,10
13,train,600800.SH,渤海化学,-24.5635910224439,0.9967696629213483,6,0.1,hybrid_score_70_30_top10,hybrid_score_70_30,10
13,train,600678.SH,四川金顶,-16.0283687943262,0.9951544943820225,7,0.1,hybrid_score_70_30_top10,hybrid_score_70_30,10
13,train,600319.SH,亚星化学,-16.5261382799325,0.9950842696629212,8,0.1,hybrid_score_70_30_top10,hybrid_score_70_30,10
13,train,000422.SZ,湖北宜化,-28.4090909090909,0.9939606741573033,9,0.1,hybrid_score_70_30_top10,hybrid_score_70_30,10
13,train,300122.SZ,智飞生物,-14.6393882517423,0.9924157303370786,10,0.1,hybrid_score_70_30_top10,hybrid_score_70_30,10
14,train,600883.SH,博闻科技,-8.53146853146852,0.9990168539325841,1,0.1,hybrid_score_70_30_top10,hybrid_score_70_30,10
14,train,002248.SZ,华东数控,-19.1268191268191,0.9976123595505617,2,0.1,hybrid_score_70_30_top10,hybrid_score_70_30,10
14,train,000820.SZ,神雾节能,-33.7552742616034,0.9965589887640449,3,0.1,hybrid_score_70_30_top10,hybrid_score_70_30,10
14,train,002625.SZ,光启技术,-3.55220667384283,0.9963483146067416,4,0.1,hybrid_score_70_30_top10,hybrid_score_70_30,10
14,train,600800.SH,渤海化学,-10.2479338842975,0.9951544943820223,5,0.1,hybrid_score_70_30_top10,hybrid_score_70_30,10
14,train,600421.SH,华嵘控股,-24.5039682539683,0.9945224719101123,6,0.1,hybrid_score_70_30_top10,hybrid_score_70_30,10
14,train,600345.SH,长江通信,-13.9422435645043,0.9944522471910111,7,0.1,hybrid_score_70_30_top10,hybrid_score_70_30,10
14,train,600610.SH,中毅达,0.0,0.994311797752809,8,0.1,hybrid_score_70_30_top10,hybrid_score_70_30,10
14,train,600191.SH,华资实业,-5.44464609800363,0.9936797752808988,9,0.1,hybrid_score_70_30_top10,hybrid_score_70_30,10
14,train,000691.SZ,亚太实业,-4.97512437810944,0.9935393258426966,10,0.1,hybrid_score_70_30_top10,hybrid_score_70_30,10
15,train,002625.SZ,光启技术,3.27313769751694,0.992626404494382,1,0.1,hybrid_score_70_30_top10,hybrid_score_70_30,10
15,train,600883.SH,博闻科技,12.1879588839941,0.990379213483146,2,0.1,hybrid_score_70_30_top10,hybrid_score_70_30,10
15,train,600732.SH,爱旭股份,-2.86783042394015,0.9884831460674157,3,0.1,hybrid_score_70_30_top10,hybrid_score_70_30,10
15,train,600421.SH,华嵘控股,12.551724137931,0.9867977528089887,4,0.1,hybrid_score_70_30_top10,hybrid_score_70_30,10
15,train,600615.SH,丰华股份,21.443736730361,0.9803370786516854,5,0.1,hybrid_score_70_30_top10,hybrid_score_70_30,10
15,train,300076.SZ,GQY视讯,1.03806228373702,0.9662921348314606,6,0.1,hybrid_score_70_30_top10,hybrid_score_70_30,10
15,train,002665.SZ,ST航高(退市),3.38461538461539,0.9580758426966292,7,0.1,hybrid_score_70_30_top10,hybrid_score_70_30,10
15,train,300077.SZ,国民技术,-5.20504731861199,0.9574438202247191,8,0.1,hybrid_score_70_30_top10,hybrid_score_70_30,10
15,train,600191.SH,华资实业,-1.70132325141776,0.9566713483146068,9,0.1,hybrid_score_70_30_top10,hybrid_score_70_30,10
15,train,300173.SZ,福能东方,66.5914221218962,0.947191011235955,10,0.1,hybrid_score_70_30_top10,hybrid_score_70_30,10
16,train,600211.SH,西藏药业,19.1584316225693,0.9662921348314606,1,0.1,hybrid_score_70_30_top10,hybrid_score_70_30,10
16,train,300039.SZ,上海凯宝,11.6666666666667,0.961938202247191,2,0.1,hybrid_score_70_30_top10,hybrid_score_70_30,10
16,train,300199.SZ,翰宇药业,14.2355008787346,0.9607443820224719,3,0.1,hybrid_score_70_30_top10,hybrid_score_70_30,10
16,train,600557.SH,康缘药业,-6.47181628392485,0.9593398876404495,4,0.1,hybrid_score_70_30_top10,hybrid_score_70_30,10
16,train,300049.SZ,福瑞股份,-0.26666666666666,0.9581460674157303,5,0.1,hybrid_score_70_30_top10,hybrid_score_70_30,10
16,train,600594.SH,益佰制药,1.86721991701244,0.9575842696629213,6,0.1,hybrid_score_70_30_top10,hybrid_score_70_30,10
16,train,002581.SZ,未名医药,74.0121580547112,0.9566713483146068,7,0.1,hybrid_score_70_30_top10,hybrid_score_70_30,10
16,train,002038.SZ,双鹭药业,-5.90551181102362,0.9547752808988763,8,0.1,hybrid_score_70_30_top10,hybrid_score_70_30,10
16,train,002724.SZ,海洋王,-9.68188105117566,0.9535814606741573,9,0.1,hybrid_score_70_30_top10,hybrid_score_70_30,10
16,train,002566.SZ,益盛药业,11.890243902439,0.9504915730337078,10,0.1,hybrid_score_70_30_top10,hybrid_score_70_30,10
17,train,600877.SH,电科芯片,-21.8967921896792,0.9924157303370786,1,0.1,hybrid_score_70_30_top10,hybrid_score_70_30,10
17,train,603288.SH,海天味业,30.7746283364851,0.9898876404494381,2,0.1,hybrid_score_70_30_top10,hybrid_score_70_30,10
17,train,300122.SZ,智飞生物,48.9440809042237,0.9853230337078651,3,0.1,hybrid_score_70_30_top10,hybrid_score_70_30,10
17,train,300357.SZ,我武生物,47.6331366989705,0.9827949438202247,4,0.1,hybrid_score_70_30_top10,hybrid_score_70_30,10
17,train,600678.SH,四川金顶,-20.1079622132254,0.9823033707865167,5,0.1,hybrid_score_70_30_top10,hybrid_score_70_30,10
17,train,600234.SH,*ST科新,-6.55567117585847,0.9790730337078651,6,0.1,hybrid_score_70_30_top10,hybrid_score_70_30,10
17,train,000422.SZ,湖北宜化,0.393700787401574,0.9787219101123595,7,0.1,hybrid_score_70_30_top10,hybrid_score_70_30,10
17,train,600779.SH,水井坊,44.7923915564834,0.9780196629213483,8,0.1,hybrid_score_70_30_top10,hybrid_score_70_30,10
17,train,002690.SZ,美亚光电,41.1146912035334,0.9749999999999999,9,0.1,hybrid_score_70_30_top10,hybrid_score_70_30,10
17,train,600276.SH,恒瑞医药,22.1520647457205,0.9723314606741573,10,0.1,hybrid_score_70_30_top10,hybrid_score_70_30,10
18,train,000691.SZ,亚太实业,-2.86806883365202,0.9799859550561797,1,0.1,hybrid_score_70_30_top10,hybrid_score_70_30,10
18,train,600234.SH,*ST科新,0.559910414333697,0.9787921348314607,2,0.1,hybrid_score_70_30_top10,hybrid_score_70_30,10
18,train,600421.SH,华嵘控股,33.9285714285714,0.9753511235955055,3,0.1,hybrid_score_70_30_top10,hybrid_score_70_30,10
18,train,000422.SZ,湖北宜化,-0.393700787401585,0.9661516853932584,4,0.1,hybrid_score_70_30_top10,hybrid_score_70_30,10
18,train,000707.SZ,双环科技,8.29875518672198,0.9656601123595505,5,0.1,hybrid_score_70_30_top10,hybrid_score_70_30,10
18,train,000911.SZ,广农糖业,34.8684210526316,0.9643258426966292,6,0.1,hybrid_score_70_30_top10,hybrid_score_70_30,10
18,train,600319.SH,亚星化学,12.9186602870813,0.9637640449438202,7,0.1,hybrid_score_70_30_top10,hybrid_score_70_30,10
18,train,002248.SZ,华东数控,-4.22919508867667,0.9617275280898876,8,0.1,hybrid_score_70_30_top10,hybrid_score_70_30,10
18,train,600550.SH,保变电气,-7.67634854771786,0.9582865168539325,9,0.1,hybrid_score_70_30_top10,hybrid_score_70_30,10
18,train,300116.SZ,*ST保力(退市),135.374149659864,0.9582162921348314,10,0.1,hybrid_score_70_30_top10,hybrid_score_70_30,10
19,train,300122.SZ,智飞生物,9.56296296296295,0.9995786516853932,1,0.1,hybrid_score_70_30_top10,hybrid_score_70_30,10
19,train,603288.SH,海天味业,26.6675088428499,0.9992977528089888,2,0.1,hybrid_score_70_30_top10,hybrid_score_70_30,10
19,train,600436.SH,片仔癀,13.4767116314584,0.997752808988764,3,0.1,hybrid_score_70_30_top10,hybrid_score_70_30,10
19,train,600809.SH,山西汾酒,90.8124872889974,0.9953651685393258,4,0.1,hybrid_score_70_30_top10,hybrid_score_70_30,10
19,train,002475.SZ,立讯精密,-1.37082601054481,0.9952949438202247,5,0.1,hybrid_score_70_30_top10,hybrid_score_70_30,10
19,train,600276.SH,恒瑞医药,23.9959951051285,0.9931179775280898,6,0.1,hybrid_score_70_30_top10,hybrid_score_70_30,10
19,train,000661.SZ,长春高新,20.9380640642259,0.9917837078651686,7,0.1,hybrid_score_70_30_top10,hybrid_score_70_30,10
19,train,600519.SH,贵州茅台,20.9223506627126,0.9904494382022471,8,0.1,hybrid_score_70_30_top10,hybrid_score_70_30,10
19,train,002007.SZ,华兰生物,-23.8232642019838,0.9885533707865168,9,0.1,hybrid_score_70_30_top10,hybrid_score_70_30,10
19,train,600132.SH,重庆啤酒,14.3145354981266,0.9882724719101124,10,0.1,hybrid_score_70_30_top10,hybrid_score_70_30,10
20,train,002304.SZ,洋河股份,-29.0086206896552,0.987570224719101,1,0.1,hybrid_score_70_30_top10,hybrid_score_70_30,10
20,train,000538.SZ,云南白药,7.59821428571428,0.9865870786516853,2,0.1,hybrid_score_70_30_top10,hybrid_score_70_30,10
20,train,600438.SH,通威股份,-13.7285902503294,0.9856039325842696,3,0.1,hybrid_score_70_30_top10,hybrid_score_70_30,10
20,train,601633.SH,长城汽车,-18.1653562914766,0.9854634831460674,4,0.1,hybrid_score_70_30_top10,hybrid_score_70_30,10
20,train,600690.SH,海尔智家,10.9608540925267,0.9851825842696629,5,0.1,hybrid_score_70_30_top10,hybrid_score_70_30,10
20,train,600309.SH,万华化学,15.7640868230651,0.9851123595505618,6,0.1,hybrid_score_70_30_top10,hybrid_score_70_30,10
20,train,600893.SH,航发动力,-16.0405156537753,0.9849016853932584,7,0.1,hybrid_score_70_30_top10,hybrid_score_70_30,10
20,train,600031.SH,三一重工,-0.870827285921627,0.9848314606741573,8,0.1,hybrid_score_70_30_top10,hybrid_score_70_30,10
20,train,000651.SZ,格力电器,2.33393177737882,0.9839185393258426,9,0.1,hybrid_score_70_30_top10,hybrid_score_70_30,10
20,train,000063.SZ,中兴通讯,-12.3205741626794,0.9827949438202246,10,0.1,hybrid_score_70_30_top10,hybrid_score_70_30,10
21,train,600809.SH,山西汾酒,30.8449429013698,0.9992977528089888,1,0.1,hybrid_score_70_30_top10,hybrid_score_70_30,10
21,train,600436.SH,片仔癀,55.998175526153,0.9985252808988763,2,0.1,hybrid_score_70_30_top10,hybrid_score_70_30,10
21,train,603288.SH,海天味业,10.9033513186847,0.9981741573033707,3,0.1,hybrid_score_70_30_top10,hybrid_score_70_30,10
21,train,300122.SZ,智飞生物,6.00022706630334,0.9974719101123595,4,0.1,hybrid_score_70_30_top10,hybrid_score_70_30,10
21,train,300357.SZ,我武生物,12.4582610190038,0.9965589887640449,5,0.1,hybrid_score_70_30_top10,hybrid_score_70_30,10
21,train,600519.SH,贵州茅台,2.06305768108639,0.9948735955056179,6,0.1,hybrid_score_70_30_top10,hybrid_score_70_30,10
21,train,000661.SZ,长春高新,-12.1883169365361,0.9933286516853932,7,0.1,hybrid_score_70_30_top10,hybrid_score_70_30,10
21,train,600276.SH,恒瑞医药,-9.69140865540787,0.9924157303370786,8,0.1,hybrid_score_70_30_top10,hybrid_score_70_30,10
21,train,600696.SH,岩石股份,156.401384083045,0.9924157303370786,9,0.1,hybrid_score_70_30_top10,hybrid_score_70_30,10
21,train,002568.SZ,百润股份,25.6445267799422,0.9923455056179774,10,0.1,hybrid_score_70_30_top10,hybrid_score_70_30,10
22,valid,002371.SZ,北方华创,33.5665587721669,0.9955758426966291,1,0.1,hybrid_score_70_30_top10,hybrid_score_70_30,10
22,valid,600436.SH,片仔癀,-15.8639407354675,0.9951544943820224,2,0.1,hybrid_score_70_30_top10,hybrid_score_70_30,10
22,valid,603288.SH,海天味业,-14.9462615015851,0.9929775280898876,3,0.1,hybrid_score_70_30_top10,hybrid_score_70_30,10
22,valid,002466.SZ,天齐锂业,63.8387096774194,0.9924859550561798,4,0.1,hybrid_score_70_30_top10,hybrid_score_70_30,10
22,valid,300124.SZ,汇川技术,-8.61618798955613,0.9922752808988764,5,0.1,hybrid_score_70_30_top10,hybrid_score_70_30,10
22,valid,002709.SZ,天赐材料,42.3012160898036,0.9919943820224719,6,0.1,hybrid_score_70_30_top10,hybrid_score_70_30,10
22,valid,600460.SH,士兰微,1.31322094055013,0.9900983146067417,7,0.1,hybrid_score_70_30_top10,hybrid_score_70_30,10
22,valid,600132.SH,重庆啤酒,-33.9257842001913,0.9890449438202247,8,0.1,hybrid_score_70_30_top10,hybrid_score_70_30,10
22,valid,601012.SH,隆基绿能,-7.11711711711711,0.9866573033707864,9,0.1,hybrid_score_70_30_top10,hybrid_score_70_30,10
22,valid,300274.SZ,阳光电源,28.8468218131296,0.9843398876404493,10,0.1,hybrid_score_70_30_top10,hybrid_score_70_30,10
23,valid,600760.SH,中航沈飞,2.70497291889134,0.9929073033707865,1,0.1,hybrid_score_70_30_top10,hybrid_score_70_30,10
23,valid,603288.SH,海天味业,-4.22779043280184,0.9924859550561796,2,0.1,hybrid_score_70_30_top10,hybrid_score_70_30,10
23,valid,002371.SZ,北方华创,-4.19105466593043,0.9924157303370786,3,0.1,hybrid_score_70_30_top10,hybrid_score_70_30,10
23,valid,002709.SZ,天赐材料,-17.0945115337334,0.9907303370786515,4,0.1,hybrid_score_70_30_top10,hybrid_score_70_30,10
23,valid,601012.SH,隆基绿能,6.32786480819048,0.9891151685393258,5,0.1,hybrid_score_70_30_top10,hybrid_score_70_30,10
23,valid,300124.SZ,汇川技术,9.21827734437191,0.9879213483146068,6,0.1,hybrid_score_70_30_top10,hybrid_score_70_30,10
23,valid,300274.SZ,阳光电源,-1.07877060858944,0.9872893258426965,7,0.1,hybrid_score_70_30_top10,hybrid_score_70_30,10
23,valid,600111.SH,北方稀土,10.4945717732207,0.9853932584269662,8,0.1,hybrid_score_70_30_top10,hybrid_score_70_30,10
23,valid,600809.SH,山西汾酒,-0.698113207547169,0.9848314606741573,9,0.1,hybrid_score_70_30_top10,hybrid_score_70_30,10
23,valid,600519.SH,贵州茅台,12.6373626373626,0.9846207865168539,10,0.1,hybrid_score_70_30_top10,hybrid_score_70_30,10
24,valid,600319.SH,亚星化学,38.0333951762523,1.0,1,0.1,hybrid_score_70_30_top10,hybrid_score_70_30,10
24,valid,600071.SH,凤凰光学,-36.0709712822389,0.9992977528089888,2,0.1,hybrid_score_70_30_top10,hybrid_score_70_30,10
24,valid,000995.SZ,皇台酒业,-46.6074313408724,0.9953651685393258,3,0.1,hybrid_score_70_30_top10,hybrid_score_70_30,10
24,valid,000410.SZ,沈阳机床,-5.98802395209581,0.9948033707865168,4,0.1,hybrid_score_70_30_top10,hybrid_score_70_30,10
24,valid,300111.SZ,向日葵,6.64556962025318,0.9942415730337077,5,0.1,hybrid_score_70_30_top10,hybrid_score_70_30,10
24,valid,000820.SZ,神雾节能,-1.17302052785924,0.9938904494382022,6,0.1,hybrid_score_70_30_top10,hybrid_score_70_30,10
24,valid,600696.SH,岩石股份,-23.7072619384007,0.9925561797752809,7,0.1,hybrid_score_70_30_top10,hybrid_score_70_30,10
24,valid,002248.SZ,华东数控,-21.7842323651452,0.9923455056179774,8,0.1,hybrid_score_70_30_top10,hybrid_score_70_30,10
24,valid,600601.SH,方正科技,-1.61943319838057,0.9916432584269662,9,0.1,hybrid_score_70_30_top10,hybrid_score_70_30,10
24,valid,600610.SH,中毅达,-1.93021529324424,0.9884129213483146,10,0.1,hybrid_score_70_30_top10,hybrid_score_70_30,10
25,valid,600519.SH,贵州茅台,23.9991368946232,0.9924157303370786,1,0.1,hybrid_score_70_30_top10,hybrid_score_70_30,10
25,valid,601012.SH,隆基绿能,25.895784682124,0.978441011235955,2,0.1,hybrid_score_70_30_top10,hybrid_score_70_30,10
25,valid,300142.SZ,沃森生物,-10.7811855951306,0.9736657303370786,3,0.1,hybrid_score_70_30_top10,hybrid_score_70_30,10
25,valid,601877.SH,正泰电器,-7.37768573647424,0.9666432584269662,4,0.1,hybrid_score_70_30_top10,hybrid_score_70_30,10
25,valid,600031.SH,三一重工,17.0198519042797,0.965379213483146,5,0.1,hybrid_score_70_30_top10,hybrid_score_70_30,10
25,valid,002432.SZ,九安医疗,-19.4030350186345,0.9647471910112358,6,0.1,hybrid_score_70_30_top10,hybrid_score_70_30,10
25,valid,600809.SH,山西汾酒,34.4807179344146,0.9620084269662921,7,0.1,hybrid_score_70_30_top10,hybrid_score_70_30,10
25,valid,600010.SH,包钢股份,6.70610889794652,0.9605337078651685,8,0.1,hybrid_score_70_30_top10,hybrid_score_70_30,10
25,valid,600760.SH,中航沈飞,5.16561603318302,0.9589185393258427,9,0.1,hybrid_score_70_30_top10,hybrid_score_70_30,10
25,valid,300116.SZ,*ST保力(退市),3.5897435897436,0.9586376404494381,10,0.1,hybrid_score_70_30_top10,hybrid_score_70_30,10
26,test,000568.SZ,泸州老窖,-0.759066023169841,0.9984550561797753,1,0.1,hybrid_score_70_30_top10,hybrid_score_70_30,10
26,test,002466.SZ,天齐锂业,-18.2410423452769,0.9981039325842695,2,0.1,hybrid_score_70_30_top10,hybrid_score_70_30,10
26,test,600276.SH,恒瑞医药,-0.796897651005557,0.9975421348314606,3,0.1,hybrid_score_70_30_top10,hybrid_score_70_30,10
26,test,002304.SZ,洋河股份,-11.6973757677275,0.9963483146067416,4,0.1,hybrid_score_70_30_top10,hybrid_score_70_30,10
26,test,000858.SZ,五粮液,-11.859375,0.9962078651685393,5,0.1,hybrid_score_70_30_top10,hybrid_score_70_30,10
26,test,600436.SH,片仔癀,-23.2665056540643,0.9956460674157301,6,0.1,hybrid_score_70_30_top10,hybrid_score_70_30,10
26,test,600519.SH,贵州茅台,-6.76333340883127,0.9953651685393258,7,0.1,hybrid_score_70_30_top10,hybrid_score_70_30,10
26,test,002460.SZ,赣锋锂业,-26.6685642538095,0.9945926966292133,8,0.1,hybrid_score_70_30_top10,hybrid_score_70_30,10
26,test,000792.SZ,盐湖股份,-20.133779264214,0.9928370786516854,9,0.1,hybrid_score_70_30_top10,hybrid_score_70_30,10
26,test,002371.SZ,北方华创,2.03571665131286,0.9925561797752809,10,0.1,hybrid_score_70_30_top10,hybrid_score_70_30,10
27,test,600519.SH,贵州茅台,-6.98555126426281,0.9997893258426966,1,0.1,hybrid_score_70_30_top10,hybrid_score_70_30,10
27,test,000568.SZ,泸州老窖,-2.90909090909092,0.9979634831460673,2,0.1,hybrid_score_70_30_top10,hybrid_score_70_30,10
27,test,600276.SH,恒瑞医药,10.1801544180726,0.997191011235955,3,0.1,hybrid_score_70_30_top10,hybrid_score_70_30,10
27,test,002466.SZ,天齐锂业,-24.1283258092402,0.9965589887640449,4,0.1,hybrid_score_70_30_top10,hybrid_score_70_30,10
27,test,000858.SZ,五粮液,7.22805768203669,0.9954353932584269,5,0.1,hybrid_score_70_30_top10,hybrid_score_70_30,10
27,test,600436.SH,片仔癀,8.40285606914692,0.9948735955056179,6,0.1,hybrid_score_70_30_top10,hybrid_score_70_30,10
27,test,002304.SZ,洋河股份,0.671140939597303,0.9946629213483145,7,0.1,hybrid_score_70_30_top10,hybrid_score_70_30,10
27,test,000792.SZ,盐湖股份,-4.94344365312108,0.9919241573033708,8,0.1,hybrid_score_70_30_top10,hybrid_score_70_30,10
27,test,002371.SZ,北方华创,-22.7842895332099,0.9918539325842697,9,0.1,hybrid_score_70_30_top10,hybrid_score_70_30,10
27,test,600809.SH,山西汾酒,-6.33955567240698,0.9911516853932583,10,0.1,hybrid_score_70_30_top10,hybrid_score_70_30,10
28,test,000725.SZ,京东方A,31.3609467455622,0.9918539325842697,1,0.1,hybrid_score_70_30_top10,hybrid_score_70_30,10
28,test,002432.SZ,九安医疗,-13.5785560555664,0.9316713483146066,2,0.1,hybrid_score_70_30_top10,hybrid_score_70_30,10
28,test,000893.SZ,亚钾国际,0.551876379690941,0.9285814606741573,3,0.1,hybrid_score_70_30_top10,hybrid_score_70_30,10
28,test,000423.SZ,东阿阿胶,30.1965601965602,0.9283005617977528,4,0.1,hybrid_score_70_30_top10,hybrid_score_70_30,10
28,test,000408.SZ,藏格矿业,-6.96958028494415,0.9276685393258426,5,0.1,hybrid_score_70_30_top10,hybrid_score_70_30,10
28,test,600566.SH,济川药业,4.62894930198383,0.9259129213483146,6,0.1,hybrid_score_70_30_top10,hybrid_score_70_30,10
28,test,000100.SZ,TCL科技,19.0860215053763,0.92563202247191,7,0.1,hybrid_score_70_30_top10,hybrid_score_70_30,10
28,test,300390.SZ,天华新能,-8.39298496778813,0.9069522471910112,8,0.1,hybrid_score_70_30_top10,hybrid_score_70_30,10
28,test,002030.SZ,达安基因,3.53470437017995,0.9052668539325843,9,0.1,hybrid_score_70_30_top10,hybrid_score_70_30,10
28,test,000623.SZ,吉林敖东,2.13475650433623,0.8907303370786517,10,0.1,hybrid_score_70_30_top10,hybrid_score_70_30,10
29,test,600809.SH,山西汾酒,-31.3340433623405,1.0,1,0.1,hybrid_score_70_30_top10,hybrid_score_70_30,10
29,test,000568.SZ,泸州老窖,-17.3554696742645,0.9990870786516853,2,0.1,hybrid_score_70_30_top10,hybrid_score_70_30,10
29,test,600519.SH,贵州茅台,-4.08049868791905,0.9988061797752807,3,0.1,hybrid_score_70_30_top10,hybrid_score_70_30,10
29,test,600436.SH,片仔癀,1.72646536412078,0.9972612359550561,4,0.1,hybrid_score_70_30_top10,hybrid_score_70_30,10
29,test,000858.SZ,五粮液,-14.2943410513453,0.9969101123595505,5,0.1,hybrid_score_70_30_top10,hybrid_score_70_30,10
29,test,600276.SH,恒瑞医药,11.3740365777554,0.9965589887640449,6,0.1,hybrid_score_70_30_top10,hybrid_score_70_30,10
29,test,000596.SZ,古井贡酒,-12.2330234868374,0.995505617977528,7,0.1,hybrid_score_70_30_top10,hybrid_score_70_30,10
29,test,603288.SH,海天味业,-24.0156299099651,0.9949438202247192,8,0.1,hybrid_score_70_30_top10,hybrid_score_70_30,10
29,test,002304.SZ,洋河股份,-20.3438522924149,0.99438202247191,9,0.1,hybrid_score_70_30_top10,hybrid_score_70_30,10
29,test,300124.SZ,汇川技术,-7.38451059256517,0.992626404494382,10,0.1,hybrid_score_70_30_top10,hybrid_score_70_30,10
30,test,600150.SH,中国船舶,-14.3880811884086,0.9974719101123595,1,0.1,hybrid_score_70_30_top10,hybrid_score_70_30,10
30,test,000876.SZ,新希望,-5.90248075278016,0.9554073033707864,2,0.1,hybrid_score_70_30_top10,hybrid_score_70_30,10
30,test,000800.SZ,一汽解放,3.82775119617227,0.9381320224719101,3,0.1,hybrid_score_70_30_top10,hybrid_score_70_30,10
30,test,000066.SZ,中国长城,-25.2805131651989,0.938061797752809,4,0.1,hybrid_score_70_30_top10,hybrid_score_70_30,10
30,test,000301.SZ,东方盛虹,0.260416666666674,0.9373595505617976,5,0.1,hybrid_score_70_30_top10,hybrid_score_70_30,10
30,test,002074.SZ,国轩高科,-13.6904761904762,0.926755617977528,6,0.1,hybrid_score_70_30_top10,hybrid_score_70_30,10
30,test,000709.SZ,河钢股份,3.17348408506539,0.9118679775280898,7,0.1,hybrid_score_70_30_top10,hybrid_score_70_30,10
30,test,000959.SZ,首钢股份,9.5100864553314,0.909620786516854,8,0.1,hybrid_score_70_30_top10,hybrid_score_70_30,10
30,test,002385.SZ,大北农,3.84615384615383,0.8976123595505617,9,0.1,hybrid_score_70_30_top10,hybrid_score_70_30,10
30,test,600872.SH,中炬高新,-6.14130434782608,0.89375,10,0.1,hybrid_score_70_30_top10,hybrid_score_70_30,10
13,train,600421.SH,华嵘控股,-29.1139240506329,0.9997893258426966,1,0.05,hybrid_score_70_30_top20,hybrid_score_70_30,20
13,train,600234.SH,*ST科新,-9.20398009950247,0.9984550561797753,2,0.05,hybrid_score_70_30_top20,hybrid_score_70_30,20
13,train,002248.SZ,华东数控,-7.32177263969174,0.998384831460674,3,0.05,hybrid_score_70_30_top20,hybrid_score_70_30,20
13,train,600610.SH,中毅达,-21.256038647343,0.9981039325842695,4,0.05,hybrid_score_70_30_top20,hybrid_score_70_30,20
13,train,000017.SZ,深中华A,-16.9144981412639,0.9975421348314606,5,0.05,hybrid_score_70_30_top20,hybrid_score_70_30,20
13,train,600800.SH,渤海化学,-24.5635910224439,0.9967696629213483,6,0.05,hybrid_score_70_30_top20,hybrid_score_70_30,20
13,train,600678.SH,四川金顶,-16.0283687943262,0.9951544943820225,7,0.05,hybrid_score_70_30_top20,hybrid_score_70_30,20
13,train,600319.SH,亚星化学,-16.5261382799325,0.9950842696629212,8,0.05,hybrid_score_70_30_top20,hybrid_score_70_30,20
13,train,000422.SZ,湖北宜化,-28.4090909090909,0.9939606741573033,9,0.05,hybrid_score_70_30_top20,hybrid_score_70_30,20
13,train,300122.SZ,智飞生物,-14.6393882517423,0.9924157303370786,10,0.05,hybrid_score_70_30_top20,hybrid_score_70_30,20
13,train,000670.SZ,盈方微,-61.4864864864865,0.9913623595505617,11,0.05,hybrid_score_70_30_top20,hybrid_score_70_30,20
13,train,000691.SZ,亚太实业,-21.7898832684825,0.9900280898876404,12,0.05,hybrid_score_70_30_top20,hybrid_score_70_30,20
13,train,000677.SZ,恒天海龙,-27.2727272727273,0.9888342696629212,13,0.05,hybrid_score_70_30_top20,hybrid_score_70_30,20
13,train,300176.SZ,派生科技,-72.0,0.988623595505618,14,0.05,hybrid_score_70_30_top20,hybrid_score_70_30,20
13,train,000633.SZ,合金投资,-13.8225255972696,0.9882724719101122,15,0.05,hybrid_score_70_30_top20,hybrid_score_70_30,20
13,train,300111.SZ,向日葵,-7.77385159010601,0.9875702247191012,16,0.05,hybrid_score_70_30_top20,hybrid_score_70_30,20
13,train,300357.SZ,我武生物,28.7125508458193,0.9860252808988763,17,0.05,hybrid_score_70_30_top20,hybrid_score_70_30,20
13,train,600276.SH,恒瑞医药,0.886579027820233,0.9860252808988763,18,0.05,hybrid_score_70_30_top20,hybrid_score_70_30,20
13,train,600764.SH,中国海防,-17.6366322008863,0.984761235955056,19,0.05,hybrid_score_70_30_top20,hybrid_score_70_30,20
13,train,603288.SH,海天味业,22.463346837386,0.9834269662921349,20,0.05,hybrid_score_70_30_top20,hybrid_score_70_30,20
14,train,600883.SH,博闻科技,-8.53146853146852,0.9990168539325841,1,0.05,hybrid_score_70_30_top20,hybrid_score_70_30,20
14,train,002248.SZ,华东数控,-19.1268191268191,0.9976123595505617,2,0.05,hybrid_score_70_30_top20,hybrid_score_70_30,20
14,train,000820.SZ,神雾节能,-33.7552742616034,0.9965589887640449,3,0.05,hybrid_score_70_30_top20,hybrid_score_70_30,20
14,train,002625.SZ,光启技术,-3.55220667384283,0.9963483146067416,4,0.05,hybrid_score_70_30_top20,hybrid_score_70_30,20
14,train,600800.SH,渤海化学,-10.2479338842975,0.9951544943820223,5,0.05,hybrid_score_70_30_top20,hybrid_score_70_30,20
14,train,600421.SH,华嵘控股,-24.5039682539683,0.9945224719101123,6,0.05,hybrid_score_70_30_top20,hybrid_score_70_30,20
14,train,600345.SH,长江通信,-13.9422435645043,0.9944522471910111,7,0.05,hybrid_score_70_30_top20,hybrid_score_70_30,20
14,train,600610.SH,中毅达,0.0,0.994311797752809,8,0.05,hybrid_score_70_30_top20,hybrid_score_70_30,20
14,train,600191.SH,华资实业,-5.44464609800363,0.9936797752808988,9,0.05,hybrid_score_70_30_top20,hybrid_score_70_30,20
14,train,000691.SZ,亚太实业,-4.97512437810944,0.9935393258426966,10,0.05,hybrid_score_70_30_top20,hybrid_score_70_30,20
14,train,000670.SZ,盈方微,3.94736842105263,0.9910814606741573,11,0.05,hybrid_score_70_30_top20,hybrid_score_70_30,20
14,train,300125.SZ,ST聆达,0.207325501036615,0.9910112359550562,12,0.05,hybrid_score_70_30_top20,hybrid_score_70_30,20
14,train,600615.SH,丰华股份,19.8047419804742,0.9893258426966292,13,0.05,hybrid_score_70_30_top20,hybrid_score_70_30,20
14,train,600817.SH,宇通重工,-10.1591187270502,0.9870786516853932,14,0.05,hybrid_score_70_30_top20,hybrid_score_70_30,20
14,train,300345.SZ,华民股份,13.941018766756,0.9865168539325843,15,0.05,hybrid_score_70_30_top20,hybrid_score_70_30,20
14,train,300076.SZ,GQY视讯,-0.184501845018448,0.9862359550561797,16,0.05,hybrid_score_70_30_top20,hybrid_score_70_30,20
14,train,000633.SZ,合金投资,-18.4158415841584,0.9854634831460674,17,0.05,hybrid_score_70_30_top20,hybrid_score_70_30,20
14,train,002387.SZ,维信诺,30.0383141762452,0.9815308988764044,18,0.05,hybrid_score_70_30_top20,hybrid_score_70_30,20
14,train,002199.SZ,东晶电子,-7.52908966461328,0.980688202247191,19,0.05,hybrid_score_70_30_top20,hybrid_score_70_30,20
14,train,002575.SZ,群兴玩具,7.10227272727273,0.9800561797752809,20,0.05,hybrid_score_70_30_top20,hybrid_score_70_30,20
15,train,002625.SZ,光启技术,3.27313769751694,0.992626404494382,1,0.05,hybrid_score_70_30_top20,hybrid_score_70_30,20
15,train,600883.SH,博闻科技,12.1879588839941,0.990379213483146,2,0.05,hybrid_score_70_30_top20,hybrid_score_70_30,20
15,train,600732.SH,爱旭股份,-2.86783042394015,0.9884831460674157,3,0.05,hybrid_score_70_30_top20,hybrid_score_70_30,20
15,train,600421.SH,华嵘控股,12.551724137931,0.9867977528089887,4,0.05,hybrid_score_70_30_top20,hybrid_score_70_30,20
15,train,600615.SH,丰华股份,21.443736730361,0.9803370786516854,5,0.05,hybrid_score_70_30_top20,hybrid_score_70_30,20
15,train,300076.SZ,GQY视讯,1.03806228373702,0.9662921348314606,6,0.05,hybrid_score_70_30_top20,hybrid_score_70_30,20
15,train,002665.SZ,ST航高(退市),3.38461538461539,0.9580758426966292,7,0.05,hybrid_score_70_30_top20,hybrid_score_70_30,20
15,train,300077.SZ,国民技术,-5.20504731861199,0.9574438202247191,8,0.05,hybrid_score_70_30_top20,hybrid_score_70_30,20
15,train,600191.SH,华资实业,-1.70132325141776,0.9566713483146068,9,0.05,hybrid_score_70_30_top20,hybrid_score_70_30,20
15,train,300173.SZ,福能东方,66.5914221218962,0.947191011235955,10,0.05,hybrid_score_70_30_top20,hybrid_score_70_30,20
15,train,002501.SZ,利源股份,33.0769230769231,0.9458567415730337,11,0.05,hybrid_score_70_30_top20,hybrid_score_70_30,20
15,train,300411.SZ,金盾股份,-4.15045395590145,0.9452949438202247,12,0.05,hybrid_score_70_30_top20,hybrid_score_70_30,20
15,train,600331.SH,宏达股份,4.7808764940239,0.9300561797752809,13,0.05,hybrid_score_70_30_top20,hybrid_score_70_30,20
15,train,000663.SZ,永安林业,-13.9784946236559,0.9232443820224718,14,0.05,hybrid_score_70_30_top20,hybrid_score_70_30,20
15,train,000536.SZ,华映科技,-2.52707581227436,0.9228932584269662,15,0.05,hybrid_score_70_30_top20,hybrid_score_70_30,20
15,train,300139.SZ,晓程科技,-1.58550396375992,0.9172752808988764,16,0.05,hybrid_score_70_30_top20,hybrid_score_70_30,20
15,train,600345.SH,长江通信,-4.32753500212134,0.9084269662921347,17,0.05,hybrid_score_70_30_top20,hybrid_score_70_30,20
15,train,000893.SZ,亚钾国际,-17.8378378378378,0.9031601123595505,18,0.05,hybrid_score_70_30_top20,hybrid_score_70_30,20
15,train,300256.SZ,星星科技,54.4757033248082,0.9018960674157303,19,0.05,hybrid_score_70_30_top20,hybrid_score_70_30,20
15,train,300099.SZ,尤洛卡,-8.56720827178729,0.9007724719101123,20,0.05,hybrid_score_70_30_top20,hybrid_score_70_30,20
16,train,600211.SH,西藏药业,19.1584316225693,0.9662921348314606,1,0.05,hybrid_score_70_30_top20,hybrid_score_70_30,20
16,train,300039.SZ,上海凯宝,11.6666666666667,0.961938202247191,2,0.05,hybrid_score_70_30_top20,hybrid_score_70_30,20
16,train,300199.SZ,翰宇药业,14.2355008787346,0.9607443820224719,3,0.05,hybrid_score_70_30_top20,hybrid_score_70_30,20
16,train,600557.SH,康缘药业,-6.47181628392485,0.9593398876404495,4,0.05,hybrid_score_70_30_top20,hybrid_score_70_30,20
16,train,300049.SZ,福瑞股份,-0.26666666666666,0.9581460674157303,5,0.05,hybrid_score_70_30_top20,hybrid_score_70_30,20
16,train,600594.SH,益佰制药,1.86721991701244,0.9575842696629213,6,0.05,hybrid_score_70_30_top20,hybrid_score_70_30,20
16,train,002581.SZ,未名医药,74.0121580547112,0.9566713483146068,7,0.05,hybrid_score_70_30_top20,hybrid_score_70_30,20
16,train,002038.SZ,双鹭药业,-5.90551181102362,0.9547752808988763,8,0.05,hybrid_score_70_30_top20,hybrid_score_70_30,20
16,train,002724.SZ,海洋王,-9.68188105117566,0.9535814606741573,9,0.05,hybrid_score_70_30_top20,hybrid_score_70_30,20
16,train,002566.SZ,益盛药业,11.890243902439,0.9504915730337078,10,0.05,hybrid_score_70_30_top20,hybrid_score_70_30,20
16,train,002437.SZ,誉衡药业,-12.2033898305085,0.9495786516853931,11,0.05,hybrid_score_70_30_top20,hybrid_score_70_30,20
16,train,000813.SZ,德展健康,-14.88,0.9484550561797752,12,0.05,hybrid_score_70_30_top20,hybrid_score_70_30,20
16,train,300204.SZ,舒泰神,1.18289353958143,0.947191011235955,13,0.05,hybrid_score_70_30_top20,hybrid_score_70_30,20
16,train,600080.SH,金花股份,2.52951096121417,0.9464185393258426,14,0.05,hybrid_score_70_30_top20,hybrid_score_70_30,20
16,train,000766.SZ,通化金马,-13.7557959814529,0.946067415730337,15,0.05,hybrid_score_70_30_top20,hybrid_score_70_30,20
16,train,300255.SZ,常山药业,-2.43902439024389,0.9448033707865168,16,0.05,hybrid_score_70_30_top20,hybrid_score_70_30,20
16,train,002294.SZ,信立泰,-11.4328507239141,0.9422752808988764,17,0.05,hybrid_score_70_30_top20,hybrid_score_70_30,20
16,train,300006.SZ,莱美药业,-14.7163120567376,0.9419241573033708,18,0.05,hybrid_score_70_30_top20,hybrid_score_70_30,20
16,train,600351.SH,亚宝药业,-12.9824561403509,0.9410814606741572,19,0.05,hybrid_score_70_30_top20,hybrid_score_70_30,20
16,train,002393.SZ,力生制药,-9.49177877429,0.9404494382022471,20,0.05,hybrid_score_70_30_top20,hybrid_score_70_30,20
17,train,600877.SH,电科芯片,-21.8967921896792,0.9924157303370786,1,0.05,hybrid_score_70_30_top20,hybrid_score_70_30,20
17,train,603288.SH,海天味业,30.7746283364851,0.9898876404494381,2,0.05,hybrid_score_70_30_top20,hybrid_score_70_30,20
17,train,300122.SZ,智飞生物,48.9440809042237,0.9853230337078651,3,0.05,hybrid_score_70_30_top20,hybrid_score_70_30,20
17,train,300357.SZ,我武生物,47.6331366989705,0.9827949438202247,4,0.05,hybrid_score_70_30_top20,hybrid_score_70_30,20
17,train,600678.SH,四川金顶,-20.1079622132254,0.9823033707865167,5,0.05,hybrid_score_70_30_top20,hybrid_score_70_30,20
17,train,600234.SH,*ST科新,-6.55567117585847,0.9790730337078651,6,0.05,hybrid_score_70_30_top20,hybrid_score_70_30,20
17,train,000422.SZ,湖北宜化,0.393700787401574,0.9787219101123595,7,0.05,hybrid_score_70_30_top20,hybrid_score_70_30,20
17,train,600779.SH,水井坊,44.7923915564834,0.9780196629213483,8,0.05,hybrid_score_70_30_top20,hybrid_score_70_30,20
17,train,002690.SZ,美亚光电,41.1146912035334,0.9749999999999999,9,0.05,hybrid_score_70_30_top20,hybrid_score_70_30,20
17,train,600276.SH,恒瑞医药,22.1520647457205,0.9723314606741573,10,0.05,hybrid_score_70_30_top20,hybrid_score_70_30,20
17,train,000403.SZ,派林生物,93.3489827856025,0.9713483146067416,11,0.05,hybrid_score_70_30_top20,hybrid_score_70_30,20
17,train,600132.SH,重庆啤酒,64.4893354087876,0.9713483146067415,12,0.05,hybrid_score_70_30_top20,hybrid_score_70_30,20
17,train,002594.SZ,比亚迪,31.069733479372,0.9700842696629213,13,0.05,hybrid_score_70_30_top20,hybrid_score_70_30,20
17,train,600696.SH,岩石股份,-26.0580912863071,0.9653792134831459,14,0.05,hybrid_score_70_30_top20,hybrid_score_70_30,20
17,train,000895.SZ,双汇发展,26.0670308433915,0.9646067415730337,15,0.05,hybrid_score_70_30_top20,hybrid_score_70_30,20
17,train,600817.SH,宇通重工,-1.7989417989418,0.9643258426966292,16,0.05,hybrid_score_70_30_top20,hybrid_score_70_30,20
17,train,600436.SH,片仔癀,37.1334723260174,0.9580758426966292,17,0.05,hybrid_score_70_30_top20,hybrid_score_70_30,20
17,train,600161.SH,天坛生物,28.1232334652346,0.9566011235955056,18,0.05,hybrid_score_70_30_top20,hybrid_score_70_30,20
17,train,300116.SZ,*ST保力(退市),-18.6813186813187,0.9558286516853932,19,0.05,hybrid_score_70_30_top20,hybrid_score_70_30,20
17,train,600872.SH,中炬高新,32.9146036740913,0.9547050561797752,20,0.05,hybrid_score_70_30_top20,hybrid_score_70_30,20
18,train,000691.SZ,亚太实业,-2.86806883365202,0.9799859550561797,1,0.05,hybrid_score_70_30_top20,hybrid_score_70_30,20
18,train,600234.SH,*ST科新,0.559910414333697,0.9787921348314607,2,0.05,hybrid_score_70_30_top20,hybrid_score_70_30,20
18,train,600421.SH,华嵘控股,33.9285714285714,0.9753511235955055,3,0.05,hybrid_score_70_30_top20,hybrid_score_70_30,20
18,train,000422.SZ,湖北宜化,-0.393700787401585,0.9661516853932584,4,0.05,hybrid_score_70_30_top20,hybrid_score_70_30,20
18,train,000707.SZ,双环科技,8.29875518672198,0.9656601123595505,5,0.05,hybrid_score_70_30_top20,hybrid_score_70_30,20
18,train,000911.SZ,广农糖业,34.8684210526316,0.9643258426966292,6,0.05,hybrid_score_70_30_top20,hybrid_score_70_30,20
18,train,600319.SH,亚星化学,12.9186602870813,0.9637640449438202,7,0.05,hybrid_score_70_30_top20,hybrid_score_70_30,20
18,train,002248.SZ,华东数控,-4.22919508867667,0.9617275280898876,8,0.05,hybrid_score_70_30_top20,hybrid_score_70_30,20
18,train,600550.SH,保变电气,-7.67634854771786,0.9582865168539325,9,0.05,hybrid_score_70_30_top20,hybrid_score_70_30,20
18,train,300116.SZ,*ST保力(退市),135.374149659864,0.9582162921348314,10,0.05,hybrid_score_70_30_top20,hybrid_score_70_30,20
18,train,000017.SZ,深中华A,4.78260869565217,0.9485955056179776,11,0.05,hybrid_score_70_30_top20,hybrid_score_70_30,20
18,train,600186.SH,莲花控股,4.78087649402392,0.9474016853932583,12,0.05,hybrid_score_70_30_top20,hybrid_score_70_30,20
18,train,000410.SZ,沈阳机床,0.455580865603666,0.9349719101123595,13,0.05,hybrid_score_70_30_top20,hybrid_score_70_30,20
18,train,002213.SZ,大为股份,-14.2699115044248,0.9246488764044943,14,0.05,hybrid_score_70_30_top20,hybrid_score_70_30,20
18,train,000633.SZ,合金投资,20.0,0.9134831460674157,15,0.05,hybrid_score_70_30_top20,hybrid_score_70_30,20
18,train,600213.SH,*ST亚星,0.0,0.9087780898876404,16,0.05,hybrid_score_70_30_top20,hybrid_score_70_30,20
18,train,600725.SH,云维股份,-6.13207547169811,0.8977528089887641,17,0.05,hybrid_score_70_30_top20,hybrid_score_70_30,20
18,train,002058.SZ,威尔泰,-8.58725761772853,0.8959269662921348,18,0.05,hybrid_score_70_30_top20,hybrid_score_70_30,20
18,train,000868.SZ,安凯客车,-17.1794871794872,0.8946629213483146,19,0.05,hybrid_score_70_30_top20,hybrid_score_70_30,20
18,train,300368.SZ,ST汇金,137.112341944862,0.8917134831460674,20,0.05,hybrid_score_70_30_top20,hybrid_score_70_30,20
19,train,300122.SZ,智飞生物,9.56296296296295,0.9995786516853932,1,0.05,hybrid_score_70_30_top20,hybrid_score_70_30,20
19,train,603288.SH,海天味业,26.6675088428499,0.9992977528089888,2,0.05,hybrid_score_70_30_top20,hybrid_score_70_30,20
19,train,600436.SH,片仔癀,13.4767116314584,0.997752808988764,3,0.05,hybrid_score_70_30_top20,hybrid_score_70_30,20
19,train,600809.SH,山西汾酒,90.8124872889974,0.9953651685393258,4,0.05,hybrid_score_70_30_top20,hybrid_score_70_30,20
19,train,002475.SZ,立讯精密,-1.37082601054481,0.9952949438202247,5,0.05,hybrid_score_70_30_top20,hybrid_score_70_30,20
19,train,600276.SH,恒瑞医药,23.9959951051285,0.9931179775280898,6,0.05,hybrid_score_70_30_top20,hybrid_score_70_30,20
19,train,000661.SZ,长春高新,20.9380640642259,0.9917837078651686,7,0.05,hybrid_score_70_30_top20,hybrid_score_70_30,20
19,train,600519.SH,贵州茅台,20.9223506627126,0.9904494382022471,8,0.05,hybrid_score_70_30_top20,hybrid_score_70_30,20
19,train,002007.SZ,华兰生物,-23.8232642019838,0.9885533707865168,9,0.05,hybrid_score_70_30_top20,hybrid_score_70_30,20
19,train,600132.SH,重庆啤酒,14.3145354981266,0.9882724719101124,10,0.05,hybrid_score_70_30_top20,hybrid_score_70_30,20
19,train,601100.SH,恒立液压,57.7331099944165,0.9879213483146068,11,0.05,hybrid_score_70_30_top20,hybrid_score_70_30,20
19,train,601012.SH,隆基绿能,23.1121141987737,0.9874297752808988,12,0.05,hybrid_score_70_30_top20,hybrid_score_70_30,20
19,train,000895.SZ,双汇发展,-7.96067823342804,0.9872191011235955,13,0.05,hybrid_score_70_30_top20,hybrid_score_70_30,20
19,train,000858.SZ,五粮液,32.8220998498157,0.9850421348314606,14,0.05,hybrid_score_70_30_top20,hybrid_score_70_30,20
19,train,002241.SZ,歌尔股份,-8.16929133858267,0.9827247191011237,15,0.05,hybrid_score_70_30_top20,hybrid_score_70_30,20
19,train,300014.SZ,亿纬锂能,62.5772990225414,0.9805477528089888,16,0.05,hybrid_score_70_30_top20,hybrid_score_70_30,20
19,train,002415.SZ,海康威视,30.3681805966138,0.9804775280898876,17,0.05,hybrid_score_70_30_top20,hybrid_score_70_30,20
19,train,000568.SZ,泸州老窖,57.0555555555556,0.9803370786516853,18,0.05,hybrid_score_70_30_top20,hybrid_score_70_30,20
19,train,600887.SH,伊利股份,15.8788195351267,0.9797752808988764,19,0.05,hybrid_score_70_30_top20,hybrid_score_70_30,20
19,train,300124.SZ,汇川技术,65.7193605683836,0.979494382022472,20,0.05,hybrid_score_70_30_top20,hybrid_score_70_30,20
20,train,002304.SZ,洋河股份,-29.0086206896552,0.987570224719101,1,0.05,hybrid_score_70_30_top20,hybrid_score_70_30,20
20,train,000538.SZ,云南白药,7.59821428571428,0.9865870786516853,2,0.05,hybrid_score_70_30_top20,hybrid_score_70_30,20
20,train,600438.SH,通威股份,-13.7285902503294,0.9856039325842696,3,0.05,hybrid_score_70_30_top20,hybrid_score_70_30,20
20,train,601633.SH,长城汽车,-18.1653562914766,0.9854634831460674,4,0.05,hybrid_score_70_30_top20,hybrid_score_70_30,20
20,train,600690.SH,海尔智家,10.9608540925267,0.9851825842696629,5,0.05,hybrid_score_70_30_top20,hybrid_score_70_30,20
20,train,600309.SH,万华化学,15.7640868230651,0.9851123595505618,6,0.05,hybrid_score_70_30_top20,hybrid_score_70_30,20
20,train,600893.SH,航发动力,-16.0405156537753,0.9849016853932584,7,0.05,hybrid_score_70_30_top20,hybrid_score_70_30,20
20,train,600031.SH,三一重工,-0.870827285921627,0.9848314606741573,8,0.05,hybrid_score_70_30_top20,hybrid_score_70_30,20
20,train,000651.SZ,格力电器,2.33393177737882,0.9839185393258426,9,0.05,hybrid_score_70_30_top20,hybrid_score_70_30,20
20,train,000063.SZ,中兴通讯,-12.3205741626794,0.9827949438202246,10,0.05,hybrid_score_70_30_top20,hybrid_score_70_30,20
20,train,600703.SH,三安光电,-13.7777777777778,0.9823033707865167,11,0.05,hybrid_score_70_30_top20,hybrid_score_70_30,20
20,train,000725.SZ,京东方A,5.20134228187918,0.9820224719101124,12,0.05,hybrid_score_70_30_top20,hybrid_score_70_30,20
20,train,000333.SZ,美的集团,-14.3259012294228,0.9818117977528089,13,0.05,hybrid_score_70_30_top20,hybrid_score_70_30,20
20,train,600104.SH,上汽集团,-19.4182712003277,0.9816011235955056,14,0.05,hybrid_score_70_30_top20,hybrid_score_70_30,20
20,train,601766.SH,中国中车,21.8216318785579,0.9808286516853932,15,0.05,hybrid_score_70_30_top20,hybrid_score_70_30,20
20,train,600346.SH,恒力石化,3.74955783516093,0.9806179775280899,16,0.05,hybrid_score_70_30_top20,hybrid_score_70_30,20
20,train,600585.SH,海螺水泥,-0.233735878457353,0.9806179775280899,17,0.05,hybrid_score_70_30_top20,hybrid_score_70_30,20
20,train,002493.SZ,荣盛石化,0.62111801242235,0.9806179775280898,18,0.05,hybrid_score_70_30_top20,hybrid_score_70_30,20
20,train,600019.SH,宝钢股份,35.3433835845896,0.9794241573033707,19,0.05,hybrid_score_70_30_top20,hybrid_score_70_30,20
20,train,600196.SH,复星医药,-23.1704962347944,0.9769662921348314,20,0.05,hybrid_score_70_30_top20,hybrid_score_70_30,20
21,train,600809.SH,山西汾酒,30.8449429013698,0.9992977528089888,1,0.05,hybrid_score_70_30_top20,hybrid_score_70_30,20
21,train,600436.SH,片仔癀,55.998175526153,0.9985252808988763,2,0.05,hybrid_score_70_30_top20,hybrid_score_70_30,20
21,train,603288.SH,海天味业,10.9033513186847,0.9981741573033707,3,0.05,hybrid_score_70_30_top20,hybrid_score_70_30,20
21,train,300122.SZ,智飞生物,6.00022706630334,0.9974719101123595,4,0.05,hybrid_score_70_30_top20,hybrid_score_70_30,20
21,train,300357.SZ,我武生物,12.4582610190038,0.9965589887640449,5,0.05,hybrid_score_70_30_top20,hybrid_score_70_30,20
21,train,600519.SH,贵州茅台,2.06305768108639,0.9948735955056179,6,0.05,hybrid_score_70_30_top20,hybrid_score_70_30,20
21,train,000661.SZ,长春高新,-12.1883169365361,0.9933286516853932,7,0.05,hybrid_score_70_30_top20,hybrid_score_70_30,20
21,train,600276.SH,恒瑞医药,-9.69140865540787,0.9924157303370786,8,0.05,hybrid_score_70_30_top20,hybrid_score_70_30,20
21,train,600696.SH,岩石股份,156.401384083045,0.9924157303370786,9,0.05,hybrid_score_70_30_top20,hybrid_score_70_30,20
21,train,002568.SZ,百润股份,25.6445267799422,0.9923455056179774,10,0.05,hybrid_score_70_30_top20,hybrid_score_70_30,20
21,train,601100.SH,恒立液压,-5.00443299196558,0.992064606741573,11,0.05,hybrid_score_70_30_top20,hybrid_score_70_30,20
21,train,000799.SZ,酒鬼酒,61.5982803312891,0.9915028089887641,12,0.05,hybrid_score_70_30_top20,hybrid_score_70_30,20
21,train,000995.SZ,皇台酒业,49.030612244898,0.991502808988764,13,0.05,hybrid_score_70_30_top20,hybrid_score_70_30,20
21,train,600132.SH,重庆啤酒,77.7408637873754,0.9912219101123595,14,0.05,hybrid_score_70_30_top20,hybrid_score_70_30,20
21,train,000568.SZ,泸州老窖,5.10513186029937,0.9907303370786517,15,0.05,hybrid_score_70_30_top20,hybrid_score_70_30,20
21,train,000858.SZ,五粮液,9.48215663934728,0.9895365168539325,16,0.05,hybrid_score_70_30_top20,hybrid_score_70_30,20
21,train,600877.SH,电科芯片,23.8244514106583,0.9887640449438202,17,0.05,hybrid_score_70_30_top20,hybrid_score_70_30,20
21,train,600610.SH,中毅达,103.671328671329,0.988623595505618,18,0.05,hybrid_score_70_30_top20,hybrid_score_70_30,20
21,train,600779.SH,水井坊,73.6769759450172,0.9863764044943819,19,0.05,hybrid_score_70_30_top20,hybrid_score_70_30,20
21,train,300111.SZ,向日葵,1.74825174825175,0.9859550561797753,20,0.05,hybrid_score_70_30_top20,hybrid_score_70_30,20
22,valid,002371.SZ,北方华创,33.5665587721669,0.9955758426966291,1,0.05,hybrid_score_70_30_top20,hybrid_score_70_30,20
22,valid,600436.SH,片仔癀,-15.8639407354675,0.9951544943820224,2,0.05,hybrid_score_70_30_top20,hybrid_score_70_30,20
22,valid,603288.SH,海天味业,-14.9462615015851,0.9929775280898876,3,0.05,hybrid_score_70_30_top20,hybrid_score_70_30,20
22,valid,002466.SZ,天齐锂业,63.8387096774194,0.9924859550561798,4,0.05,hybrid_score_70_30_top20,hybrid_score_70_30,20
22,valid,300124.SZ,汇川技术,-8.61618798955613,0.9922752808988764,5,0.05,hybrid_score_70_30_top20,hybrid_score_70_30,20
22,valid,002709.SZ,天赐材料,42.3012160898036,0.9919943820224719,6,0.05,hybrid_score_70_30_top20,hybrid_score_70_30,20
22,valid,600460.SH,士兰微,1.31322094055013,0.9900983146067417,7,0.05,hybrid_score_70_30_top20,hybrid_score_70_30,20
22,valid,600132.SH,重庆啤酒,-33.9257842001913,0.9890449438202247,8,0.05,hybrid_score_70_30_top20,hybrid_score_70_30,20
22,valid,601012.SH,隆基绿能,-7.11711711711711,0.9866573033707864,9,0.05,hybrid_score_70_30_top20,hybrid_score_70_30,20
22,valid,300274.SZ,阳光电源,28.8468218131296,0.9843398876404493,10,0.05,hybrid_score_70_30_top20,hybrid_score_70_30,20
22,valid,600809.SH,山西汾酒,-1.51420657728252,0.9842696629213482,11,0.05,hybrid_score_70_30_top20,hybrid_score_70_30,20
22,valid,300116.SZ,*ST保力(退市),29.2682926829269,0.9835674157303371,12,0.05,hybrid_score_70_30_top20,hybrid_score_70_30,20
22,valid,600331.SH,宏达股份,110.39603960396,0.9827949438202246,13,0.05,hybrid_score_70_30_top20,hybrid_score_70_30,20
22,valid,300122.SZ,智飞生物,-13.8861402222608,0.982443820224719,14,0.05,hybrid_score_70_30_top20,hybrid_score_70_30,20
22,valid,000799.SZ,酒鬼酒,-1.81547064890096,0.98125,15,0.05,hybrid_score_70_30_top20,hybrid_score_70_30,20
22,valid,000410.SZ,沈阳机床,11.6945107398568,0.9811797752808988,16,0.05,hybrid_score_70_30_top20,hybrid_score_70_30,20
22,valid,600760.SH,中航沈飞,15.6540869859536,0.978441011235955,17,0.05,hybrid_score_70_30_top20,hybrid_score_70_30,20
22,valid,000890.SZ,法尔胜,-23.462783171521,0.9780898876404495,18,0.05,hybrid_score_70_30_top20,hybrid_score_70_30,20
22,valid,600702.SH,舍得酒业,2.20411000416443,0.9771769662921348,19,0.05,hybrid_score_70_30_top20,hybrid_score_70_30,20
22,valid,002568.SZ,百润股份,-14.0632210429165,0.9771067415730337,20,0.05,hybrid_score_70_30_top20,hybrid_score_70_30,20
23,valid,600760.SH,中航沈飞,2.70497291889134,0.9929073033707865,1,0.05,hybrid_score_70_30_top20,hybrid_score_70_30,20
23,valid,603288.SH,海天味业,-4.22779043280184,0.9924859550561796,2,0.05,hybrid_score_70_30_top20,hybrid_score_70_30,20
23,valid,002371.SZ,北方华创,-4.19105466593043,0.9924157303370786,3,0.05,hybrid_score_70_30_top20,hybrid_score_70_30,20
23,valid,002709.SZ,天赐材料,-17.0945115337334,0.9907303370786515,4,0.05,hybrid_score_70_30_top20,hybrid_score_70_30,20
23,valid,601012.SH,隆基绿能,6.32786480819048,0.9891151685393258,5,0.05,hybrid_score_70_30_top20,hybrid_score_70_30,20
23,valid,300124.SZ,汇川技术,9.21827734437191,0.9879213483146068,6,0.05,hybrid_score_70_30_top20,hybrid_score_70_30,20
23,valid,300274.SZ,阳光电源,-1.07877060858944,0.9872893258426965,7,0.05,hybrid_score_70_30_top20,hybrid_score_70_30,20
23,valid,600111.SH,北方稀土,10.4945717732207,0.9853932584269662,8,0.05,hybrid_score_70_30_top20,hybrid_score_70_30,20
23,valid,600809.SH,山西汾酒,-0.698113207547169,0.9848314606741573,9,0.05,hybrid_score_70_30_top20,hybrid_score_70_30,20
23,valid,600519.SH,贵州茅台,12.6373626373626,0.9846207865168539,10,0.05,hybrid_score_70_30_top20,hybrid_score_70_30,20
23,valid,000792.SZ,盐湖股份,25.0972074938141,0.9844803370786517,11,0.05,hybrid_score_70_30_top20,hybrid_score_70_30,20
23,valid,600436.SH,片仔癀,22.9503585993531,0.9837078651685394,12,0.05,hybrid_score_70_30_top20,hybrid_score_70_30,20
23,valid,002466.SZ,天齐锂业,11.4583333333333,0.9832865168539325,13,0.05,hybrid_score_70_30_top20,hybrid_score_70_30,20
23,valid,300343.SZ,联创股份,-8.98395721925135,0.9823735955056179,14,0.05,hybrid_score_70_30_top20,hybrid_score_70_30,20
23,valid,601633.SH,长城汽车,-5.1705759778523,0.9822331460674156,15,0.05,hybrid_score_70_30_top20,hybrid_score_70_30,20
23,valid,002475.SZ,立讯精密,37.7765331839821,0.9820926966292134,16,0.05,hybrid_score_70_30_top20,hybrid_score_70_30,20
23,valid,002460.SZ,赣锋锂业,-6.61567627639407,0.9811095505617977,17,0.05,hybrid_score_70_30_top20,hybrid_score_70_30,20
23,valid,002049.SZ,紫光国微,11.2484548825711,0.9800561797752809,18,0.05,hybrid_score_70_30_top20,hybrid_score_70_30,20
23,valid,000301.SZ,东方盛虹,-26.4638783269962,0.9785112359550562,19,0.05,hybrid_score_70_30_top20,hybrid_score_70_30,20
23,valid,300014.SZ,亿纬锂能,25.924347362813,0.9782303370786516,20,0.05,hybrid_score_70_30_top20,hybrid_score_70_30,20
24,valid,600319.SH,亚星化学,38.0333951762523,1.0,1,0.05,hybrid_score_70_30_top20,hybrid_score_70_30,20
24,valid,600071.SH,凤凰光学,-36.0709712822389,0.9992977528089888,2,0.05,hybrid_score_70_30_top20,hybrid_score_70_30,20
24,valid,000995.SZ,皇台酒业,-46.6074313408724,0.9953651685393258,3,0.05,hybrid_score_70_30_top20,hybrid_score_70_30,20
24,valid,000410.SZ,沈阳机床,-5.98802395209581,0.9948033707865168,4,0.05,hybrid_score_70_30_top20,hybrid_score_70_30,20
24,valid,300111.SZ,向日葵,6.64556962025318,0.9942415730337077,5,0.05,hybrid_score_70_30_top20,hybrid_score_70_30,20
24,valid,000820.SZ,神雾节能,-1.17302052785924,0.9938904494382022,6,0.05,hybrid_score_70_30_top20,hybrid_score_70_30,20
24,valid,600696.SH,岩石股份,-23.7072619384007,0.9925561797752809,7,0.05,hybrid_score_70_30_top20,hybrid_score_70_30,20
24,valid,002248.SZ,华东数控,-21.7842323651452,0.9923455056179774,8,0.05,hybrid_score_70_30_top20,hybrid_score_70_30,20
24,valid,600601.SH,方正科技,-1.61943319838057,0.9916432584269662,9,0.05,hybrid_score_70_30_top20,hybrid_score_70_30,20
24,valid,600610.SH,中毅达,-1.93021529324424,0.9884129213483146,10,0.05,hybrid_score_70_30_top20,hybrid_score_70_30,20
24,valid,600779.SH,水井坊,-32.1443281983689,0.9880617977528089,11,0.05,hybrid_score_70_30_top20,hybrid_score_70_30,20
24,valid,000017.SZ,深中华A,-3.72492836676218,0.9856039325842696,12,0.05,hybrid_score_70_30_top20,hybrid_score_70_30,20
24,valid,600421.SH,华嵘控股,4.19651995905834,0.9839887640449438,13,0.05,hybrid_score_70_30_top20,hybrid_score_70_30,20
24,valid,600132.SH,重庆啤酒,-31.2628205128205,0.9816713483146067,14,0.05,hybrid_score_70_30_top20,hybrid_score_70_30,20
24,valid,600331.SH,宏达股份,-4.60122699386503,0.9815308988764044,15,0.05,hybrid_score_70_30_top20,hybrid_score_70_30,20
24,valid,000890.SZ,法尔胜,0.443458980044364,0.9804073033707865,16,0.05,hybrid_score_70_30_top20,hybrid_score_70_30,20
24,valid,000691.SZ,亚太实业,18.4322033898305,0.9792134831460674,17,0.05,hybrid_score_70_30_top20,hybrid_score_70_30,20
24,valid,300116.SZ,*ST保力(退市),-20.4081632653061,0.9768960674157303,18,0.05,hybrid_score_70_30_top20,hybrid_score_70_30,20
24,valid,300390.SZ,天华新能,-10.1566310920518,0.9765449438202247,19,0.05,hybrid_score_70_30_top20,hybrid_score_70_30,20
24,valid,300327.SZ,中颖电子,-15.5836518670979,0.9764044943820224,20,0.05,hybrid_score_70_30_top20,hybrid_score_70_30,20
25,valid,600519.SH,贵州茅台,23.9991368946232,0.9924157303370786,1,0.05,hybrid_score_70_30_top20,hybrid_score_70_30,20
25,valid,601012.SH,隆基绿能,25.895784682124,0.978441011235955,2,0.05,hybrid_score_70_30_top20,hybrid_score_70_30,20
25,valid,300142.SZ,沃森生物,-10.7811855951306,0.9736657303370786,3,0.05,hybrid_score_70_30_top20,hybrid_score_70_30,20
25,valid,601877.SH,正泰电器,-7.37768573647424,0.9666432584269662,4,0.05,hybrid_score_70_30_top20,hybrid_score_70_30,20
25,valid,600031.SH,三一重工,17.0198519042797,0.965379213483146,5,0.05,hybrid_score_70_30_top20,hybrid_score_70_30,20
25,valid,002432.SZ,九安医疗,-19.4030350186345,0.9647471910112358,6,0.05,hybrid_score_70_30_top20,hybrid_score_70_30,20
25,valid,600809.SH,山西汾酒,34.4807179344146,0.9620084269662921,7,0.05,hybrid_score_70_30_top20,hybrid_score_70_30,20
25,valid,600010.SH,包钢股份,6.70610889794652,0.9605337078651685,8,0.05,hybrid_score_70_30_top20,hybrid_score_70_30,20
25,valid,600760.SH,中航沈飞,5.16561603318302,0.9589185393258427,9,0.05,hybrid_score_70_30_top20,hybrid_score_70_30,20
25,valid,300116.SZ,*ST保力(退市),3.5897435897436,0.9586376404494381,10,0.05,hybrid_score_70_30_top20,hybrid_score_70_30,20
25,valid,600276.SH,恒瑞医药,3.25723830734967,0.9577949438202247,11,0.05,hybrid_score_70_30_top20,hybrid_score_70_30,20
25,valid,002459.SZ,晶澳科技,37.4612436893403,0.9537921348314606,12,0.05,hybrid_score_70_30_top20,hybrid_score_70_30,20
25,valid,002603.SZ,以岭药业,-19.5630585898709,0.9518258426966292,13,0.05,hybrid_score_70_30_top20,hybrid_score_70_30,20
25,valid,002241.SZ,歌尔股份,-1.00912918815977,0.9514044943820225,14,0.05,hybrid_score_70_30_top20,hybrid_score_70_30,20
25,valid,300316.SZ,晶盛机电,14.9593689782903,0.951193820224719,15,0.05,hybrid_score_70_30_top20,hybrid_score_70_30,20
25,valid,600132.SH,重庆啤酒,48.1519625422022,0.9507022471910112,16,0.05,hybrid_score_70_30_top20,hybrid_score_70_30,20
25,valid,600745.SH,闻泰科技,0.590946696607952,0.9499297752808988,17,0.05,hybrid_score_70_30_top20,hybrid_score_70_30,20
25,valid,000017.SZ,深中华A,31.8452380952381,0.949438202247191,18,0.05,hybrid_score_70_30_top20,hybrid_score_70_30,20
25,valid,002311.SZ,海大集团,8.49755921171578,0.9479634831460675,19,0.05,hybrid_score_70_30_top20,hybrid_score_70_30,20
25,valid,002049.SZ,紫光国微,-7.9743888242142,0.9448735955056179,20,0.05,hybrid_score_70_30_top20,hybrid_score_70_30,20
26,test,000568.SZ,泸州老窖,-0.759066023169841,0.9984550561797753,1,0.05,hybrid_score_70_30_top20,hybrid_score_70_30,20
26,test,002466.SZ,天齐锂业,-18.2410423452769,0.9981039325842695,2,0.05,hybrid_score_70_30_top20,hybrid_score_70_30,20
26,test,600276.SH,恒瑞医药,-0.796897651005557,0.9975421348314606,3,0.05,hybrid_score_70_30_top20,hybrid_score_70_30,20
26,test,002304.SZ,洋河股份,-11.6973757677275,0.9963483146067416,4,0.05,hybrid_score_70_30_top20,hybrid_score_70_30,20
26,test,000858.SZ,五粮液,-11.859375,0.9962078651685393,5,0.05,hybrid_score_70_30_top20,hybrid_score_70_30,20
26,test,600436.SH,片仔癀,-23.2665056540643,0.9956460674157301,6,0.05,hybrid_score_70_30_top20,hybrid_score_70_30,20
26,test,600519.SH,贵州茅台,-6.76333340883127,0.9953651685393258,7,0.05,hybrid_score_70_30_top20,hybrid_score_70_30,20
26,test,002460.SZ,赣锋锂业,-26.6685642538095,0.9945926966292133,8,0.05,hybrid_score_70_30_top20,hybrid_score_70_30,20
26,test,000792.SZ,盐湖股份,-20.133779264214,0.9928370786516854,9,0.05,hybrid_score_70_30_top20,hybrid_score_70_30,20
26,test,002371.SZ,北方华创,2.03571665131286,0.9925561797752809,10,0.05,hybrid_score_70_30_top20,hybrid_score_70_30,20
26,test,600809.SH,山西汾酒,-4.13053111350257,0.9923455056179775,11,0.05,hybrid_score_70_30_top20,hybrid_score_70_30,20
26,test,002415.SZ,海康威视,-15.9668508287293,0.9919241573033708,12,0.05,hybrid_score_70_30_top20,hybrid_score_70_30,20
26,test,600585.SH,海螺水泥,-16.8782458165032,0.9893960674157303,13,0.05,hybrid_score_70_30_top20,hybrid_score_70_30,20
26,test,300014.SZ,亿纬锂能,-13.1683197670993,0.9890449438202247,14,0.05,hybrid_score_70_30_top20,hybrid_score_70_30,20
26,test,300124.SZ,汇川技术,-11.9699984693097,0.988623595505618,15,0.05,hybrid_score_70_30_top20,hybrid_score_70_30,20
26,test,000725.SZ,京东方A,-16.5816326530612,0.987570224719101,16,0.05,hybrid_score_70_30_top20,hybrid_score_70_30,20
26,test,603288.SH,海天味业,-4.25433526011562,0.9865870786516853,17,0.05,hybrid_score_70_30_top20,hybrid_score_70_30,20
26,test,600031.SH,三一重工,-24.5652173913043,0.9856039325842696,18,0.05,hybrid_score_70_30_top20,hybrid_score_70_30,20
26,test,300274.SZ,阳光电源,20.1085776330076,0.9855337078651685,19,0.05,hybrid_score_70_30_top20,hybrid_score_70_30,20
26,test,002049.SZ,紫光国微,6.93149432617117,0.9853932584269662,20,0.05,hybrid_score_70_30_top20,hybrid_score_70_30,20
27,test,600519.SH,贵州茅台,-6.98555126426281,0.9997893258426966,1,0.05,hybrid_score_70_30_top20,hybrid_score_70_30,20
27,test,000568.SZ,泸州老窖,-2.90909090909092,0.9979634831460673,2,0.05,hybrid_score_70_30_top20,hybrid_score_70_30,20
27,test,600276.SH,恒瑞医药,10.1801544180726,0.997191011235955,3,0.05,hybrid_score_70_30_top20,hybrid_score_70_30,20
27,test,002466.SZ,天齐锂业,-24.1283258092402,0.9965589887640449,4,0.05,hybrid_score_70_30_top20,hybrid_score_70_30,20
27,test,000858.SZ,五粮液,7.22805768203669,0.9954353932584269,5,0.05,hybrid_score_70_30_top20,hybrid_score_70_30,20
27,test,600436.SH,片仔癀,8.40285606914692,0.9948735955056179,6,0.05,hybrid_score_70_30_top20,hybrid_score_70_30,20
27,test,002304.SZ,洋河股份,0.671140939597303,0.9946629213483145,7,0.05,hybrid_score_70_30_top20,hybrid_score_70_30,20
27,test,000792.SZ,盐湖股份,-4.94344365312108,0.9919241573033708,8,0.05,hybrid_score_70_30_top20,hybrid_score_70_30,20
27,test,002371.SZ,北方华创,-22.7842895332099,0.9918539325842697,9,0.05,hybrid_score_70_30_top20,hybrid_score_70_30,20
27,test,600809.SH,山西汾酒,-6.33955567240698,0.9911516853932583,10,0.05,hybrid_score_70_30_top20,hybrid_score_70_30,20
27,test,000596.SZ,古井贡酒,-2.92780505546464,0.990941011235955,11,0.05,hybrid_score_70_30_top20,hybrid_score_70_30,20
27,test,300124.SZ,汇川技术,20.6597222222222,0.9895365168539325,12,0.05,hybrid_score_70_30_top20,hybrid_score_70_30,20
27,test,600438.SH,通威股份,-19.591496456857,0.989255617977528,13,0.05,hybrid_score_70_30_top20,hybrid_score_70_30,20
27,test,601012.SH,隆基绿能,-15.6150159744409,0.9891853932584269,14,0.05,hybrid_score_70_30_top20,hybrid_score_70_30,20
27,test,603288.SH,海天味业,-5.23809523809525,0.9890449438202247,15,0.05,hybrid_score_70_30_top20,hybrid_score_70_30,20
27,test,002415.SZ,海康威视,14.0414337389017,0.9878511235955056,16,0.05,hybrid_score_70_30_top20,hybrid_score_70_30,20
27,test,002049.SZ,紫光国微,-8.36924787988323,0.9877808988764045,17,0.05,hybrid_score_70_30_top20,hybrid_score_70_30,20
27,test,601633.SH,长城汽车,5.40925266903916,0.986938202247191,18,0.05,hybrid_score_70_30_top20,hybrid_score_70_30,20
27,test,300014.SZ,亿纬锂能,0.825877494838267,0.9867275280898877,19,0.05,hybrid_score_70_30_top20,hybrid_score_70_30,20
27,test,000651.SZ,格力电器,-0.706605222734247,0.9862359550561797,20,0.05,hybrid_score_70_30_top20,hybrid_score_70_30,20
28,test,000725.SZ,京东方A,31.3609467455622,0.9918539325842697,1,0.05,hybrid_score_70_30_top20,hybrid_score_70_30,20
28,test,002432.SZ,九安医疗,-13.5785560555664,0.9316713483146066,2,0.05,hybrid_score_70_30_top20,hybrid_score_70_30,20
28,test,000893.SZ,亚钾国际,0.551876379690941,0.9285814606741573,3,0.05,hybrid_score_70_30_top20,hybrid_score_70_30,20
28,test,000423.SZ,东阿阿胶,30.1965601965602,0.9283005617977528,4,0.05,hybrid_score_70_30_top20,hybrid_score_70_30,20
28,test,000408.SZ,藏格矿业,-6.96958028494415,0.9276685393258426,5,0.05,hybrid_score_70_30_top20,hybrid_score_70_30,20
28,test,600566.SH,济川药业,4.62894930198383,0.9259129213483146,6,0.05,hybrid_score_70_30_top20,hybrid_score_70_30,20
28,test,000100.SZ,TCL科技,19.0860215053763,0.92563202247191,7,0.05,hybrid_score_70_30_top20,hybrid_score_70_30,20
28,test,300390.SZ,天华新能,-8.39298496778813,0.9069522471910112,8,0.05,hybrid_score_70_30_top20,hybrid_score_70_30,20
28,test,002030.SZ,达安基因,3.53470437017995,0.9052668539325843,9,0.05,hybrid_score_70_30_top20,hybrid_score_70_30,20
28,test,000623.SZ,吉林敖东,2.13475650433623,0.8907303370786517,10,0.05,hybrid_score_70_30_top20,hybrid_score_70_30,20
28,test,000800.SZ,一汽解放,7.37386804657181,0.8879213483146067,11,0.05,hybrid_score_70_30_top20,hybrid_score_70_30,20
28,test,002507.SZ,涪陵榨菜,-1.70741171905316,0.8874297752808988,12,0.05,hybrid_score_70_30_top20,hybrid_score_70_30,20
28,test,600867.SH,通化东宝,28.9760348583878,0.8826544943820225,13,0.05,hybrid_score_70_30_top20,hybrid_score_70_30,20
28,test,600535.SH,天士力,39.8698884758365,0.8802668539325842,14,0.05,hybrid_score_70_30_top20,hybrid_score_70_30,20
28,test,002038.SZ,双鹭药业,4.74452554744522,0.8787921348314607,15,0.05,hybrid_score_70_30_top20,hybrid_score_70_30,20
28,test,300039.SZ,上海凯宝,-7.07196029776677,0.8749297752808988,16,0.05,hybrid_score_70_30_top20,hybrid_score_70_30,20
28,test,600211.SH,西藏药业,47.5779510022272,0.8742275280898876,17,0.05,hybrid_score_70_30_top20,hybrid_score_70_30,20
28,test,000915.SZ,华特达因,-20.4175824175824,0.8702247191011235,18,0.05,hybrid_score_70_30_top20,hybrid_score_70_30,20
28,test,000513.SZ,丽珠集团,15.0862068965517,0.8698033707865167,19,0.05,hybrid_score_70_30_top20,hybrid_score_70_30,20
28,test,600380.SH,健康元,16.651904340124,0.8653792134831461,20,0.05,hybrid_score_70_30_top20,hybrid_score_70_30,20
29,test,600809.SH,山西汾酒,-31.3340433623405,1.0,1,0.05,hybrid_score_70_30_top20,hybrid_score_70_30,20
29,test,000568.SZ,泸州老窖,-17.3554696742645,0.9990870786516853,2,0.05,hybrid_score_70_30_top20,hybrid_score_70_30,20
29,test,600519.SH,贵州茅台,-4.08049868791905,0.9988061797752807,3,0.05,hybrid_score_70_30_top20,hybrid_score_70_30,20
29,test,600436.SH,片仔癀,1.72646536412078,0.9972612359550561,4,0.05,hybrid_score_70_30_top20,hybrid_score_70_30,20
29,test,000858.SZ,五粮液,-14.2943410513453,0.9969101123595505,5,0.05,hybrid_score_70_30_top20,hybrid_score_70_30,20
29,test,600276.SH,恒瑞医药,11.3740365777554,0.9965589887640449,6,0.05,hybrid_score_70_30_top20,hybrid_score_70_30,20
29,test,000596.SZ,古井贡酒,-12.2330234868374,0.995505617977528,7,0.05,hybrid_score_70_30_top20,hybrid_score_70_30,20
29,test,603288.SH,海天味业,-24.0156299099651,0.9949438202247192,8,0.05,hybrid_score_70_30_top20,hybrid_score_70_30,20
29,test,002304.SZ,洋河股份,-20.3438522924149,0.99438202247191,9,0.05,hybrid_score_70_30_top20,hybrid_score_70_30,20
29,test,300124.SZ,汇川技术,-7.38451059256517,0.992626404494382,10,0.05,hybrid_score_70_30_top20,hybrid_score_70_30,20
29,test,002415.SZ,海康威视,-21.0854404211959,0.9923455056179774,11,0.05,hybrid_score_70_30_top20,hybrid_score_70_30,20
29,test,000792.SZ,盐湖股份,-14.1129032258064,0.9922752808988764,12,0.05,hybrid_score_70_30_top20,hybrid_score_70_30,20
29,test,600438.SH,通威股份,-3.9415657309497,0.9910814606741574,13,0.05,hybrid_score_70_30_top20,hybrid_score_70_30,20
29,test,002371.SZ,北方华创,16.8389303711333,0.990379213483146,14,0.05,hybrid_score_70_30_top20,hybrid_score_70_30,20
29,test,300274.SZ,阳光电源,11.71382108246,0.9900983146067415,15,0.05,hybrid_score_70_30_top20,hybrid_score_70_30,20
29,test,300122.SZ,智飞生物,-19.4214340371574,0.9894662921348315,16,0.05,hybrid_score_70_30_top20,hybrid_score_70_30,20
29,test,002594.SZ,比亚迪,4.2672587807832,0.9883426966292135,17,0.05,hybrid_score_70_30_top20,hybrid_score_70_30,20
29,test,600887.SH,伊利股份,2.23308064445511,0.9865870786516854,18,0.05,hybrid_score_70_30_top20,hybrid_score_70_30,20
29,test,002475.SZ,立讯精密,7.94028482666009,0.985814606741573,19,0.05,hybrid_score_70_30_top20,hybrid_score_70_30,20
29,test,002459.SZ,晶澳科技,3.15825155275113,0.9850421348314605,20,0.05,hybrid_score_70_30_top20,hybrid_score_70_30,20
30,test,600150.SH,中国船舶,-14.3880811884086,0.9974719101123595,1,0.05,hybrid_score_70_30_top20,hybrid_score_70_30,20
30,test,000876.SZ,新希望,-5.90248075278016,0.9554073033707864,2,0.05,hybrid_score_70_30_top20,hybrid_score_70_30,20
30,test,000800.SZ,一汽解放,3.82775119617227,0.9381320224719101,3,0.05,hybrid_score_70_30_top20,hybrid_score_70_30,20
30,test,000066.SZ,中国长城,-25.2805131651989,0.938061797752809,4,0.05,hybrid_score_70_30_top20,hybrid_score_70_30,20
30,test,000301.SZ,东方盛虹,0.260416666666674,0.9373595505617976,5,0.05,hybrid_score_70_30_top20,hybrid_score_70_30,20
30,test,002074.SZ,国轩高科,-13.6904761904762,0.926755617977528,6,0.05,hybrid_score_70_30_top20,hybrid_score_70_30,20
30,test,000709.SZ,河钢股份,3.17348408506539,0.9118679775280898,7,0.05,hybrid_score_70_30_top20,hybrid_score_70_30,20
30,test,000959.SZ,首钢股份,9.5100864553314,0.909620786516854,8,0.05,hybrid_score_70_30_top20,hybrid_score_70_30,20
30,test,002385.SZ,大北农,3.84615384615383,0.8976123595505617,9,0.05,hybrid_score_70_30_top20,hybrid_score_70_30,20
30,test,600872.SH,中炬高新,-6.14130434782608,0.89375,10,0.05,hybrid_score_70_30_top20,hybrid_score_70_30,20
30,test,600733.SH,北汽蓝谷,-1.6822429906542,0.8856039325842697,11,0.05,hybrid_score_70_30_top20,hybrid_score_70_30,20
30,test,300207.SZ,欣旺达,5.88972431077692,0.8853932584269664,12,0.05,hybrid_score_70_30_top20,hybrid_score_70_30,20
30,test,600550.SH,保变电气,-6.73267326732673,0.8849719101123594,13,0.05,hybrid_score_70_30_top20,hybrid_score_70_30,20
30,test,601106.SH,中国一重,-8.8757396449704,0.8840589887640449,14,0.05,hybrid_score_70_30_top20,hybrid_score_70_30,20
30,test,002436.SZ,兴森科技,-16.9952413324269,0.8792837078651685,15,0.05,hybrid_score_70_30_top20,hybrid_score_70_30,20
30,test,600352.SH,浙江龙盛,3.06960626137374,0.8757022471910112,16,0.05,hybrid_score_70_30_top20,hybrid_score_70_30,20
30,test,000100.SZ,TCL科技,5.97402597402599,0.871629213483146,17,0.05,hybrid_score_70_30_top20,hybrid_score_70_30,20
30,test,600699.SH,均胜电子,-0.571102227298692,0.8707162921348314,18,0.05,hybrid_score_70_30_top20,hybrid_score_70_30,20
30,test,600482.SH,中国动力,-21.5564900329258,0.8691713483146067,19,0.05,hybrid_score_70_30_top20,hybrid_score_70_30,20
30,test,601608.SH,中信重工,-10.2268830327303,0.8686095505617978,20,0.05,hybrid_score_70_30_top20,hybrid_score_70_30,20
